image_name,malignancy_prob
image_1,0.08321737498044968
image_10,0.10030019283294678
image_100,0.28425073623657227
image_1000,0.06135329231619835
image_10000,0.183521568775177
image_10001,0.2376960813999176
image_10002,0.3831467628479004
image_10003,0.5251423120498657
image_10004,0.0877496600151062
image_10005,0.28136563301086426
image_10006,0.27957454323768616
image_10007,0.4818616807460785
image_10008,0.26972275972366333
image_10009,0.25720152258872986
image_1001,0.5569506883621216
image_10010,0.1692572832107544
image_10011,0.12325295060873032
image_10012,0.12145110219717026
image_10013,0.16934047639369965
image_10014,0.15849187970161438
image_10015,0.3840639293193817
image_10016,0.2216852754354477
image_10017,0.0036121911834925413
image_10018,0.15276478230953217
image_10019,0.2687690258026123
image_1002,0.21130704879760742
image_10020,0.12777283787727356
image_10021,0.24490216374397278
image_10022,0.423905611038208
image_10023,0.16376617550849915
image_10024,0.10371818393468857
image_10025,0.23047266900539398
image_10026,0.34852537512779236
image_10027,0.22033286094665527
image_10028,0.10896854847669601
image_10029,0.1247011348605156
image_1003,0.5251107811927795
image_10030,0.22017350792884827
image_10031,0.07008813321590424
image_10032,0.35229021310806274
image_10033,0.21591360867023468
image_10034,0.29669174551963806
image_10035,0.242076113820076
image_10036,0.6839898228645325
image_10037,0.18805257976055145
image_10038,0.2391352504491806
image_10039,0.09258835017681122
image_1004,0.12051607668399811
image_10040,0.2679600417613983
image_10041,0.27162501215934753
image_10042,0.06817906349897385
image_10043,0.21876771748065948
image_10044,0.3168627619743347
image_10045,0.4358821511268616
image_10046,0.24765101075172424
image_10047,0.2425031214952469
image_10048,0.04504008963704109
image_10049,0.6774284243583679
image_1005,0.48135873675346375
image_10050,0.20503492653369904
image_10051,0.11146577447652817
image_10052,0.11469174921512604
image_10053,0.17337284982204437
image_10054,0.1767130345106125
image_10055,0.47961780428886414
image_10056,0.27656182646751404
image_10057,0.29573526978492737
image_10058,0.07586945593357086
image_10059,0.0689544603228569
image_1006,0.16415299475193024
image_10060,0.10919763892889023
image_10061,0.09792180359363556
image_10062,0.13791489601135254
image_10063,0.23661737143993378
image_10064,0.03121938370168209
image_10065,0.20737898349761963
image_10066,0.28358587622642517
image_10067,0.1623908132314682
image_10068,0.8941306471824646
image_10069,0.18268391489982605
image_1007,0.8485603332519531
image_10070,0.5454713702201843
image_10071,0.09530769288539886
image_10072,0.2824808657169342
image_10073,0.07303529232740402
image_10074,0.21893766522407532
image_10075,0.3237539231777191
image_10076,0.09962537884712219
image_10077,0.3068191707134247
image_10078,0.31480035185813904
image_10079,0.1728261560201645
image_1008,0.22422583401203156
image_10080,0.0533716045320034
image_10081,0.07738791406154633
image_10082,0.03727633133530617
image_10083,0.19438087940216064
image_10084,0.06545761227607727
image_10085,0.13215990364551544
image_10086,0.08414564281702042
image_10087,0.23179034888744354
image_10088,0.1470009833574295
image_10089,0.06863044947385788
image_1009,0.10094704478979111
image_10090,0.10169871896505356
image_10091,0.27489668130874634
image_10092,0.7484299540519714
image_10093,0.3101825416088104
image_10094,0.47406482696533203
image_10095,0.30976080894470215
image_10096,0.12081115692853928
image_10097,0.12085306644439697
image_10098,0.16084690392017365
image_10099,0.19184884428977966
image_101,0.07482791692018509
image_1010,0.45902854204177856
image_10100,0.06107104942202568
image_10101,0.1401294767856598
image_10102,0.1844196766614914
image_10103,0.1201457753777504
image_10104,0.40462979674339294
image_10105,0.39245662093162537
image_10106,0.12242863327264786
image_10107,0.17800121009349823
image_10108,0.06364358961582184
image_10109,0.31148549914360046
image_1011,0.11890356987714767
image_10110,0.5238587260246277
image_10111,0.09276783466339111
image_10112,0.07903293520212173
image_10113,0.1967182457447052
image_10114,0.2534041106700897
image_10115,0.22521968185901642
image_10116,0.49808406829833984
image_10117,0.15943041443824768
image_10118,0.1697651892900467
image_10119,0.5258165001869202
image_1012,0.22790181636810303
image_10120,0.6186050176620483
image_10121,0.14605547487735748
image_10122,0.22830472886562347
image_10123,0.1449756920337677
image_10124,0.08653800934553146
image_10125,0.10209154337644577
image_10126,0.04333684965968132
image_10127,0.1523376703262329
image_10128,0.3409895598888397
image_10129,0.16411803662776947
image_1013,0.4731440544128418
image_10130,0.17604143917560577
image_10131,0.14433740079402924
image_10132,0.181460902094841
image_10133,0.2753550410270691
image_10134,0.30414602160453796
image_10135,0.034464843571186066
image_10136,0.09531418234109879
image_10137,0.1491072177886963
image_10138,0.06543014943599701
image_10139,0.09569939970970154
image_1014,0.05589321255683899
image_10140,0.6640517115592957
image_10141,0.2855689823627472
image_10142,0.14640890061855316
image_10143,0.8152632117271423
image_10144,0.09778429567813873
image_10145,0.044464051723480225
image_10146,0.31917867064476013
image_10147,0.0665358453989029
image_10148,0.1765538454055786
image_10149,0.21691368520259857
image_1015,0.14942008256912231
image_10150,0.27397966384887695
image_10151,0.4810212254524231
image_10152,0.11320364475250244
image_10153,0.09539057314395905
image_10154,0.4664583206176758
image_10155,0.07578925788402557
image_10156,0.07895610481500626
image_10157,0.08329113572835922
image_10158,0.41309499740600586
image_10159,0.19815166294574738
image_1016,0.06594722718000412
image_10160,0.25613999366760254
image_10161,0.28133851289749146
image_10162,0.13973234593868256
image_10163,0.2160167247056961
image_10164,0.14105896651744843
image_10165,0.05440093204379082
image_10166,0.1617293357849121
image_10167,0.28661561012268066
image_10168,0.06651894748210907
image_10169,0.21572498977184296
image_1017,0.12118265777826309
image_10170,0.6363149881362915
image_10171,0.36054784059524536
image_10172,0.09230221807956696
image_10173,0.20692090690135956
image_10174,0.21423053741455078
image_10175,0.6735674738883972
image_10176,0.16087526082992554
image_10177,0.28124356269836426
image_10178,0.08805693686008453
image_10179,0.6609019637107849
image_1018,0.36981090903282166
image_10180,0.06991796940565109
image_10181,0.40346860885620117
image_10182,0.24815474450588226
image_10183,0.0997232124209404
image_10184,0.1631118804216385
image_10185,0.12787030637264252
image_10186,0.2902921140193939
image_10187,0.2071104794740677
image_10188,0.6158453822135925
image_10189,0.268593430519104
image_1019,0.10867974907159805
image_10190,0.0851537212729454
image_10191,0.17330393195152283
image_10192,0.18670199811458588
image_10193,0.05690203979611397
image_10194,0.12298700958490372
image_10195,0.35312601923942566
image_10196,0.2693978250026703
image_10197,0.197835773229599
image_10198,0.5100495219230652
image_10199,0.7610843777656555
image_102,0.1497471183538437
image_1020,0.13682563602924347
image_10200,0.41997256875038147
image_10201,0.2538174092769623
image_10202,0.41177359223365784
image_10203,0.3329184055328369
image_10204,0.08525804430246353
image_10205,0.15011344850063324
image_10206,0.2833077609539032
image_10207,0.1311832219362259
image_10208,0.3004243075847626
image_10209,0.11573062092065811
image_1021,0.019176186993718147
image_10210,0.2902165651321411
image_10211,0.1769665777683258
image_10212,0.11067008972167969
image_10213,0.34130173921585083
image_10214,0.6039302945137024
image_10215,0.4920291006565094
image_10216,0.3043946623802185
image_10217,0.18061771988868713
image_10218,0.16916990280151367
image_10219,0.05513284355401993
image_1022,0.05142005905508995
image_10220,0.10363218933343887
image_10221,0.1180141493678093
image_10222,0.2576298415660858
image_10223,0.4100068211555481
image_10224,0.8035845756530762
image_10225,0.06437349319458008
image_10226,0.14266856014728546
image_10227,0.8281755447387695
image_10228,0.6493266224861145
image_10229,0.4491288661956787
image_1023,0.17192961275577545
image_10230,0.2046738862991333
image_10231,0.25418803095817566
image_10232,0.41646096110343933
image_10233,0.8088003396987915
image_10234,0.1485011875629425
image_10235,0.1967998594045639
image_10236,0.024469634518027306
image_10237,0.2375411093235016
image_10238,0.07377085834741592
image_10239,0.20219941437244415
image_1024,0.2135675698518753
image_10240,0.2731052339076996
image_10241,0.47439080476760864
image_10242,0.04356687143445015
image_10243,0.3792794346809387
image_10244,0.03150526434183121
image_10245,0.14761199057102203
image_10246,0.062468815594911575
image_10247,0.0526488795876503
image_10248,0.16364093124866486
image_10249,0.2924843430519104
image_1025,0.22035813331604004
image_10250,0.0818847045302391
image_10251,0.11998357623815536
image_10252,0.19570739567279816
image_10253,0.34887218475341797
image_10254,0.2953052520751953
image_10255,0.2782197892665863
image_10256,0.12995804846286774
image_10257,0.039628010243177414
image_10258,0.8571273684501648
image_10259,0.3306979835033417
image_1026,0.4574662744998932
image_10260,0.4049515724182129
image_10261,0.1523391753435135
image_10262,0.19227078557014465
image_10263,0.12491314858198166
image_10264,0.080360047519207
image_10265,0.11075546592473984
image_10266,0.27162331342697144
image_10267,0.2508293688297272
image_10268,0.4837237298488617
image_10269,0.14882710576057434
image_1027,0.05726807937026024
image_10270,0.5986217856407166
image_10271,0.5595154166221619
image_10272,0.16546094417572021
image_10273,0.09717767685651779
image_10274,0.11392941325902939
image_10275,0.08859000355005264
image_10276,0.25119686126708984
image_10277,0.2984878718852997
image_10278,0.020786816254258156
image_10279,0.5219473242759705
image_1028,0.6785303354263306
image_10280,0.2835189402103424
image_10281,0.11263840645551682
image_10282,0.2149474173784256
image_10283,0.2881166636943817
image_10284,0.4036688804626465
image_10285,0.21334929764270782
image_10286,0.11664245277643204
image_10287,0.16479846835136414
image_10288,0.723305881023407
image_10289,0.07130556553602219
image_1029,0.10958873480558395
image_10290,0.09316527098417282
image_10291,0.7390369772911072
image_10292,0.10324996709823608
image_10293,0.10356457531452179
image_10294,0.06297876685857773
image_10295,0.6306473612785339
image_10296,0.16699735820293427
image_10297,0.11413262039422989
image_10298,0.35819804668426514
image_10299,0.23912183940410614
image_103,0.09705888479948044
image_1030,0.07203780859708786
image_10300,0.4606902599334717
image_10301,0.4767817556858063
image_10302,0.29118111729621887
image_10303,0.12020988762378693
image_10304,0.27898940443992615
image_10305,0.41756102442741394
image_10306,0.17545858025550842
image_10307,0.1074460968375206
image_10308,0.29592758417129517
image_10309,0.11097198724746704
image_1031,0.28103527426719666
image_10310,0.4926484227180481
image_10311,0.24446909129619598
image_10312,0.146439790725708
image_10313,0.21991534531116486
image_10314,0.3794648349285126
image_10315,0.7333962321281433
image_10316,0.1807037889957428
image_10317,0.06456756591796875
image_10318,0.09249521791934967
image_10319,0.21395419538021088
image_1032,0.7759796380996704
image_10320,0.1675354689359665
image_10321,0.22369980812072754
image_10322,0.12410829216241837
image_10323,0.2809462249279022
image_10324,0.2691591680049896
image_10325,0.08855332434177399
image_10326,0.12760460376739502
image_10327,0.06800737977027893
image_10328,0.4354928135871887
image_10329,0.145427867770195
image_1033,0.4125196635723114
image_10330,0.3521188795566559
image_10331,0.6194330453872681
image_10332,0.055298831313848495
image_10333,0.22478102147579193
image_10334,0.15399791300296783
image_10335,0.10874513536691666
image_10336,0.027802884578704834
image_10337,0.08638932555913925
image_10338,0.08726419508457184
image_10339,0.05083237960934639
image_1034,0.17574265599250793
image_10340,0.23305688798427582
image_10341,0.10237140953540802
image_10342,0.22276626527309418
image_10343,0.3248542845249176
image_10344,0.23610897362232208
image_10345,0.4240947663784027
image_10346,0.15481722354888916
image_10347,0.14153634011745453
image_10348,0.835862934589386
image_10349,0.04327346011996269
image_1035,0.6921839118003845
image_10350,0.33784088492393494
image_10351,0.169132262468338
image_10352,0.23076093196868896
image_10353,0.6447650790214539
image_10354,0.20297293365001678
image_10355,0.17411695420742035
image_10356,0.19043055176734924
image_10357,0.17448551952838898
image_10358,0.33873873949050903
image_10359,0.6868893504142761
image_1036,0.432629257440567
image_10360,0.3144707977771759
image_10361,0.361110657453537
image_10362,0.30461278557777405
image_10363,0.27807265520095825
image_10364,0.23262985050678253
image_10365,0.14806078374385834
image_10366,0.38025304675102234
image_10367,0.18989010155200958
image_10368,0.16952979564666748
image_10369,0.20668260753154755
image_1037,0.1644480973482132
image_10370,0.12274650484323502
image_10371,0.16742448508739471
image_10372,0.20324106514453888
image_10373,0.13400280475616455
image_10374,0.11892437934875488
image_10375,0.28796979784965515
image_10376,0.15339486300945282
image_10377,0.0550064817070961
image_10378,0.24661500751972198
image_10379,0.13843052089214325
image_1038,0.05545340105891228
image_10380,0.15409529209136963
image_10381,0.022580508142709732
image_10382,0.2073705643415451
image_10383,0.1970883011817932
image_10384,0.048089779913425446
image_10385,0.6245777010917664
image_10386,0.6538066864013672
image_10387,0.03648057207465172
image_10388,0.15220284461975098
image_10389,0.21909718215465546
image_1039,0.02978447452187538
image_10390,0.7289415597915649
image_10391,0.22440381348133087
image_10392,0.521796464920044
image_10393,0.2232014238834381
image_10394,0.13772091269493103
image_10395,0.09861832112073898
image_10396,0.1481904834508896
image_10397,0.1683824062347412
image_10398,0.6187986731529236
image_10399,0.13079869747161865
image_104,0.1800222247838974
image_1040,0.37725478410720825
image_10400,0.37220677733421326
image_10401,0.1487351953983307
image_10402,0.25444266200065613
image_10403,0.08596053719520569
image_10404,0.05269203707575798
image_10405,0.14599530398845673
image_10406,0.5573914647102356
image_10407,0.28867101669311523
image_10408,0.07127407193183899
image_10409,0.2688426077365875
image_1041,0.3768231272697449
image_10410,0.21257832646369934
image_10411,0.4887618124485016
image_10412,0.08662515133619308
image_10413,0.08690263330936432
image_10414,0.16007156670093536
image_10415,0.10125594586133957
image_10416,0.7737026214599609
image_10417,0.22997336089611053
image_10418,0.2941897511482239
image_10419,0.22582820057868958
image_1042,0.16726864874362946
image_10420,0.4764780104160309
image_10421,0.1448184996843338
image_10422,0.2443559169769287
image_10423,0.5627490282058716
image_10424,0.11003899574279785
image_10425,0.057999372482299805
image_10426,0.24510399997234344
image_10427,0.07812239229679108
image_10428,0.7223529815673828
image_10429,0.1698990911245346
image_1043,0.28868672251701355
image_10430,0.1705787032842636
image_10431,0.624291718006134
image_10432,0.135780468583107
image_10433,0.22132010757923126
image_10434,0.15400293469429016
image_10435,0.7240287065505981
image_10436,0.31116920709609985
image_10437,0.29885607957839966
image_10438,0.07434283941984177
image_10439,0.1133490577340126
image_1044,0.050705354660749435
image_10440,0.16735878586769104
image_10441,0.9103736877441406
image_10442,0.11758682876825333
image_10443,0.4638186991214752
image_10444,0.029096055775880814
image_10445,0.16899047791957855
image_10446,0.05220765620470047
image_10447,0.15739433467388153
image_10448,0.5463878512382507
image_10449,0.48508700728416443
image_1045,0.11812768131494522
image_10450,0.07820655405521393
image_10451,0.21313385665416718
image_10452,0.38589605689048767
image_10453,0.11313173919916153
image_10454,0.18331152200698853
image_10455,0.0939871296286583
image_10456,0.031564269214868546
image_10457,0.39919811487197876
image_10458,0.3298555910587311
image_10459,0.24420754611492157
image_1046,0.07328146696090698
image_10460,0.14161358773708344
image_10461,0.22563639283180237
image_10462,0.04128342121839523
image_10463,0.1406976282596588
image_10464,0.1943192332983017
image_10465,0.19244453310966492
image_10466,0.2061915397644043
image_10467,0.29921451210975647
image_10468,0.08458302170038223
image_10469,0.23284022510051727
image_1047,0.2117450088262558
image_10470,0.21545098721981049
image_10471,0.05958738550543785
image_10472,0.1607181578874588
image_10473,0.11307158321142197
image_10474,0.5100508332252502
image_10475,0.2610971927642822
image_10476,0.3020847737789154
image_10477,0.5513359904289246
image_10478,0.1622730940580368
image_10479,0.2865349352359772
image_1048,0.25958919525146484
image_10480,0.3751968443393707
image_10481,0.2756531238555908
image_10482,0.2398122400045395
image_10483,0.22298073768615723
image_10484,0.07148577272891998
image_10485,0.22629089653491974
image_10486,0.11433141678571701
image_10487,0.14828355610370636
image_10488,0.1029927060008049
image_10489,0.3405762314796448
image_1049,0.13938648998737335
image_10490,0.4453449249267578
image_10491,0.10651194304227829
image_10492,0.19247160851955414
image_10493,0.19079969823360443
image_10494,0.3509521186351776
image_10495,0.2205241173505783
image_10496,0.18269816040992737
image_10497,0.2289392501115799
image_10498,0.07201799005270004
image_10499,0.1992180198431015
image_105,0.2993287742137909
image_1050,0.15163402259349823
image_10500,0.2880694270133972
image_10501,0.1430504322052002
image_10502,0.15371301770210266
image_10503,0.23114438354969025
image_10504,0.32989323139190674
image_10505,0.4973820149898529
image_10506,0.3646956980228424
image_10507,0.7444596290588379
image_10508,0.1571095883846283
image_10509,0.3065291941165924
image_1051,0.07663321495056152
image_10510,0.10550496727228165
image_10511,0.24019674956798553
image_10512,0.25713983178138733
image_10513,0.08327744156122208
image_10514,0.12631157040596008
image_10515,0.1078692227602005
image_10516,0.6106972098350525
image_10517,0.0938684493303299
image_10518,0.8988829851150513
image_10519,0.29776817560195923
image_1052,0.18998456001281738
image_10520,0.09787201881408691
image_10521,0.19158950448036194
image_10522,0.2850486934185028
image_10523,0.21236173808574677
image_10524,0.5025724768638611
image_10525,0.7323634028434753
image_10526,0.17187796533107758
image_10527,0.18163228034973145
image_10528,0.17778949439525604
image_10529,0.12419779598712921
image_1053,0.0763825997710228
image_10530,0.25847455859184265
image_10531,0.2249077558517456
image_10532,0.34121179580688477
image_10533,0.05983157083392143
image_10534,0.2626664936542511
image_10535,0.07659918814897537
image_10536,0.32095712423324585
image_10537,0.07054220885038376
image_10538,0.15859125554561615
image_10539,0.12338262051343918
image_1054,0.056810617446899414
image_10540,0.05855745077133179
image_10541,0.3056821823120117
image_10542,0.16940045356750488
image_10543,0.03441985324025154
image_10544,0.5368726253509521
image_10545,0.7935246229171753
image_10546,0.0567145012319088
image_10547,0.029287761077284813
image_10548,0.052909351885318756
image_10549,0.20503874123096466
image_1055,0.4883241653442383
image_10550,0.15434937179088593
image_10551,0.10685963928699493
image_10552,0.12891453504562378
image_10553,0.35538724064826965
image_10554,0.1949603408575058
image_10555,0.19518251717090607
image_10556,0.13639383018016815
image_10557,0.6979532241821289
image_10558,0.10472028702497482
image_10559,0.25058647990226746
image_1056,0.33011648058891296
image_10560,0.053211759775877
image_10561,0.770645797252655
image_10562,0.2330515831708908
image_10563,0.09069273620843887
image_10564,0.2663779556751251
image_10565,0.12815459072589874
image_10566,0.5094131231307983
image_10567,0.17776109278202057
image_10568,0.07015959918498993
image_10569,0.5439948439598083
image_1057,0.13538752496242523
image_10570,0.15723255276679993
image_10571,0.14169304072856903
image_10572,0.18991151452064514
image_10573,0.1978948563337326
image_10574,0.28827914595603943
image_10575,0.5320007801055908
image_10576,0.2445010393857956
image_10577,0.047354504466056824
image_10578,0.04001139476895332
image_10579,0.11099135875701904
image_1058,0.232747420668602
image_10580,0.6772911548614502
image_10581,0.06877043098211288
image_10582,0.5459370613098145
image_10583,0.206044539809227
image_10584,0.09102287143468857
image_10585,0.2265247106552124
image_10586,0.1028028279542923
image_10587,0.4122762382030487
image_10588,0.6882709860801697
image_10589,0.18035249412059784
image_1059,0.6067884564399719
image_10590,0.18285618722438812
image_10591,0.16358976066112518
image_10592,0.18457236886024475
image_10593,0.2204815000295639
image_10594,0.22328121960163116
image_10595,0.10033395141363144
image_10596,0.15789423882961273
image_10597,0.04541515186429024
image_10598,0.26000890135765076
image_10599,0.08983064442873001
image_106,0.40329989790916443
image_1060,0.15094198286533356
image_10600,0.537509560585022
image_10601,0.1077035665512085
image_10602,0.5115970969200134
image_10603,0.14161142706871033
image_10604,0.328400582075119
image_10605,0.07048849761486053
image_10606,0.11733917146921158
image_10607,0.08878384530544281
image_10608,0.24292297661304474
image_10609,0.20248138904571533
image_1061,0.2063937485218048
image_10610,0.11163397878408432
image_10611,0.235859677195549
image_10612,0.14829890429973602
image_10613,0.40003037452697754
image_10614,0.7061465382575989
image_10615,0.06810291111469269
image_10616,0.06257503479719162
image_10617,0.12099476158618927
image_10618,0.17912735044956207
image_10619,0.7560858726501465
image_1062,0.06996959447860718
image_10620,0.2731951177120209
image_10621,0.7295889258384705
image_10622,0.2893461287021637
image_10623,0.3806668519973755
image_10624,0.03757883235812187
image_10625,0.2062036246061325
image_10626,0.017417587339878082
image_10627,0.2787728011608124
image_10628,0.25764283537864685
image_10629,0.07766199856996536
image_1063,0.14375601708889008
image_10630,0.35521984100341797
image_10631,0.05391087755560875
image_10632,0.0947682335972786
image_10633,0.13148751854896545
image_10634,0.11736675351858139
image_10635,0.1856638342142105
image_10636,0.14552271366119385
image_10637,0.6096922755241394
image_10638,0.5736938714981079
image_10639,0.2315315306186676
image_1064,0.16890482604503632
image_10640,0.6387839317321777
image_10641,0.7391474843025208
image_10642,0.5564620494842529
image_10643,0.3784210681915283
image_10644,0.1399172842502594
image_10645,0.10239215195178986
image_10646,0.1757422536611557
image_10647,0.15762419998645782
image_10648,0.34932947158813477
image_10649,0.17158286273479462
image_1065,0.10467320680618286
image_10650,0.2567966878414154
image_10651,0.11449906975030899
image_10652,0.21137511730194092
image_10653,0.8220227360725403
image_10654,0.15898826718330383
image_10655,0.2057478278875351
image_10656,0.20078201591968536
image_10657,0.4706018567085266
image_10658,0.4633210599422455
image_10659,0.13851244747638702
image_1066,0.11594660580158234
image_10660,0.04074784740805626
image_10661,0.13198880851268768
image_10662,0.09094855189323425
image_10663,0.20707853138446808
image_10664,0.15715214610099792
image_10665,0.17315362393856049
image_10666,0.7435335516929626
image_10667,0.29959359765052795
image_10668,0.34903430938720703
image_10669,0.13046221435070038
image_1067,0.35806649923324585
image_10670,0.2256806641817093
image_10671,0.05770627409219742
image_10672,0.19621498882770538
image_10673,0.2661873400211334
image_10674,0.053504474461078644
image_10675,0.026381203904747963
image_10676,0.13719163835048676
image_10677,0.08619599789381027
image_10678,0.24113290011882782
image_10679,0.03872482106089592
image_1068,0.0819578468799591
image_10680,0.0980372279882431
image_10681,0.055277276784181595
image_10682,0.1817566603422165
image_10683,0.027333635836839676
image_10684,0.2538038194179535
image_10685,0.6322929859161377
image_10686,0.506323516368866
image_10687,0.1160881295800209
image_10688,0.29083630442619324
image_10689,0.24339886009693146
image_1069,0.28913697600364685
image_10690,0.3200324773788452
image_10691,0.05600382015109062
image_10692,0.5055611729621887
image_10693,0.27522802352905273
image_10694,0.2152262181043625
image_10695,0.8006783723831177
image_10696,0.18792767822742462
image_10697,0.02317478321492672
image_10698,0.17841847240924835
image_10699,0.08146928995847702
image_107,0.14513729512691498
image_1070,0.19912303984165192
image_10700,0.466106653213501
image_10701,0.13241811096668243
image_10702,0.08854188024997711
image_10703,0.11739423125982285
image_10704,0.26049986481666565
image_10705,0.12240942567586899
image_10706,0.148074671626091
image_10707,0.04118939861655235
image_10708,0.05611380562186241
image_10709,0.4121124744415283
image_1071,0.49969491362571716
image_10710,0.36468997597694397
image_10711,0.09866499155759811
image_10712,0.13540823757648468
image_10713,0.6157148480415344
image_10714,0.04912957176566124
image_10715,0.2666712701320648
image_10716,0.29053375124931335
image_10717,0.3624928593635559
image_10718,0.2349483072757721
image_10719,0.17030616104602814
image_1072,0.34476980566978455
image_10720,0.2419651597738266
image_10721,0.06847541779279709
image_10722,0.3653579354286194
image_10723,0.2974347770214081
image_10724,0.06602596491575241
image_10725,0.07827913761138916
image_10726,0.19294726848602295
image_10727,0.10175081342458725
image_10728,0.04705352708697319
image_10729,0.1711551547050476
image_1073,0.18481622636318207
image_10730,0.3226935565471649
image_10731,0.20598407089710236
image_10732,0.35292813181877136
image_10733,0.22846584022045135
image_10734,0.29698386788368225
image_10735,0.3170636296272278
image_10736,0.4589655101299286
image_10737,0.26789331436157227
image_10738,0.09688669443130493
image_10739,0.10364557802677155
image_1074,0.42128753662109375
image_10740,0.2561100423336029
image_10741,0.0971624031662941
image_10742,0.07232912629842758
image_10743,0.060155630111694336
image_10744,0.37291350960731506
image_10745,0.08913909643888474
image_10746,0.053423505276441574
image_10747,0.10431966930627823
image_10748,0.10063262283802032
image_10749,0.274996280670166
image_1075,0.7936593294143677
image_10750,0.12236996740102768
image_10751,0.5675243735313416
image_10752,0.14370828866958618
image_10753,0.24081645905971527
image_10754,0.15125422179698944
image_10755,0.08737426996231079
image_10756,0.09179148823022842
image_10757,0.06249474361538887
image_10758,0.3192891776561737
image_10759,0.24802759289741516
image_1076,0.0828443169593811
image_10760,0.5092196464538574
image_10761,0.07603362947702408
image_10762,0.15018342435359955
image_10763,0.12137811630964279
image_10764,0.7430686354637146
image_10765,0.14389578998088837
image_10766,0.2967306971549988
image_10767,0.1702628880739212
image_10768,0.17318089306354523
image_10769,0.06274189054965973
image_1077,0.2511518895626068
image_10770,0.2877233922481537
image_10771,0.17477405071258545
image_10772,0.20214219391345978
image_10773,0.21602438390254974
image_10774,0.2584003210067749
image_10775,0.22636590898036957
image_10776,0.27673038840293884
image_10777,0.1870356798171997
image_10778,0.36029139161109924
image_10779,0.14492447674274445
image_1078,0.2611974775791168
image_10780,0.37248384952545166
image_10781,0.3578402101993561
image_10782,0.29171061515808105
image_10783,0.23831772804260254
image_10784,0.08304532617330551
image_10785,0.11083018779754639
image_10786,0.870090126991272
image_10787,0.11715593189001083
image_10788,0.25446590781211853
image_10789,0.05947750434279442
image_1079,0.31387218832969666
image_10790,0.5138427019119263
image_10791,0.28283363580703735
image_10792,0.28293129801750183
image_10793,0.5112428069114685
image_10794,0.3386426866054535
image_10795,0.271599143743515
image_10796,0.1809687465429306
image_10797,0.32135531306266785
image_10798,0.07826508581638336
image_10799,0.13437339663505554
image_108,0.25592389702796936
image_1080,0.2386329174041748
image_10800,0.3477819859981537
image_10801,0.06753457337617874
image_10802,0.19832633435726166
image_10803,0.21499672532081604
image_10804,0.2418849915266037
image_10805,0.17242448031902313
image_10806,0.2033875435590744
image_10807,0.05062311887741089
image_10808,0.09998486191034317
image_10809,0.12421834468841553
image_1081,0.616753101348877
image_10810,0.01172199472784996
image_10811,0.3106043338775635
image_10812,0.1369340866804123
image_10813,0.12048645317554474
image_10814,0.4579493999481201
image_10815,0.1809624433517456
image_10816,0.3569863736629486
image_10817,0.42252570390701294
image_10818,0.2608634829521179
image_10819,0.09429702162742615
image_1082,0.11002884060144424
image_10820,0.1695106327533722
image_10821,0.4628867208957672
image_10822,0.24675822257995605
image_10823,0.15341424942016602
image_10824,0.29040247201919556
image_10825,0.45869073271751404
image_10826,0.29520925879478455
image_10827,0.1842706948518753
image_10828,0.46561703085899353
image_10829,0.2535014748573303
image_1083,0.11263681948184967
image_10830,0.5341494083404541
image_10831,0.08834203332662582
image_10832,0.28096458315849304
image_10833,0.08533304929733276
image_10834,0.3483423888683319
image_10835,0.08921604603528976
image_10836,0.5861092805862427
image_10837,0.15519514679908752
image_10838,0.34500667452812195
image_10839,0.3097524344921112
image_1084,0.07164285331964493
image_10840,0.04709172993898392
image_10841,0.09552115947008133
image_10842,0.029969025403261185
image_10843,0.09506620466709137
image_10844,0.23429465293884277
image_10845,0.09503395855426788
image_10846,0.1613873541355133
image_10847,0.3017997443675995
image_10848,0.14103160798549652
image_10849,0.18191368877887726
image_1085,0.03620133176445961
image_10850,0.13966669142246246
image_10851,0.1435467004776001
image_10852,0.31394442915916443
image_10853,0.11568089574575424
image_10854,0.33632105588912964
image_10855,0.17930984497070312
image_10856,0.19006948173046112
image_10857,0.34702521562576294
image_10858,0.1090531125664711
image_10859,0.23839512467384338
image_1086,0.06135893985629082
image_10860,0.20422568917274475
image_10861,0.07527650892734528
image_10862,0.22010858356952667
image_10863,0.17594335973262787
image_10864,0.16452838480472565
image_10865,0.05374958738684654
image_10866,0.04269174858927727
image_10867,0.5272507071495056
image_10868,0.3405606746673584
image_10869,0.05929568037390709
image_1087,0.16657911241054535
image_10870,0.10678132623434067
image_10871,0.18173328042030334
image_10872,0.05914998799562454
image_10873,0.27312031388282776
image_10874,0.3840906023979187
image_10875,0.0927717536687851
image_10876,0.42283129692077637
image_10877,0.28429046273231506
image_10878,0.05385638400912285
image_10879,0.14214883744716644
image_1088,0.5580362677574158
image_10880,0.19145114719867706
image_10881,0.2052297592163086
image_10882,0.10502356290817261
image_10883,0.41770344972610474
image_10884,0.8592886924743652
image_10885,0.0662723258137703
image_10886,0.18688403069972992
image_10887,0.13497023284435272
image_10888,0.14155131578445435
image_10889,0.1323198825120926
image_1089,0.23203401267528534
image_10890,0.0884612575173378
image_10891,0.8005411028862
image_10892,0.4678788185119629
image_10893,0.20574262738227844
image_10894,0.26037803292274475
image_10895,0.25876376032829285
image_10896,0.25604602694511414
image_10897,0.25224944949150085
image_10898,0.2351033240556717
image_10899,0.1310717910528183
image_109,0.16642451286315918
image_1090,0.18442440032958984
image_10900,0.041954949498176575
image_10901,0.3031785488128662
image_10902,0.3454742431640625
image_10903,0.12409237772226334
image_10904,0.36758294701576233
image_10905,0.2950361371040344
image_10906,0.29936909675598145
image_10907,0.19862709939479828
image_10908,0.17685602605342865
image_10909,0.03261836990714073
image_1091,0.11727368831634521
image_10910,0.14695420861244202
image_10911,0.15024521946907043
image_10912,0.2637571394443512
image_10913,0.2995689809322357
image_10914,0.22696147859096527
image_10915,0.3257278800010681
image_10916,0.254391074180603
image_10917,0.11746932566165924
image_10918,0.1711970567703247
image_10919,0.1879211664199829
image_1092,0.07669985294342041
image_10920,0.1346660554409027
image_10921,0.2587471008300781
image_10922,0.250975102186203
image_10923,0.1676855832338333
image_10924,0.7310224175453186
image_10925,0.24975517392158508
image_10926,0.3873334527015686
image_10927,0.17749233543872833
image_10928,0.12409546226263046
image_10929,0.11296110600233078
image_1093,0.03880017623305321
image_10930,0.24083852767944336
image_10931,0.19565270841121674
image_10932,0.08954887092113495
image_10933,0.14278681576251984
image_10934,0.1592017263174057
image_10935,0.49365273118019104
image_10936,0.10175464302301407
image_10937,0.3605991303920746
image_10938,0.07868849486112595
image_10939,0.13600623607635498
image_1094,0.19563281536102295
image_10940,0.7406965494155884
image_10941,0.04208756238222122
image_10942,0.20189113914966583
image_10943,0.5227276086807251
image_10944,0.1750366985797882
image_10945,0.20191331207752228
image_10946,0.2729148864746094
image_10947,0.49483728408813477
image_10948,0.2701214849948883
image_10949,0.1725463718175888
image_1095,0.2329084873199463
image_10950,0.0320928692817688
image_10951,0.29459309577941895
image_10952,0.14676012098789215
image_10953,0.1428450345993042
image_10954,0.16539697349071503
image_10955,0.12085869163274765
image_10956,0.07808174937963486
image_10957,0.3691602349281311
image_10958,0.12123285979032516
image_10959,0.15549230575561523
image_1096,0.08080693334341049
image_10960,0.5089808702468872
image_10961,0.1283121556043625
image_10962,0.07234169542789459
image_10963,0.08200821280479431
image_10964,0.11565301567316055
image_10965,0.20488014817237854
image_10966,0.09036795049905777
image_10967,0.15745972096920013
image_10968,0.663693368434906
image_10969,0.16556958854198456
image_1097,0.49672815203666687
image_10970,0.018546760082244873
image_10971,0.05688837170600891
image_10972,0.2656627893447876
image_10973,0.142266184091568
image_10974,0.15745188295841217
image_10975,0.06229601055383682
image_10976,0.14320659637451172
image_10977,0.24942217767238617
image_10978,0.2642391622066498
image_10979,0.04520474374294281
image_1098,0.7019532322883606
image_10980,0.22403188049793243
image_10981,0.4824921190738678
image_10982,0.12342023104429245
image_10983,0.11771897226572037
image_10984,0.12436522543430328
image_10985,0.32701364159584045
image_10986,0.07820013165473938
image_10987,0.18102602660655975
image_10988,0.1269918531179428
image_10989,0.28181320428848267
image_1099,0.16308771073818207
image_10990,0.26109710335731506
image_10991,0.25188133120536804
image_10992,0.07747684419155121
image_10993,0.5691699981689453
image_10994,0.044053446501493454
image_10995,0.21962502598762512
image_10996,0.2417888194322586
image_10997,0.5958577990531921
image_10998,0.07793840765953064
image_10999,0.34699830412864685
image_11,0.08817978948354721
image_110,0.1668858379125595
image_1100,0.14869436621665955
image_11000,0.12683753669261932
image_11001,0.4585891664028168
image_11002,0.31743279099464417
image_11003,0.30857181549072266
image_11004,0.1583654135465622
image_11005,0.20562246441841125
image_11006,0.2890947759151459
image_11007,0.25105464458465576
image_11008,0.1408672034740448
image_11009,0.2825021743774414
image_1101,0.20207348465919495
image_11010,0.07338269054889679
image_11011,0.20199981331825256
image_11012,0.1917412430047989
image_11013,0.2857615649700165
image_11014,0.06056757643818855
image_11015,0.32015708088874817
image_11016,0.10790558159351349
image_11017,0.4009154438972473
image_11018,0.17937195301055908
image_11019,0.20428864657878876
image_1102,0.6555731892585754
image_11020,0.08357717841863632
image_11021,0.010432534851133823
image_11022,0.5484709143638611
image_11023,0.361113965511322
image_11024,0.3392455279827118
image_11025,0.17251940071582794
image_11026,0.24452009797096252
image_11027,0.2680518925189972
image_11028,0.25732851028442383
image_11029,0.05088631063699722
image_1103,0.15136586129665375
image_11030,0.2792777121067047
image_11031,0.3280707001686096
image_11032,0.26617231965065
image_11033,0.12597382068634033
image_11034,0.37824466824531555
image_11035,0.1269283890724182
image_11036,0.17171411216259003
image_11037,0.3322469890117645
image_11038,0.31554222106933594
image_11039,0.533087432384491
image_1104,0.23422196507453918
image_11040,0.08396141976118088
image_11041,0.13893787562847137
image_11042,0.3795360028743744
image_11043,0.11137183010578156
image_11044,0.38368770480155945
image_11045,0.1092626079916954
image_11046,0.1251165121793747
image_11047,0.6971659064292908
image_11048,0.6283933520317078
image_11049,0.14769680798053741
image_1105,0.12607987225055695
image_11050,0.8018474578857422
image_11051,0.050255563110113144
image_11052,0.17588761448860168
image_11053,0.5234888195991516
image_11054,0.3188977837562561
image_11055,0.18688082695007324
image_11056,0.0641307458281517
image_11057,0.16913695633411407
image_11058,0.6172672510147095
image_11059,0.04482119902968407
image_1106,0.2863937318325043
image_11060,0.1667838841676712
image_11061,0.17357157170772552
image_11062,0.16008011996746063
image_11063,0.0535680428147316
image_11064,0.16107608377933502
image_11065,0.11223790794610977
image_11066,0.1296871453523636
image_11067,0.13941112160682678
image_11068,0.1211029514670372
image_11069,0.16322670876979828
image_1107,0.2059841901063919
image_11070,0.24021442234516144
image_11071,0.2514728605747223
image_11072,0.21028438210487366
image_11073,0.7423543930053711
image_11074,0.1708381325006485
image_11075,0.8660871386528015
image_11076,0.25624534487724304
image_11077,0.41889867186546326
image_11078,0.7530798316001892
image_11079,0.14862656593322754
image_1108,0.026096660643815994
image_11080,0.7609958648681641
image_11081,0.18577179312705994
image_11082,0.32713642716407776
image_11083,0.16701197624206543
image_11084,0.26090285181999207
image_11085,0.1609034240245819
image_11086,0.14645634591579437
image_11087,0.2909489572048187
image_11088,0.1260756552219391
image_11089,0.1452949345111847
image_1109,0.046852920204401016
image_11090,0.33556661009788513
image_11091,0.19302116334438324
image_11092,0.07820846885442734
image_11093,0.05561712384223938
image_11094,0.3764544427394867
image_11095,0.3087240159511566
image_11096,0.21272793412208557
image_11097,0.05238315090537071
image_11098,0.7482895255088806
image_11099,0.049789909273386
image_111,0.042479027062654495
image_1110,0.16538628935813904
image_11100,0.1577925980091095
image_11101,0.04543018341064453
image_11102,0.08365283161401749
image_11103,0.43172430992126465
image_11104,0.38662630319595337
image_11105,0.1372484415769577
image_11106,0.08432646095752716
image_11107,0.10289030522108078
image_11108,0.376337468624115
image_11109,0.1307380050420761
image_1111,0.14067451655864716
image_11110,0.12471576035022736
image_11111,0.45294633507728577
image_11112,0.19752183556556702
image_11113,0.15527604520320892
image_11114,0.055200185626745224
image_11115,0.5032007098197937
image_11116,0.0767364427447319
image_11117,0.11454146355390549
image_11118,0.1752375364303589
image_11119,0.43175649642944336
image_1112,0.11260729283094406
image_11120,0.17304471135139465
image_11121,0.2753804326057434
image_11122,0.18111620843410492
image_11123,0.26357659697532654
image_11124,0.150177463889122
image_11125,0.20383453369140625
image_11126,0.16485165059566498
image_11127,0.2174118012189865
image_11128,0.6415612101554871
image_11129,0.12422335147857666
image_1113,0.44526034593582153
image_11130,0.120097316801548
image_11131,0.254237562417984
image_11132,0.07746424525976181
image_11133,0.08514092117547989
image_11134,0.6634953618049622
image_11135,0.11310013383626938
image_11136,0.158443421125412
image_11137,0.7554541826248169
image_11138,0.1949588805437088
image_11139,0.128771111369133
image_1114,0.02311994694173336
image_11140,0.4009629189968109
image_11141,0.12113866955041885
image_11142,0.12948326766490936
image_11143,0.2917686998844147
image_11144,0.24099679291248322
image_11145,0.2032666951417923
image_11146,0.09745677560567856
image_11147,0.2615242898464203
image_11148,0.6912903189659119
image_11149,0.35589003562927246
image_1115,0.13916537165641785
image_11150,0.1190367117524147
image_11151,0.06278069317340851
image_11152,0.2600267231464386
image_11153,0.19222809374332428
image_11154,0.2621622085571289
image_11155,0.07179061323404312
image_11156,0.4185585081577301
image_11157,0.28992292284965515
image_11158,0.18252120912075043
image_11159,0.1159229502081871
image_1116,0.2140384018421173
image_11160,0.1898050159215927
image_11161,0.1755640059709549
image_11162,0.26222944259643555
image_11163,0.29163995385169983
image_11164,0.39874696731567383
image_11165,0.13194957375526428
image_11166,0.231953427195549
image_11167,0.53346186876297
image_11168,0.06495390087366104
image_11169,0.5647690892219543
image_1117,0.09264319390058517
image_11170,0.11964583396911621
image_11171,0.13347405195236206
image_11172,0.27850648760795593
image_11173,0.05414796993136406
image_11174,0.6801270246505737
image_11175,0.13333368301391602
image_11176,0.14813633263111115
image_11177,0.10298407077789307
image_11178,0.2500496506690979
image_11179,0.020144322887063026
image_1118,0.20098955929279327
image_11180,0.2448260337114334
image_11181,0.10783819109201431
image_11182,0.3408457934856415
image_11183,0.09458185732364655
image_11184,0.1379033476114273
image_11185,0.47106751799583435
image_11186,0.49049004912376404
image_11187,0.22549544274806976
image_11188,0.1382334977388382
image_11189,0.46504393219947815
image_1119,0.06258609145879745
image_11190,0.3093668520450592
image_11191,0.19755496084690094
image_11192,0.07125768065452576
image_11193,0.16226886212825775
image_11194,0.053418077528476715
image_11195,0.3642805516719818
image_11196,0.10329163074493408
image_11197,0.2627616822719574
image_11198,0.15478502213954926
image_11199,0.28617191314697266
image_112,0.08891323953866959
image_1120,0.30650874972343445
image_11200,0.561557948589325
image_11201,0.17837025225162506
image_11202,0.3912315368652344
image_11203,0.16612175107002258
image_11204,0.23879753053188324
image_11205,0.07519026100635529
image_11206,0.10121350735425949
image_11207,0.14728203415870667
image_11208,0.10486787557601929
image_11209,0.48446160554885864
image_1121,0.28050360083580017
image_11210,0.2972446382045746
image_11211,0.1494329273700714
image_11212,0.6886157989501953
image_11213,0.30237504839897156
image_11214,0.05964547395706177
image_11215,0.6343314051628113
image_11216,0.1429576724767685
image_11217,0.7703598141670227
image_11218,0.5974516868591309
image_11219,0.2168421596288681
image_1122,0.2847119867801666
image_11220,0.05764549598097801
image_11221,0.10097179561853409
image_11222,0.7458788156509399
image_11223,0.2984898090362549
image_11224,0.15827417373657227
image_11225,0.09050533920526505
image_11226,0.5496196150779724
image_11227,0.2912427484989166
image_11228,0.3050786554813385
image_11229,0.41265153884887695
image_1123,0.10651998966932297
image_11230,0.2404465228319168
image_11231,0.3647877871990204
image_11232,0.31431126594543457
image_11233,0.26373907923698425
image_11234,0.13456016778945923
image_11235,0.7193637490272522
image_11236,0.17346179485321045
image_11237,0.3855462372303009
image_11238,0.1728612184524536
image_11239,0.13976028561592102
image_1124,0.32892972230911255
image_11240,0.07440900802612305
image_11241,0.17269682884216309
image_11242,0.15806148946285248
image_11243,0.16013626754283905
image_11244,0.07321681082248688
image_11245,0.13696815073490143
image_11246,0.6607325673103333
image_11247,0.06871350109577179
image_11248,0.06619475036859512
image_11249,0.32706448435783386
image_1125,0.1950564831495285
image_11250,0.172738716006279
image_11251,0.21474909782409668
image_11252,0.10743772983551025
image_11253,0.1443479061126709
image_11254,0.4067527949810028
image_11255,0.23076565563678741
image_11256,0.06378688663244247
image_11257,0.18080690503120422
image_11258,0.08452246338129044
image_11259,0.27942773699760437
image_1126,0.3828447759151459
image_11260,0.15724486112594604
image_11261,0.29368314146995544
image_11262,0.2721402049064636
image_11263,0.2715623080730438
image_11264,0.23080268502235413
image_11265,0.18101398646831512
image_11266,0.4331071078777313
image_11267,0.19748102128505707
image_11268,0.2751854956150055
image_11269,0.10227394104003906
image_1127,0.5178499817848206
image_11270,0.18888278305530548
image_11271,0.11372699588537216
image_11272,0.1482211947441101
image_11273,0.6165300607681274
image_11274,0.26348182559013367
image_11275,0.6683986783027649
image_11276,0.7135734558105469
image_11277,0.24866048991680145
image_11278,0.1517116129398346
image_11279,0.10169430077075958
image_1128,0.10745110362768173
image_11280,0.5990306735038757
image_11281,0.17766821384429932
image_11282,0.290691077709198
image_11283,0.13814513385295868
image_11284,0.17345333099365234
image_11285,0.15861622989177704
image_11286,0.3941047191619873
image_11287,0.33336469531059265
image_11288,0.18538020551204681
image_11289,0.3291052281856537
image_1129,0.031208371743559837
image_11290,0.41740313172340393
image_11291,0.9141849875450134
image_11292,0.24606409668922424
image_11293,0.4703842103481293
image_11294,0.2694664001464844
image_11295,0.14005140960216522
image_11296,0.10533361881971359
image_11297,0.4521338641643524
image_11298,0.15479311347007751
image_11299,0.2990194261074066
image_113,0.09198193997144699
image_1130,0.2726479172706604
image_11300,0.44246503710746765
image_11301,0.7856845259666443
image_11302,0.15396638214588165
image_11303,0.16772614419460297
image_11304,0.33203110098838806
image_11305,0.1647796481847763
image_11306,0.26234444975852966
image_11307,0.17648881673812866
image_11308,0.4554024636745453
image_11309,0.846838653087616
image_1131,0.7359458804130554
image_11310,0.11767712980508804
image_11311,0.1587248146533966
image_11312,0.09909661114215851
image_11313,0.17284996807575226
image_11314,0.03313549980521202
image_11315,0.2356107085943222
image_11316,0.17439544200897217
image_11317,0.4292019009590149
image_11318,0.298888623714447
image_11319,0.8288481831550598
image_1132,0.06362314522266388
image_11320,0.21513138711452484
image_11321,0.2044970989227295
image_11322,0.5723792314529419
image_11323,0.027225462719798088
image_11324,0.08297622203826904
image_11325,0.4344452917575836
image_11326,0.10193084925413132
image_11327,0.16742344200611115
image_11328,0.05932977423071861
image_11329,0.26755017042160034
image_1133,0.13621291518211365
image_11330,0.13747267425060272
image_11331,0.10068830102682114
image_11332,0.13231711089611053
image_11333,0.1115894690155983
image_11334,0.2791643738746643
image_11335,0.5151848196983337
image_11336,0.13990159332752228
image_11337,0.12752215564250946
image_11338,0.1601123958826065
image_11339,0.36189356446266174
image_1134,0.016750743612647057
image_11340,0.12664945423603058
image_11341,0.3277311325073242
image_11342,0.27209386229515076
image_11343,0.26097607612609863
image_11344,0.15808998048305511
image_11345,0.16990633308887482
image_11346,0.17202086746692657
image_11347,0.30985456705093384
image_11348,0.17445847392082214
image_11349,0.12634745240211487
image_1135,0.06898917257785797
image_11350,0.9033963084220886
image_11351,0.11031410843133926
image_11352,0.27362728118896484
image_11353,0.1670389473438263
image_11354,0.31188392639160156
image_11355,0.10969209671020508
image_11356,0.5655271410942078
image_11357,0.7172146439552307
image_11358,0.3756639063358307
image_11359,0.22150306403636932
image_1136,0.6262609362602234
image_11360,0.09020055085420609
image_11361,0.15453386306762695
image_11362,0.4605533182621002
image_11363,0.052077796310186386
image_11364,0.28541094064712524
image_11365,0.15533147752285004
image_11366,0.033247560262680054
image_11367,0.16165894269943237
image_11368,0.15927766263484955
image_11369,0.1459854245185852
image_1137,0.018352482467889786
image_11370,0.3263463079929352
image_11371,0.3032183349132538
image_11372,0.5344018340110779
image_11373,0.4232853055000305
image_11374,0.103448286652565
image_11375,0.6450306177139282
image_11376,0.04929865524172783
image_11377,0.47205883264541626
image_11378,0.3085227906703949
image_11379,0.18317079544067383
image_1138,0.16318872570991516
image_11380,0.47799092531204224
image_11381,0.27564820647239685
image_11382,0.09963227808475494
image_11383,0.14714336395263672
image_11384,0.11478511244058609
image_11385,0.11456044018268585
image_11386,0.333055704832077
image_11387,0.12541496753692627
image_11388,0.11178213357925415
image_11389,0.09639998525381088
image_1139,0.1335294097661972
image_11390,0.38334187865257263
image_11391,0.061269402503967285
image_11392,0.23313365876674652
image_11393,0.6180781722068787
image_11394,0.3532133996486664
image_11395,0.257283478975296
image_11396,0.5580313205718994
image_11397,0.1096467599272728
image_11398,0.15939727425575256
image_11399,0.49922284483909607
image_114,0.21036937832832336
image_1140,0.23754428327083588
image_11400,0.1665683090686798
image_11401,0.29571691155433655
image_11402,0.061679091304540634
image_11403,0.24349787831306458
image_11404,0.17924122512340546
image_11405,0.10191076248884201
image_11406,0.2653387784957886
image_11407,0.6546511650085449
image_11408,0.09462448954582214
image_11409,0.4333375096321106
image_1141,0.04877167195081711
image_11410,0.3255302608013153
image_11411,0.3307446837425232
image_11412,0.07286083698272705
image_11413,0.18722215294837952
image_11414,0.20664887130260468
image_11415,0.22889447212219238
image_11416,0.05370471626520157
image_11417,0.26573702692985535
image_11418,0.22739529609680176
image_11419,0.07778537273406982
image_1142,0.3293261229991913
image_11420,0.09987735748291016
image_11421,0.18789973855018616
image_11422,0.3712422847747803
image_11423,0.16134034097194672
image_11424,0.2918613851070404
image_11425,0.37406888604164124
image_11426,0.17845697700977325
image_11427,0.30127522349357605
image_11428,0.4522422254085541
image_11429,0.10992248356342316
image_1143,0.10423131287097931
image_11430,0.182109996676445
image_11431,0.21508745849132538
image_11432,0.25110292434692383
image_11433,0.03996771574020386
image_11434,0.1469719409942627
image_11435,0.5899452567100525
image_11436,0.06451860815286636
image_11437,0.334933340549469
image_11438,0.033438216894865036
image_11439,0.69535893201828
image_1144,0.22365064918994904
image_11440,0.06634031236171722
image_11441,0.10241873562335968
image_11442,0.5611748695373535
image_11443,0.29461270570755005
image_11444,0.41591978073120117
image_11445,0.19768428802490234
image_11446,0.09361758083105087
image_11447,0.1111072301864624
image_11448,0.20167501270771027
image_11449,0.10051354020833969
image_1145,0.0445181280374527
image_11450,0.1112804040312767
image_11451,0.2650022506713867
image_11452,0.38384196162223816
image_11453,0.0397615060210228
image_11454,0.32368871569633484
image_11455,0.2662592828273773
image_11456,0.38517650961875916
image_11457,0.16843056678771973
image_11458,0.6300965547561646
image_11459,0.023763718083500862
image_1146,0.07674515247344971
image_11460,0.1335614174604416
image_11461,0.3088923990726471
image_11462,0.1214040145277977
image_11463,0.20764057338237762
image_11464,0.14431577920913696
image_11465,0.18453016877174377
image_11466,0.27657315135002136
image_11467,0.06836500018835068
image_11468,0.13911844789981842
image_11469,0.19417035579681396
image_1147,0.7056989669799805
image_11470,0.49628764390945435
image_11471,0.26782506704330444
image_11472,0.4228225350379944
image_11473,0.09953536093235016
image_11474,0.22028087079524994
image_11475,0.36246392130851746
image_11476,0.5262638330459595
image_11477,0.05553918704390526
image_11478,0.544731855392456
image_11479,0.15732283890247345
image_1148,0.4252454936504364
image_11480,0.06741881370544434
image_11481,0.13660039007663727
image_11482,0.22021155059337616
image_11483,0.3034687936306
image_11484,0.06992631405591965
image_11485,0.09301449358463287
image_11486,0.17871694266796112
image_11487,0.22211015224456787
image_11488,0.40067052841186523
image_11489,0.7635123133659363
image_1149,0.06900973618030548
image_11490,0.17181377112865448
image_11491,0.12967805564403534
image_11492,0.04532480984926224
image_11493,0.284546822309494
image_11494,0.1403317153453827
image_11495,0.253460556268692
image_11496,0.07615571469068527
image_11497,0.17420856654644012
image_11498,0.25894150137901306
image_11499,0.5124316811561584
image_115,0.5613905787467957
image_1150,0.2863699793815613
image_11500,0.14704088866710663
image_11501,0.16361594200134277
image_11502,0.20654363930225372
image_11503,0.3229815363883972
image_11504,0.1640135794878006
image_11505,0.060024745762348175
image_11506,0.24240198731422424
image_11507,0.0670313760638237
image_11508,0.26186448335647583
image_11509,0.10993096977472305
image_1151,0.1392691433429718
image_11510,0.6224454045295715
image_11511,0.2602975070476532
image_11512,0.06568649411201477
image_11513,0.25451213121414185
image_11514,0.06043786555528641
image_11515,0.3484538495540619
image_11516,0.2012443095445633
image_11517,0.20152874290943146
image_11518,0.10597553104162216
image_11519,0.503966748714447
image_1152,0.1800461858510971
image_11520,0.5103216171264648
image_11521,0.4033510386943817
image_11522,0.7993590831756592
image_11523,0.2944812774658203
image_11524,0.5481992959976196
image_11525,0.1263429969549179
image_11526,0.06121201440691948
image_11527,0.09677820652723312
image_11528,0.4029856324195862
image_11529,0.3434585630893707
image_1153,0.32809704542160034
image_11530,0.42120036482810974
image_11531,0.236669659614563
image_11532,0.12187599390745163
image_11533,0.6944754719734192
image_11534,0.22384129464626312
image_11535,0.7238023281097412
image_11536,0.14602318406105042
image_11537,0.08499941229820251
image_11538,0.042590122669935226
image_11539,0.3350312411785126
image_1154,0.17501461505889893
image_11540,0.17782214283943176
image_11541,0.24713917076587677
image_11542,0.10067325085401535
image_11543,0.13712039589881897
image_11544,0.2336423248052597
image_11545,0.7985631823539734
image_11546,0.2524110674858093
image_11547,0.37244758009910583
image_11548,0.2432239055633545
image_11549,0.14965391159057617
image_1155,0.2508357763290405
image_11550,0.1631549894809723
image_11551,0.11160433292388916
image_11552,0.10473988205194473
image_11553,0.23378899693489075
image_11554,0.3359200954437256
image_11555,0.1851281225681305
image_11556,0.1418895721435547
image_11557,0.3003886640071869
image_11558,0.5047745108604431
image_11559,0.38557153940200806
image_1156,0.08288218826055527
image_11560,0.26368647813796997
image_11561,0.07165712118148804
image_11562,0.5486251711845398
image_11563,0.18877451121807098
image_11564,0.12028147280216217
image_11565,0.10422301292419434
image_11566,0.14133824408054352
image_11567,0.14605140686035156
image_11568,0.37423795461654663
image_11569,0.08845686912536621
image_1157,0.160811185836792
image_11570,0.1362125128507614
image_11571,0.2788880467414856
image_11572,0.15396574139595032
image_11573,0.46841803193092346
image_11574,0.1427687406539917
image_11575,0.06544827669858932
image_11576,0.1930553913116455
image_11577,0.33445578813552856
image_11578,0.31417688727378845
image_11579,0.6478589773178101
image_1158,0.4535828232765198
image_11580,0.24068684875965118
image_11581,0.07606395334005356
image_11582,0.1059475913643837
image_11583,0.1557491272687912
image_11584,0.229378804564476
image_11585,0.2702030539512634
image_11586,0.5201142430305481
image_11587,0.6505140662193298
image_11588,0.0875018760561943
image_11589,0.2247389554977417
image_1159,0.14350290596485138
image_11590,0.2158123105764389
image_11591,0.17009630799293518
image_11592,0.5205664038658142
image_11593,0.10749264806509018
image_11594,0.08733295649290085
image_11595,0.06120622158050537
image_11596,0.1291000247001648
image_11597,0.12334046512842178
image_11598,0.15561962127685547
image_11599,0.15727095305919647
image_116,0.2318427562713623
image_1160,0.5166187286376953
image_11600,0.6330475807189941
image_11601,0.20352773368358612
image_11602,0.09330610930919647
image_11603,0.0870894119143486
image_11604,0.1894947737455368
image_11605,0.10260198265314102
image_11606,0.5210655331611633
image_11607,0.08438803255558014
image_11608,0.2376268357038498
image_11609,0.19823145866394043
image_1161,0.5822723507881165
image_11610,0.17430876195430756
image_11611,0.8921660780906677
image_11612,0.15831708908081055
image_11613,0.2205839902162552
image_11614,0.42188435792922974
image_11615,0.14442244172096252
image_11616,0.12184726446866989
image_11617,0.15015485882759094
image_11618,0.3587035834789276
image_11619,0.3823743760585785
image_1162,0.5397095084190369
image_11620,0.09127471596002579
image_11621,0.12424402683973312
image_11622,0.23234820365905762
image_11623,0.08205534517765045
image_11624,0.17552359402179718
image_11625,0.11606524139642715
image_11626,0.20723901689052582
image_11627,0.3257499635219574
image_11628,0.25905266404151917
image_11629,0.4024589955806732
image_1163,0.3684360682964325
image_11630,0.0996602401137352
image_11631,0.15487299859523773
image_11632,0.11601882427930832
image_11633,0.24175725877285004
image_11634,0.3135317265987396
image_11635,0.2186061590909958
image_11636,0.05556091293692589
image_11637,0.04457796365022659
image_11638,0.5837203860282898
image_11639,0.22069625556468964
image_1164,0.42661625146865845
image_11640,0.10698991268873215
image_11641,0.1612665206193924
image_11642,0.1918872892856598
image_11643,0.2510415017604828
image_11644,0.22947882115840912
image_11645,0.3130534589290619
image_11646,0.28865495324134827
image_11647,0.16784162819385529
image_11648,0.351682186126709
image_11649,0.5875577330589294
image_1165,0.07555658370256424
image_11650,0.08403723686933517
image_11651,0.13097281754016876
image_11652,0.06336024403572083
image_11653,0.18592290580272675
image_11654,0.1393597573041916
image_11655,0.09743493050336838
image_11656,0.08937173336744308
image_11657,0.14596688747406006
image_11658,0.11217138916254044
image_11659,0.11426744610071182
image_1166,0.08724232763051987
image_11660,0.11102284491062164
image_11661,0.18376867473125458
image_11662,0.12200792133808136
image_11663,0.1706274002790451
image_11664,0.17478154599666595
image_11665,0.2842389643192291
image_11666,0.4172747731208801
image_11667,0.09462649375200272
image_11668,0.6034933924674988
image_11669,0.18516972661018372
image_1167,0.1752459853887558
image_11670,0.1287134289741516
image_11671,0.11388003826141357
image_11672,0.16532321274280548
image_11673,0.16268227994441986
image_11674,0.14137603342533112
image_11675,0.33212143182754517
image_11676,0.23198579251766205
image_11677,0.13347244262695312
image_11678,0.8228412866592407
image_11679,0.04368048906326294
image_1168,0.0892328992486
image_11680,0.03840094804763794
image_11681,0.03349895030260086
image_11682,0.14407499134540558
image_11683,0.03136441856622696
image_11684,0.2786368429660797
image_11685,0.06293069571256638
image_11686,0.019422143697738647
image_11687,0.025023261085152626
image_11688,0.25060009956359863
image_11689,0.22809302806854248
image_1169,0.7284916043281555
image_11690,0.09244588762521744
image_11691,0.040525294840335846
image_11692,0.06840447336435318
image_11693,0.08742360025644302
image_11694,0.41724133491516113
image_11695,0.18499182164669037
image_11696,0.04015727713704109
image_11697,0.0913415476679802
image_11698,0.22887711226940155
image_11699,0.36769554018974304
image_117,0.21942050755023956
image_1170,0.1397964209318161
image_11700,0.6005463004112244
image_11701,0.20924372971057892
image_11702,0.04179961234331131
image_11703,0.20910945534706116
image_11704,0.25558558106422424
image_11705,0.5968264937400818
image_11706,0.1881815493106842
image_11707,0.2085893452167511
image_11708,0.4909578263759613
image_11709,0.04214911162853241
image_1171,0.300834596157074
image_11710,0.29344016313552856
image_11711,0.4485745429992676
image_11712,0.2596230208873749
image_11713,0.20765545964241028
image_11714,0.06441066414117813
image_11715,0.1397218257188797
image_11716,0.3165035545825958
image_11717,0.21512162685394287
image_11718,0.07111630588769913
image_11719,0.22269265353679657
image_1172,0.2785516381263733
image_11720,0.7601701617240906
image_11721,0.1640983372926712
image_11722,0.21507211029529572
image_11723,0.6367315649986267
image_11724,0.16103075444698334
image_11725,0.4899803102016449
image_11726,0.10204066336154938
image_11727,0.11505081504583359
image_11728,0.07745563983917236
image_11729,0.17777031660079956
image_1173,0.2041584551334381
image_11730,0.750659167766571
image_11731,0.14423273503780365
image_11732,0.11720569431781769
image_11733,0.5481376647949219
image_11734,0.4070301949977875
image_11735,0.26527348160743713
image_11736,0.19839394092559814
image_11737,0.5600271821022034
image_11738,0.6784685254096985
image_11739,0.19143332540988922
image_1174,0.19614440202713013
image_11740,0.12658865749835968
image_11741,0.1759236603975296
image_11742,0.07000534981489182
image_11743,0.1570296585559845
image_11744,0.14269135892391205
image_11745,0.5447470545768738
image_11746,0.14320313930511475
image_11747,0.3797808587551117
image_11748,0.18421605229377747
image_11749,0.41751834750175476
image_1175,0.2037823647260666
image_11750,0.19556236267089844
image_11751,0.11043518781661987
image_11752,0.14469411969184875
image_11753,0.29897257685661316
image_11754,0.5012585520744324
image_11755,0.23641811311244965
image_11756,0.21804581582546234
image_11757,0.05958462506532669
image_11758,0.34138545393943787
image_11759,0.6247352957725525
image_1176,0.2551259696483612
image_11760,0.5747206211090088
image_11761,0.4346802234649658
image_11762,0.31893131136894226
image_11763,0.036545973271131516
image_11764,0.2905368506908417
image_11765,0.5630143284797668
image_11766,0.34455615282058716
image_11767,0.11960263550281525
image_11768,0.15621429681777954
image_11769,0.1867051124572754
image_1177,0.016321823000907898
image_11770,0.2870977818965912
image_11771,0.16667525470256805
image_11772,0.11199786514043808
image_11773,0.2708736062049866
image_11774,0.39726707339286804
image_11775,0.6533746123313904
image_11776,0.5303515791893005
image_11777,0.5706554651260376
image_11778,0.1378238946199417
image_11779,0.1222381740808487
image_1178,0.1520485132932663
image_11780,0.228694349527359
image_11781,0.13776783645153046
image_11782,0.16344110667705536
image_11783,0.08197236806154251
image_11784,0.029031073674559593
image_11785,0.016610553488135338
image_11786,0.11449673026800156
image_11787,0.16195212304592133
image_11788,0.41095733642578125
image_11789,0.21346330642700195
image_1179,0.2744137942790985
image_11790,0.1710483878850937
image_11791,0.07546849548816681
image_11792,0.27011680603027344
image_11793,0.08124960958957672
image_11794,0.2795051038265228
image_11795,0.2629886865615845
image_11796,0.4094252288341522
image_11797,0.12935781478881836
image_11798,0.07561875134706497
image_11799,0.24222493171691895
image_118,0.4174668490886688
image_1180,0.08181563764810562
image_11800,0.6459874510765076
image_11801,0.05548252537846565
image_11802,0.3030623495578766
image_11803,0.171212837100029
image_11804,0.17736868560314178
image_11805,0.21533448994159698
image_11806,0.8824633955955505
image_11807,0.12584231793880463
image_11808,0.08859234303236008
image_11809,0.18944020569324493
image_1181,0.19023528695106506
image_11810,0.2569832503795624
image_11811,0.07648787647485733
image_11812,0.1045861765742302
image_11813,0.2254876345396042
image_11814,0.45825740694999695
image_11815,0.5528915524482727
image_11816,0.3221707046031952
image_11817,0.5365021824836731
image_11818,0.0602279007434845
image_11819,0.36654239892959595
image_1182,0.004590052645653486
image_11820,0.14569318294525146
image_11821,0.20655441284179688
image_11822,0.15636210143566132
image_11823,0.6813389658927917
image_11824,0.11195407062768936
image_11825,0.13558781147003174
image_11826,0.45972490310668945
image_11827,0.20000672340393066
image_11828,0.08534377813339233
image_11829,0.16905950009822845
image_1183,0.253690242767334
image_11830,0.044618871062994
image_11831,0.19500789046287537
image_11832,0.1316654533147812
image_11833,0.19778625667095184
image_11834,0.26400086283683777
image_11835,0.28374576568603516
image_11836,0.06389673054218292
image_11837,0.27487385272979736
image_11838,0.34593984484672546
image_11839,0.09903078526258469
image_1184,0.8688535094261169
image_11840,0.5581890940666199
image_11841,0.4986850917339325
image_11842,0.1761985719203949
image_11843,0.16527482867240906
image_11844,0.1481175720691681
image_11845,0.36407890915870667
image_11846,0.3237794041633606
image_11847,0.11782224476337433
image_11848,0.08140834420919418
image_11849,0.13128045201301575
image_1185,0.29424142837524414
image_11850,0.3133160173892975
image_11851,0.15256547927856445
image_11852,0.10397316515445709
image_11853,0.15199308097362518
image_11854,0.14106610417366028
image_11855,0.4228537678718567
image_11856,0.30822280049324036
image_11857,0.3557247221469879
image_11858,0.5364404320716858
image_11859,0.5427167415618896
image_1186,0.09588389098644257
image_11860,0.26347818970680237
image_11861,0.20165760815143585
image_11862,0.29690274596214294
image_11863,0.6941049695014954
image_11864,0.10293779522180557
image_11865,0.1793994903564453
image_11866,0.0862736701965332
image_11867,0.5684086680412292
image_11868,0.8787966966629028
image_11869,0.33733266592025757
image_1187,0.111813984811306
image_11870,0.284824937582016
image_11871,0.2269446849822998
image_11872,0.19907204806804657
image_11873,0.26446422934532166
image_11874,0.11221690475940704
image_11875,0.24669790267944336
image_11876,0.06544338911771774
image_11877,0.1940937340259552
image_11878,0.25039705634117126
image_11879,0.11278360337018967
image_1188,0.12139628082513809
image_11880,0.3012082278728485
image_11881,0.15051518380641937
image_11882,0.22696779668331146
image_11883,0.2101002186536789
image_11884,0.14407192170619965
image_11885,0.03427960351109505
image_11886,0.10277336090803146
image_11887,0.10755522549152374
image_11888,0.06165267154574394
image_11889,0.6585087180137634
image_1189,0.22432222962379456
image_11890,0.25530895590782166
image_11891,0.08300574868917465
image_11892,0.49636468291282654
image_11893,0.025177765637636185
image_11894,0.4651471674442291
image_11895,0.07649315148591995
image_11896,0.1402614414691925
image_11897,0.41745615005493164
image_11898,0.18546117842197418
image_11899,0.1074085459113121
image_119,0.5094082951545715
image_1190,0.2101036161184311
image_11900,0.2776528298854828
image_11901,0.2009708434343338
image_11902,0.1198708564043045
image_11903,0.09315536171197891
image_11904,0.2530638873577118
image_11905,0.25427699089050293
image_11906,0.30448493361473083
image_11907,0.39927923679351807
image_11908,0.27208393812179565
image_11909,0.8146915435791016
image_1191,0.1968914121389389
image_11910,0.13995479047298431
image_11911,0.12077974528074265
image_11912,0.8661041259765625
image_11913,0.28861990571022034
image_11914,0.09735535085201263
image_11915,0.7655033469200134
image_11916,0.14940211176872253
image_11917,0.2305104285478592
image_11918,0.17367897927761078
image_11919,0.4178984761238098
image_1192,0.5856539607048035
image_11920,0.7015957236289978
image_11921,0.1385469287633896
image_11922,0.18338368833065033
image_11923,0.15170918405056
image_11924,0.11750639975070953
image_11925,0.18081633746623993
image_11926,0.2716864347457886
image_11927,0.3301973044872284
image_11928,0.28690430521965027
image_11929,0.3198431432247162
image_1193,0.38254231214523315
image_11930,0.2878166735172272
image_11931,0.12449252605438232
image_11932,0.06006883457303047
image_11933,0.11889709532260895
image_11934,0.15666408836841583
image_11935,0.49096232652664185
image_11936,0.09890464693307877
image_11937,0.314354807138443
image_11938,0.20481179654598236
image_11939,0.48386964201927185
image_1194,0.1425018012523651
image_11940,0.8106451034545898
image_11941,0.26707586646080017
image_11942,0.21121425926685333
image_11943,0.06202063709497452
image_11944,0.16360735893249512
image_11945,0.06794505566358566
image_11946,0.6475174427032471
image_11947,0.17759564518928528
image_11948,0.3001123368740082
image_11949,0.07667308300733566
image_1195,0.1394600123167038
image_11950,0.21820545196533203
image_11951,0.8853049278259277
image_11952,0.1510971188545227
image_11953,0.17575669288635254
image_11954,0.2488713562488556
image_11955,0.3112528920173645
image_11956,0.05844917893409729
image_11957,0.02838279865682125
image_11958,0.14653150737285614
image_11959,0.21756601333618164
image_1196,0.23592975735664368
image_11960,0.33358034491539
image_11961,0.10048218071460724
image_11962,0.1394101232290268
image_11963,0.07767846435308456
image_11964,0.07355375587940216
image_11965,0.16619539260864258
image_11966,0.7734427452087402
image_11967,0.08190441131591797
image_11968,0.17285814881324768
image_11969,0.17807164788246155
image_1197,0.1748999059200287
image_11970,0.04855155572295189
image_11971,0.36316707730293274
image_11972,0.08883683383464813
image_11973,0.3631729185581207
image_11974,0.3127593696117401
image_11975,0.6416452527046204
image_11976,0.26875749230384827
image_11977,0.7276242971420288
image_11978,0.04799754172563553
image_11979,0.16579285264015198
image_1198,0.6503007411956787
image_11980,0.7804297804832458
image_11981,0.029848743230104446
image_11982,0.26107025146484375
image_11983,0.22940225899219513
image_11984,0.3188140392303467
image_11985,0.2419966757297516
image_11986,0.14186176657676697
image_11987,0.27477726340293884
image_11988,0.37116339802742004
image_11989,0.15046177804470062
image_1199,0.34189197421073914
image_11990,0.1477908343076706
image_11991,0.15955781936645508
image_11992,0.2395239621400833
image_11993,0.38179871439933777
image_11994,0.6172656416893005
image_11995,0.13027332723140717
image_11996,0.3202236592769623
image_11997,0.07264261692762375
image_11998,0.1934436708688736
image_11999,0.24264688789844513
image_12,0.15734227001667023
image_120,0.30372074246406555
image_1200,0.07447806745767593
image_12000,0.10741739720106125
image_12001,0.6188490986824036
image_12002,0.10366757214069366
image_12003,0.19845479726791382
image_12004,0.2176320105791092
image_12005,0.07895833253860474
image_12006,0.22882483899593353
image_12007,0.21599578857421875
image_12008,0.3861328363418579
image_12009,0.553489089012146
image_1201,0.055117081850767136
image_12010,0.12337491661310196
image_12011,0.23893919587135315
image_12012,0.22307248413562775
image_12013,0.23772402107715607
image_12014,0.591522216796875
image_12015,0.29707953333854675
image_12016,0.5423757433891296
image_12017,0.3233322501182556
image_12018,0.7565212249755859
image_12019,0.27336791157722473
image_1202,0.20442023873329163
image_12020,0.0654887706041336
image_12021,0.36472129821777344
image_12022,0.14772067964076996
image_12023,0.2924799621105194
image_12024,0.5636395812034607
image_12025,0.3425545394420624
image_12026,0.10725376754999161
image_12027,0.06722245365381241
image_12028,0.20563292503356934
image_12029,0.12741698324680328
image_1203,0.08324464410543442
image_12030,0.04285939037799835
image_12031,0.1620076298713684
image_12032,0.11821335554122925
image_12033,0.1876189112663269
image_12034,0.4606165587902069
image_12035,0.13054220378398895
image_12036,0.27273425459861755
image_12037,0.20538866519927979
image_12038,0.14560647308826447
image_12039,0.02043127454817295
image_1204,0.771373450756073
image_12040,0.10483910888433456
image_12041,0.1787574291229248
image_12042,0.1767728328704834
image_12043,0.17777712643146515
image_12044,0.14422832429409027
image_12045,0.07222036272287369
image_12046,0.13884761929512024
image_12047,0.1172718033194542
image_12048,0.33700835704803467
image_12049,0.3398512899875641
image_1205,0.1977626383304596
image_12050,0.08688990026712418
image_12051,0.11675657331943512
image_12052,0.06865567713975906
image_12053,0.1930425763130188
image_12054,0.06372777372598648
image_12055,0.2528512477874756
image_12056,0.07336010038852692
image_12057,0.2592686712741852
image_12058,0.07550173997879028
image_12059,0.09962595999240875
image_1206,0.05983307957649231
image_12060,0.8100231289863586
image_12061,0.1641683429479599
image_12062,0.20700111985206604
image_12063,0.11514375358819962
image_12064,0.3161855638027191
image_12065,0.34461838006973267
image_12066,0.4266192615032196
image_12067,0.5465893745422363
image_12068,0.41277170181274414
image_12069,0.05595312640070915
image_1207,0.1924123764038086
image_12070,0.49418407678604126
image_12071,0.07437792420387268
image_12072,0.14477108418941498
image_12073,0.03611357510089874
image_12074,0.28862977027893066
image_12075,0.2439439743757248
image_12076,0.22497402131557465
image_12077,0.05165528133511543
image_12078,0.795720100402832
image_12079,0.06169715151190758
image_1208,0.2567339539527893
image_12080,0.2353777438402176
image_12081,0.1644555628299713
image_12082,0.43302568793296814
image_12083,0.081684410572052
image_12084,0.08874008804559708
image_12085,0.0942709818482399
image_12086,0.6252753138542175
image_12087,0.20851774513721466
image_12088,0.2603112757205963
image_12089,0.23322823643684387
image_1209,0.15112042427062988
image_12090,0.020041365176439285
image_12091,0.038038432598114014
image_12092,0.17094506323337555
image_12093,0.1863965541124344
image_12094,0.23362350463867188
image_12095,0.1907510757446289
image_12096,0.12893451750278473
image_12097,0.3302821218967438
image_12098,0.2636098563671112
image_12099,0.14251527190208435
image_121,0.5996477603912354
image_1210,0.2699927091598511
image_12100,0.3556443154811859
image_12101,0.3889210820198059
image_12102,0.1408364623785019
image_12103,0.06573746353387833
image_12104,0.23164132237434387
image_12105,0.049471013247966766
image_12106,0.1418607085943222
image_12107,0.18085519969463348
image_12108,0.6409189105033875
image_12109,0.1206900104880333
image_1211,0.5369146466255188
image_12110,0.18448522686958313
image_12111,0.16161206364631653
image_12112,0.2278434783220291
image_12113,0.8480810523033142
image_12114,0.4574640691280365
image_12115,0.1375473588705063
image_12116,0.198011115193367
image_12117,0.11627285927534103
image_12118,0.38767728209495544
image_12119,0.509387195110321
image_1212,0.5558099746704102
image_12120,0.3869730234146118
image_12121,0.27253785729408264
image_12122,0.1441923826932907
image_12123,0.18204958736896515
image_12124,0.0664958581328392
image_12125,0.056381892412900925
image_12126,0.2707678973674774
image_12127,0.22917647659778595
image_12128,0.3209420442581177
image_12129,0.17671214044094086
image_1213,0.10834641754627228
image_12130,0.3662079870700836
image_12131,0.03386388346552849
image_12132,0.08990632742643356
image_12133,0.5385808348655701
image_12134,0.08452348411083221
image_12135,0.06364770233631134
image_12136,0.2504177689552307
image_12137,0.5461963415145874
image_12138,0.6714542508125305
image_12139,0.8228965997695923
image_1214,0.04063485190272331
image_12140,0.3175275921821594
image_12141,0.6226285099983215
image_12142,0.18595963716506958
image_12143,0.06360749155282974
image_12144,0.06660757213830948
image_12145,0.13045500218868256
image_12146,0.3026151955127716
image_12147,0.264818400144577
image_12148,0.19360899925231934
image_12149,0.3045656979084015
image_1215,0.19030360877513885
image_12150,0.1959836333990097
image_12151,0.12766067683696747
image_12152,0.5206508636474609
image_12153,0.24836726486682892
image_12154,0.13126114010810852
image_12155,0.179166778922081
image_12156,0.18760845065116882
image_12157,0.2009185552597046
image_12158,0.17750921845436096
image_12159,0.1762866973876953
image_1216,0.5686578750610352
image_12160,0.7127561569213867
image_12161,0.1344379037618637
image_12162,0.49825072288513184
image_12163,0.20150069892406464
image_12164,0.32522884011268616
image_12165,0.23409095406532288
image_12166,0.3185502588748932
image_12167,0.2530304789543152
image_12168,0.1169823631644249
image_12169,0.6617299318313599
image_1217,0.09499984234571457
image_12170,0.14043842256069183
image_12171,0.29163604974746704
image_12172,0.24673376977443695
image_12173,0.13105738162994385
image_12174,0.516969621181488
image_12175,0.24667969346046448
image_12176,0.15174254775047302
image_12177,0.2267146110534668
image_12178,0.13860122859477997
image_12179,0.10690908879041672
image_1218,0.489933580160141
image_12180,0.38886526226997375
image_12181,0.2787523865699768
image_12182,0.14934945106506348
image_12183,0.1038018986582756
image_12184,0.13832533359527588
image_12185,0.2189592868089676
image_12186,0.15885566174983978
image_12187,0.7192435264587402
image_12188,0.15430158376693726
image_12189,0.34893593192100525
image_1219,0.09746646136045456
image_12190,0.03465846925973892
image_12191,0.13750772178173065
image_12192,0.05718453601002693
image_12193,0.4677204191684723
image_12194,0.20323339104652405
image_12195,0.38208040595054626
image_12196,0.3344348967075348
image_12197,0.5782540440559387
image_12198,0.199921116232872
image_12199,0.11364920437335968
image_122,0.375296413898468
image_1220,0.14010405540466309
image_12200,0.08657635748386383
image_12201,0.21426843106746674
image_12202,0.34540221095085144
image_12203,0.16143004596233368
image_12204,0.3175663650035858
image_12205,0.12135026603937149
image_12206,0.06534208357334137
image_12207,0.08211302012205124
image_12208,0.3094819486141205
image_12209,0.1481212079524994
image_1221,0.35010871291160583
image_12210,0.24326936900615692
image_12211,0.6897880434989929
image_12212,0.1492891162633896
image_12213,0.08242123574018478
image_12214,0.1846979707479477
image_12215,0.09858573228120804
image_12216,0.1650547832250595
image_12217,0.07153475284576416
image_12218,0.1097455769777298
image_12219,0.30069300532341003
image_1222,0.09949519485235214
image_12220,0.4045960605144501
image_12221,0.5029204487800598
image_12222,0.188700869679451
image_12223,0.17020775377750397
image_12224,0.304171621799469
image_12225,0.08205477893352509
image_12226,0.18097423017024994
image_12227,0.27096763253211975
image_12228,0.11789386719465256
image_12229,0.23106877505779266
image_1223,0.07558288425207138
image_12230,0.1632857620716095
image_12231,0.19065621495246887
image_12232,0.22730198502540588
image_12233,0.02628133073449135
image_12234,0.09843351691961288
image_12235,0.09604378789663315
image_12236,0.15469612181186676
image_12237,0.07948294281959534
image_12238,0.1784672737121582
image_12239,0.09780388325452805
image_1224,0.3432691693305969
image_12240,0.08105724304914474
image_12241,0.31081119179725647
image_12242,0.18911240994930267
image_12243,0.15369223058223724
image_12244,0.21654687821865082
image_12245,0.1983298361301422
image_12246,0.3534817695617676
image_12247,0.6137282252311707
image_12248,0.32515478134155273
image_12249,0.47919225692749023
image_1225,0.190739244222641
image_12250,0.4336119592189789
image_12251,0.3822021186351776
image_12252,0.10250890254974365
image_12253,0.08582660555839539
image_12254,0.11726240068674088
image_12255,0.268357515335083
image_12256,0.15081219375133514
image_12257,0.11733689159154892
image_12258,0.6950597763061523
image_12259,0.16305971145629883
image_1226,0.1515059471130371
image_12260,0.13288907706737518
image_12261,0.3201023042201996
image_12262,0.09259051084518433
image_12263,0.1838342547416687
image_12264,0.1547209471464157
image_12265,0.4186423420906067
image_12266,0.2127505987882614
image_12267,0.5265378952026367
image_12268,0.111639104783535
image_12269,0.2291194498538971
image_1227,0.23824790120124817
image_12270,0.12555639445781708
image_12271,0.6730892062187195
image_12272,0.4306139051914215
image_12273,0.13777850568294525
image_12274,0.03535007685422897
image_12275,0.19411113858222961
image_12276,0.3914080262184143
image_12277,0.3782922327518463
image_12278,0.2491254359483719
image_12279,0.3738744556903839
image_1228,0.5566584467887878
image_12280,0.132621631026268
image_12281,0.45614489912986755
image_12282,0.32302409410476685
image_12283,0.19312499463558197
image_12284,0.13798604905605316
image_12285,0.20227670669555664
image_12286,0.04989471286535263
image_12287,0.22233577072620392
image_12288,0.051494430750608444
image_12289,0.19064469635486603
image_1229,0.45286402106285095
image_12290,0.05526226758956909
image_12291,0.07222694158554077
image_12292,0.5177716612815857
image_12293,0.4633616507053375
image_12294,0.561801016330719
image_12295,0.04677596315741539
image_12296,0.3064568042755127
image_12297,0.16300740838050842
image_12298,0.3355296552181244
image_12299,0.08461033552885056
image_123,0.09829079359769821
image_1230,0.09332358092069626
image_12300,0.405659019947052
image_12301,0.34790822863578796
image_12302,0.30558905005455017
image_12303,0.08488079905509949
image_12304,0.5349541902542114
image_12305,0.2120516300201416
image_12306,0.21360306441783905
image_12307,0.4068809449672699
image_12308,0.19231794774532318
image_12309,0.21003127098083496
image_1231,0.31815481185913086
image_12310,0.37790343165397644
image_12311,0.07811342179775238
image_12312,0.12360667437314987
image_12313,0.05959880352020264
image_12314,0.699219822883606
image_12315,0.23866598308086395
image_12316,0.27516740560531616
image_12317,0.19872866570949554
image_12318,0.08791101723909378
image_12319,0.13375209271907806
image_1232,0.306943416595459
image_12320,0.2761180102825165
image_12321,0.5791229605674744
image_12322,0.16137968003749847
image_12323,0.09132851660251617
image_12324,0.10665946453809738
image_12325,0.4683611989021301
image_12326,0.32440754771232605
image_12327,0.6072850227355957
image_12328,0.4436804950237274
image_12329,0.15921974182128906
image_1233,0.28169867396354675
image_12330,0.22285862267017365
image_12331,0.47278833389282227
image_12332,0.06880085915327072
image_12333,0.320538192987442
image_12334,0.1527843028306961
image_12335,0.6198288202285767
image_12336,0.5767483115196228
image_12337,0.1741955429315567
image_12338,0.629723072052002
image_12339,0.11497753858566284
image_1234,0.20017068088054657
image_12340,0.17622417211532593
image_12341,0.17449963092803955
image_12342,0.05570641905069351
image_12343,0.1823655217885971
image_12344,0.24752609431743622
image_12345,0.17742328345775604
image_12346,0.1717575639486313
image_12347,0.05188658460974693
image_12348,0.08535665273666382
image_12349,0.576309859752655
image_1235,0.16977094113826752
image_12350,0.1475616991519928
image_12351,0.15244679152965546
image_12352,0.6651189923286438
image_12353,0.08330827206373215
image_12354,0.1714373677968979
image_12355,0.16775594651699066
image_12356,0.4393882751464844
image_12357,0.09072168171405792
image_12358,0.3096899390220642
image_12359,0.411497563123703
image_1236,0.6496065855026245
image_12360,0.1906478852033615
image_12361,0.2741141617298126
image_12362,0.3286076486110687
image_12363,0.16278564929962158
image_12364,0.1200626865029335
image_12365,0.3726160228252411
image_12366,0.17172472178936005
image_12367,0.09547477215528488
image_12368,0.5569915175437927
image_12369,0.09335076063871384
image_1237,0.11113307625055313
image_12370,0.13752496242523193
image_12371,0.10992230474948883
image_12372,0.3129521906375885
image_12373,0.16469871997833252
image_12374,0.1860581636428833
image_12375,0.4059692323207855
image_12376,0.3303091526031494
image_12377,0.26049694418907166
image_12378,0.24897873401641846
image_12379,0.246059849858284
image_1238,0.07404071092605591
image_12380,0.595087468624115
image_12381,0.2588061988353729
image_12382,0.028009677305817604
image_12383,0.12543697655200958
image_12384,0.038103003054857254
image_12385,0.28862544894218445
image_12386,0.15040481090545654
image_12387,0.12272254377603531
image_12388,0.07996483147144318
image_12389,0.16541652381420135
image_1239,0.13909366726875305
image_12390,0.40448346734046936
image_12391,0.5007266998291016
image_12392,0.06372257322072983
image_12393,0.16234616935253143
image_12394,0.13483364880084991
image_12395,0.39499613642692566
image_12396,0.4836505055427551
image_12397,0.6453098654747009
image_12398,0.15942619740962982
image_12399,0.13769416511058807
image_124,0.3019239604473114
image_1240,0.3939254879951477
image_12400,0.7054373621940613
image_12401,0.11918947845697403
image_12402,0.10142319649457932
image_12403,0.16882722079753876
image_12404,0.130197212100029
image_12405,0.14458906650543213
image_12406,0.8416358828544617
image_12407,0.32658320665359497
image_12408,0.09009899944067001
image_12409,0.2106235772371292
image_1241,0.22457294166088104
image_12410,0.14269864559173584
image_12411,0.20779085159301758
image_12412,0.05270298942923546
image_12413,0.16870908439159393
image_12414,0.20977310836315155
image_12415,0.29054972529411316
image_12416,0.19067862629890442
image_12417,0.1676613688468933
image_12418,0.5569297671318054
image_12419,0.09887729585170746
image_1242,0.6892020106315613
image_12420,0.15867085754871368
image_12421,0.39362725615501404
image_12422,0.09229002147912979
image_12423,0.38513311743736267
image_12424,0.5114243626594543
image_12425,0.06932941824197769
image_12426,0.20099151134490967
image_12427,0.12802644073963165
image_12428,0.12845265865325928
image_12429,0.30117082595825195
image_1243,0.6343297958374023
image_12430,0.0777914896607399
image_12431,0.1778673231601715
image_12432,0.13806819915771484
image_12433,0.4427369236946106
image_12434,0.22169123589992523
image_12435,0.05962173268198967
image_12436,0.42431631684303284
image_12437,0.22019639611244202
image_12438,0.18478387594223022
image_12439,0.1892261952161789
image_1244,0.6015062928199768
image_12440,0.6508203744888306
image_12441,0.08568666130304337
image_12442,0.1649935245513916
image_12443,0.2344398945569992
image_12444,0.19873343408107758
image_12445,0.2866162955760956
image_12446,0.2936439514160156
image_12447,0.6358364224433899
image_12448,0.12252997606992722
image_12449,0.7056551575660706
image_1245,0.18694928288459778
image_12450,0.31767362356185913
image_12451,0.8538219332695007
image_12452,0.19250981509685516
image_12453,0.24877651035785675
image_12454,0.06822966039180756
image_12455,0.2609441876411438
image_12456,0.5947877764701843
image_12457,0.12042679637670517
image_12458,0.7383372187614441
image_12459,0.05933818966150284
image_1246,0.07002528011798859
image_12460,0.25146350264549255
image_12461,0.18163460493087769
image_12462,0.6244398355484009
image_12463,0.014153814874589443
image_12464,0.17778649926185608
image_12465,0.3290458619594574
image_12466,0.336148738861084
image_12467,0.24205242097377777
image_12468,0.1129814013838768
image_12469,0.5045979619026184
image_1247,0.4932054579257965
image_12470,0.1103699803352356
image_12471,0.12680502235889435
image_12472,0.484896183013916
image_12473,0.691514790058136
image_12474,0.19214577972888947
image_12475,0.10635610669851303
image_12476,0.09514790028333664
image_12477,0.8629274368286133
image_12478,0.15195398032665253
image_12479,0.3390742838382721
image_1248,0.13778264820575714
image_12480,0.2645472288131714
image_12481,0.4115920066833496
image_12482,0.14331158995628357
image_12483,0.09639739245176315
image_12484,0.0757124274969101
image_12485,0.2591184079647064
image_12486,0.3055036962032318
image_12487,0.45370402932167053
image_12488,0.19624491035938263
image_12489,0.10004756599664688
image_1249,0.3930306136608124
image_12490,0.7832751274108887
image_12491,0.07301437109708786
image_12492,0.8118303418159485
image_12493,0.5412194132804871
image_12494,0.07607364654541016
image_12495,0.19481423497200012
image_12496,0.06298361718654633
image_12497,0.2757248282432556
image_12498,0.04429122060537338
image_12499,0.1434810608625412
image_125,0.6792933344841003
image_1250,0.42355290055274963
image_12500,0.46361038088798523
image_12501,0.31017014384269714
image_12502,0.23683194816112518
image_12503,0.06606610864400864
image_12504,0.3466316759586334
image_12505,0.03599061444401741
image_12506,0.5275619029998779
image_12507,0.1401137411594391
image_12508,0.04383222386240959
image_12509,0.15544743835926056
image_1251,0.19294483959674835
image_12510,0.17442576587200165
image_12511,0.23491314053535461
image_12512,0.2066883146762848
image_12513,0.1140592098236084
image_12514,0.15987880527973175
image_12515,0.30666667222976685
image_12516,0.14225101470947266
image_12517,0.38887548446655273
image_12518,0.6290186047554016
image_12519,0.2532815635204315
image_1252,0.20602145791053772
image_12520,0.1796315610408783
image_12521,0.37918439507484436
image_12522,0.23709993064403534
image_12523,0.5674169659614563
image_12524,0.03678595647215843
image_12525,0.13512980937957764
image_12526,0.5025187730789185
image_12527,0.1835230439901352
image_12528,0.6020289659500122
image_12529,0.1452091634273529
image_1253,0.13177727162837982
image_12530,0.09204073995351791
image_12531,0.22285060584545135
image_12532,0.021768620237708092
image_12533,0.3799036741256714
image_12534,0.19738219678401947
image_12535,0.18569691479206085
image_12536,0.16931705176830292
image_12537,0.15475459396839142
image_12538,0.6001893877983093
image_12539,0.08504345268011093
image_1254,0.1783679723739624
image_12540,0.028093455359339714
image_12541,0.031673599034547806
image_12542,0.11175277084112167
image_12543,0.22059266269207
image_12544,0.07915442436933517
image_12545,0.17452481389045715
image_12546,0.2861710488796234
image_12547,0.2393021136522293
image_12548,0.10490577667951584
image_12549,0.21503983438014984
image_1255,0.07942886650562286
image_12550,0.18935739994049072
image_12551,0.1365739405155182
image_12552,0.5109692811965942
image_12553,0.10848688334226608
image_12554,0.07879426330327988
image_12555,0.1657343953847885
image_12556,0.06955577433109283
image_12557,0.13018803298473358
image_12558,0.10182520002126694
image_12559,0.29016387462615967
image_1256,0.5461404323577881
image_12560,0.2323908656835556
image_12561,0.2031296342611313
image_12562,0.04079258069396019
image_12563,0.12163656204938889
image_12564,0.18978379666805267
image_12565,0.09886197000741959
image_12566,0.7218648791313171
image_12567,0.7703650593757629
image_12568,0.4647369384765625
image_12569,0.07379922270774841
image_1257,0.10327515751123428
image_12570,0.4691827893257141
image_12571,0.26079675555229187
image_12572,0.20428171753883362
image_12573,0.0360102504491806
image_12574,0.043240200728178024
image_12575,0.12446055561304092
image_12576,0.0790485218167305
image_12577,0.23165173828601837
image_12578,0.09059920161962509
image_12579,0.421596497297287
image_1258,0.5746096968650818
image_12580,0.05443131551146507
image_12581,0.05866429954767227
image_12582,0.362011194229126
image_12583,0.23305563628673553
image_12584,0.16558630764484406
image_12585,0.5306126475334167
image_12586,0.2754720151424408
image_12587,0.1550024002790451
image_12588,0.29412341117858887
image_12589,0.19056549668312073
image_1259,0.24382983148097992
image_12590,0.11705610901117325
image_12591,0.2024139016866684
image_12592,0.14537301659584045
image_12593,0.29837313294410706
image_12594,0.13041606545448303
image_12595,0.13030219078063965
image_12596,0.7852010726928711
image_12597,0.19984440505504608
image_12598,0.0760311484336853
image_12599,0.3315509855747223
image_126,0.1831737458705902
image_1260,0.28462401032447815
image_12600,0.09719643741846085
image_12601,0.28768450021743774
image_12602,0.31899651885032654
image_12603,0.12409283965826035
image_12604,0.1576768308877945
image_12605,0.15644510090351105
image_12606,0.07819057255983353
image_12607,0.18477244675159454
image_12608,0.20312879979610443
image_12609,0.07817840576171875
image_1261,0.04726710915565491
image_12610,0.10709549486637115
image_12611,0.2667866349220276
image_12612,0.033621400594711304
image_12613,0.10128190368413925
image_12614,0.1936163455247879
image_12615,0.4877072274684906
image_12616,0.8188531994819641
image_12617,0.1242121234536171
image_12618,0.2490314245223999
image_12619,0.32152485847473145
image_1262,0.1816980391740799
image_12620,0.27511724829673767
image_12621,0.42983078956604004
image_12622,0.6587962508201599
image_12623,0.1223921924829483
image_12624,0.0919051319360733
image_12625,0.2875402569770813
image_12626,0.16802024841308594
image_12627,0.11336107552051544
image_12628,0.8280180096626282
image_12629,0.12367985397577286
image_1263,0.05070704221725464
image_12630,0.7389816641807556
image_12631,0.14224672317504883
image_12632,0.21876798570156097
image_12633,0.07218819111585617
image_12634,0.29756054282188416
image_12635,0.11480386555194855
image_12636,0.23654483258724213
image_12637,0.4039649963378906
image_12638,0.17413343489170074
image_12639,0.13325582444667816
image_1264,0.0768919587135315
image_12640,0.18757924437522888
image_12641,0.20587597787380219
image_12642,0.0968601331114769
image_12643,0.34987565875053406
image_12644,0.11751542240381241
image_12645,0.1504388302564621
image_12646,0.23290562629699707
image_12647,0.40638357400894165
image_12648,0.4772511422634125
image_12649,0.33567503094673157
image_1265,0.47349032759666443
image_12650,0.14182905852794647
image_12651,0.01891559734940529
image_12652,0.3453538715839386
image_12653,0.15639634430408478
image_12654,0.1495237797498703
image_12655,0.14654259383678436
image_12656,0.13518844544887543
image_12657,0.6996831893920898
image_12658,0.14039766788482666
image_12659,0.3200795352458954
image_1266,0.13906729221343994
image_12660,0.10773538798093796
image_12661,0.2982786297798157
image_12662,0.2675575017929077
image_12663,0.15664993226528168
image_12664,0.4547646641731262
image_12665,0.2425166368484497
image_12666,0.6420074701309204
image_12667,0.5977830290794373
image_12668,0.234186053276062
image_12669,0.332154780626297
image_1267,0.5322621464729309
image_12670,0.8391925692558289
image_12671,0.2600960433483124
image_12672,0.25536251068115234
image_12673,0.5971894860267639
image_12674,0.046010080724954605
image_12675,0.6836125254631042
image_12676,0.09665928781032562
image_12677,0.29078683257102966
image_12678,0.04238533228635788
image_12679,0.22254180908203125
image_1268,0.1108861193060875
image_12680,0.5570482611656189
image_12681,0.2308502197265625
image_12682,0.3520493805408478
image_12683,0.15145312249660492
image_12684,0.06217053532600403
image_12685,0.16765736043453217
image_12686,0.05799221992492676
image_12687,0.17453260719776154
image_12688,0.11634387820959091
image_12689,0.4755571782588959
image_1269,0.26168152689933777
image_12690,0.6900046467781067
image_12691,0.11642773449420929
image_12692,0.1852148026227951
image_12693,0.3429620862007141
image_12694,0.14049465954303741
image_12695,0.1471884846687317
image_12696,0.12975838780403137
image_12697,0.09800638258457184
image_12698,0.10083100944757462
image_12699,0.1268264204263687
image_127,0.1207633763551712
image_1270,0.08099397271871567
image_12700,0.415524959564209
image_12701,0.06681191921234131
image_12702,0.15418104827404022
image_12703,0.42624345421791077
image_12704,0.11525008827447891
image_12705,0.5119679570198059
image_12706,0.8494470715522766
image_12707,0.18904073536396027
image_12708,0.5441803932189941
image_12709,0.5413381457328796
image_1271,0.08428061008453369
image_12710,0.37070250511169434
image_12711,0.030775025486946106
image_12712,0.25881314277648926
image_12713,0.27265268564224243
image_12714,0.12102830410003662
image_12715,0.09474039822816849
image_12716,0.11112342029809952
image_12717,0.1440533995628357
image_12718,0.6760021448135376
image_12719,0.05876821279525757
image_1272,0.11954016983509064
image_12720,0.1960071623325348
image_12721,0.0731508880853653
image_12722,0.07844872772693634
image_12723,0.07982640713453293
image_12724,0.16001975536346436
image_12725,0.7468472123146057
image_12726,0.15036562085151672
image_12727,0.20159558951854706
image_12728,0.24730277061462402
image_12729,0.31133541464805603
image_1273,0.16736018657684326
image_12730,0.25339475274086
image_12731,0.12009340524673462
image_12732,0.11329586803913116
image_12733,0.06871959567070007
image_12734,0.12555494904518127
image_12735,0.26420748233795166
image_12736,0.3084279000759125
image_12737,0.1694413125514984
image_12738,0.20525331795215607
image_12739,0.5683293342590332
image_1274,0.12631933391094208
image_12740,0.2725461721420288
image_12741,0.09145751595497131
image_12742,0.32715439796447754
image_12743,0.1880197376012802
image_12744,0.22533731162548065
image_12745,0.14051581919193268
image_12746,0.4229404628276825
image_12747,0.27776503562927246
image_12748,0.5608317255973816
image_12749,0.04732836037874222
image_1275,0.5407490730285645
image_12750,0.17755527794361115
image_12751,0.2947208285331726
image_12752,0.08401407301425934
image_12753,0.7853161692619324
image_12754,0.43250247836112976
image_12755,0.30416351556777954
image_12756,0.2554660439491272
image_12757,0.21095283329486847
image_12758,0.1896151900291443
image_12759,0.11457397788763046
image_1276,0.2052854299545288
image_12760,0.29789265990257263
image_12761,0.21885298192501068
image_12762,0.07432086765766144
image_12763,0.2671460211277008
image_12764,0.18373972177505493
image_12765,0.11409298330545425
image_12766,0.5682849884033203
image_12767,0.08229299634695053
image_12768,0.03899746015667915
image_12769,0.7252992987632751
image_1277,0.12008853256702423
image_12770,0.09153159707784653
image_12771,0.32172688841819763
image_12772,0.1623326539993286
image_12773,0.2394871711730957
image_12774,0.16293954849243164
image_12775,0.31953614950180054
image_12776,0.07238395512104034
image_12777,0.17487891018390656
image_12778,0.6467389464378357
image_12779,0.2775602638721466
image_1278,0.048377763479948044
image_12780,0.2199479639530182
image_12781,0.25716423988342285
image_12782,0.31610608100891113
image_12783,0.09594567120075226
image_12784,0.19909162819385529
image_12785,0.6134223341941833
image_12786,0.4609251916408539
image_12787,0.12593576312065125
image_12788,0.4970621168613434
image_12789,0.19050399959087372
image_1279,0.7244178652763367
image_12790,0.5247618556022644
image_12791,0.1363932490348816
image_12792,0.15225832164287567
image_12793,0.14544644951820374
image_12794,0.18098095059394836
image_12795,0.14871831238269806
image_12796,0.1423577219247818
image_12797,0.20849433541297913
image_12798,0.10942103713750839
image_12799,0.514848530292511
image_128,0.24001041054725647
image_1280,0.5490919947624207
image_12800,0.30610784888267517
image_12801,0.20474417507648468
image_12802,0.11882679909467697
image_12803,0.5551201701164246
image_12804,0.532195508480072
image_12805,0.16639819741249084
image_12806,0.2244587391614914
image_12807,0.045357998460531235
image_12808,0.16667981445789337
image_12809,0.09474627673625946
image_1281,0.07023340463638306
image_12810,0.8649954199790955
image_12811,0.14694662392139435
image_12812,0.4543161988258362
image_12813,0.42471548914909363
image_12814,0.8344534039497375
image_12815,0.36883649230003357
image_12816,0.2056536227464676
image_12817,0.1338968575000763
image_12818,0.055467862635850906
image_12819,0.12035000324249268
image_1282,0.09720993787050247
image_12820,0.17403090000152588
image_12821,0.3378916382789612
image_12822,0.22124139964580536
image_12823,0.5242120027542114
image_12824,0.10983061790466309
image_12825,0.3352821171283722
image_12826,0.09393090009689331
image_12827,0.2778858542442322
image_12828,0.20732875168323517
image_12829,0.18077586591243744
image_1283,0.4980953335762024
image_12830,0.10915472358465195
image_12831,0.21406519412994385
image_12832,0.35945749282836914
image_12833,0.19277076423168182
image_12834,0.1148577481508255
image_12835,0.21340183913707733
image_12836,0.03596000745892525
image_12837,0.41279324889183044
image_12838,0.28399473428726196
image_12839,0.2685149312019348
image_1284,0.19565509259700775
image_12840,0.29326969385147095
image_12841,0.35818415880203247
image_12842,0.4410415291786194
image_12843,0.21889670193195343
image_12844,0.05400602146983147
image_12845,0.08788063377141953
image_12846,0.6029641032218933
image_12847,0.3226885497570038
image_12848,0.1400786191225052
image_12849,0.8501687049865723
image_1285,0.11358227580785751
image_12850,0.31925296783447266
image_12851,0.3671150803565979
image_12852,0.32076990604400635
image_12853,0.12649421393871307
image_12854,0.33190301060676575
image_12855,0.026350069791078568
image_12856,0.03715528920292854
image_12857,0.13696037232875824
image_12858,0.7119995951652527
image_12859,0.15492437779903412
image_1286,0.29429349303245544
image_12860,0.31150689721107483
image_12861,0.17775201797485352
image_12862,0.21537578105926514
image_12863,0.7124411463737488
image_12864,0.2816736698150635
image_12865,0.41785240173339844
image_12866,0.3975410461425781
image_12867,0.07164889574050903
image_12868,0.1882917732000351
image_12869,0.09629813581705093
image_1287,0.5799242854118347
image_12870,0.2925456166267395
image_12871,0.053678300231695175
image_12872,0.2286996692419052
image_12873,0.18022418022155762
image_12874,0.07631837576627731
image_12875,0.0663653016090393
image_12876,0.18139445781707764
image_12877,0.15693597495555878
image_12878,0.42930036783218384
image_12879,0.5657045245170593
image_1288,0.17523129284381866
image_12880,0.13365212082862854
image_12881,0.07322537153959274
image_12882,0.11669206619262695
image_12883,0.5192787647247314
image_12884,0.340413898229599
image_12885,0.14842115342617035
image_12886,0.4527192711830139
image_12887,0.12408828735351562
image_12888,0.14505897462368011
image_12889,0.0542701780796051
image_1289,0.07591148465871811
image_12890,0.22107689082622528
image_12891,0.7079663276672363
image_12892,0.40644845366477966
image_12893,0.1799008697271347
image_12894,0.288104772567749
image_12895,0.1124720349907875
image_12896,0.226054385304451
image_12897,0.04482689127326012
image_12898,0.4134269654750824
image_12899,0.07508905977010727
image_129,0.5142393112182617
image_1290,0.2891499400138855
image_12900,0.4400644898414612
image_12901,0.22084978222846985
image_12902,0.23912015557289124
image_12903,0.05875310301780701
image_12904,0.21552224457263947
image_12905,0.2268334925174713
image_12906,0.07298993319272995
image_12907,0.282449334859848
image_12908,0.07395776361227036
image_12909,0.16663621366024017
image_1291,0.16197016835212708
image_12910,0.2603543698787689
image_12911,0.10723691433668137
image_12912,0.7458715438842773
image_12913,0.0840311273932457
image_12914,0.6757737994194031
image_12915,0.5165643692016602
image_12916,0.06973856687545776
image_12917,0.22383499145507812
image_12918,0.2918437421321869
image_12919,0.15525875985622406
image_1292,0.09784065186977386
image_12920,0.5568367838859558
image_12921,0.20672428607940674
image_12922,0.2781596779823303
image_12923,0.1956254541873932
image_12924,0.3631487488746643
image_12925,0.3219970762729645
image_12926,0.29018446803092957
image_12927,0.05545885115861893
image_12928,0.17170731723308563
image_12929,0.4007675349712372
image_1293,0.47587910294532776
image_12930,0.14032061398029327
image_12931,0.12836216390132904
image_12932,0.35557231307029724
image_12933,0.2834584712982178
image_12934,0.12155909836292267
image_12935,0.2864809036254883
image_12936,0.04942414537072182
image_12937,0.1262642741203308
image_12938,0.09158419817686081
image_12939,0.32271939516067505
image_1294,0.5802327990531921
image_12940,0.18888147175312042
image_12941,0.058928586542606354
image_12942,0.2946559488773346
image_12943,0.2693585455417633
image_12944,0.25729629397392273
image_12945,0.08654295653104782
image_12946,0.042327627539634705
image_12947,0.04944305494427681
image_12948,0.4341997802257538
image_12949,0.05993146449327469
image_1295,0.8109437823295593
image_12950,0.2650822699069977
image_12951,0.16033580899238586
image_12952,0.28981104493141174
image_12953,0.14632391929626465
image_12954,0.08056944608688354
image_12955,0.15718474984169006
image_12956,0.06253116577863693
image_12957,0.1636577844619751
image_12958,0.16221384704113007
image_12959,0.18219368159770966
image_1296,0.13291892409324646
image_12960,0.1970796138048172
image_12961,0.03372170403599739
image_12962,0.10402262210845947
image_12963,0.26662951707839966
image_12964,0.2845100164413452
image_12965,0.28927716612815857
image_12966,0.19556637108325958
image_12967,0.12166795879602432
image_12968,0.8277565240859985
image_12969,0.09597506374120712
image_1297,0.09098934382200241
image_12970,0.06722988188266754
image_12971,0.15614667534828186
image_12972,0.6162638068199158
image_12973,0.08073185384273529
image_12974,0.08306541293859482
image_12975,0.09383134543895721
image_12976,0.18201704323291779
image_12977,0.3870220184326172
image_12978,0.070502869784832
image_12979,0.10068941116333008
image_1298,0.11558618396520615
image_12980,0.3801831901073456
image_12981,0.09258290380239487
image_12982,0.16861747205257416
image_12983,0.19655576348304749
image_12984,0.6576488018035889
image_12985,0.5360948443412781
image_12986,0.3361753821372986
image_12987,0.09368761628866196
image_12988,0.2673890292644501
image_12989,0.2880867123603821
image_1299,0.3064252436161041
image_12990,0.25138038396835327
image_12991,0.09357056766748428
image_12992,0.5583265423774719
image_12993,0.061305053532123566
image_12994,0.6000115275382996
image_12995,0.17024026811122894
image_12996,0.13033795356750488
image_12997,0.1790134608745575
image_12998,0.03625429421663284
image_12999,0.08993135392665863
image_13,0.17860057950019836
image_130,0.24822449684143066
image_1300,0.17402265965938568
image_13000,0.13062405586242676
image_13001,0.07457388192415237
image_13002,0.1216716319322586
image_13003,0.10469305515289307
image_13004,0.39686378836631775
image_13005,0.2853829562664032
image_13006,0.08419222384691238
image_13007,0.21350836753845215
image_13008,0.4095996022224426
image_13009,0.09865547716617584
image_1301,0.18797384202480316
image_13010,0.25377708673477173
image_13011,0.0823649987578392
image_13012,0.23840804398059845
image_13013,0.2620637118816376
image_13014,0.038217078894376755
image_13015,0.17879906296730042
image_13016,0.6356075406074524
image_13017,0.680313229560852
image_13018,0.18598303198814392
image_13019,0.2571258246898651
image_1302,0.20597843825817108
image_13020,0.06278248876333237
image_13021,0.07704540342092514
image_13022,0.15372060239315033
image_13023,0.14115464687347412
image_13024,0.7403980493545532
image_13025,0.0498371385037899
image_13026,0.14018039405345917
image_13027,0.18747292459011078
image_13028,0.23693795502185822
image_13029,0.05490010976791382
image_1303,0.18054498732089996
image_13030,0.24963970482349396
image_13031,0.18723712861537933
image_13032,0.045993026345968246
image_13033,0.8478540778160095
image_13034,0.21223507821559906
image_13035,0.27019187808036804
image_13036,0.06206197664141655
image_13037,0.05064058303833008
image_13038,0.19736099243164062
image_13039,0.3119686543941498
image_1304,0.5468859076499939
image_13040,0.11707179993391037
image_13041,0.8526342511177063
image_13042,0.10247714817523956
image_13043,0.09663104265928268
image_13044,0.06454836577177048
image_13045,0.2793431282043457
image_13046,0.35086214542388916
image_13047,0.49586495757102966
image_13048,0.1793452501296997
image_13049,0.03333308920264244
image_1305,0.19083848595619202
image_13050,0.33466652035713196
image_13051,0.7851703763008118
image_13052,0.20805524289608002
image_13053,0.2738184630870819
image_13054,0.1847865730524063
image_13055,0.26979538798332214
image_13056,0.23997440934181213
image_13057,0.7802814841270447
image_13058,0.1412857621908188
image_13059,0.08428728580474854
image_1306,0.3045983612537384
image_13060,0.30691781640052795
image_13061,0.44535455107688904
image_13062,0.5140566825866699
image_13063,0.2843039929866791
image_13064,0.06605508178472519
image_13065,0.22002552449703217
image_13066,0.3441106677055359
image_13067,0.1792219877243042
image_13068,0.2792719006538391
image_13069,0.1393517255783081
image_1307,0.18682697415351868
image_13070,0.1650761365890503
image_13071,0.09288907051086426
image_13072,0.43021637201309204
image_13073,0.6582062840461731
image_13074,0.0713808536529541
image_13075,0.2132548838853836
image_13076,0.42597657442092896
image_13077,0.3274080455303192
image_13078,0.37519899010658264
image_13079,0.20208115875720978
image_1308,0.09023173898458481
image_13080,0.19572380185127258
image_13081,0.3790162205696106
image_13082,0.31751108169555664
image_13083,0.2275131791830063
image_13084,0.2510513961315155
image_13085,0.39844831824302673
image_13086,0.14403174817562103
image_13087,0.10479112714529037
image_13088,0.49529018998146057
image_13089,0.13634195923805237
image_1309,0.29456833004951477
image_13090,0.20089733600616455
image_13091,0.24544893205165863
image_13092,0.17892839014530182
image_13093,0.21038542687892914
image_13094,0.28748250007629395
image_13095,0.49708062410354614
image_13096,0.02687648870050907
image_13097,0.08086097985506058
image_13098,0.26693499088287354
image_13099,0.12989769876003265
image_131,0.3631937503814697
image_1310,0.12986643612384796
image_13100,0.3632168471813202
image_13101,0.7151405215263367
image_13102,0.6080428957939148
image_13103,0.33592158555984497
image_13104,0.2873572111129761
image_13105,0.1411629021167755
image_13106,0.8129332661628723
image_13107,0.24332769215106964
image_13108,0.7117867469787598
image_13109,0.08302120119333267
image_1311,0.20314441621303558
image_13110,0.2605016827583313
image_13111,0.22318735718727112
image_13112,0.39996540546417236
image_13113,0.20911860466003418
image_13114,0.05627194792032242
image_13115,0.2816818654537201
image_13116,0.1266792267560959
image_13117,0.21305523812770844
image_13118,0.2741149961948395
image_13119,0.06249414011836052
image_1312,0.06377800554037094
image_13120,0.2183746099472046
image_13121,0.2652512490749359
image_13122,0.4714823365211487
image_13123,0.24025245010852814
image_13124,0.06025557592511177
image_13125,0.10186238586902618
image_13126,0.0679900199174881
image_13127,0.07303532212972641
image_13128,0.7669365406036377
image_13129,0.2170654833316803
image_1313,0.21684686839580536
image_13130,0.08870018273591995
image_13131,0.15440607070922852
image_13132,0.8317763209342957
image_13133,0.17960473895072937
image_13134,0.1884566992521286
image_13135,0.13273240625858307
image_13136,0.6089492440223694
image_13137,0.10546422004699707
image_13138,0.6598281860351562
image_13139,0.16076339781284332
image_1314,0.0719151720404625
image_13140,0.17341744899749756
image_13141,0.05957881733775139
image_13142,0.08568602800369263
image_13143,0.30964723229408264
image_13144,0.23034535348415375
image_13145,0.2758735120296478
image_13146,0.07267577946186066
image_13147,0.1462187021970749
image_13148,0.2017703503370285
image_13149,0.15839813649654388
image_1315,0.24643783271312714
image_13150,0.35131552815437317
image_13151,0.20249485969543457
image_13152,0.016962409019470215
image_13153,0.09677591174840927
image_13154,0.11247187107801437
image_13155,0.11347861588001251
image_13156,0.23259210586547852
image_13157,0.2660713791847229
image_13158,0.23894773423671722
image_13159,0.4643647372722626
image_1316,0.15331967175006866
image_13160,0.23587079346179962
image_13161,0.7526597380638123
image_13162,0.2219994068145752
image_13163,0.24137432873249054
image_13164,0.06435530632734299
image_13165,0.5360953211784363
image_13166,0.769051194190979
image_13167,0.1727469265460968
image_13168,0.1934962123632431
image_13169,0.041614603251218796
image_1317,0.13896377384662628
image_13170,0.3269638121128082
image_13171,0.47825151681900024
image_13172,0.2006089687347412
image_13173,0.1066356673836708
image_13174,0.6867000460624695
image_13175,0.19105446338653564
image_13176,0.2612125873565674
image_13177,0.45712709426879883
image_13178,0.12091485410928726
image_13179,0.22105279564857483
image_1318,0.20609675347805023
image_13180,0.8422940373420715
image_13181,0.07767338305711746
image_13182,0.04978088289499283
image_13183,0.19627739489078522
image_13184,0.2112312614917755
image_13185,0.24417035281658173
image_13186,0.4096812307834625
image_13187,0.38672423362731934
image_13188,0.08599107712507248
image_13189,0.1359158754348755
image_1319,0.15354858338832855
image_13190,0.43329620361328125
image_13191,0.24264366924762726
image_13192,0.17230477929115295
image_13193,0.20572733879089355
image_13194,0.6907076835632324
image_13195,0.7716408967971802
image_13196,0.15595029294490814
image_13197,0.12891124188899994
image_13198,0.08113628625869751
image_13199,0.31272169947624207
image_132,0.13141505420207977
image_1320,0.19706659018993378
image_13200,0.04437951743602753
image_13201,0.09830012172460556
image_13202,0.009681870229542255
image_13203,0.6975225806236267
image_13204,0.6139042973518372
image_13205,0.10962583124637604
image_13206,0.19632448256015778
image_13207,0.14834681153297424
image_13208,0.38928815722465515
image_13209,0.09069496393203735
image_1321,0.20723143219947815
image_13210,0.14364831149578094
image_13211,0.7096032500267029
image_13212,0.13291147351264954
image_13213,0.32790952920913696
image_13214,0.14658457040786743
image_13215,0.08739754557609558
image_13216,0.11354082077741623
image_13217,0.027961019426584244
image_13218,0.2374618500471115
image_13219,0.7241449356079102
image_1322,0.21548724174499512
image_13220,0.2597958445549011
image_13221,0.07691629976034164
image_13222,0.5724067091941833
image_13223,0.15625856816768646
image_13224,0.0647883415222168
image_13225,0.4715442359447479
image_13226,0.2250341922044754
image_13227,0.08259757608175278
image_13228,0.41989704966545105
image_13229,0.297445684671402
image_1323,0.04070958495140076
image_13230,0.008277028799057007
image_13231,0.5006601810455322
image_13232,0.23768377304077148
image_13233,0.4092558026313782
image_13234,0.7213808298110962
image_13235,0.055845607072114944
image_13236,0.484168142080307
image_13237,0.33457642793655396
image_13238,0.2001732885837555
image_13239,0.30832621455192566
image_1324,0.09952997416257858
image_13240,0.39649057388305664
image_13241,0.277364581823349
image_13242,0.09895815700292587
image_13243,0.2982032001018524
image_13244,0.25072941184043884
image_13245,0.19721141457557678
image_13246,0.24237827956676483
image_13247,0.1998429000377655
image_13248,0.2077265828847885
image_13249,0.10028737038373947
image_1325,0.22622910141944885
image_13250,0.05992786958813667
image_13251,0.191766619682312
image_13252,0.14705181121826172
image_13253,0.08288904279470444
image_13254,0.1775718480348587
image_13255,0.12312167137861252
image_13256,0.09131734818220139
image_13257,0.11070454120635986
image_13258,0.3918786644935608
image_13259,0.03255251795053482
image_1326,0.059479475021362305
image_13260,0.1657484918832779
image_13261,0.1674579530954361
image_13262,0.05536361411213875
image_13263,0.07304898649454117
image_13264,0.15449832379817963
image_13265,0.3214842975139618
image_13266,0.1259344071149826
image_13267,0.20743010938167572
image_13268,0.2066449671983719
image_13269,0.0942201167345047
image_1327,0.6969243884086609
image_13270,0.21050606667995453
image_13271,0.253523051738739
image_13272,0.12472690641880035
image_13273,0.2151453047990799
image_13274,0.14944292604923248
image_13275,0.33301758766174316
image_13276,0.31149205565452576
image_13277,0.13229809701442719
image_13278,0.10653366893529892
image_13279,0.0823613628745079
image_1328,0.19600152969360352
image_13280,0.2108096182346344
image_13281,0.27252262830734253
image_13282,0.1251416951417923
image_13283,0.23735693097114563
image_13284,0.15252621471881866
image_13285,0.28637197613716125
image_13286,0.11205212026834488
image_13287,0.32080304622650146
image_13288,0.15939883887767792
image_13289,0.7965583205223083
image_1329,0.16438277065753937
image_13290,0.020189736038446426
image_13291,0.44541069865226746
image_13292,0.028782010078430176
image_13293,0.15460975468158722
image_13294,0.29478731751441956
image_13295,0.13254766166210175
image_13296,0.15672720968723297
image_13297,0.8391801714897156
image_13298,0.16327844560146332
image_13299,0.7223485112190247
image_133,0.08818130195140839
image_1330,0.15666042268276215
image_13300,0.08568580448627472
image_13301,0.11621655523777008
image_13302,0.10551831871271133
image_13303,0.10753152519464493
image_13304,0.10677150636911392
image_13305,0.04835048317909241
image_13306,0.11700884252786636
image_13307,0.11897087097167969
image_13308,0.09901430457830429
image_13309,0.13169413805007935
image_1331,0.6191143989562988
image_13310,0.1611718386411667
image_13311,0.15241047739982605
image_13312,0.39155110716819763
image_13313,0.16557855904102325
image_13314,0.30919045209884644
image_13315,0.050967562943696976
image_13316,0.30555489659309387
image_13317,0.15941233932971954
image_13318,0.20699508488178253
image_13319,0.3918161988258362
image_1332,0.6994020938873291
image_13320,0.21785882115364075
image_13321,0.3685402572154999
image_13322,0.2579004168510437
image_13323,0.1425965279340744
image_13324,0.4097398817539215
image_13325,0.04538602754473686
image_13326,0.13540294766426086
image_13327,0.21013517677783966
image_13328,0.33457452058792114
image_13329,0.31401923298835754
image_1333,0.4791935086250305
image_13330,0.15052346885204315
image_13331,0.2574370801448822
image_13332,0.05909497290849686
image_13333,0.14227788150310516
image_13334,0.11237724870443344
image_13335,0.7875213027000427
image_13336,0.22044216096401215
image_13337,0.07350464165210724
image_13338,0.12829168140888214
image_13339,0.5012282729148865
image_1334,0.1044316217303276
image_13340,0.20233085751533508
image_13341,0.2356797307729721
image_13342,0.41889533400535583
image_13343,0.24707746505737305
image_13344,0.14197972416877747
image_13345,0.13887141644954681
image_13346,0.053044356405735016
image_13347,0.1893860548734665
image_13348,0.0859982818365097
image_13349,0.1714606136083603
image_1335,0.30133944749832153
image_13350,0.1269187033176422
image_13351,0.06354057043790817
image_13352,0.7246090769767761
image_13353,0.22884789109230042
image_13354,0.435936838388443
image_13355,0.1286257803440094
image_13356,0.2093435823917389
image_13357,0.12751926481723785
image_13358,0.17495226860046387
image_13359,0.2260342687368393
image_1336,0.11421531438827515
image_13360,0.20629791915416718
image_13361,0.43852144479751587
image_13362,0.4003806710243225
image_13363,0.3816682994365692
image_13364,0.10166990756988525
image_13365,0.2060960829257965
image_13366,0.4534549415111542
image_13367,0.32624125480651855
image_13368,0.19648906588554382
image_13369,0.0562732107937336
image_1337,0.09993138909339905
image_13370,0.1452477127313614
image_13371,0.039338044822216034
image_13372,0.3532159626483917
image_13373,0.09365414083003998
image_13374,0.15650668740272522
image_13375,0.15776365995407104
image_13376,0.15906575322151184
image_13377,0.2980898916721344
image_13378,0.10991578549146652
image_13379,0.34503188729286194
image_1338,0.40575161576271057
image_13380,0.0922909528017044
image_13381,0.2675248980522156
image_13382,0.4508363902568817
image_13383,0.24664977192878723
image_13384,0.28893494606018066
image_13385,0.30869466066360474
image_13386,0.1541128009557724
image_13387,0.44271835684776306
image_13388,0.227433443069458
image_13389,0.11818768829107285
image_1339,0.3173358738422394
image_13390,0.09990530461072922
image_13391,0.1840624213218689
image_13392,0.4002055823802948
image_13393,0.0850006565451622
image_13394,0.0761241614818573
image_13395,0.2478572428226471
image_13396,0.16272833943367004
image_13397,0.1351398080587387
image_13398,0.25575557351112366
image_13399,0.22117148339748383
image_134,0.34116944670677185
image_1340,0.058460064232349396
image_13400,0.22246599197387695
image_13401,0.06676534563302994
image_13402,0.16541020572185516
image_13403,0.05436195060610771
image_13404,0.1754373162984848
image_13405,0.23708973824977875
image_13406,0.5167549848556519
image_13407,0.3969695568084717
image_13408,0.2016478031873703
image_13409,0.05850962549448013
image_1341,0.25189143419265747
image_13410,0.11567217111587524
image_13411,0.061813127249479294
image_13412,0.05769123509526253
image_13413,0.42717844247817993
image_13414,0.5019370913505554
image_13415,0.28464004397392273
image_13416,0.5556253790855408
image_13417,0.19437171518802643
image_13418,0.24262408912181854
image_13419,0.09630893170833588
image_1342,0.11717277765274048
image_13420,0.1977008730173111
image_13421,0.13039226830005646
image_13422,0.6844534873962402
image_13423,0.2482394278049469
image_13424,0.2530825734138489
image_13425,0.1832321435213089
image_13426,0.2044074982404709
image_13427,0.5200762152671814
image_13428,0.46829158067703247
image_13429,0.24045924842357635
image_1343,0.10839416831731796
image_13430,0.121385358273983
image_13431,0.1576092690229416
image_13432,0.6489254236221313
image_13433,0.7969517111778259
image_13434,0.16268785297870636
image_13435,0.25289973616600037
image_13436,0.11928155273199081
image_13437,0.1714034527540207
image_13438,0.14978477358818054
image_13439,0.6738349199295044
image_1344,0.6320018768310547
image_13440,0.4072425365447998
image_13441,0.1703648865222931
image_13442,0.24668215215206146
image_13443,0.643873393535614
image_13444,0.1894073188304901
image_13445,0.2068191021680832
image_13446,0.7694282531738281
image_13447,0.1319628804922104
image_13448,0.12019949406385422
image_13449,0.12009789049625397
image_1345,0.30390220880508423
image_13450,0.6456457376480103
image_13451,0.21683111786842346
image_13452,0.20783524215221405
image_13453,0.2749153673648834
image_13454,0.26496371626853943
image_13455,0.1807330697774887
image_13456,0.1429319530725479
image_13457,0.49242112040519714
image_13458,0.19333937764167786
image_13459,0.5957884192466736
image_1346,0.14694063365459442
image_13460,0.16025027632713318
image_13461,0.27918288111686707
image_13462,0.2304384708404541
image_13463,0.18853117525577545
image_13464,0.14045186340808868
image_13465,0.07054239511489868
image_13466,0.3747987449169159
image_13467,0.09530609846115112
image_13468,0.06485319137573242
image_13469,0.19582931697368622
image_1347,0.21783669292926788
image_13470,0.6684298515319824
image_13471,0.17459982633590698
image_13472,0.5141538381576538
image_13473,0.706160843372345
image_13474,0.5223422050476074
image_13475,0.21116267144680023
image_13476,0.056257572025060654
image_13477,0.1595168262720108
image_13478,0.33494898676872253
image_13479,0.03773710876703262
image_1348,0.1811208724975586
image_13480,0.34880247712135315
image_13481,0.20530958473682404
image_13482,0.38011056184768677
image_13483,0.2777308523654938
image_13484,0.0555182509124279
image_13485,0.10596571117639542
image_13486,0.33227089047431946
image_13487,0.23872485756874084
image_13488,0.15187732875347137
image_13489,0.29689881205558777
image_1349,0.20611487329006195
image_13490,0.321361243724823
image_13491,0.5287589430809021
image_13492,0.170574352145195
image_13493,0.17773473262786865
image_13494,0.5216304063796997
image_13495,0.5398806929588318
image_13496,0.2182714194059372
image_13497,0.2926022708415985
image_13498,0.2442106008529663
image_13499,0.13996374607086182
image_135,0.29138103127479553
image_1350,0.04846449941396713
image_13500,0.28229790925979614
image_13501,0.12292676419019699
image_13502,0.24694190919399261
image_13503,0.18154922127723694
image_13504,0.2813038229942322
image_13505,0.20177093148231506
image_13506,0.030693093314766884
image_13507,0.6789918541908264
image_13508,0.06759677827358246
image_13509,0.05814678594470024
image_1351,0.1454223394393921
image_13510,0.7939929366111755
image_13511,0.15371748805046082
image_13512,0.07226334512233734
image_13513,0.17900453507900238
image_13514,0.1553138941526413
image_13515,0.3146164119243622
image_13516,0.4298432469367981
image_13517,0.21037445962429047
image_13518,0.288014680147171
image_13519,0.08050254732370377
image_1352,0.15244118869304657
image_13520,0.20445755124092102
image_13521,0.20115065574645996
image_13522,0.05130190774798393
image_13523,0.06825742870569229
image_13524,0.259868323802948
image_13525,0.041540034115314484
image_13526,0.1336357444524765
image_13527,0.47682496905326843
image_13528,0.28737273812294006
image_13529,0.1864744871854782
image_1353,0.3569985330104828
image_13530,0.23971886932849884
image_13531,0.1748993843793869
image_13532,0.18826459348201752
image_13533,0.18877796828746796
image_13534,0.26134783029556274
image_13535,0.08882929384708405
image_13536,0.16570544242858887
image_13537,0.7469484210014343
image_13538,0.11715517193078995
image_13539,0.2722020745277405
image_1354,0.23255281150341034
image_13540,0.21895785629749298
image_13541,0.0941791757941246
image_13542,0.2684442698955536
image_13543,0.6972057223320007
image_13544,0.07194041460752487
image_13545,0.24956269562244415
image_13546,0.12345714867115021
image_13547,0.15291868150234222
image_13548,0.2737223207950592
image_13549,0.13734786212444305
image_1355,0.2344060242176056
image_13550,0.28644463419914246
image_13551,0.045766573399305344
image_13552,0.09186670929193497
image_13553,0.06265215575695038
image_13554,0.13956765830516815
image_13555,0.09216554462909698
image_13556,0.33178073167800903
image_13557,0.1315286010503769
image_13558,0.5364430546760559
image_13559,0.14944197237491608
image_1356,0.038267966359853745
image_13560,0.15894830226898193
image_13561,0.07431123405694962
image_13562,0.1232999786734581
image_13563,0.17577478289604187
image_13564,0.06744777411222458
image_13565,0.056740205734968185
image_13566,0.24103914201259613
image_13567,0.0836411714553833
image_13568,0.2892627418041229
image_13569,0.21246428787708282
image_1357,0.5367283821105957
image_13570,0.2929539382457733
image_13571,0.2535780072212219
image_13572,0.14759913086891174
image_13573,0.12854252755641937
image_13574,0.17230895161628723
image_13575,0.35441121459007263
image_13576,0.1903456449508667
image_13577,0.23631243407726288
image_13578,0.2237013876438141
image_13579,0.19283145666122437
image_1358,0.1488310694694519
image_13580,0.20861156284809113
image_13581,0.05058746412396431
image_13582,0.14292185008525848
image_13583,0.17351891100406647
image_13584,0.2312057763338089
image_13585,0.3498527407646179
image_13586,0.2626015841960907
image_13587,0.1143425703048706
image_13588,0.4100172221660614
image_13589,0.6277092099189758
image_1359,0.33700457215309143
image_13590,0.33070001006126404
image_13591,0.11644833534955978
image_13592,0.23664502799510956
image_13593,0.06674733012914658
image_13594,0.17805258929729462
image_13595,0.05750444158911705
image_13596,0.0969797745347023
image_13597,0.4126623272895813
image_13598,0.3063124120235443
image_13599,0.13702352344989777
image_136,0.09093687683343887
image_1360,0.3338794410228729
image_13600,0.14986789226531982
image_13601,0.25513187050819397
image_13602,0.33326902985572815
image_13603,0.10250299423933029
image_13604,0.19782654941082
image_13605,0.11576078087091446
image_13606,0.3847710192203522
image_13607,0.23966704308986664
image_13608,0.13914139568805695
image_13609,0.5629189610481262
image_1361,0.3084249198436737
image_13610,0.08046061545610428
image_13611,0.16872873902320862
image_13612,0.15510784089565277
image_13613,0.07010409981012344
image_13614,0.3193478286266327
image_13615,0.02063932456076145
image_13616,0.20122423768043518
image_13617,0.2482391595840454
image_13618,0.0805298388004303
image_13619,0.4601402282714844
image_1362,0.08360113948583603
image_13620,0.3006497025489807
image_13621,0.17166554927825928
image_13622,0.16002069413661957
image_13623,0.28183338046073914
image_13624,0.6738219857215881
image_13625,0.34111735224723816
image_13626,0.14113381505012512
image_13627,0.19246678054332733
image_13628,0.19110643863677979
image_13629,0.21267905831336975
image_1363,0.7210056781768799
image_13630,0.23118415474891663
image_13631,0.6857175827026367
image_13632,0.20994649827480316
image_13633,0.12367093563079834
image_13634,0.3672601580619812
image_13635,0.08765880018472672
image_13636,0.35867831110954285
image_13637,0.1854185163974762
image_13638,0.25097522139549255
image_13639,0.19518280029296875
image_1364,0.21343760192394257
image_13640,0.368275910615921
image_13641,0.03472443297505379
image_13642,0.4029388427734375
image_13643,0.04995744675397873
image_13644,0.22716836631298065
image_13645,0.429117888212204
image_13646,0.39495402574539185
image_13647,0.5934960246086121
image_13648,0.06732124835252762
image_13649,0.13015060126781464
image_1365,0.2122955322265625
image_13650,0.13618232309818268
image_13651,0.2641649544239044
image_13652,0.5334126353263855
image_13653,0.44252917170524597
image_13654,0.3534889221191406
image_13655,0.7180318832397461
image_13656,0.09899455308914185
image_13657,0.0582536943256855
image_13658,0.09539168328046799
image_13659,0.23508019745349884
image_1366,0.14893388748168945
image_13660,0.12149160355329514
image_13661,0.1429625004529953
image_13662,0.1928129494190216
image_13663,0.24846063554286957
image_13664,0.20958228409290314
image_13665,0.4818279445171356
image_13666,0.07104814052581787
image_13667,0.06105297803878784
image_13668,0.08485294878482819
image_13669,0.09381860494613647
image_1367,0.2561712861061096
image_13670,0.10634857416152954
image_13671,0.17867116630077362
image_13672,0.05673360452055931
image_13673,0.27777695655822754
image_13674,0.22605042159557343
image_13675,0.14126335084438324
image_13676,0.13595321774482727
image_13677,0.19771216809749603
image_13678,0.29133206605911255
image_13679,0.3274921178817749
image_1368,0.5746181607246399
image_13680,0.2909884750843048
image_13681,0.11004941910505295
image_13682,0.20990751683712006
image_13683,0.11903753131628036
image_13684,0.06930916011333466
image_13685,0.11897683143615723
image_13686,0.06514083594083786
image_13687,0.7982428073883057
image_13688,0.13470561802387238
image_13689,0.0688960999250412
image_1369,0.2869458496570587
image_13690,0.07294842600822449
image_13691,0.22327294945716858
image_13692,0.1848430633544922
image_13693,0.8728674054145813
image_13694,0.1686183512210846
image_13695,0.07594417780637741
image_13696,0.17850558459758759
image_13697,0.043315451592206955
image_13698,0.10529126971960068
image_13699,0.1102493554353714
image_137,0.3745570480823517
image_1370,0.06476998329162598
image_13700,0.12630897760391235
image_13701,0.07965922355651855
image_13702,0.10216818004846573
image_13703,0.19399099051952362
image_13704,0.3801172375679016
image_13705,0.2306727021932602
image_13706,0.5766701102256775
image_13707,0.5599756240844727
image_13708,0.32250046730041504
image_13709,0.11563413590192795
image_1371,0.3416021466255188
image_13710,0.08005783706903458
image_13711,0.16415753960609436
image_13712,0.2257463037967682
image_13713,0.24036812782287598
image_13714,0.1296699047088623
image_13715,0.3208950459957123
image_13716,0.10457547008991241
image_13717,0.2545873820781708
image_13718,0.19873739778995514
image_13719,0.46057602763175964
image_1372,0.16232483088970184
image_13720,0.11041595786809921
image_13721,0.5136420130729675
image_13722,0.13768072426319122
image_13723,0.2931339740753174
image_13724,0.37801605463027954
image_13725,0.05949157476425171
image_13726,0.17340388894081116
image_13727,0.35549482703208923
image_13728,0.04508749395608902
image_13729,0.202194482088089
image_1373,0.1978812962770462
image_13730,0.06794913113117218
image_13731,0.8307356834411621
image_13732,0.26489976048469543
image_13733,0.1555299460887909
image_13734,0.3044699728488922
image_13735,0.23191873729228973
image_13736,0.1916395127773285
image_13737,0.1119835153222084
image_13738,0.10968764126300812
image_13739,0.368170827627182
image_1374,0.08856164664030075
image_13740,0.09490808099508286
image_13741,0.15895162522792816
image_13742,0.21019946038722992
image_13743,0.6920906901359558
image_13744,0.22137115895748138
image_13745,0.0650840625166893
image_13746,0.10458498448133469
image_13747,0.13447892665863037
image_13748,0.1349775791168213
image_13749,0.32177844643592834
image_1375,0.15899758040905
image_13750,0.7762541174888611
image_13751,0.1950106918811798
image_13752,0.2525693476200104
image_13753,0.5881139039993286
image_13754,0.4942633807659149
image_13755,0.42237839102745056
image_13756,0.3294735252857208
image_13757,0.305439293384552
image_13758,0.13334545493125916
image_13759,0.05549761280417442
image_1376,0.13740988075733185
image_13760,0.0968346893787384
image_13761,0.13206987082958221
image_13762,0.10536163300275803
image_13763,0.17627881467342377
image_13764,0.11423807591199875
image_13765,0.29433318972587585
image_13766,0.06487148255109787
image_13767,0.7955883741378784
image_13768,0.19995656609535217
image_13769,0.25416192412376404
image_1377,0.23280416429042816
image_13770,0.36899814009666443
image_13771,0.18551120162010193
image_13772,0.13477598130702972
image_13773,0.4240284860134125
image_13774,0.26476502418518066
image_13775,0.7787317633628845
image_13776,0.24488095939159393
image_13777,0.11515852063894272
image_13778,0.141546830534935
image_13779,0.0520552396774292
image_1378,0.12222522497177124
image_13780,0.033669233322143555
image_13781,0.06514162570238113
image_13782,0.24676771461963654
image_13783,0.2927049398422241
image_13784,0.14925996959209442
image_13785,0.06936877220869064
image_13786,0.32824087142944336
image_13787,0.12432850897312164
image_13788,0.11877214908599854
image_13789,0.07405882328748703
image_1379,0.7384033203125
image_13790,0.16809169948101044
image_13791,0.4368665814399719
image_13792,0.10934924334287643
image_13793,0.11104734987020493
image_13794,0.1320340633392334
image_13795,0.12090688198804855
image_13796,0.23958301544189453
image_13797,0.10429444164037704
image_13798,0.06142951920628548
image_13799,0.5125695466995239
image_138,0.20034848153591156
image_1380,0.09137947857379913
image_13800,0.1589626669883728
image_13801,0.14035896956920624
image_13802,0.5563092231750488
image_13803,0.3979422450065613
image_13804,0.2935255467891693
image_13805,0.3274229168891907
image_13806,0.1314246505498886
image_13807,0.09760047495365143
image_13808,0.16176532208919525
image_13809,0.061159249395132065
image_1381,0.45661816000938416
image_13810,0.33995288610458374
image_13811,0.4041588306427002
image_13812,0.5339471101760864
image_13813,0.26122888922691345
image_13814,0.18046073615550995
image_13815,0.5067344903945923
image_13816,0.2796461582183838
image_13817,0.07126187533140182
image_13818,0.35637369751930237
image_13819,0.18179123103618622
image_1382,0.4391614496707916
image_13820,0.09903082996606827
image_13821,0.12345396727323532
image_13822,0.27333885431289673
image_13823,0.23920340836048126
image_13824,0.13430659472942352
image_13825,0.18882553279399872
image_13826,0.20638222992420197
image_13827,0.5110296010971069
image_13828,0.2200854867696762
image_13829,0.32960402965545654
image_1383,0.3140232563018799
image_13830,0.36839374899864197
image_13831,0.26438599824905396
image_13832,0.0889682024717331
image_13833,0.08172159641981125
image_13834,0.19882479310035706
image_13835,0.20673637092113495
image_13836,0.2688278555870056
image_13837,0.10880758613348007
image_13838,0.5030729174613953
image_13839,0.3256215751171112
image_1384,0.8005228042602539
image_13840,0.20461665093898773
image_13841,0.08980744332075119
image_13842,0.3410307765007019
image_13843,0.2668401896953583
image_13844,0.14037278294563293
image_13845,0.1880977898836136
image_13846,0.21053388714790344
image_13847,0.12714378535747528
image_13848,0.7493301630020142
image_13849,0.09063154458999634
image_1385,0.1906263530254364
image_13850,0.10234209150075912
image_13851,0.16065731644630432
image_13852,0.12404308468103409
image_13853,0.13181039690971375
image_13854,0.2902742624282837
image_13855,0.5147513747215271
image_13856,0.1972360610961914
image_13857,0.2607977092266083
image_13858,0.1395837813615799
image_13859,0.25274893641471863
image_1386,0.19817256927490234
image_13860,0.09878955036401749
image_13861,0.2799282670021057
image_13862,0.23775124549865723
image_13863,0.22426579892635345
image_13864,0.401114284992218
image_13865,0.05298653990030289
image_13866,0.164255753159523
image_13867,0.20961499214172363
image_13868,0.18023048341274261
image_13869,0.052124984562397
image_1387,0.23947317898273468
image_13870,0.2865920662879944
image_13871,0.1391686648130417
image_13872,0.22698624432086945
image_13873,0.11280324310064316
image_13874,0.10744180530309677
image_13875,0.2922491133213043
image_13876,0.07862286269664764
image_13877,0.07924967259168625
image_13878,0.13961859047412872
image_13879,0.16591636836528778
image_1388,0.1295415461063385
image_13880,0.6876166462898254
image_13881,0.07674338668584824
image_13882,0.8058220148086548
image_13883,0.04002651199698448
image_13884,0.06837262958288193
image_13885,0.20821034908294678
image_13886,0.20308677852153778
image_13887,0.19897669553756714
image_13888,0.21531645953655243
image_13889,0.08834190666675568
image_1389,0.13449180126190186
image_13890,0.08925902843475342
image_13891,0.20320527255535126
image_13892,0.3939498960971832
image_13893,0.08941542357206345
image_13894,0.11767201870679855
image_13895,0.11244294792413712
image_13896,0.4038282334804535
image_13897,0.6722931265830994
image_13898,0.3279566764831543
image_13899,0.3497736155986786
image_139,0.1483154296875
image_1390,0.12616467475891113
image_13900,0.2262568473815918
image_13901,0.6303731799125671
image_13902,0.05268659070134163
image_13903,0.06286578625440598
image_13904,0.23657722771167755
image_13905,0.13271735608577728
image_13906,0.5981529951095581
image_13907,0.20227861404418945
image_13908,0.1422325223684311
image_13909,0.5256693959236145
image_1391,0.32813140749931335
image_13910,0.40581437945365906
image_13911,0.04738948494195938
image_13912,0.20280800759792328
image_13913,0.11824200302362442
image_13914,0.0736253634095192
image_13915,0.07556315511465073
image_13916,0.3759247958660126
image_13917,0.3420866131782532
image_13918,0.19168344140052795
image_13919,0.7417973279953003
image_1392,0.20800252258777618
image_13920,0.6541666388511658
image_13921,0.03587866574525833
image_13922,0.5527365207672119
image_13923,0.19791212677955627
image_13924,0.2339172214269638
image_13925,0.23469991981983185
image_13926,0.2356281727552414
image_13927,0.45515307784080505
image_13928,0.5706568956375122
image_13929,0.1601385921239853
image_1393,0.26713964343070984
image_13930,0.2387685775756836
image_13931,0.17913468182086945
image_13932,0.4161255955696106
image_13933,0.34006792306900024
image_13934,0.07755672186613083
image_13935,0.11753948032855988
image_13936,0.23371286690235138
image_13937,0.06814100593328476
image_13938,0.16437427699565887
image_13939,0.06811124831438065
image_1394,0.08572038263082504
image_13940,0.15887610614299774
image_13941,0.3043268620967865
image_13942,0.016654636710882187
image_13943,0.12238766998052597
image_13944,0.17747366428375244
image_13945,0.404684454202652
image_13946,0.04335026443004608
image_13947,0.2730386257171631
image_13948,0.28890132904052734
image_13949,0.141821026802063
image_1395,0.4683852195739746
image_13950,0.1342564970254898
image_13951,0.23361556231975555
image_13952,0.14528177678585052
image_13953,0.0919039323925972
image_13954,0.18815307319164276
image_13955,0.24475514888763428
image_13956,0.2041323035955429
image_13957,0.06070048734545708
image_13958,0.25024184584617615
image_13959,0.09344877302646637
image_1396,0.2359790802001953
image_13960,0.7225481867790222
image_13961,0.09520230442285538
image_13962,0.6163572669029236
image_13963,0.15514008700847626
image_13964,0.2945488393306732
image_13965,0.7394337058067322
image_13966,0.21762652695178986
image_13967,0.14528171718120575
image_13968,0.35733863711357117
image_13969,0.2227882444858551
image_1397,0.13138507306575775
image_13970,0.36064234375953674
image_13971,0.3150072693824768
image_13972,0.36386552453041077
image_13973,0.19178007543087006
image_13974,0.15567436814308167
image_13975,0.03240637481212616
image_13976,0.30603259801864624
image_13977,0.322024405002594
image_13978,0.1865655928850174
image_13979,0.04558684304356575
image_1398,0.8352257013320923
image_13980,0.31922227144241333
image_13981,0.2571563124656677
image_13982,0.2309986650943756
image_13983,0.16022531688213348
image_13984,0.2922053337097168
image_13985,0.2504200041294098
image_13986,0.21403279900550842
image_13987,0.25085121393203735
image_13988,0.7037059664726257
image_13989,0.16399899125099182
image_1399,0.18248723447322845
image_13990,0.20698843896389008
image_13991,0.41864901781082153
image_13992,0.23832884430885315
image_13993,0.2464357167482376
image_13994,0.10107723623514175
image_13995,0.5721718668937683
image_13996,0.14921313524246216
image_13997,0.19021883606910706
image_13998,0.7072930932044983
image_13999,0.696723461151123
image_14,0.27602553367614746
image_140,0.32105907797813416
image_1400,0.568130612373352
image_14000,0.11318580061197281
image_14001,0.1662215143442154
image_14002,0.35332348942756653
image_14003,0.5917580127716064
image_14004,0.1183684691786766
image_14005,0.20504598319530487
image_14006,0.22368896007537842
image_14007,0.2786653935909271
image_14008,0.16432879865169525
image_14009,0.29960986971855164
image_1401,0.10121998935937881
image_14010,0.5988721251487732
image_14011,0.22853581607341766
image_14012,0.38802671432495117
image_14013,0.0793791189789772
image_14014,0.30011630058288574
image_14015,0.06951969861984253
image_14016,0.2516505718231201
image_14017,0.5676190853118896
image_14018,0.06977133452892303
image_14019,0.21580186486244202
image_1402,0.08628314733505249
image_14020,0.12692002952098846
image_14021,0.1134803518652916
image_14022,0.10444393008947372
image_14023,0.5421656966209412
image_14024,0.21543888747692108
image_14025,0.5881859660148621
image_14026,0.10458327829837799
image_14027,0.13540753722190857
image_14028,0.046694494783878326
image_14029,0.07438524067401886
image_1403,0.41076183319091797
image_14030,0.4524480998516083
image_14031,0.1298442929983139
image_14032,0.36335524916648865
image_14033,0.23789715766906738
image_14034,0.32520923018455505
image_14035,0.5960708260536194
image_14036,0.2411048412322998
image_14037,0.08521907776594162
image_14038,0.6600332260131836
image_14039,0.2961535155773163
image_1404,0.7792777419090271
image_14040,0.12181045860052109
image_14041,0.6661711931228638
image_14042,0.15457777678966522
image_14043,0.3491426408290863
image_14044,0.21622608602046967
image_14045,0.16315750777721405
image_14046,0.14613774418830872
image_14047,0.3343580961227417
image_14048,0.1826370805501938
image_14049,0.39997607469558716
image_1405,0.2797229588031769
image_14050,0.2842753529548645
image_14051,0.4592444598674774
image_14052,0.1739361733198166
image_14053,0.117100290954113
image_14054,0.4465281665325165
image_14055,0.32904908061027527
image_14056,0.5218567848205566
image_14057,0.20109859108924866
image_14058,0.6331654787063599
image_14059,0.13728077709674835
image_1406,0.6025003790855408
image_14060,0.16315776109695435
image_14061,0.8094854354858398
image_14062,0.18615339696407318
image_14063,0.24445898830890656
image_14064,0.05809781700372696
image_14065,0.15376010537147522
image_14066,0.1712063103914261
image_14067,0.5567196011543274
image_14068,0.415881484746933
image_14069,0.21295730769634247
image_1407,0.2919161021709442
image_14070,0.20399586856365204
image_14071,0.30809715390205383
image_14072,0.48738908767700195
image_14073,0.11770236492156982
image_14074,0.16942943632602692
image_14075,0.15461932122707367
image_14076,0.1271573305130005
image_14077,0.3403441607952118
image_14078,0.6162601709365845
image_14079,0.27843818068504333
image_1408,0.16749563813209534
image_14080,0.12395751476287842
image_14081,0.1497580111026764
image_14082,0.2523530423641205
image_14083,0.08947936445474625
image_14084,0.07397686690092087
image_14085,0.24242575466632843
image_14086,0.06700462102890015
image_14087,0.33957719802856445
image_14088,0.320587158203125
image_14089,0.19517140090465546
image_1409,0.4222300052642822
image_14090,0.3179670572280884
image_14091,0.47300592064857483
image_14092,0.04997953772544861
image_14093,0.06279122084379196
image_14094,0.19160611927509308
image_14095,0.23244400322437286
image_14096,0.22917942702770233
image_14097,0.5495977997779846
image_14098,0.08787121623754501
image_14099,0.2835800349712372
image_141,0.35575956106185913
image_1410,0.06459175795316696
image_14100,0.17082016170024872
image_14101,0.10323455184698105
image_14102,0.05812576040625572
image_14103,0.18361009657382965
image_14104,0.10021720081567764
image_14105,0.2429550737142563
image_14106,0.4729556739330292
image_14107,0.33163055777549744
image_14108,0.11281800270080566
image_14109,0.15024283528327942
image_1411,0.13811726868152618
image_14110,0.16970403492450714
image_14111,0.17731836438179016
image_14112,0.1803576797246933
image_14113,0.12585940957069397
image_14114,0.08553191274404526
image_14115,0.12253694981336594
image_14116,0.0489407517015934
image_14117,0.12634162604808807
image_14118,0.3778437674045563
image_14119,0.47818803787231445
image_1412,0.12435704469680786
image_14120,0.19051972031593323
image_14121,0.20677557587623596
image_14122,0.0662471354007721
image_14123,0.6384760737419128
image_14124,0.5670265555381775
image_14125,0.4533258378505707
image_14126,0.5577897429466248
image_14127,0.2206803858280182
image_14128,0.1267748326063156
image_14129,0.04875556379556656
image_1413,0.20482920110225677
image_14130,0.3570021092891693
image_14131,0.14280985295772552
image_14132,0.10056805610656738
image_14133,0.04678310081362724
image_14134,0.08084384351968765
image_14135,0.07446549087762833
image_14136,0.19438764452934265
image_14137,0.17951904237270355
image_14138,0.2994381785392761
image_14139,0.17094770073890686
image_1414,0.20497317612171173
image_14140,0.07920871675014496
image_14141,0.2794848680496216
image_14142,0.29348862171173096
image_14143,0.26099297404289246
image_14144,0.20654140412807465
image_14145,0.1201159730553627
image_14146,0.15187610685825348
image_14147,0.13713882863521576
image_14148,0.15859514474868774
image_14149,0.1373293101787567
image_1415,0.30148178339004517
image_14150,0.07974954694509506
image_14151,0.2206481546163559
image_14152,0.1618085354566574
image_14153,0.7515684962272644
image_14154,0.09727277606725693
image_14155,0.06549813598394394
image_14156,0.13790524005889893
image_14157,0.46757403016090393
image_14158,0.07427339255809784
image_14159,0.27242428064346313
image_1416,0.08814121782779694
image_14160,0.7569307684898376
image_14161,0.24717850983142853
image_14162,0.09317096322774887
image_14163,0.10192883014678955
image_14164,0.12217795103788376
image_14165,0.3984357714653015
image_14166,0.22099803388118744
image_14167,0.1665726602077484
image_14168,0.7035075426101685
image_14169,0.25788965821266174
image_1417,0.45291826128959656
image_14170,0.24116067588329315
image_14171,0.2998567223548889
image_14172,0.07923338562250137
image_14173,0.28010642528533936
image_14174,0.1136411800980568
image_14175,0.25915637612342834
image_14176,0.44010183215141296
image_14177,0.14008799195289612
image_14178,0.13751184940338135
image_14179,0.42002734541893005
image_1418,0.07264448702335358
image_14180,0.2234809696674347
image_14181,0.8060126304626465
image_14182,0.25144073367118835
image_14183,0.24406614899635315
image_14184,0.05326172709465027
image_14185,0.13109400868415833
image_14186,0.26289406418800354
image_14187,0.13384823501110077
image_14188,0.0485396571457386
image_14189,0.0826113224029541
image_1419,0.10814099758863449
image_14190,0.2985881268978119
image_14191,0.27351149916648865
image_14192,0.8320272564888
image_14193,0.3702671527862549
image_14194,0.16384726762771606
image_14195,0.08944548666477203
image_14196,0.037119027227163315
image_14197,0.025454571470618248
image_14198,0.040665172040462494
image_14199,0.06783821433782578
image_142,0.04530796781182289
image_1420,0.33256205916404724
image_14200,0.1934228390455246
image_14201,0.18719065189361572
image_14202,0.18652401864528656
image_14203,0.17068424820899963
image_14204,0.0457855761051178
image_14205,0.4530099034309387
image_14206,0.31663772463798523
image_14207,0.43121060729026794
image_14208,0.4372631013393402
image_14209,0.11337391287088394
image_1421,0.12371696531772614
image_14210,0.1263701170682907
image_14211,0.1755896359682083
image_14212,0.21977977454662323
image_14213,0.15256047248840332
image_14214,0.2782367169857025
image_14215,0.3609863221645355
image_14216,0.47729751467704773
image_14217,0.07696912437677383
image_14218,0.11722352355718613
image_14219,0.21978668868541718
image_1422,0.07248833030462265
image_14220,0.31760042905807495
image_14221,0.16146056354045868
image_14222,0.11243368685245514
image_14223,0.1403169482946396
image_14224,0.5403110980987549
image_14225,0.47962960600852966
image_14226,0.1554071307182312
image_14227,0.8119127154350281
image_14228,0.19577078521251678
image_14229,0.21854744851589203
image_1423,0.06757813692092896
image_14230,0.10076957941055298
image_14231,0.1667485535144806
image_14232,0.26952579617500305
image_14233,0.11446113884449005
image_14234,0.4968984127044678
image_14235,0.4393326938152313
image_14236,0.11002364009618759
image_14237,0.19117553532123566
image_14238,0.08098732680082321
image_14239,0.1327332854270935
image_1424,0.18838530778884888
image_14240,0.17701442539691925
image_14241,0.22926850616931915
image_14242,0.17796210944652557
image_14243,0.7972583174705505
image_14244,0.16054923832416534
image_14245,0.16960099339485168
image_14246,0.14397577941417694
image_14247,0.3232574462890625
image_14248,0.13140301406383514
image_14249,0.2900286316871643
image_1425,0.07067140191793442
image_14250,0.052668917924165726
image_14251,0.27153894305229187
image_14252,0.6253908276557922
image_14253,0.13868014514446259
image_14254,0.28560301661491394
image_14255,0.5194849371910095
image_14256,0.2131943255662918
image_14257,0.10560376942157745
image_14258,0.17401114106178284
image_14259,0.32284826040267944
image_1426,0.2710728049278259
image_14260,0.6551896333694458
image_14261,0.19052015244960785
image_14262,0.07904580980539322
image_14263,0.13922332227230072
image_14264,0.5677153468132019
image_14265,0.23868480324745178
image_14266,0.1366010457277298
image_14267,0.2628953158855438
image_14268,0.45932960510253906
image_14269,0.15023544430732727
image_1427,0.670096755027771
image_14270,0.6165942549705505
image_14271,0.15923656523227692
image_14272,0.05368655547499657
image_14273,0.09067589044570923
image_14274,0.35318538546562195
image_14275,0.2563840448856354
image_14276,0.27558350563049316
image_14277,0.10545664280653
image_14278,0.18165093660354614
image_14279,0.27388373017311096
image_1428,0.2760072350502014
image_14280,0.5940274596214294
image_14281,0.1960727572441101
image_14282,0.41811108589172363
image_14283,0.3523614704608917
image_14284,0.16536283493041992
image_14285,0.16014070808887482
image_14286,0.2181508094072342
image_14287,0.22258999943733215
image_14288,0.10164978355169296
image_14289,0.5938189029693604
image_1429,0.14715807139873505
image_14290,0.125585675239563
image_14291,0.20387302339076996
image_14292,0.059244465082883835
image_14293,0.22778160870075226
image_14294,0.04537167400121689
image_14295,0.11487863212823868
image_14296,0.11761581152677536
image_14297,0.2734120786190033
image_14298,0.44951143860816956
image_14299,0.39465126395225525
image_143,0.11213630437850952
image_1430,0.40479594469070435
image_14300,0.04630310460925102
image_14301,0.027321791276335716
image_14302,0.10027729719877243
image_14303,0.14468339085578918
image_14304,0.21365483105182648
image_14305,0.4081675708293915
image_14306,0.32326197624206543
image_14307,0.19354641437530518
image_14308,0.42809563875198364
image_14309,0.12124866247177124
image_1431,0.2797488868236542
image_14310,0.03961215540766716
image_14311,0.27321434020996094
image_14312,0.19241349399089813
image_14313,0.15592947602272034
image_14314,0.8854922652244568
image_14315,0.3329082727432251
image_14316,0.16062986850738525
image_14317,0.13102774322032928
image_14318,0.536371648311615
image_14319,0.10054145008325577
image_1432,0.21354976296424866
image_14320,0.8699741363525391
image_14321,0.2645455300807953
image_14322,0.15499691665172577
image_14323,0.42471107840538025
image_14324,0.143119677901268
image_14325,0.18623125553131104
image_14326,0.11651892960071564
image_14327,0.43992000818252563
image_14328,0.4484015107154846
image_14329,0.21806120872497559
image_1433,0.22021718323230743
image_14330,0.13472285866737366
image_14331,0.15204991400241852
image_14332,0.1264953464269638
image_14333,0.05478401109576225
image_14334,0.19816270470619202
image_14335,0.07039127498865128
image_14336,0.06511224806308746
image_14337,0.2858898341655731
image_14338,0.11364829540252686
image_14339,0.0942840501666069
image_1434,0.05593285709619522
image_14340,0.7301985025405884
image_14341,0.17152933776378632
image_14342,0.0289488323032856
image_14343,0.158832848072052
image_14344,0.2501882314682007
image_14345,0.560586154460907
image_14346,0.4068664610385895
image_14347,0.5582885146141052
image_14348,0.3029055893421173
image_14349,0.1970049887895584
image_1435,0.16458415985107422
image_14350,0.2663098871707916
image_14351,0.8934020400047302
image_14352,0.18218019604682922
image_14353,0.7634690403938293
image_14354,0.08665547519922256
image_14355,0.23838555812835693
image_14356,0.08225792646408081
image_14357,0.3089916706085205
image_14358,0.13072307407855988
image_14359,0.14604561030864716
image_1436,0.09262128174304962
image_14360,0.07479480654001236
image_14361,0.17378102242946625
image_14362,0.07534012198448181
image_14363,0.5746675729751587
image_14364,0.26691552996635437
image_14365,0.09027943760156631
image_14366,0.09506348520517349
image_14367,0.15957628190517426
image_14368,0.1462348997592926
image_14369,0.3009486794471741
image_1437,0.2013225108385086
image_14370,0.16867434978485107
image_14371,0.6453961133956909
image_14372,0.12005198001861572
image_14373,0.2320164293050766
image_14374,0.28583794832229614
image_14375,0.5129202008247375
image_14376,0.16531863808631897
image_14377,0.15211506187915802
image_14378,0.3039981424808502
image_14379,0.20814529061317444
image_1438,0.6047091484069824
image_14380,0.166263610124588
image_14381,0.14526289701461792
image_14382,0.6126968264579773
image_14383,0.10679652541875839
image_14384,0.18822912871837616
image_14385,0.0871351882815361
image_14386,0.5918248891830444
image_14387,0.0010508288396522403
image_14388,0.19525258243083954
image_14389,0.5349684357643127
image_1439,0.26722046732902527
image_14390,0.6937101483345032
image_14391,0.11979120224714279
image_14392,0.17252784967422485
image_14393,0.11167502403259277
image_14394,0.16723190248012543
image_14395,0.12743543088436127
image_14396,0.11503159999847412
image_14397,0.6568732261657715
image_14398,0.16883473098278046
image_14399,0.45018625259399414
image_144,0.1148185059428215
image_1440,0.286072313785553
image_14400,0.30677783489227295
image_14401,0.39614540338516235
image_14402,0.1025707945227623
image_14403,0.23819270730018616
image_14404,0.1376880407333374
image_14405,0.3025721609592438
image_14406,0.26203781366348267
image_14407,0.11546053737401962
image_14408,0.013108721934258938
image_14409,0.32918375730514526
image_1441,0.16411660611629486
image_14410,0.133773073554039
image_14411,0.2725197970867157
image_14412,0.3194658160209656
image_14413,0.07911785691976547
image_14414,0.2206702083349228
image_14415,0.23988257348537445
image_14416,0.15299324691295624
image_14417,0.4170874059200287
image_14418,0.8311255574226379
image_14419,0.3160136342048645
image_1442,0.01704261638224125
image_14420,0.27401062846183777
image_14421,0.14650355279445648
image_14422,0.08628141134977341
image_14423,0.1450662612915039
image_14424,0.20638011395931244
image_14425,0.1973562091588974
image_14426,0.08161187171936035
image_14427,0.3217984139919281
image_14428,0.18647456169128418
image_14429,0.25697261095046997
image_1443,0.03301084786653519
image_14430,0.3580217957496643
image_14431,0.11216717213392258
image_14432,0.17709191143512726
image_14433,0.10794198513031006
image_14434,0.25886908173561096
image_14435,0.06998936086893082
image_14436,0.29692503809928894
image_14437,0.13097330927848816
image_14438,0.07178287953138351
image_14439,0.25372084975242615
image_1444,0.032820068299770355
image_14440,0.23349344730377197
image_14441,0.18175898492336273
image_14442,0.7421463131904602
image_14443,0.23393145203590393
image_14444,0.3698728084564209
image_14445,0.1729966253042221
image_14446,0.22222307324409485
image_14447,0.3571406602859497
image_14448,0.21460051834583282
image_14449,0.1415456384420395
image_1445,0.012842622585594654
image_14450,0.16112232208251953
image_14451,0.16968463361263275
image_14452,0.11584638804197311
image_14453,0.1921064555644989
image_14454,0.6716746091842651
image_14455,0.03484029322862625
image_14456,0.11654161661863327
image_14457,0.1628691554069519
image_14458,0.3093934953212738
image_14459,0.19603697955608368
image_1446,0.23489487171173096
image_14460,0.7047935724258423
image_14461,0.07975266873836517
image_14462,0.25217944383621216
image_14463,0.41161489486694336
image_14464,0.1700599044561386
image_14465,0.27076253294944763
image_14466,0.3640996515750885
image_14467,0.1621582806110382
image_14468,0.15255145728588104
image_14469,0.15781964361667633
image_1447,0.22477762401103973
image_14470,0.3183090388774872
image_14471,0.032018568366765976
image_14472,0.17016397416591644
image_14473,0.1838400661945343
image_14474,0.20851878821849823
image_14475,0.2354068011045456
image_14476,0.21439437568187714
image_14477,0.0012152950512245297
image_14478,0.3969171345233917
image_14479,0.08716419339179993
image_1448,0.24300408363342285
image_14480,0.17163996398448944
image_14481,0.2594500184059143
image_14482,0.28394919633865356
image_14483,0.04841442033648491
image_14484,0.20239737629890442
image_14485,0.4466911852359772
image_14486,0.10098445415496826
image_14487,0.6134660243988037
image_14488,0.46290427446365356
image_14489,0.1287170946598053
image_1449,0.20791153609752655
image_14490,0.06536542624235153
image_14491,0.18252599239349365
image_14492,0.5873320698738098
image_14493,0.15065781772136688
image_14494,0.022582178935408592
image_14495,0.05238741263747215
image_14496,0.3447711169719696
image_14497,0.4287807047367096
image_14498,0.11267309635877609
image_14499,0.26837584376335144
image_145,0.36405837535858154
image_1450,0.28194692730903625
image_14500,0.11717832088470459
image_14501,0.11007647961378098
image_14502,0.29093050956726074
image_14503,0.1375819891691208
image_14504,0.10299766063690186
image_14505,0.1657126247882843
image_14506,0.07535586506128311
image_14507,0.3281536102294922
image_14508,0.06359005719423294
image_14509,0.06491754204034805
image_1451,0.13504567742347717
image_14510,0.006414307747036219
image_14511,0.18911421298980713
image_14512,0.20144274830818176
image_14513,0.26320019364356995
image_14514,0.6921617388725281
image_14515,0.29059192538261414
image_14516,0.6932345628738403
image_14517,0.1271861046552658
image_14518,0.4711175560951233
image_14519,0.24905037879943848
image_1452,0.28287017345428467
image_14520,0.06305927038192749
image_14521,0.5994886755943298
image_14522,0.3390721380710602
image_14523,0.09469401091337204
image_14524,0.17324833571910858
image_14525,0.22818128764629364
image_14526,0.22178100049495697
image_14527,0.18069195747375488
image_14528,0.06503205001354218
image_14529,0.176658496260643
image_1453,0.1830500364303589
image_14530,0.09936802089214325
image_14531,0.2444285899400711
image_14532,0.030281562358140945
image_14533,0.16216735541820526
image_14534,0.256153404712677
image_14535,0.5705500841140747
image_14536,0.2742261588573456
image_14537,0.38748666644096375
image_14538,0.1295533925294876
image_14539,0.14366506040096283
image_1454,0.28080156445503235
image_14540,0.19378280639648438
image_14541,0.09341297298669815
image_14542,0.3192550241947174
image_14543,0.23828783631324768
image_14544,0.06148194149136543
image_14545,0.05343645438551903
image_14546,0.1974247843027115
image_14547,0.6570480465888977
image_14548,0.11867692321538925
image_14549,0.1869143545627594
image_1455,0.21513040363788605
image_14550,0.13049256801605225
image_14551,0.2606113851070404
image_14552,0.8012065887451172
image_14553,0.21938298642635345
image_14554,0.7348784804344177
image_14555,0.46133995056152344
image_14556,0.4101770520210266
image_14557,0.19389668107032776
image_14558,0.1697077602148056
image_14559,0.1362432986497879
image_1456,0.1864214837551117
image_14560,0.2169824093580246
image_14561,0.2197045087814331
image_14562,0.0784340351819992
image_14563,0.187527135014534
image_14564,0.3416910767555237
image_14565,0.21357230842113495
image_14566,0.39744797348976135
image_14567,0.32009968161582947
image_14568,0.21557645499706268
image_14569,0.22767236828804016
image_1457,0.22470097243785858
image_14570,0.6724665760993958
image_14571,0.12591040134429932
image_14572,0.08218018710613251
image_14573,0.30317941308021545
image_14574,0.39533454179763794
image_14575,0.4331649839878082
image_14576,0.2608110010623932
image_14577,0.23504281044006348
image_14578,0.20151834189891815
image_14579,0.07694782316684723
image_1458,0.20219767093658447
image_14580,0.10117238014936447
image_14581,0.08050946891307831
image_14582,0.3140200972557068
image_14583,0.16605272889137268
image_14584,0.48152074217796326
image_14585,0.5933110117912292
image_14586,0.17883075773715973
image_14587,0.2387218475341797
image_14588,0.23332519829273224
image_14589,0.14373336732387543
image_1459,0.4708459973335266
image_14590,0.06307598948478699
image_14591,0.08733738958835602
image_14592,0.16224808990955353
image_14593,0.2014784812927246
image_14594,0.1897871494293213
image_14595,0.24408046901226044
image_14596,0.15725667774677277
image_14597,0.07964086532592773
image_14598,0.14152076840400696
image_14599,0.29901406168937683
image_146,0.21296179294586182
image_1460,0.07042606174945831
image_14600,0.09875788539648056
image_14601,0.026422811672091484
image_14602,0.11341362446546555
image_14603,0.1934756487607956
image_14604,0.3202097415924072
image_14605,0.3363836407661438
image_14606,0.7909310460090637
image_14607,0.19405148923397064
image_14608,0.14697948098182678
image_14609,0.19540126621723175
image_1461,0.16007879376411438
image_14610,0.06146274879574776
image_14611,0.09302681684494019
image_14612,0.41519156098365784
image_14613,0.25720033049583435
image_14614,0.26457297801971436
image_14615,0.17718906700611115
image_14616,0.18583674728870392
image_14617,0.389769047498703
image_14618,0.21481914818286896
image_14619,0.5493947863578796
image_1462,0.576409637928009
image_14620,0.14532971382141113
image_14621,0.6852184534072876
image_14622,0.11799156665802002
image_14623,0.11854666471481323
image_14624,0.23535466194152832
image_14625,0.39124828577041626
image_14626,0.13910570740699768
image_14627,0.3255305290222168
image_14628,0.4970077574253082
image_14629,0.19746707379817963
image_1463,0.15040670335292816
image_14630,0.09394616633653641
image_14631,0.17263329029083252
image_14632,0.1629212349653244
image_14633,0.7004714608192444
image_14634,0.2065412551164627
image_14635,0.5116907358169556
image_14636,0.11230313032865524
image_14637,0.16247017681598663
image_14638,0.569218635559082
image_14639,0.043627332895994186
image_1464,0.25916361808776855
image_14640,0.1458853930234909
image_14641,0.2293757051229477
image_14642,0.2272636890411377
image_14643,0.09553959220647812
image_14644,0.23143921792507172
image_14645,0.2656569182872772
image_14646,0.07621435821056366
image_14647,0.15916307270526886
image_14648,0.17432712018489838
image_14649,0.13219666481018066
image_1465,0.18849019706249237
image_14650,0.16354452073574066
image_14651,0.5751069784164429
image_14652,0.19126231968402863
image_14653,0.1592070758342743
image_14654,0.10547728836536407
image_14655,0.11939436197280884
image_14656,0.2752072811126709
image_14657,0.13450446724891663
image_14658,0.1371953785419464
image_14659,0.16343940794467926
image_1466,0.2386302500963211
image_14660,0.23573537170886993
image_14661,0.2669341564178467
image_14662,0.8142887353897095
image_14663,0.3279559314250946
image_14664,0.17245395481586456
image_14665,0.06052662059664726
image_14666,0.47196340560913086
image_14667,0.228831484913826
image_14668,0.4748905301094055
image_14669,0.13328616321086884
image_1467,0.041963718831539154
image_14670,0.3365024924278259
image_14671,0.17442137002944946
image_14672,0.4235815107822418
image_14673,0.05981571599841118
image_14674,0.07052566111087799
image_14675,0.1146053820848465
image_14676,0.09407435357570648
image_14677,0.254507839679718
image_14678,0.2189343273639679
image_14679,0.06387893110513687
image_1468,0.6897045969963074
image_14680,0.2056713104248047
image_14681,0.41059237718582153
image_14682,0.43934088945388794
image_14683,0.7092547416687012
image_14684,0.28010043501853943
image_14685,0.2915235459804535
image_14686,0.20570878684520721
image_14687,0.1158486157655716
image_14688,0.39082932472229004
image_14689,0.6801968216896057
image_1469,0.09695488959550858
image_14690,0.45681139826774597
image_14691,0.07012190669775009
image_14692,0.09870877116918564
image_14693,0.10053341835737228
image_14694,0.04348044469952583
image_14695,0.134303480386734
image_14696,0.3661104142665863
image_14697,0.2308531254529953
image_14698,0.2937232553958893
image_14699,0.13547687232494354
image_147,0.12967830896377563
image_1470,0.13445086777210236
image_14700,0.42288151383399963
image_14701,0.26959338784217834
image_14702,0.25300222635269165
image_14703,0.7090271711349487
image_14704,0.0472712405025959
image_14705,0.4380682408809662
image_14706,0.5165926814079285
image_14707,0.27073732018470764
image_14708,0.16763935983181
image_14709,0.3394075930118561
image_1471,0.5761010050773621
image_14710,0.25775691866874695
image_14711,0.13224993646144867
image_14712,0.23558132350444794
image_14713,0.08562532812356949
image_14714,0.11734640598297119
image_14715,0.44701385498046875
image_14716,0.24003008008003235
image_14717,0.4296758770942688
image_14718,0.3041107952594757
image_14719,0.11725502461194992
image_1472,0.09439416974782944
image_14720,0.3895339071750641
image_14721,0.783176600933075
image_14722,0.18099699914455414
image_14723,0.13884909451007843
image_14724,0.21101807057857513
image_14725,0.2986544966697693
image_14726,0.06482644379138947
image_14727,0.4564538598060608
image_14728,0.04108895733952522
image_14729,0.22085776925086975
image_1473,0.17666006088256836
image_14730,0.1506342887878418
image_14731,0.07389691472053528
image_14732,0.27943411469459534
image_14733,0.2150713950395584
image_14734,0.026256078854203224
image_14735,0.2623208463191986
image_14736,0.5053876042366028
image_14737,0.22075378894805908
image_14738,0.4743206202983856
image_14739,0.15838758647441864
image_1474,0.2731718122959137
image_14740,0.14441893994808197
image_14741,0.0726458802819252
image_14742,0.001740291016176343
image_14743,0.5855287909507751
image_14744,0.54177325963974
image_14745,0.729744017124176
image_14746,0.2010742872953415
image_14747,0.16178536415100098
image_14748,0.03815259411931038
image_14749,0.15878212451934814
image_1475,0.627226710319519
image_14750,0.07728027552366257
image_14751,0.39903751015663147
image_14752,0.3083837330341339
image_14753,0.12894491851329803
image_14754,0.13330195844173431
image_14755,0.19140653312206268
image_14756,0.09337921440601349
image_14757,0.08083999156951904
image_14758,0.1386766880750656
image_14759,0.1812371015548706
image_1476,0.1728886216878891
image_14760,0.13497431576251984
image_14761,0.4760889708995819
image_14762,0.2342025339603424
image_14763,0.2346952259540558
image_14764,0.18433532118797302
image_14765,0.8009395599365234
image_14766,0.14927832782268524
image_14767,0.17432191967964172
image_14768,0.07186313718557358
image_14769,0.24391761422157288
image_1477,0.675559401512146
image_14770,0.10761978477239609
image_14771,0.09585642069578171
image_14772,0.3231584131717682
image_14773,0.6331598162651062
image_14774,0.11805460602045059
image_14775,0.2164844125509262
image_14776,0.15747617185115814
image_14777,0.14631997048854828
image_14778,0.11958009004592896
image_14779,0.2955421805381775
image_1478,0.16226480901241302
image_14780,0.22022727131843567
image_14781,0.11688699573278427
image_14782,0.14044032990932465
image_14783,0.5996952056884766
image_14784,0.7733673453330994
image_14785,0.09379511326551437
image_14786,0.12403082102537155
image_14787,0.2553938329219818
image_14788,0.06595557928085327
image_14789,0.08912777155637741
image_1479,0.16881230473518372
image_14790,0.044266439974308014
image_14791,0.7972877025604248
image_14792,0.22571063041687012
image_14793,0.3524506688117981
image_14794,0.04023309424519539
image_14795,0.13588762283325195
image_14796,0.2862792909145355
image_14797,0.1296444833278656
image_14798,0.13993504643440247
image_14799,0.13711762428283691
image_148,0.027892941609025
image_1480,0.10836400836706161
image_14800,0.1954122632741928
image_14801,0.04952302202582359
image_14802,0.024938121438026428
image_14803,0.33592459559440613
image_14804,0.28365927934646606
image_14805,0.18855230510234833
image_14806,0.08502199500799179
image_14807,0.05926288291811943
image_14808,0.7135297656059265
image_14809,0.2978813350200653
image_1481,0.1704692840576172
image_14810,0.17066185176372528
image_14811,0.17330388724803925
image_14812,0.5642253160476685
image_14813,0.41437816619873047
image_14814,0.3125644326210022
image_14815,0.1311180144548416
image_14816,0.11029880493879318
image_14817,0.16795629262924194
image_14818,0.766833484172821
image_14819,0.1535802185535431
image_1482,0.3984600007534027
image_14820,0.3116230070590973
image_14821,0.05656201392412186
image_14822,0.10463156551122665
image_14823,0.10843612998723984
image_14824,0.14534509181976318
image_14825,0.07228004187345505
image_14826,0.7955812811851501
image_14827,0.25218889117240906
image_14828,0.11854701489210129
image_14829,0.20182351768016815
image_1483,0.09299308061599731
image_14830,0.2878269553184509
image_14831,0.0854535698890686
image_14832,0.5947349667549133
image_14833,0.03670429810881615
image_14834,0.2890992760658264
image_14835,0.30655890703201294
image_14836,0.08098413050174713
image_14837,0.2732061445713043
image_14838,0.11727871745824814
image_14839,0.1542145013809204
image_1484,0.3384782373905182
image_14840,0.2046000063419342
image_14841,0.17540699243545532
image_14842,0.403215616941452
image_14843,0.30176693201065063
image_14844,0.20165657997131348
image_14845,0.12891951203346252
image_14846,0.1302344650030136
image_14847,0.12835794687271118
image_14848,0.26693961024284363
image_14849,0.06721041351556778
image_1485,0.6494617462158203
image_14850,0.3658904731273651
image_14851,0.03388639912009239
image_14852,0.08964990824460983
image_14853,0.0877612978219986
image_14854,0.15588220953941345
image_14855,0.08577816188335419
image_14856,0.07581255584955215
image_14857,0.8239900469779968
image_14858,0.03242139890789986
image_14859,0.19975507259368896
image_1486,0.15262334048748016
image_14860,0.08574297279119492
image_14861,0.14004690945148468
image_14862,0.7121444344520569
image_14863,0.18728192150592804
image_14864,0.16195760667324066
image_14865,0.196097269654274
image_14866,0.14813871681690216
image_14867,0.23448264598846436
image_14868,0.7264055609703064
image_14869,0.15891490876674652
image_1487,0.5879623293876648
image_14870,0.048103757202625275
image_14871,0.5878002047538757
image_14872,0.09863782674074173
image_14873,0.31359797716140747
image_14874,0.2103840410709381
image_14875,0.48174187541007996
image_14876,0.48038649559020996
image_14877,0.0707152709364891
image_14878,0.5279449820518494
image_14879,0.5172335505485535
image_1488,0.42852112650871277
image_14880,0.22148780524730682
image_14881,0.16043369472026825
image_14882,0.08716437965631485
image_14883,0.09874366968870163
image_14884,0.38306769728660583
image_14885,0.25082120299339294
image_14886,0.07243140041828156
image_14887,0.39688050746917725
image_14888,0.41846075654029846
image_14889,0.2693013846874237
image_1489,0.1836887001991272
image_14890,0.2597438395023346
image_14891,0.18066075444221497
image_14892,0.21542306244373322
image_14893,0.25841593742370605
image_14894,0.010424698702991009
image_14895,0.15938203036785126
image_14896,0.18050990998744965
image_14897,0.38876521587371826
image_14898,0.3427128493785858
image_14899,0.08311375230550766
image_149,0.09851136058568954
image_1490,0.1020452156662941
image_14900,0.24844251573085785
image_14901,0.5048472881317139
image_14902,0.49676990509033203
image_14903,0.2519213855266571
image_14904,0.29270046949386597
image_14905,0.6728476881980896
image_14906,0.18364936113357544
image_14907,0.20353321731090546
image_14908,0.21236860752105713
image_14909,0.31914013624191284
image_1491,0.642206609249115
image_14910,0.10646311193704605
image_14911,0.8368568420410156
image_14912,0.3475991487503052
image_14913,0.2190631926059723
image_14914,0.3191046714782715
image_14915,0.21477332711219788
image_14916,0.24269752204418182
image_14917,0.08003558218479156
image_14918,0.5475978255271912
image_14919,0.6212807893753052
image_1492,0.37350040674209595
image_14920,0.08870464563369751
image_14921,0.3196159899234772
image_14922,0.0822911411523819
image_14923,0.11814099550247192
image_14924,0.3141615092754364
image_14925,0.2688308656215668
image_14926,0.2264048159122467
image_14927,0.2794373631477356
image_14928,0.2449054718017578
image_14929,0.23990455269813538
image_1493,0.2358979731798172
image_14930,0.23408010601997375
image_14931,0.3616320788860321
image_14932,0.09714116901159286
image_14933,0.2878405749797821
image_14934,0.34980151057243347
image_14935,0.5094375610351562
image_14936,0.5368773341178894
image_14937,0.34330832958221436
image_14938,0.2531786561012268
image_14939,0.1544167846441269
image_1494,0.39021846652030945
image_14940,0.43334588408470154
image_14941,0.25403618812561035
image_14942,0.32482969760894775
image_14943,0.15122485160827637
image_14944,0.29269105195999146
image_14945,0.31322747468948364
image_14946,0.5060023665428162
image_14947,0.884555459022522
image_14948,0.0726390853524208
image_14949,0.5537586808204651
image_1495,0.2785438001155853
image_14950,0.08931853622198105
image_14951,0.2560366690158844
image_14952,0.23520179092884064
image_14953,0.1329793483018875
image_14954,0.15708079934120178
image_14955,0.25033602118492126
image_14956,0.2372409850358963
image_14957,0.40042027831077576
image_14958,0.24728405475616455
image_14959,0.4712595045566559
image_1496,0.20058433711528778
image_14960,0.032325513660907745
image_14961,0.1498093605041504
image_14962,0.041472095996141434
image_14963,0.29238608479499817
image_14964,0.5365642309188843
image_14965,0.6084966063499451
image_14966,0.2551053464412689
image_14967,0.10004909336566925
image_14968,0.27947887778282166
image_14969,0.25964197516441345
image_1497,0.12029335647821426
image_14970,0.18444883823394775
image_14971,0.050827134400606155
image_14972,0.1092037484049797
image_14973,0.11297538131475449
image_14974,0.20105433464050293
image_14975,0.31134721636772156
image_14976,0.18685296177864075
image_14977,0.06075182557106018
image_14978,0.1604546755552292
image_14979,0.18121185898780823
image_1498,0.027361208572983742
image_14980,0.40781545639038086
image_14981,0.1949070543050766
image_14982,0.2237861454486847
image_14983,0.4509051740169525
image_14984,0.6592890620231628
image_14985,0.6657266020774841
image_14986,0.21435900032520294
image_14987,0.1162472516298294
image_14988,0.06626562774181366
image_14989,0.27955034375190735
image_1499,0.5438445210456848
image_14990,0.1232355386018753
image_14991,0.31698939204216003
image_14992,0.02695133350789547
image_14993,0.36985182762145996
image_14994,0.3458375930786133
image_14995,0.11584415286779404
image_14996,0.1325860172510147
image_14997,0.13729463517665863
image_14998,0.28543904423713684
image_14999,0.0892825722694397
image_15,0.4119787812232971
image_150,0.21709895133972168
image_1500,0.16435016691684723
image_15000,0.08797024935483932
image_15001,0.24474310874938965
image_15002,0.5440838932991028
image_15003,0.2044447660446167
image_15004,0.056952036917209625
image_15005,0.21076150238513947
image_15006,0.16918230056762695
image_15007,0.42773038148880005
image_15008,0.22974252700805664
image_15009,0.21507345139980316
image_1501,0.40569281578063965
image_15010,0.138604536652565
image_15011,0.0896342545747757
image_15012,0.16656272113323212
image_15013,0.4483424723148346
image_15014,0.18808189034461975
image_15015,0.20496582984924316
image_15016,0.1632259488105774
image_15017,0.06785740703344345
image_15018,0.5432454943656921
image_15019,0.5640899538993835
image_1502,0.654060423374176
image_15020,0.47669053077697754
image_15021,0.24595437943935394
image_15022,0.46676626801490784
image_15023,0.6532248854637146
image_15024,0.36138150095939636
image_15025,0.11114855110645294
image_15026,0.41803836822509766
image_15027,0.28569433093070984
image_15028,0.12281825393438339
image_15029,0.8240708708763123
image_1503,0.04875531792640686
image_15030,0.3897821605205536
image_15031,0.16211412847042084
image_15032,0.2037598192691803
image_15033,0.1405899077653885
image_15034,0.24575166404247284
image_15035,0.24611011147499084
image_15036,0.11635519564151764
image_15037,0.1085713654756546
image_15038,0.13189704716205597
image_15039,0.25457319617271423
image_1504,0.09370385110378265
image_15040,0.29471641778945923
image_15041,0.5548900961875916
image_15042,0.290300190448761
image_15043,0.26875177025794983
image_15044,0.2077084630727768
image_15045,0.10237254202365875
image_15046,0.8172804117202759
image_15047,0.2425079345703125
image_15048,0.20496778190135956
image_15049,0.07670225948095322
image_1505,0.3161543309688568
image_15050,0.27266502380371094
image_15051,0.1326669454574585
image_15052,0.24031589925289154
image_15053,0.26741236448287964
image_15054,0.24038700759410858
image_15055,0.21033929288387299
image_15056,0.14930874109268188
image_15057,0.63735431432724
image_15058,0.25716909766197205
image_15059,0.2277037352323532
image_1506,0.06907349824905396
image_15060,0.1395956575870514
image_15061,0.46033555269241333
image_15062,0.1074715405702591
image_15063,0.20034487545490265
image_15064,0.3152714669704437
image_15065,0.05990120396018028
image_15066,0.5134671330451965
image_15067,0.08760332316160202
image_15068,0.6870527267456055
image_15069,0.056775178760290146
image_1507,0.1293797492980957
image_15070,0.18307356536388397
image_15071,0.23790569603443146
image_15072,0.2064577341079712
image_15073,0.189212366938591
image_15074,0.09201305359601974
image_15075,0.27133646607398987
image_15076,0.04612022265791893
image_15077,0.0816163495182991
image_15078,0.31719204783439636
image_15079,0.6984652876853943
image_1508,0.13008084893226624
image_15080,0.28773579001426697
image_15081,0.08738719671964645
image_15082,0.17490629851818085
image_15083,0.05690440535545349
image_15084,0.1371995061635971
image_15085,0.6220460534095764
image_15086,0.2687036693096161
image_15087,0.5474544167518616
image_15088,0.41729164123535156
image_15089,0.2103177160024643
image_1509,0.27996984124183655
image_15090,0.22652171552181244
image_15091,0.4616974890232086
image_15092,0.792931854724884
image_15093,0.0938430204987526
image_15094,0.18791155517101288
image_15095,0.6348927617073059
image_15096,0.10948840528726578
image_15097,0.07847291231155396
image_15098,0.1903957575559616
image_15099,0.12193484604358673
image_151,0.3440733850002289
image_1510,0.1322053223848343
image_15100,0.15473464131355286
image_15101,0.15425464510917664
image_15102,0.1868119090795517
image_15103,0.8464025855064392
image_15104,0.17777475714683533
image_15105,0.12545417249202728
image_15106,0.08621124178171158
image_15107,0.23681508004665375
image_15108,0.6504519581794739
image_15109,0.25799012184143066
image_1511,0.24096961319446564
image_15110,0.18421626091003418
image_15111,0.11112713813781738
image_15112,0.294499009847641
image_15113,0.5486624836921692
image_15114,0.19381099939346313
image_15115,0.4086759090423584
image_15116,0.13672199845314026
image_15117,0.14753396809101105
image_15118,0.3806646764278412
image_15119,0.19689027965068817
image_1512,0.3699379861354828
image_15120,0.09020586311817169
image_15121,0.3481719195842743
image_15122,0.13719867169857025
image_15123,0.3621295094490051
image_15124,0.010515833273530006
image_15125,0.3971710503101349
image_15126,0.1422330141067505
image_15127,0.39121565222740173
image_15128,0.31552597880363464
image_15129,0.19143052399158478
image_1513,0.2159392088651657
image_15130,0.18797333538532257
image_15131,0.1663808822631836
image_15132,0.1210523396730423
image_15133,0.05204036459326744
image_15134,0.1839505434036255
image_15135,0.07124640047550201
image_15136,0.07632739841938019
image_15137,0.32298484444618225
image_15138,0.3311571776866913
image_15139,0.6883257031440735
image_1514,0.19929353892803192
image_15140,0.17120319604873657
image_15141,0.03162476047873497
image_15142,0.34087926149368286
image_15143,0.03827865049242973
image_15144,0.17098000645637512
image_15145,0.5907018780708313
image_15146,0.25214120745658875
image_15147,0.35213181376457214
image_15148,0.18268615007400513
image_15149,0.18606217205524445
image_1515,0.24843357503414154
image_15150,0.3101004660129547
image_15151,0.6963810324668884
image_15152,0.1197551041841507
image_15153,0.4580352008342743
image_15154,0.12180755287408829
image_15155,0.19978253543376923
image_15156,0.22307749092578888
image_15157,0.2754490375518799
image_15158,0.18616162240505219
image_15159,0.2364540845155716
image_1516,0.20774154365062714
image_15160,0.2140374630689621
image_15161,0.1495315581560135
image_15162,0.7084506154060364
image_15163,0.10615304857492447
image_15164,0.24615263938903809
image_15165,0.05718028172850609
image_15166,0.0857083722949028
image_15167,0.04462820291519165
image_15168,0.10215013474225998
image_15169,0.1497938483953476
image_1517,0.13843655586242676
image_15170,0.27948451042175293
image_15171,0.15499667823314667
image_15172,0.17124560475349426
image_15173,0.3493567109107971
image_15174,0.2477422058582306
image_15175,0.3449041545391083
image_15176,0.21843405067920685
image_15177,0.19211457669734955
image_15178,0.21049223840236664
image_15179,0.36276838183403015
image_1518,0.18859072029590607
image_15180,0.16384391486644745
image_15181,0.23346205055713654
image_15182,0.14452381432056427
image_15183,0.4820968806743622
image_15184,0.04779865965247154
image_15185,0.4100351333618164
image_15186,0.15045130252838135
image_15187,0.41759106516838074
image_15188,0.7542042136192322
image_15189,0.28411054611206055
image_1519,0.1926763504743576
image_15190,0.0560947060585022
image_15191,0.13691046833992004
image_15192,0.4342802166938782
image_15193,0.2998659312725067
image_15194,0.12037407606840134
image_15195,0.6009955406188965
image_15196,0.289690226316452
image_15197,0.1749575436115265
image_15198,0.13078242540359497
image_15199,0.05543205887079239
image_152,0.1468464434146881
image_1520,0.08548246324062347
image_15200,0.24387334287166595
image_15201,0.12076034396886826
image_15202,0.13234899938106537
image_15203,0.11432265490293503
image_15204,0.2654045522212982
image_15205,0.19795383512973785
image_15206,0.28179463744163513
image_15207,0.2423480600118637
image_15208,0.08249566704034805
image_15209,0.2012168914079666
image_1521,0.11492836475372314
image_15210,0.14345256984233856
image_15211,0.19218824803829193
image_15212,0.2132517397403717
image_15213,0.23368005454540253
image_15214,0.06210141256451607
image_15215,0.25230464339256287
image_15216,0.11262068897485733
image_15217,0.23413722217082977
image_15218,0.264166921377182
image_15219,0.7310500144958496
image_1522,0.36096301674842834
image_15220,0.1280440390110016
image_15221,0.6544967889785767
image_15222,0.2433844804763794
image_15223,0.1140233501791954
image_15224,0.09530037641525269
image_15225,0.0634075477719307
image_15226,0.06161702424287796
image_15227,0.35557350516319275
image_15228,0.2720494270324707
image_15229,0.0690530315041542
image_1523,0.2249641865491867
image_15230,0.022141186520457268
image_15231,0.14570830762386322
image_15232,0.8367571234703064
image_15233,0.1814556121826172
image_15234,0.14292724430561066
image_15235,0.11859525740146637
image_15236,0.0803602859377861
image_15237,0.059491634368896484
image_15238,0.6829326748847961
image_15239,0.19483843445777893
image_1524,0.5298871397972107
image_15240,0.2707253694534302
image_15241,0.17079757153987885
image_15242,0.12548089027404785
image_15243,0.16966430842876434
image_15244,0.20786654949188232
image_15245,0.18976883590221405
image_15246,0.18119356036186218
image_15247,0.09504493325948715
image_15248,0.3520590364933014
image_15249,0.122902512550354
image_1525,0.148804172873497
image_15250,0.5955423712730408
image_15251,0.13448718190193176
image_15252,0.7140858769416809
image_15253,0.5772837400436401
image_15254,0.6935575604438782
image_15255,0.06984058767557144
image_15256,0.21616826951503754
image_15257,0.3655512034893036
image_15258,0.13713037967681885
image_15259,0.29511502385139465
image_1526,0.2347613424062729
image_15260,0.3614150583744049
image_15261,0.14266933500766754
image_15262,0.12489666044712067
image_15263,0.6094902157783508
image_15264,0.12269019335508347
image_15265,0.11719200760126114
image_15266,0.4526275098323822
image_15267,0.07271422445774078
image_15268,0.2591215670108795
image_15269,0.21078824996948242
image_1527,0.17749221622943878
image_15270,0.14402566850185394
image_15271,0.14718757569789886
image_15272,0.18337586522102356
image_15273,0.030325880274176598
image_15274,0.15002353489398956
image_15275,0.2078292816877365
image_15276,0.5726137757301331
image_15277,0.2955913245677948
image_15278,0.13637946546077728
image_15279,0.1046600341796875
image_1528,0.20151101052761078
image_15280,0.1482667177915573
image_15281,0.13417759537696838
image_15282,0.128223717212677
image_15283,0.2736235558986664
image_15284,0.0486794114112854
image_15285,0.38958173990249634
image_15286,0.06992259621620178
image_15287,0.6647478342056274
image_15288,0.319012850522995
image_15289,0.14737999439239502
image_1529,0.244648739695549
image_15290,0.3451140820980072
image_15291,0.1646733433008194
image_15292,0.09191060811281204
image_15293,0.2865767180919647
image_15294,0.7902092337608337
image_15295,0.16751740872859955
image_15296,0.23237454891204834
image_15297,0.40845924615859985
image_15298,0.03599437326192856
image_15299,0.24038377404212952
image_153,0.2216908484697342
image_1530,0.847629964351654
image_15300,0.14791299402713776
image_15301,0.6665971279144287
image_15302,0.2956579625606537
image_15303,0.18833638727664948
image_15304,0.05212746188044548
image_15305,0.18329964578151703
image_15306,0.1169731616973877
image_15307,0.30872979760169983
image_15308,0.2316751480102539
image_15309,0.26247477531433105
image_1531,0.1586969941854477
image_15310,0.3037174940109253
image_15311,0.10130655020475388
image_15312,0.05391618609428406
image_15313,0.6806089282035828
image_15314,0.1791813224554062
image_15315,0.06331609934568405
image_15316,0.08822398632764816
image_15317,0.163368359208107
image_15318,0.183677077293396
image_15319,0.2581031024456024
image_1532,0.05186828598380089
image_15320,0.5612911581993103
image_15321,0.08669405430555344
image_15322,0.14966711401939392
image_15323,0.12111460417509079
image_15324,0.13562557101249695
image_15325,0.6969637870788574
image_15326,0.4920145571231842
image_15327,0.8225712180137634
image_15328,0.4028758704662323
image_15329,0.17795994877815247
image_1533,0.2062554806470871
image_15330,0.4517795741558075
image_15331,0.1070820614695549
image_15332,0.24663129448890686
image_15333,0.6643800735473633
image_15334,0.19809193909168243
image_15335,0.33971551060676575
image_15336,0.48122963309288025
image_15337,0.1709987074136734
image_15338,0.10524971783161163
image_15339,0.3475535213947296
image_1534,0.06423762440681458
image_15340,0.1770637333393097
image_15341,0.16248130798339844
image_15342,0.0672295019030571
image_15343,0.2907480001449585
image_15344,0.1756027638912201
image_15345,0.8579004406929016
image_15346,0.10304391384124756
image_15347,0.11228646337985992
image_15348,0.4743362367153168
image_15349,0.2912103235721588
image_1535,0.18243806064128876
image_15350,0.18868030607700348
image_15351,0.053045887500047684
image_15352,0.19192518293857574
image_15353,0.7427689433097839
image_15354,0.08739318698644638
image_15355,0.23232249915599823
image_15356,0.010335787199437618
image_15357,0.11378609389066696
image_15358,0.2157808393239975
image_15359,0.12752418220043182
image_1536,0.08059229701757431
image_15360,0.30637794733047485
image_15361,0.5050953030586243
image_15362,0.23021629452705383
image_15363,0.196040540933609
image_15364,0.32539817690849304
image_15365,0.33559608459472656
image_15366,0.09202416241168976
image_15367,0.2581375241279602
image_15368,0.21258483827114105
image_15369,0.42894992232322693
image_1537,0.16049936413764954
image_15370,0.19320134818553925
image_15371,0.1372307389974594
image_15372,0.3152131736278534
image_15373,0.11761897057294846
image_15374,0.06247739866375923
image_15375,0.06514797359704971
image_15376,0.12247997522354126
image_15377,0.2645423114299774
image_15378,0.7583569884300232
image_15379,0.23894397914409637
image_1538,0.05488240346312523
image_15380,0.00996697973459959
image_15381,0.11216194927692413
image_15382,0.2389836311340332
image_15383,0.7820338606834412
image_15384,0.23876844346523285
image_15385,0.12927912175655365
image_15386,0.16440974175930023
image_15387,0.7392070889472961
image_15388,0.12988176941871643
image_15389,0.5323102474212646
image_1539,0.07039526849985123
image_15390,0.25011226534843445
image_15391,0.07733982801437378
image_15392,0.2068592756986618
image_15393,0.45832952857017517
image_15394,0.4036352336406708
image_15395,0.22264109551906586
image_15396,0.31815633177757263
image_15397,0.21571891009807587
image_15398,0.44577690958976746
image_15399,0.12217029184103012
image_154,0.12315317243337631
image_1540,0.24832676351070404
image_15400,0.08040385693311691
image_15401,0.2086082547903061
image_15402,0.2759839594364166
image_15403,0.2737717926502228
image_15404,0.05862532928586006
image_15405,0.5417583584785461
image_15406,0.17418746650218964
image_15407,0.26239293813705444
image_15408,0.1551259607076645
image_15409,0.0806916207075119
image_1541,0.2809058725833893
image_15410,0.7797211408615112
image_15411,0.3140929937362671
image_15412,0.17321732640266418
image_15413,0.14294104278087616
image_15414,0.029990656301379204
image_15415,0.06370048969984055
image_15416,0.13226664066314697
image_15417,0.2547425925731659
image_15418,0.04927496612071991
image_15419,0.15521781146526337
image_1542,0.1990303099155426
image_15420,0.08164840936660767
image_15421,0.5518486499786377
image_15422,0.4585835039615631
image_15423,0.22818155586719513
image_15424,0.2751901149749756
image_15425,0.5192772746086121
image_15426,0.10088678449392319
image_15427,0.3885454535484314
image_15428,0.19440501928329468
image_15429,0.1657261848449707
image_1543,0.3077687919139862
image_15430,0.17858192324638367
image_15431,0.06606759876012802
image_15432,0.11852254718542099
image_15433,0.204151913523674
image_15434,0.2028743326663971
image_15435,0.2324494868516922
image_15436,0.23818854987621307
image_15437,0.18863603472709656
image_15438,0.19963876903057098
image_15439,0.07369201630353928
image_1544,0.20166254043579102
image_15440,0.23763833940029144
image_15441,0.1351759284734726
image_15442,0.23994438350200653
image_15443,0.2999595105648041
image_15444,0.18267393112182617
image_15445,0.1868048906326294
image_15446,0.06359269469976425
image_15447,0.18744586408138275
image_15448,0.14475949108600616
image_15449,0.29384762048721313
image_1545,0.16852538287639618
image_15450,0.07806600630283356
image_15451,0.19478391110897064
image_15452,0.1060539036989212
image_15453,0.10343801975250244
image_15454,0.1825811117887497
image_15455,0.09626569598913193
image_15456,0.13758014142513275
image_15457,0.6690204739570618
image_15458,0.22899897396564484
image_15459,0.2065751999616623
image_1546,0.4140990376472473
image_15460,0.032931070774793625
image_15461,0.6010599136352539
image_15462,0.10000733286142349
image_15463,0.2097984105348587
image_15464,0.08866824954748154
image_15465,0.2890373170375824
image_15466,0.47103509306907654
image_15467,0.17891506850719452
image_15468,0.16374847292900085
image_15469,0.1292591542005539
image_1547,0.3462159335613251
image_15470,0.13391540944576263
image_15471,0.08459901064634323
image_15472,0.18559645116329193
image_15473,0.2279893010854721
image_15474,0.1451520025730133
image_15475,0.11882542818784714
image_15476,0.09893150627613068
image_15477,0.1118704229593277
image_15478,0.08594337105751038
image_15479,0.10378266870975494
image_1548,0.12958143651485443
image_15480,0.23390261828899384
image_15481,0.13719050586223602
image_15482,0.1791517585515976
image_15483,0.18769946694374084
image_15484,0.38263946771621704
image_15485,0.2788136899471283
image_15486,0.04486102983355522
image_15487,0.39064258337020874
image_15488,0.5511605143547058
image_15489,0.41219598054885864
image_1549,0.13020794093608856
image_15490,0.42304712533950806
image_15491,0.41258832812309265
image_15492,0.2688734531402588
image_15493,0.325486421585083
image_15494,0.19005189836025238
image_15495,0.19381974637508392
image_15496,0.22946465015411377
image_15497,0.16284246742725372
image_15498,0.37833377718925476
image_15499,0.050035059452056885
image_155,0.21578717231750488
image_1550,0.06545557081699371
image_15500,0.3948943614959717
image_15501,0.13594619929790497
image_15502,0.13476720452308655
image_15503,0.18917255103588104
image_15504,0.16314451396465302
image_15505,0.47128739953041077
image_15506,0.05174284055829048
image_15507,0.18424956500530243
image_15508,0.1431284248828888
image_15509,0.1807633638381958
image_1551,0.3149290084838867
image_15510,0.02951606921851635
image_15511,0.13092897832393646
image_15512,0.04010341316461563
image_15513,0.18502798676490784
image_15514,0.2206757515668869
image_15515,0.6335795521736145
image_15516,0.28998002409935
image_15517,0.21557731926441193
image_15518,0.5747311115264893
image_15519,0.17290715873241425
image_1552,0.13346460461616516
image_15520,0.6390535235404968
image_15521,0.11347480118274689
image_15522,0.08795042335987091
image_15523,0.17865152657032013
image_15524,0.830527126789093
image_15525,0.15104471147060394
image_15526,0.13604488968849182
image_15527,0.3993466794490814
image_15528,0.211867094039917
image_15529,0.05924283340573311
image_1553,0.07607406377792358
image_15530,0.0841645747423172
image_15531,0.020666494965553284
image_15532,0.3649043142795563
image_15533,0.12577125430107117
image_15534,0.5251654386520386
image_15535,0.5875229835510254
image_15536,0.5131359100341797
image_15537,0.38938209414482117
image_15538,0.4066481292247772
image_15539,0.13217513263225555
image_1554,0.10959496349096298
image_15540,0.10311146825551987
image_15541,0.15508024394512177
image_15542,0.08876679092645645
image_15543,0.032732587307691574
image_15544,0.16746601462364197
image_15545,0.1877661496400833
image_15546,0.14245286583900452
image_15547,0.07306768745183945
image_15548,0.7561766505241394
image_15549,0.17783178389072418
image_1555,0.5368412137031555
image_15550,0.13326826691627502
image_15551,0.6199480891227722
image_15552,0.20634399354457855
image_15553,0.15402400493621826
image_15554,0.11272785812616348
image_15555,0.11212845146656036
image_15556,0.3563206195831299
image_15557,0.09462542831897736
image_15558,0.2283370941877365
image_15559,0.12421248108148575
image_1556,0.056829988956451416
image_15560,0.3330951929092407
image_15561,0.028877127915620804
image_15562,0.14551681280136108
image_15563,0.45793047547340393
image_15564,0.24638989567756653
image_15565,0.1608816236257553
image_15566,0.14713452756404877
image_15567,0.680755615234375
image_15568,0.2903080880641937
image_15569,0.3008134365081787
image_1557,0.23961178958415985
image_15570,0.09540028125047684
image_15571,0.6728396415710449
image_15572,0.1825924962759018
image_15573,0.12426667660474777
image_15574,0.29127877950668335
image_15575,0.23771849274635315
image_15576,0.24888844788074493
image_15577,0.2427983283996582
image_15578,0.4334772229194641
image_15579,0.11456656455993652
image_1558,0.5802136659622192
image_15580,0.25430551171302795
image_15581,0.07086359709501266
image_15582,0.2530616223812103
image_15583,0.11316385120153427
image_15584,0.302447646856308
image_15585,0.7917603850364685
image_15586,0.09263435751199722
image_15587,0.6319010853767395
image_15588,0.8361873030662537
image_15589,0.1460060328245163
image_1559,0.4900706708431244
image_15590,0.11262016743421555
image_15591,0.09614324569702148
image_15592,0.11390713602304459
image_15593,0.36116132140159607
image_15594,0.23562729358673096
image_15595,0.11272430419921875
image_15596,0.16354958713054657
image_15597,0.24026890099048615
image_15598,0.08612706512212753
image_15599,0.23999987542629242
image_156,0.17194460332393646
image_1560,0.15428410470485687
image_15600,0.5510344505310059
image_15601,0.2657337784767151
image_15602,0.13685506582260132
image_15603,0.18050271272659302
image_15604,0.0706586018204689
image_15605,0.24260973930358887
image_15606,0.06747462600469589
image_15607,0.1252552717924118
image_15608,0.15207362174987793
image_15609,0.041107770055532455
image_1561,0.04118052124977112
image_15610,0.31529495120048523
image_15611,0.14134226739406586
image_15612,0.43397435545921326
image_15613,0.09047819674015045
image_15614,0.18594686686992645
image_15615,0.13714568316936493
image_15616,0.12244274467229843
image_15617,0.19298608601093292
image_15618,0.5181929469108582
image_15619,0.224723219871521
image_1562,0.03762422502040863
image_15620,0.3188384473323822
image_15621,0.5241315960884094
image_15622,0.1417568176984787
image_15623,0.48324719071388245
image_15624,0.19244247674942017
image_15625,0.41187405586242676
image_15626,0.24152784049510956
image_15627,0.32484719157218933
image_15628,0.34042930603027344
image_15629,0.03397236764431
image_1563,0.1357477903366089
image_15630,0.4317202568054199
image_15631,0.3413771092891693
image_15632,0.16914819180965424
image_15633,0.07620280981063843
image_15634,0.15126632153987885
image_15635,0.4465981125831604
image_15636,0.6015667915344238
image_15637,0.27121761441230774
image_15638,0.4826672077178955
image_15639,0.2788855731487274
image_1564,0.7471292614936829
image_15640,0.46146413683891296
image_15641,0.5093886256217957
image_15642,0.5172688364982605
image_15643,0.22335021197795868
image_15644,0.12655214965343475
image_15645,0.23585514724254608
image_15646,0.20214824378490448
image_15647,0.2492314577102661
image_15648,0.29373809695243835
image_15649,0.7918945550918579
image_1565,0.35899969935417175
image_15650,0.4510714113712311
image_15651,0.22068825364112854
image_15652,0.19468186795711517
image_15653,0.09303371608257294
image_15654,0.3142649829387665
image_15655,0.125294491648674
image_15656,0.0943121686577797
image_15657,0.12631069123744965
image_15658,0.6304099559783936
image_15659,0.1892738789319992
image_1566,0.09957307577133179
image_15660,0.15609847009181976
image_15661,0.26708242297172546
image_15662,0.29630908370018005
image_15663,0.18906986713409424
image_15664,0.12244915962219238
image_15665,0.4080631732940674
image_15666,0.33398839831352234
image_15667,0.3155756890773773
image_15668,0.11220590025186539
image_15669,0.20664766430854797
image_1567,0.5465911626815796
image_15670,0.5896583199501038
image_15671,0.8566247820854187
image_15672,0.27652379870414734
image_15673,0.6379486918449402
image_15674,0.18284225463867188
image_15675,0.12277480214834213
image_15676,0.34376010298728943
image_15677,0.09553718566894531
image_15678,0.0827917829155922
image_15679,0.20096455514431
image_1568,0.51112300157547
image_15680,0.07313547283411026
image_15681,0.0730162113904953
image_15682,0.13546745479106903
image_15683,0.04457451030611992
image_15684,0.09775236248970032
image_15685,0.22701799869537354
image_15686,0.06011028215289116
image_15687,0.13699817657470703
image_15688,0.21077874302864075
image_15689,0.13147270679473877
image_1569,0.0730617567896843
image_15690,0.0824354812502861
image_15691,0.04447734355926514
image_15692,0.21971595287322998
image_15693,0.3417888879776001
image_15694,0.10173916071653366
image_15695,0.23543119430541992
image_15696,0.17463117837905884
image_15697,0.25524112582206726
image_15698,0.35396045446395874
image_15699,0.05815622955560684
image_157,0.09849817305803299
image_1570,0.06657537072896957
image_15700,0.037621285766363144
image_15701,0.17902469635009766
image_15702,0.07824280112981796
image_15703,0.06620759516954422
image_15704,0.8688156008720398
image_15705,0.05174826458096504
image_15706,0.7109503746032715
image_15707,0.05658669397234917
image_15708,0.4391081929206848
image_15709,0.1360580176115036
image_1571,0.21178989112377167
image_15710,0.688698410987854
image_15711,0.086025670170784
image_15712,0.03991340473294258
image_15713,0.31279799342155457
image_15714,0.11844096332788467
image_15715,0.4835417866706848
image_15716,0.07082047313451767
image_15717,0.03862074390053749
image_15718,0.0844237208366394
image_15719,0.24707655608654022
image_1572,0.4666309952735901
image_15720,0.1663980484008789
image_15721,0.20630724728107452
image_15722,0.1012553796172142
image_15723,0.7114914059638977
image_15724,0.36697107553482056
image_15725,0.27309122681617737
image_15726,0.5943660736083984
image_15727,0.3192652463912964
image_15728,0.11216938495635986
image_15729,0.3083244264125824
image_1573,0.2278459519147873
image_15730,0.2869951128959656
image_15731,0.12439358234405518
image_15732,0.21663713455200195
image_15733,0.09539772570133209
image_15734,0.06370463222265244
image_15735,0.03650027513504028
image_15736,0.16149525344371796
image_15737,0.10547196865081787
image_15738,0.1631663739681244
image_15739,0.3255903422832489
image_1574,0.14242146909236908
image_15740,0.10943390429019928
image_15741,0.3702218532562256
image_15742,0.3223327100276947
image_15743,0.1574951857328415
image_15744,0.2841205298900604
image_15745,0.19416344165802002
image_15746,0.26422855257987976
image_15747,0.7175676822662354
image_15748,0.2776358127593994
image_15749,0.22662246227264404
image_1575,0.12968948483467102
image_15750,0.7854992151260376
image_15751,0.0635119080543518
image_15752,0.09961703419685364
image_15753,0.08783476799726486
image_15754,0.17414012551307678
image_15755,0.26146993041038513
image_15756,0.09147444367408752
image_15757,0.198471799492836
image_15758,0.4288444519042969
image_15759,0.12702827155590057
image_1576,0.3113747537136078
image_15760,0.24038492143154144
image_15761,0.28324058651924133
image_15762,0.02862149477005005
image_15763,0.27167317271232605
image_15764,0.4474245011806488
image_15765,0.06770981848239899
image_15766,0.3223994970321655
image_15767,0.2874569594860077
image_15768,0.38314396142959595
image_15769,0.0849873349070549
image_1577,0.10786128044128418
image_15770,0.06669770926237106
image_15771,0.2122441530227661
image_15772,0.0953586995601654
image_15773,0.248294398188591
image_15774,0.30809852480888367
image_15775,0.32836419343948364
image_15776,0.7636772990226746
image_15777,0.18268664181232452
image_15778,0.1573840230703354
image_15779,0.35561177134513855
image_1578,0.22437909245491028
image_15780,0.2371513694524765
image_15781,0.13050515949726105
image_15782,0.07494478672742844
image_15783,0.09033279865980148
image_15784,0.16010145843029022
image_15785,0.1093679815530777
image_15786,0.2414543181657791
image_15787,0.16593387722969055
image_15788,0.6212037205696106
image_15789,0.20779061317443848
image_1579,0.143149733543396
image_15790,0.21287260949611664
image_15791,0.31724029779434204
image_15792,0.10001474618911743
image_15793,0.05862600728869438
image_15794,0.2157822698354721
image_15795,0.21319346129894257
image_15796,0.19464857876300812
image_15797,0.029961034655570984
image_15798,0.2668539881706238
image_15799,0.2726319432258606
image_158,0.23253245651721954
image_1580,0.03526731953024864
image_15800,0.21265816688537598
image_15801,0.3128284513950348
image_15802,0.28664347529411316
image_15803,0.2629208564758301
image_15804,0.1253099888563156
image_15805,0.3082428574562073
image_15806,0.8492807745933533
image_15807,0.6222807765007019
image_15808,0.09465890377759933
image_15809,0.20099130272865295
image_1581,0.26192399859428406
image_15810,0.1734735071659088
image_15811,0.13527345657348633
image_15812,0.44379088282585144
image_15813,0.19021271169185638
image_15814,0.21775348484516144
image_15815,0.2649497389793396
image_15816,0.339252769947052
image_15817,0.10423411428928375
image_15818,0.17748676240444183
image_15819,0.09269382804632187
image_1582,0.09697883576154709
image_15820,0.16947293281555176
image_15821,0.9207216501235962
image_15822,0.19310520589351654
image_15823,0.09488256275653839
image_15824,0.10934746265411377
image_15825,0.23726332187652588
image_15826,0.08792490512132645
image_15827,0.13102905452251434
image_15828,0.025403393432497978
image_15829,0.617271900177002
image_1583,0.16201286017894745
image_15830,0.17959757149219513
image_15831,0.04318754002451897
image_15832,0.1085907444357872
image_15833,0.7428818941116333
image_15834,0.08205777406692505
image_15835,0.06400465965270996
image_15836,0.5949331521987915
image_15837,0.6019099354743958
image_15838,0.21499498188495636
image_15839,0.20471148192882538
image_1584,0.2677726447582245
image_15840,0.49641773104667664
image_15841,0.21496210992336273
image_15842,0.28947579860687256
image_15843,0.48309388756752014
image_15844,0.17660951614379883
image_15845,0.22142787277698517
image_15846,0.051224298775196075
image_15847,0.16260237991809845
image_15848,0.05697530135512352
image_15849,0.19686906039714813
image_1585,0.3684365749359131
image_15850,0.1354610174894333
image_15851,0.10057383030653
image_15852,0.3927941918373108
image_15853,0.17973871529102325
image_15854,0.13054338097572327
image_15855,0.5690510869026184
image_15856,0.16709811985492706
image_15857,0.07185345143079758
image_15858,0.08310528844594955
image_15859,0.19009076058864594
image_1586,0.24994900822639465
image_15860,0.2186269313097
image_15861,0.21784554421901703
image_15862,0.15450792014598846
image_15863,0.07885344326496124
image_15864,0.24447040259838104
image_15865,0.275235652923584
image_15866,0.12606482207775116
image_15867,0.13226746022701263
image_15868,0.16269639134407043
image_15869,0.10232806205749512
image_1587,0.17535839974880219
image_15870,0.21613387763500214
image_15871,0.14612281322479248
image_15872,0.10766398906707764
image_15873,0.1611015647649765
image_15874,0.14165601134300232
image_15875,0.18548265099525452
image_15876,0.1414179801940918
image_15877,0.17162683606147766
image_15878,0.33474001288414
image_15879,0.0704558938741684
image_1588,0.14271889626979828
image_15880,0.4414307773113251
image_15881,0.14461365342140198
image_15882,0.1548399180173874
image_15883,0.10696816444396973
image_15884,0.19725696742534637
image_15885,0.1989416629076004
image_15886,0.3052970767021179
image_15887,0.462273508310318
image_15888,0.2741365134716034
image_15889,0.5602607727050781
image_1589,0.08665251731872559
image_15890,0.2847364842891693
image_15891,0.25577259063720703
image_15892,0.2263614684343338
image_15893,0.28845682740211487
image_15894,0.1859181821346283
image_15895,0.14338697493076324
image_15896,0.18738272786140442
image_15897,0.5964524149894714
image_15898,0.35201501846313477
image_15899,0.5765239596366882
image_159,0.5964698195457458
image_1590,0.8427392840385437
image_15900,0.05693532153964043
image_15901,0.10888276249170303
image_15902,0.28372398018836975
image_15903,0.20549635589122772
image_15904,0.24209435284137726
image_15905,0.1682070940732956
image_15906,0.19446824491024017
image_15907,0.15467789769172668
image_15908,0.34575703740119934
image_15909,0.06706669181585312
image_1591,0.1350160539150238
image_15910,0.023678278550505638
image_15911,0.2729707360267639
image_15912,0.23601332306861877
image_15913,0.0743289366364479
image_15914,0.4060632884502411
image_15915,0.10321789234876633
image_15916,0.14585013687610626
image_15917,0.23194313049316406
image_15918,0.2340385913848877
image_15919,0.07761550694704056
image_1592,0.25967293977737427
image_15920,0.09108435362577438
image_15921,0.285842627286911
image_15922,0.5534518361091614
image_15923,0.19384174048900604
image_15924,0.33664748072624207
image_15925,0.18046823143959045
image_15926,0.2174052745103836
image_15927,0.2878415286540985
image_15928,0.8224560022354126
image_15929,0.27933618426322937
image_1593,0.18164116144180298
image_15930,0.20804396271705627
image_15931,0.553883969783783
image_15932,0.20558634400367737
image_15933,0.1211458221077919
image_15934,0.6787744760513306
image_15935,0.22186534106731415
image_15936,0.24960803985595703
image_15937,0.3646800220012665
image_15938,0.12420403212308884
image_15939,0.12002118676900864
image_1594,0.3066597878932953
image_15940,0.21286006271839142
image_15941,0.07551508396863937
image_15942,0.26430580019950867
image_15943,0.1608477383852005
image_15944,0.18657748401165009
image_15945,0.07570655643939972
image_15946,0.6893976330757141
image_15947,0.21959160268306732
image_15948,0.32806602120399475
image_15949,0.0730494037270546
image_1595,0.14614997804164886
image_15950,0.20494337379932404
image_15951,0.16747525334358215
image_15952,0.34675416350364685
image_15953,0.11474364250898361
image_15954,0.1678079217672348
image_15955,0.26568982005119324
image_15956,0.2646162211894989
image_15957,0.19134393334388733
image_15958,0.4989021420478821
image_15959,0.18864093720912933
image_1596,0.19895349442958832
image_15960,0.06866239011287689
image_15961,0.1506374180316925
image_15962,0.09458128362894058
image_15963,0.2576003968715668
image_15964,0.049280907958745956
image_15965,0.314052551984787
image_15966,0.0725642591714859
image_15967,0.22754374146461487
image_15968,0.15287156403064728
image_15969,0.09359090775251389
image_1597,0.2118818759918213
image_15970,0.31075283885002136
image_15971,0.11490523815155029
image_15972,0.5982086658477783
image_15973,0.21709823608398438
image_15974,0.1342247575521469
image_15975,0.6949002146720886
image_15976,0.2222142070531845
image_15977,0.1386490911245346
image_15978,0.18465831875801086
image_15979,0.12093029171228409
image_1598,0.07990005612373352
image_15980,0.13565300405025482
image_15981,0.3230457901954651
image_15982,0.14123083651065826
image_15983,0.09462415426969528
image_15984,0.116071917116642
image_15985,0.10403664410114288
image_15986,0.058381300419569016
image_15987,0.2894591689109802
image_15988,0.17418217658996582
image_15989,0.07219579070806503
image_1599,0.04062333330512047
image_15990,0.19382552802562714
image_15991,0.2729370594024658
image_15992,0.1505577564239502
image_15993,0.7476953864097595
image_15994,0.7293511033058167
image_15995,0.6268041729927063
image_15996,0.23253385722637177
image_15997,0.3965628147125244
image_15998,0.03793952614068985
image_15999,0.23636555671691895
image_16,0.48216482996940613
image_160,0.4902166426181793
image_1600,0.29485630989074707
image_16000,0.07183324545621872
image_16001,0.6904558539390564
image_16002,0.5333372354507446
image_16003,0.3171270787715912
image_16004,0.11780130863189697
image_16005,0.24638202786445618
image_16006,0.07669835537672043
image_16007,0.11720273643732071
image_16008,0.1132921352982521
image_16009,0.11080708354711533
image_1601,0.06059763580560684
image_16010,0.3508146405220032
image_16011,0.07809053361415863
image_16012,0.2127315104007721
image_16013,0.14325587451457977
image_16014,0.3379741609096527
image_16015,0.2792874276638031
image_16016,0.14752566814422607
image_16017,0.06203053146600723
image_16018,0.3558914065361023
image_16019,0.046248745173215866
image_1602,0.4909175932407379
image_16020,0.37566956877708435
image_16021,0.08027932047843933
image_16022,0.19061489403247833
image_16023,0.03805231675505638
image_16024,0.12789566814899445
image_16025,0.534041702747345
image_16026,0.3396155834197998
image_16027,0.1170819029211998
image_16028,0.12073701620101929
image_16029,0.03428936004638672
image_1603,0.3415752947330475
image_16030,0.22712349891662598
image_16031,0.2595752775669098
image_16032,0.3130631446838379
image_16033,0.21755850315093994
image_16034,0.27033185958862305
image_16035,0.8378695845603943
image_16036,0.323649138212204
image_16037,0.1366272270679474
image_16038,0.14642202854156494
image_16039,0.18843522667884827
image_1604,0.20050866901874542
image_16040,0.15185165405273438
image_16041,0.6453813910484314
image_16042,0.45000582933425903
image_16043,0.16575735807418823
image_16044,0.21583102643489838
image_16045,0.16512030363082886
image_16046,0.7914076447486877
image_16047,0.19870193302631378
image_16048,0.33565863966941833
image_16049,0.2572857737541199
image_1605,0.11672091484069824
image_16050,0.10632095485925674
image_16051,0.19731445610523224
image_16052,0.19899742305278778
image_16053,0.04770803451538086
image_16054,0.9168300032615662
image_16055,0.12949678301811218
image_16056,0.13881245255470276
image_16057,0.3422088325023651
image_16058,0.025942964479327202
image_16059,0.12658582627773285
image_1606,0.842326283454895
image_16060,0.24878139793872833
image_16061,0.47048506140708923
image_16062,0.2634255588054657
image_16063,0.24499590694904327
image_16064,0.14421699941158295
image_16065,0.06187284737825394
image_16066,0.1542612761259079
image_16067,0.6567645072937012
image_16068,0.3753906488418579
image_16069,0.0977553129196167
image_1607,0.45864278078079224
image_16070,0.09175300598144531
image_16071,0.04060518741607666
image_16072,0.06843936443328857
image_16073,0.6654888987541199
image_16074,0.1657206267118454
image_16075,0.05120260640978813
image_16076,0.12007822841405869
image_16077,0.2254088968038559
image_16078,0.10015018284320831
image_16079,0.21764086186885834
image_1608,0.3001842498779297
image_16080,0.2684444487094879
image_16081,0.07685940712690353
image_16082,0.19942155480384827
image_16083,0.16486850380897522
image_16084,0.29309386014938354
image_16085,0.24309711158275604
image_16086,0.23678413033485413
image_16087,0.24944470822811127
image_16088,0.1519366353750229
image_16089,0.04778435453772545
image_1609,0.6379086971282959
image_16090,0.43826624751091003
image_16091,0.35278624296188354
image_16092,0.6939526796340942
image_16093,0.07804959267377853
image_16094,0.6200606226921082
image_16095,0.1261252611875534
image_16096,0.27761125564575195
image_16097,0.4025164544582367
image_16098,0.14820924401283264
image_16099,0.11672451347112656
image_161,0.20943298935890198
image_1610,0.09876638650894165
image_16100,0.21872134506702423
image_16101,0.05784887075424194
image_16102,0.058615636080503464
image_16103,0.14492665231227875
image_16104,0.19979198276996613
image_16105,0.10357788950204849
image_16106,0.6748301982879639
image_16107,0.29042956233024597
image_16108,0.26375290751457214
image_16109,0.15102609992027283
image_1611,0.1336057037115097
image_16110,0.6856752634048462
image_16111,0.147140234708786
image_16112,0.13227307796478271
image_16113,0.1768755465745926
image_16114,0.08715538680553436
image_16115,0.001979164546355605
image_16116,0.17326213419437408
image_16117,0.1809646040201187
image_16118,0.11657213419675827
image_16119,0.3648228347301483
image_1612,0.15988770127296448
image_16120,0.1493775099515915
image_16121,0.08098645508289337
image_16122,0.575153112411499
image_16123,0.07105644792318344
image_16124,0.566227376461029
image_16125,0.3689482808113098
image_16126,0.07057218253612518
image_16127,0.07801210880279541
image_16128,0.06116911396384239
image_16129,0.21623268723487854
image_1613,0.2596011757850647
image_16130,0.235768660902977
image_16131,0.1518147885799408
image_16132,0.23447325825691223
image_16133,0.5925794839859009
image_16134,0.08359172195196152
image_16135,0.09636514633893967
image_16136,0.31663641333580017
image_16137,0.21058635413646698
image_16138,0.6254292726516724
image_16139,0.6600012183189392
image_1614,0.10548973083496094
image_16140,0.06820265203714371
image_16141,0.21982701122760773
image_16142,0.3187577724456787
image_16143,0.1756645143032074
image_16144,0.03995686024427414
image_16145,0.05789213255047798
image_16146,0.36322686076164246
image_16147,0.5881139039993286
image_16148,0.2706521451473236
image_16149,0.09056582301855087
image_1615,0.09006911516189575
image_16150,0.2348761111497879
image_16151,0.12618689239025116
image_16152,0.3179044723510742
image_16153,0.2174399346113205
image_16154,0.3623727262020111
image_16155,0.32386741042137146
image_16156,0.029314249753952026
image_16157,0.07638192176818848
image_16158,0.1431552618741989
image_16159,0.12618377804756165
image_1616,0.09066789597272873
image_16160,0.6200818419456482
image_16161,0.3302457928657532
image_16162,0.14405308663845062
image_16163,0.17159917950630188
image_16164,0.060716044157743454
image_16165,0.34071144461631775
image_16166,0.22773639857769012
image_16167,0.16288478672504425
image_16168,0.09533005207777023
image_16169,0.154399111866951
image_1617,0.19369451701641083
image_16170,0.1937643140554428
image_16171,0.6107277274131775
image_16172,0.08720099180936813
image_16173,0.12827955186367035
image_16174,0.4134688079357147
image_16175,0.19201810657978058
image_16176,0.2683101296424866
image_16177,0.16499364376068115
image_16178,0.2716465890407562
image_16179,0.3700641691684723
image_1618,0.10307913273572922
image_16180,0.24592046439647675
image_16181,0.12492235004901886
image_16182,0.15294916927814484
image_16183,0.557623565196991
image_16184,0.18752732872962952
image_16185,0.13440194725990295
image_16186,0.2799953818321228
image_16187,0.23856888711452484
image_16188,0.28106042742729187
image_16189,0.04350077733397484
image_1619,0.17103581130504608
image_16190,0.22267799079418182
image_16191,0.12565846741199493
image_16192,0.18430520594120026
image_16193,0.16386941075325012
image_16194,0.23956890404224396
image_16195,0.07859145849943161
image_16196,0.39205700159072876
image_16197,0.2321808785200119
image_16198,0.2500576972961426
image_16199,0.2050994485616684
image_162,0.2536500096321106
image_1620,0.11285217851400375
image_16200,0.14948153495788574
image_16201,0.22076371312141418
image_16202,0.09178641438484192
image_16203,0.3185347020626068
image_16204,0.05947595834732056
image_16205,0.18561792373657227
image_16206,0.11266211420297623
image_16207,0.20398874580860138
image_16208,0.184340238571167
image_16209,0.13098910450935364
image_1621,0.0733511820435524
image_16210,0.7899548411369324
image_16211,0.05333242937922478
image_16212,0.0742604210972786
image_16213,0.23066328465938568
image_16214,0.06791563332080841
image_16215,0.18484608829021454
image_16216,0.08220406621694565
image_16217,0.727022111415863
image_16218,0.13424921035766602
image_16219,0.7623334527015686
image_1622,0.08427873998880386
image_16220,0.3496336042881012
image_16221,0.014238177798688412
image_16222,0.03680349513888359
image_16223,0.15164659917354584
image_16224,0.20738749206066132
image_16225,0.3855510652065277
image_16226,0.4180939793586731
image_16227,0.17956598103046417
image_16228,0.39460042119026184
image_16229,0.38335251808166504
image_1623,0.10147770494222641
image_16230,0.5131606459617615
image_16231,0.05325772985816002
image_16232,0.06746585667133331
image_16233,0.10559716075658798
image_16234,0.6056602001190186
image_16235,0.2939760088920593
image_16236,0.28470489382743835
image_16237,0.20005689561367035
image_16238,0.11600270122289658
image_16239,0.21738965809345245
image_1624,0.29018256068229675
image_16240,0.1378369778394699
image_16241,0.07237841933965683
image_16242,0.06979551166296005
image_16243,0.4093155860900879
image_16244,0.2947307229042053
image_16245,0.1491905301809311
image_16246,0.08665111660957336
image_16247,0.40524646639823914
image_16248,0.7640042304992676
image_16249,0.6442182660102844
image_1625,0.1814926117658615
image_16250,0.10184621810913086
image_16251,0.15490345656871796
image_16252,0.12337440252304077
image_16253,0.5298486948013306
image_16254,0.4233817160129547
image_16255,0.4415174424648285
image_16256,0.4384213387966156
image_16257,0.1856411099433899
image_16258,0.06817394495010376
image_16259,0.09488712251186371
image_1626,0.7457305788993835
image_16260,0.08549030125141144
image_16261,0.10452022403478622
image_16262,0.0656999796628952
image_16263,0.24179835617542267
image_16264,0.04571656510233879
image_16265,0.13421551883220673
image_16266,0.09874636679887772
image_16267,0.6300973296165466
image_16268,0.42043885588645935
image_16269,0.19211004674434662
image_1627,0.13658161461353302
image_16270,0.08280511945486069
image_16271,0.2636619210243225
image_16272,0.13726720213890076
image_16273,0.19468410313129425
image_16274,0.1778031289577484
image_16275,0.011366033926606178
image_16276,0.11323665827512741
image_16277,0.4987458884716034
image_16278,0.05800694227218628
image_16279,0.1877666562795639
image_1628,0.12591345608234406
image_16280,0.3584674298763275
image_16281,0.5614184141159058
image_16282,0.5603650212287903
image_16283,0.10661796480417252
image_16284,0.14089880883693695
image_16285,0.1406143754720688
image_16286,0.22835521399974823
image_16287,0.559116542339325
image_16288,0.350850373506546
image_16289,0.04763719439506531
image_1629,0.35196229815483093
image_16290,0.22972659766674042
image_16291,0.07157675176858902
image_16292,0.8208774924278259
image_16293,0.5905124545097351
image_16294,0.22321878373622894
image_16295,0.08066590875387192
image_16296,0.1288338452577591
image_16297,0.19330190122127533
image_16298,0.6160233616828918
image_16299,0.054467763751745224
image_163,0.05338999256491661
image_1630,0.45295247435569763
image_16300,0.040749259293079376
image_16301,0.1506277471780777
image_16302,0.1302027553319931
image_16303,0.12348997592926025
image_16304,0.2367755025625229
image_16305,0.08692009001970291
image_16306,0.15816186368465424
image_16307,0.6190783381462097
image_16308,0.23595492541790009
image_16309,0.14275774359703064
image_1631,0.03900030255317688
image_16310,0.24475963413715363
image_16311,0.5238855481147766
image_16312,0.1415691375732422
image_16313,0.18710534274578094
image_16314,0.08467215299606323
image_16315,0.11105722188949585
image_16316,0.42874613404273987
image_16317,0.47156959772109985
image_16318,0.30128464102745056
image_16319,0.16856370866298676
image_1632,0.10181061178445816
image_16320,0.07782216370105743
image_16321,0.20710833370685577
image_16322,0.4197818338871002
image_16323,0.16691017150878906
image_16324,0.22181959450244904
image_16325,0.27907052636146545
image_16326,0.28093859553337097
image_16327,0.17279653251171112
image_16328,0.035202592611312866
image_16329,0.07565496861934662
image_1633,0.2778836786746979
image_16330,0.3497679829597473
image_16331,0.27001112699508667
image_16332,0.16363653540611267
image_16333,0.11238988488912582
image_16334,0.12600912153720856
image_16335,0.2759592831134796
image_16336,0.5805943608283997
image_16337,0.08692864328622818
image_16338,0.2789376378059387
image_16339,0.6980010271072388
image_1634,0.30710238218307495
image_16340,0.10883782058954239
image_16341,0.06502377986907959
image_16342,0.2833927273750305
image_16343,0.05806262418627739
image_16344,0.3995589315891266
image_16345,0.180670365691185
image_16346,0.15811868011951447
image_16347,0.10857446491718292
image_16348,0.16298571228981018
image_16349,0.27493008971214294
image_1635,0.3679518699645996
image_16350,0.27428528666496277
image_16351,0.2674415111541748
image_16352,0.5567435026168823
image_16353,0.11563396453857422
image_16354,0.6770710945129395
image_16355,0.22223623096942902
image_16356,0.18461774289608002
image_16357,0.34687376022338867
image_16358,0.057195570319890976
image_16359,0.15971648693084717
image_1636,0.1771336793899536
image_16360,0.2835066616535187
image_16361,0.10476183146238327
image_16362,0.281185507774353
image_16363,0.19302216172218323
image_16364,0.196406751871109
image_16365,0.12543229758739471
image_16366,0.10175655037164688
image_16367,0.052276384085416794
image_16368,0.304080992937088
image_16369,0.030659401789307594
image_1637,0.10490866005420685
image_16370,0.6036654114723206
image_16371,0.13193745911121368
image_16372,0.27301597595214844
image_16373,0.15026138722896576
image_16374,0.06827622652053833
image_16375,0.11269725859165192
image_16376,0.1893860101699829
image_16377,0.06499116867780685
image_16378,0.2960495948791504
image_16379,0.1161402240395546
image_1638,0.06906898319721222
image_16380,0.0786408931016922
image_16381,0.22658883035182953
image_16382,0.3239741027355194
image_16383,0.05051182582974434
image_16384,0.044500868767499924
image_16385,0.2260807752609253
image_16386,0.6327329874038696
image_16387,0.7508196830749512
image_16388,0.045251671224832535
image_16389,0.2436426728963852
image_1639,0.4164465069770813
image_16390,0.2343207448720932
image_16391,0.28430163860321045
image_16392,0.09165709465742111
image_16393,0.2978731095790863
image_16394,0.07449960708618164
image_16395,0.23720884323120117
image_16396,0.544685959815979
image_16397,0.12024980783462524
image_16398,0.17359234392642975
image_16399,0.43578705191612244
image_164,0.49314337968826294
image_1640,0.13554596900939941
image_16400,0.24699752032756805
image_16401,0.11535296589136124
image_16402,0.39976775646209717
image_16403,0.07895483821630478
image_16404,0.7682999968528748
image_16405,0.04294632002711296
image_16406,0.09576012194156647
image_16407,0.2625785768032074
image_16408,0.2180517464876175
image_16409,0.12208731472492218
image_1641,0.11731701344251633
image_16410,0.06029289960861206
image_16411,0.15890729427337646
image_16412,0.1942075937986374
image_16413,0.15779857337474823
image_16414,0.37606653571128845
image_16415,0.3310645520687103
image_16416,0.2522924840450287
image_16417,0.11346592009067535
image_16418,0.22417037189006805
image_16419,0.15764303505420685
image_1642,0.2916378974914551
image_16420,0.3190310001373291
image_16421,0.1870061308145523
image_16422,0.10869698971509933
image_16423,0.23293784260749817
image_16424,0.11893236637115479
image_16425,0.6105296015739441
image_16426,0.24795666337013245
image_16427,0.3691652715206146
image_16428,0.1778946965932846
image_16429,0.3410843312740326
image_1643,0.3911101818084717
image_16430,0.1554594337940216
image_16431,0.12553806602954865
image_16432,0.31347209215164185
image_16433,0.38802871108055115
image_16434,0.11593599617481232
image_16435,0.542294442653656
image_16436,0.09325160831212997
image_16437,0.6611953377723694
image_16438,0.34887203574180603
image_16439,0.3872779905796051
image_1644,0.06106315180659294
image_16440,0.3891002833843231
image_16441,0.051270730793476105
image_16442,0.30417871475219727
image_16443,0.15694066882133484
image_16444,0.20525000989437103
image_16445,0.07141685485839844
image_16446,0.25732046365737915
image_16447,0.6329777836799622
image_16448,0.1781935691833496
image_16449,0.5543119311332703
image_1645,0.3147473633289337
image_16450,0.3757935166358948
image_16451,0.0869864746928215
image_16452,0.056465256959199905
image_16453,0.31993722915649414
image_16454,0.15594740211963654
image_16455,0.2921447455883026
image_16456,0.20632854104042053
image_16457,0.04871426522731781
image_16458,0.20475177466869354
image_16459,0.7213115096092224
image_1646,0.18091438710689545
image_16460,0.22230617702007294
image_16461,0.1257975548505783
image_16462,0.08961763978004456
image_16463,0.04697650671005249
image_16464,0.2195812314748764
image_16465,0.22226066887378693
image_16466,0.1648237258195877
image_16467,0.29498007893562317
image_16468,0.12998400628566742
image_16469,0.0764576718211174
image_1647,0.743086040019989
image_16470,0.11838040500879288
image_16471,0.22185443341732025
image_16472,0.4533117413520813
image_16473,0.18880802392959595
image_16474,0.137397900223732
image_16475,0.252404123544693
image_16476,0.5943813920021057
image_16477,0.775343120098114
image_16478,0.336976021528244
image_16479,0.19758717715740204
image_1648,0.31506243348121643
image_16480,0.8545159697532654
image_16481,0.604579508304596
image_16482,0.013651290908455849
image_16483,0.14732928574085236
image_16484,0.03130538389086723
image_16485,0.289741575717926
image_16486,0.015511822886765003
image_16487,0.23245154321193695
image_16488,0.20858238637447357
image_16489,0.2894134521484375
image_1649,0.17894430458545685
image_16490,0.08842092007398605
image_16491,0.15238863229751587
image_16492,0.18814678490161896
image_16493,0.07138486951589584
image_16494,0.09092347323894501
image_16495,0.07580798864364624
image_16496,0.6698328852653503
image_16497,0.2663145959377289
image_16498,0.3782370090484619
image_16499,0.8330907821655273
image_165,0.10136903822422028
image_1650,0.07196071743965149
image_16500,0.1926136463880539
image_16501,0.21190214157104492
image_16502,0.24779033660888672
image_16503,0.29339686036109924
image_16504,0.10942894220352173
image_16505,0.06637201458215714
image_16506,0.17125631868839264
image_16507,0.12151969969272614
image_16508,0.10942728817462921
image_16509,0.09705956280231476
image_1651,0.13883386552333832
image_16510,0.5349926948547363
image_16511,0.11833348125219345
image_16512,0.3830658197402954
image_16513,0.19223995506763458
image_16514,0.32510992884635925
image_16515,0.39139053225517273
image_16516,0.6488097310066223
image_16517,0.05859750136733055
image_16518,0.30354493856430054
image_16519,0.09502653032541275
image_1652,0.501344621181488
image_16520,0.29774725437164307
image_16521,0.2227143794298172
image_16522,0.21356093883514404
image_16523,0.02345931902527809
image_16524,0.07657857984304428
image_16525,0.25185903906822205
image_16526,0.08555932343006134
image_16527,0.08688052743673325
image_16528,0.2225402444601059
image_16529,0.08147646486759186
image_1653,0.3042347729206085
image_16530,0.08887939155101776
image_16531,0.37324199080467224
image_16532,0.21921320259571075
image_16533,0.4485141932964325
image_16534,0.393706351518631
image_16535,0.3552655875682831
image_16536,0.22537517547607422
image_16537,0.17417119443416595
image_16538,0.2265445441007614
image_16539,0.09874524921178818
image_1654,0.13467133045196533
image_16540,0.1451951116323471
image_16541,0.2692645490169525
image_16542,0.1304338276386261
image_16543,0.2490883618593216
image_16544,0.12108045816421509
image_16545,0.0616946704685688
image_16546,0.16857902705669403
image_16547,0.30768072605133057
image_16548,0.17702551186084747
image_16549,0.06198888644576073
image_1655,0.2293066531419754
image_16550,0.10227834433317184
image_16551,0.21310114860534668
image_16552,0.12788832187652588
image_16553,0.1593896448612213
image_16554,0.6274294257164001
image_16555,0.586935818195343
image_16556,0.034663766622543335
image_16557,0.10066139698028564
image_16558,0.1580687314271927
image_16559,0.14041368663311005
image_1656,0.09526129066944122
image_16560,0.09804955869913101
image_16561,0.038164492696523666
image_16562,0.201288104057312
image_16563,0.21964839100837708
image_16564,0.13631784915924072
image_16565,0.09469529986381531
image_16566,0.0413176603615284
image_16567,0.6608983874320984
image_16568,0.24351473152637482
image_16569,0.18581442534923553
image_1657,0.48422595858573914
image_16570,0.3002498745918274
image_16571,0.04754986986517906
image_16572,0.5074933767318726
image_16573,0.11685513705015182
image_16574,0.41596999764442444
image_16575,0.37925300002098083
image_16576,0.08626607805490494
image_16577,0.2473716288805008
image_1658,0.11430168151855469
image_1659,0.1516222208738327
image_166,0.08901965618133545
image_1660,0.2443145364522934
image_1661,0.45178842544555664
image_1662,0.16930219531059265
image_1663,0.038127653300762177
image_1664,0.06059667468070984
image_1665,0.1146412119269371
image_1666,0.16407261788845062
image_1667,0.06538059562444687
image_1668,0.36098891496658325
image_1669,0.04936772584915161
image_167,0.038890689611434937
image_1670,0.28845688700675964
image_1671,0.15234939754009247
image_1672,0.14033403992652893
image_1673,0.318404883146286
image_1674,0.204646036028862
image_1675,0.07093963027000427
image_1676,0.09308406710624695
image_1677,0.5060867667198181
image_1678,0.5180961489677429
image_1679,0.1946997195482254
image_168,0.2717011868953705
image_1680,0.3290309011936188
image_1681,0.15803685784339905
image_1682,0.11220445483922958
image_1683,0.060997992753982544
image_1684,0.1772000789642334
image_1685,0.4605651795864105
image_1686,0.185707688331604
image_1687,0.34737643599510193
image_1688,0.18838833272457123
image_1689,0.10899128764867783
image_169,0.26232779026031494
image_1690,0.25432220101356506
image_1691,0.43550291657447815
image_1692,0.5276011228561401
image_1693,0.2309723198413849
image_1694,0.1844022572040558
image_1695,0.12339748442173004
image_1696,0.4753342568874359
image_1697,0.13526314496994019
image_1698,0.1994616985321045
image_1699,0.21168962121009827
image_17,0.7274670004844666
image_170,0.18174301087856293
image_1700,0.18889418244361877
image_1701,0.24628384411334991
image_1702,0.3046632707118988
image_1703,0.207783505320549
image_1704,0.19168095290660858
image_1705,0.30943354964256287
image_1706,0.19419503211975098
image_1707,0.25534510612487793
image_1708,0.21641913056373596
image_1709,0.7356935739517212
image_171,0.033802200108766556
image_1710,0.23303817212581635
image_1711,0.16063393652439117
image_1712,0.16568465530872345
image_1713,0.20618148148059845
image_1714,0.1480175107717514
image_1715,0.10563277453184128
image_1716,0.08411667495965958
image_1717,0.805404007434845
image_1718,0.31022629141807556
image_1719,0.38170161843299866
image_172,0.841188371181488
image_1720,0.24658994376659393
image_1721,0.16571751236915588
image_1722,0.2105676382780075
image_1723,0.8149927258491516
image_1724,0.104865662753582
image_1725,0.1344357281923294
image_1726,0.6417163014411926
image_1727,0.15753255784511566
image_1728,0.2199816256761551
image_1729,0.09585658460855484
image_173,0.17882783710956573
image_1730,0.19004501402378082
image_1731,0.25606000423431396
image_1732,0.3003326654434204
image_1733,0.0519193671643734
image_1734,0.02833881415426731
image_1735,0.24531793594360352
image_1736,0.5703864097595215
image_1737,0.674550473690033
image_1738,0.06688486784696579
image_1739,0.133667454123497
image_174,0.07835090160369873
image_1740,0.23622575402259827
image_1741,0.0846458151936531
image_1742,0.7052671313285828
image_1743,0.2626381516456604
image_1744,0.11057353019714355
image_1745,0.1573922485113144
image_1746,0.2551282048225403
image_1747,0.09995009750127792
image_1748,0.10675638169050217
image_1749,0.30643388628959656
image_175,0.09669888019561768
image_1750,0.46988198161125183
image_1751,0.19470950961112976
image_1752,0.15167094767093658
image_1753,0.5127280354499817
image_1754,0.0777578353881836
image_1755,0.48689356446266174
image_1756,0.2270289957523346
image_1757,0.30651575326919556
image_1758,0.3766286373138428
image_1759,0.25021907687187195
image_176,0.20221595466136932
image_1760,0.07008717209100723
image_1761,0.12403660267591476
image_1762,0.06595490127801895
image_1763,0.4132322371006012
image_1764,0.21424201130867004
image_1765,0.28393587470054626
image_1766,0.3796519935131073
image_1767,0.1720055639743805
image_1768,0.20882736146450043
image_1769,0.24701665341854095
image_177,0.05734008550643921
image_1770,0.30107617378234863
image_1771,0.0707005187869072
image_1772,0.362970769405365
image_1773,0.07791608572006226
image_1774,0.1100909486413002
image_1775,0.2674645781517029
image_1776,0.09410117566585541
image_1777,0.6514662504196167
image_1778,0.29156026244163513
image_1779,0.08906708657741547
image_178,0.07063049077987671
image_1780,0.2278924435377121
image_1781,0.19200757145881653
image_1782,0.03933178633451462
image_1783,0.26678866147994995
image_1784,0.37124747037887573
image_1785,0.2863936126232147
image_1786,0.2791077196598053
image_1787,0.17957302927970886
image_1788,0.32727357745170593
image_1789,0.11772499233484268
image_179,0.08530108630657196
image_1790,0.25980958342552185
image_1791,0.45827969908714294
image_1792,0.12024698406457901
image_1793,0.27021947503089905
image_1794,0.10695280134677887
image_1795,0.1452881097793579
image_1796,0.08044054359197617
image_1797,0.18186113238334656
image_1798,0.1449914276599884
image_1799,0.19776101410388947
image_18,0.09729701280593872
image_180,0.1654408872127533
image_1800,0.13273070752620697
image_1801,0.36427533626556396
image_1802,0.12772789597511292
image_1803,0.33251115679740906
image_1804,0.49477243423461914
image_1805,0.23101387917995453
image_1806,0.27898603677749634
image_1807,0.3827923834323883
image_1808,0.06932197511196136
image_1809,0.1152341365814209
image_181,0.0619586817920208
image_1810,0.17061923444271088
image_1811,0.25522375106811523
image_1812,0.20240388810634613
image_1813,0.07903888076543808
image_1814,0.29408082365989685
image_1815,0.25542086362838745
image_1816,0.170149564743042
image_1817,0.413168340921402
image_1818,0.6634976267814636
image_1819,0.39026498794555664
image_182,0.2633741497993469
image_1820,0.13692618906497955
image_1821,0.0861753597855568
image_1822,0.4616435170173645
image_1823,0.4007874131202698
image_1824,0.20038647949695587
image_1825,0.2450956553220749
image_1826,0.08597766607999802
image_1827,0.15856997668743134
image_1828,0.3765321969985962
image_1829,0.0498199462890625
image_183,0.08299336582422256
image_1830,0.23292241990566254
image_1831,0.4507669508457184
image_1832,0.3629637658596039
image_1833,0.05181776359677315
image_1834,0.5655447244644165
image_1835,0.11331724375486374
image_1836,0.1650790423154831
image_1837,0.26068297028541565
image_1838,0.17384563386440277
image_1839,0.3416730761528015
image_184,0.03428514674305916
image_1840,0.12347050756216049
image_1841,0.16704073548316956
image_1842,0.12202826887369156
image_1843,0.23132121562957764
image_1844,0.08282174915075302
image_1845,0.26414528489112854
image_1846,0.17076948285102844
image_1847,0.3656221032142639
image_1848,0.16419661045074463
image_1849,0.050078120082616806
image_185,0.24516740441322327
image_1850,0.4044266641139984
image_1851,0.33072608709335327
image_1852,0.1083962470293045
image_1853,0.08467040210962296
image_1854,0.11845602840185165
image_1855,0.45761990547180176
image_1856,0.13281361758708954
image_1857,0.06867878884077072
image_1858,0.15398375689983368
image_1859,0.12002088874578476
image_186,0.30928194522857666
image_1860,0.2163814753293991
image_1861,0.18015556037425995
image_1862,0.26110559701919556
image_1863,0.2382907122373581
image_1864,0.29480695724487305
image_1865,0.24402108788490295
image_1866,0.19524185359477997
image_1867,0.15865877270698547
image_1868,0.6630700826644897
image_1869,0.1596929281949997
image_187,0.1095174103975296
image_1870,0.13667523860931396
image_1871,0.5845417380332947
image_1872,0.18399178981781006
image_1873,0.24349088966846466
image_1874,0.08617112785577774
image_1875,0.2686351239681244
image_1876,0.11048104614019394
image_1877,0.06897147744894028
image_1878,0.16451425850391388
image_1879,0.15044884383678436
image_188,0.15761582553386688
image_1880,0.05681650713086128
image_1881,0.2652556002140045
image_1882,0.2039763182401657
image_1883,0.08675531297922134
image_1884,0.06167766451835632
image_1885,0.309100866317749
image_1886,0.13544319570064545
image_1887,0.09311077743768692
image_1888,0.19967779517173767
image_1889,0.19186528027057648
image_189,0.6021517515182495
image_1890,0.49720725417137146
image_1891,0.6396307945251465
image_1892,0.4031674563884735
image_1893,0.4765172004699707
image_1894,0.09382306784391403
image_1895,0.09500806778669357
image_1896,0.4137667119503021
image_1897,0.479726642370224
image_1898,0.22851084172725677
image_1899,0.10032142698764801
image_19,0.3096049427986145
image_190,0.2507442533969879
image_1900,0.42097043991088867
image_1901,0.3437367081642151
image_1902,0.1869494915008545
image_1903,0.17914055287837982
image_1904,0.11681210249662399
image_1905,0.7643800973892212
image_1906,0.18167228996753693
image_1907,0.21510224044322968
image_1908,0.15324580669403076
image_1909,0.4425680637359619
image_191,0.217392235994339
image_1910,0.3305595815181732
image_1911,0.2668057382106781
image_1912,0.08731406927108765
image_1913,0.06317295879125595
image_1914,0.3114628493785858
image_1915,0.6747428774833679
image_1916,0.1328652948141098
image_1917,0.18208253383636475
image_1918,0.30225855112075806
image_1919,0.23415131866931915
image_192,0.27223023772239685
image_1920,0.13874122500419617
image_1921,0.07860132306814194
image_1922,0.25907209515571594
image_1923,0.7398008704185486
image_1924,0.09787540137767792
image_1925,0.9051834940910339
image_1926,0.5927655100822449
image_1927,0.07586733251810074
image_1928,0.26167455315589905
image_1929,0.5602413415908813
image_193,0.10742702335119247
image_1930,0.1409926861524582
image_1931,0.39957424998283386
image_1932,0.15715350210666656
image_1933,0.6129087805747986
image_1934,0.16403613984584808
image_1935,0.13979531824588776
image_1936,0.15178047120571136
image_1937,0.3059232234954834
image_1938,0.1948533058166504
image_1939,0.05577058717608452
image_194,0.24399559199810028
image_1940,0.38799095153808594
image_1941,0.5176252126693726
image_1942,0.6073976755142212
image_1943,0.1581462323665619
image_1944,0.6159364581108093
image_1945,0.12262622267007828
image_1946,0.08527586609125137
image_1947,0.16729645431041718
image_1948,0.15402249991893768
image_1949,0.12529514729976654
image_195,0.14748068153858185
image_1950,0.14998432993888855
image_1951,0.030969684943556786
image_1952,0.09838765859603882
image_1953,0.4690992832183838
image_1954,0.09346044063568115
image_1955,0.5999767184257507
image_1956,0.3082660138607025
image_1957,0.5311443209648132
image_1958,0.27585119009017944
image_1959,0.1530151516199112
image_196,0.156127467751503
image_1960,0.08090662956237793
image_1961,0.19143986701965332
image_1962,0.23470428586006165
image_1963,0.3601653277873993
image_1964,0.21421299874782562
image_1965,0.16212661564350128
image_1966,0.39590057730674744
image_1967,0.40647003054618835
image_1968,0.23507621884346008
image_1969,0.4882822036743164
image_197,0.3890961706638336
image_1970,0.3096058666706085
image_1971,0.06079595908522606
image_1972,0.038403648883104324
image_1973,0.12702448666095734
image_1974,0.13399969041347504
image_1975,0.2365611046552658
image_1976,0.2974720597267151
image_1977,0.14406585693359375
image_1978,0.29107362031936646
image_1979,0.09345512837171555
image_198,0.10201860964298248
image_1980,0.09010680019855499
image_1981,0.07169043272733688
image_1982,0.27337780594825745
image_1983,0.5874261260032654
image_1984,0.23263287544250488
image_1985,0.11049280315637589
image_1986,0.2733711898326874
image_1987,0.23412983119487762
image_1988,0.19495819509029388
image_1989,0.039809077978134155
image_199,0.06933020055294037
image_1990,0.7885313034057617
image_1991,0.07625731825828552
image_1992,0.13644114136695862
image_1993,0.2751668095588684
image_1994,0.7487549185752869
image_1995,0.06803157180547714
image_1996,0.20491337776184082
image_1997,0.20389404892921448
image_1998,0.27430614829063416
image_1999,0.350628525018692
image_2,0.2408411055803299
image_20,0.17009393870830536
image_200,0.08214571326971054
image_2000,0.1807580292224884
image_2001,0.21008189022541046
image_2002,0.1234627291560173
image_2003,0.27163267135620117
image_2004,0.23557768762111664
image_2005,0.06741189956665039
image_2006,0.10993494093418121
image_2007,0.20711253583431244
image_2008,0.20615561306476593
image_2009,0.04344457760453224
image_201,0.0602564811706543
image_2010,0.22233667969703674
image_2011,0.2560248374938965
image_2012,0.11752096563577652
image_2013,0.2345883846282959
image_2014,0.16324619948863983
image_2015,0.2869906723499298
image_2016,0.14818933606147766
image_2017,0.10205163061618805
image_2018,0.18912313878536224
image_2019,0.265883207321167
image_202,0.08502177149057388
image_2020,0.08090471476316452
image_2021,0.21869976818561554
image_2022,0.30391189455986023
image_2023,0.1880955845117569
image_2024,0.15025606751441956
image_2025,0.24634675681591034
image_2026,0.10567343235015869
image_2027,0.29159602522850037
image_2028,0.2879624366760254
image_2029,0.12212133407592773
image_203,0.6653052568435669
image_2030,0.2069406509399414
image_2031,0.4805900752544403
image_2032,0.2421858310699463
image_2033,0.3017366826534271
image_2034,0.22331872582435608
image_2035,0.22053416073322296
image_2036,0.2556754946708679
image_2037,0.11625833809375763
image_2038,0.19003112614154816
image_2039,0.3229946792125702
image_204,0.032332271337509155
image_2040,0.13783381879329681
image_2041,0.16237275302410126
image_2042,0.390252947807312
image_2043,0.49369630217552185
image_2044,0.14858746528625488
image_2045,0.6738147139549255
image_2046,0.2273116558790207
image_2047,0.3534247577190399
image_2048,0.3063560426235199
image_2049,0.18919216096401215
image_205,0.19589830935001373
image_2050,0.4374380111694336
image_2051,0.2454337626695633
image_2052,0.4983738958835602
image_2053,0.3088967204093933
image_2054,0.10993301123380661
image_2055,0.14173643290996552
image_2056,0.4165770709514618
image_2057,0.09129369258880615
image_2058,0.09426485747098923
image_2059,0.39354875683784485
image_206,0.2333201915025711
image_2060,0.17254778742790222
image_2061,0.2781972885131836
image_2062,0.0642818957567215
image_2063,0.13948598504066467
image_2064,0.10269933193922043
image_2065,0.6058342456817627
image_2066,0.13605745136737823
image_2067,0.3962728977203369
image_2068,0.11422216892242432
image_2069,0.20918536186218262
image_207,0.5043244361877441
image_2070,0.36067235469818115
image_2071,0.27801942825317383
image_2072,0.16013236343860626
image_2073,0.09095032513141632
image_2074,0.052133794873952866
image_2075,0.07296284288167953
image_2076,0.2970837950706482
image_2077,0.13871322572231293
image_2078,0.015826603397727013
image_2079,0.2762241065502167
image_208,0.19153790175914764
image_2080,0.37061968445777893
image_2081,0.04663185030221939
image_2082,0.22312913835048676
image_2083,0.21743445098400116
image_2084,0.12363465130329132
image_2085,0.10940954834222794
image_2086,0.01822960004210472
image_2087,0.2518720328807831
image_2088,0.32778891921043396
image_2089,0.2995774745941162
image_209,0.2150024026632309
image_2090,0.6531981229782104
image_2091,0.5280329585075378
image_2092,0.34333983063697815
image_2093,0.2011634111404419
image_2094,0.11146779358386993
image_2095,0.21552042663097382
image_2096,0.39439165592193604
image_2097,0.0462668351829052
image_2098,0.3324921727180481
image_2099,0.17843878269195557
image_21,0.13719359040260315
image_210,0.05587763711810112
image_2100,0.22959423065185547
image_2101,0.28885403275489807
image_2102,0.12130967527627945
image_2103,0.1001971885561943
image_2104,0.11466839164495468
image_2105,0.15654607117176056
image_2106,0.049760203808546066
image_2107,0.13521984219551086
image_2108,0.13228914141654968
image_2109,0.26539140939712524
image_211,0.03889705613255501
image_2110,0.08590103685855865
image_2111,0.1399976760149002
image_2112,0.1879669427871704
image_2113,0.10667997598648071
image_2114,0.10224809497594833
image_2115,0.15759427845478058
image_2116,0.12599143385887146
image_2117,0.6386262774467468
image_2118,0.5716364979743958
image_2119,0.5447014570236206
image_212,0.2337632179260254
image_2120,0.4761926829814911
image_2121,0.29353460669517517
image_2122,0.042181357741355896
image_2123,0.6542202830314636
image_2124,0.72259122133255
image_2125,0.15885768830776215
image_2126,0.37529388070106506
image_2127,0.060357630252838135
image_2128,0.05811507627367973
image_2129,0.2488015741109848
image_213,0.6246998906135559
image_2130,0.10778409242630005
image_2131,0.12601804733276367
image_2132,0.056188952177762985
image_2133,0.28766757249832153
image_2134,0.3084942698478699
image_2135,0.08061787486076355
image_2136,0.5946913361549377
image_2137,0.10129821300506592
image_2138,0.05127266049385071
image_2139,0.27244219183921814
image_214,0.10328557342290878
image_2140,0.5878894329071045
image_2141,0.13483481109142303
image_2142,0.5733661651611328
image_2143,0.15526889264583588
image_2144,0.4880814552307129
image_2145,0.0765240415930748
image_2146,0.10668393224477768
image_2147,0.21296870708465576
image_2148,0.15424230694770813
image_2149,0.2604900002479553
image_215,0.39955955743789673
image_2150,0.04980204254388809
image_2151,0.22763366997241974
image_2152,0.17012158036231995
image_2153,0.47162896394729614
image_2154,0.24475441873073578
image_2155,0.7047597169876099
image_2156,0.2375999242067337
image_2157,0.11348314583301544
image_2158,0.12326788902282715
image_2159,0.279028981924057
image_216,0.08359626680612564
image_2160,0.16589222848415375
image_2161,0.11090123653411865
image_2162,0.3872950077056885
image_2163,0.17438888549804688
image_2164,0.2792385518550873
image_2165,0.23194217681884766
image_2166,0.5071319937705994
image_2167,0.33566001057624817
image_2168,0.12211021035909653
image_2169,0.1393740326166153
image_217,0.28321996331214905
image_2170,0.28931888937950134
image_2171,0.8240473866462708
image_2172,0.1431596875190735
image_2173,0.10365410894155502
image_2174,0.0909341350197792
image_2175,0.10742373764514923
image_2176,0.12715032696723938
image_2177,0.5536590218544006
image_2178,0.3455958366394043
image_2179,0.40198665857315063
image_218,0.3415791690349579
image_2180,0.12406904995441437
image_2181,0.17739026248455048
image_2182,0.2197372019290924
image_2183,0.19533483684062958
image_2184,0.258654922246933
image_2185,0.14231936633586884
image_2186,0.24618864059448242
image_2187,0.23611119389533997
image_2188,0.3004862070083618
image_2189,0.31088384985923767
image_219,0.2890268862247467
image_2190,0.3710787892341614
image_2191,0.7773209810256958
image_2192,0.31944721937179565
image_2193,0.29589104652404785
image_2194,0.2164965122938156
image_2195,0.2944214940071106
image_2196,0.03772133216261864
image_2197,0.4089204967021942
image_2198,0.05310782417654991
image_2199,0.551647961139679
image_22,0.48299285769462585
image_220,0.07522111386060715
image_2200,0.42825838923454285
image_2201,0.5999168753623962
image_2202,0.041434142738580704
image_2203,0.3443865478038788
image_2204,0.03953822702169418
image_2205,0.32907578349113464
image_2206,0.15827804803848267
image_2207,0.10569925606250763
image_2208,0.20059318840503693
image_2209,0.11718793213367462
image_221,0.10154932737350464
image_2210,0.6699945330619812
image_2211,0.3307151198387146
image_2212,0.19210600852966309
image_2213,0.1881471872329712
image_2214,0.23288479447364807
image_2215,0.09397703409194946
image_2216,0.1226760745048523
image_2217,0.18846891820430756
image_2218,0.1625375747680664
image_2219,0.06585768610239029
image_222,0.30966106057167053
image_2220,0.5292758941650391
image_2221,0.46094951033592224
image_2222,0.6309585571289062
image_2223,0.2591225206851959
image_2224,0.2166246920824051
image_2225,0.3409644663333893
image_2226,0.2619050443172455
image_2227,0.28970563411712646
image_2228,0.2361578792333603
image_2229,0.4510294497013092
image_223,0.1455353945493698
image_2230,0.28648585081100464
image_2231,0.11133861541748047
image_2232,0.18289180099964142
image_2233,0.32169005274772644
image_2234,0.2609310448169708
image_2235,0.060317929834127426
image_2236,0.09851297736167908
image_2237,0.07690506428480148
image_2238,0.2672111988067627
image_2239,0.303917795419693
image_224,0.3516944944858551
image_2240,0.09153909981250763
image_2241,0.4907742440700531
image_2242,0.11930151283740997
image_2243,0.07782038301229477
image_2244,0.320944219827652
image_2245,0.2575555443763733
image_2246,0.21209464967250824
image_2247,0.16145898401737213
image_2248,0.5638038516044617
image_2249,0.8059688806533813
image_225,0.2895086705684662
image_2250,0.06978968530893326
image_2251,0.34063974022865295
image_2252,0.2600000202655792
image_2253,0.7108256220817566
image_2254,0.23806701600551605
image_2255,0.25621500611305237
image_2256,0.26558220386505127
image_2257,0.06938361376523972
image_2258,0.5639293789863586
image_2259,0.5135316252708435
image_226,0.6194128394126892
image_2260,0.25594350695610046
image_2261,0.12378545105457306
image_2262,0.2019743025302887
image_2263,0.6357263922691345
image_2264,0.1453298181295395
image_2265,0.10419589281082153
image_2266,0.07137352228164673
image_2267,0.7503604292869568
image_2268,0.2082730531692505
image_2269,0.2446136474609375
image_227,0.1389329731464386
image_2270,0.19639776647090912
image_2271,0.41556888818740845
image_2272,0.29725807905197144
image_2273,0.1647898256778717
image_2274,0.08269042521715164
image_2275,0.1101863756775856
image_2276,0.06776634603738785
image_2277,0.08635998517274857
image_2278,0.15653443336486816
image_2279,0.09377030283212662
image_228,0.32395657896995544
image_2280,0.12990930676460266
image_2281,0.3355320990085602
image_2282,0.2944524884223938
image_2283,0.09248315542936325
image_2284,0.2713564336299896
image_2285,0.37599876523017883
image_2286,0.20704078674316406
image_2287,0.1916438490152359
image_2288,0.7517078518867493
image_2289,0.37048545479774475
image_229,0.7309567332267761
image_2290,0.08414150029420853
image_2291,0.4820871353149414
image_2292,0.660805344581604
image_2293,0.14428259432315826
image_2294,0.26974770426750183
image_2295,0.18374350666999817
image_2296,0.6748175621032715
image_2297,0.10895609110593796
image_2298,0.3831932246685028
image_2299,0.13492153584957123
image_23,0.08337753266096115
image_230,0.06051753833889961
image_2300,0.2827064096927643
image_2301,0.16260015964508057
image_2302,0.7569153308868408
image_2303,0.12862561643123627
image_2304,0.32376930117607117
image_2305,0.2216343879699707
image_2306,0.2589258849620819
image_2307,0.3340112864971161
image_2308,0.12023437023162842
image_2309,0.6336278915405273
image_231,0.49604782462120056
image_2310,0.2525622546672821
image_2311,0.03347289189696312
image_2312,0.555383026599884
image_2313,0.44353944063186646
image_2314,0.132419615983963
image_2315,0.156871035695076
image_2316,0.11273746937513351
image_2317,0.5393444895744324
image_2318,0.13540658354759216
image_2319,0.1320006251335144
image_232,0.30820950865745544
image_2320,0.25637102127075195
image_2321,0.3269699811935425
image_2322,0.8536303639411926
image_2323,0.2369089424610138
image_2324,0.19212551414966583
image_2325,0.32669973373413086
image_2326,0.2818916440010071
image_2327,0.7608904242515564
image_2328,0.04425336793065071
image_2329,0.33100372552871704
image_233,0.3109860122203827
image_2330,0.05257878825068474
image_2331,0.07229236513376236
image_2332,0.08904608339071274
image_2333,0.2675858438014984
image_2334,0.18562562763690948
image_2335,0.22848117351531982
image_2336,0.16744136810302734
image_2337,0.24624107778072357
image_2338,0.2768266201019287
image_2339,0.17880640923976898
image_234,0.22990958392620087
image_2340,0.12402228266000748
image_2341,0.2066621333360672
image_2342,0.19688238203525543
image_2343,0.09196744859218597
image_2344,0.18264445662498474
image_2345,0.8469931483268738
image_2346,0.020990893244743347
image_2347,0.1333152800798416
image_2348,0.06263410300016403
image_2349,0.2195185273885727
image_235,0.2262295037508011
image_2350,0.14293406903743744
image_2351,0.059541430324316025
image_2352,0.310813307762146
image_2353,0.25897642970085144
image_2354,0.052903737872838974
image_2355,0.08004789799451828
image_2356,0.06573797762393951
image_2357,0.2578873038291931
image_2358,0.8169679641723633
image_2359,0.039389949291944504
image_236,0.1981309950351715
image_2360,0.3515760600566864
image_2361,0.23206710815429688
image_2362,0.07510058581829071
image_2363,0.4509533941745758
image_2364,0.32317692041397095
image_2365,0.3022298812866211
image_2366,0.049664586782455444
image_2367,0.20935063064098358
image_2368,0.12282245606184006
image_2369,0.48192769289016724
image_237,0.2588159441947937
image_2370,0.1961102932691574
image_2371,0.0665179044008255
image_2372,0.35023602843284607
image_2373,0.17764577269554138
image_2374,0.23587743937969208
image_2375,0.1465466022491455
image_2376,0.21829362213611603
image_2377,0.3479022681713104
image_2378,0.23841409385204315
image_2379,0.36708196997642517
image_238,0.3368276059627533
image_2380,0.1650429666042328
image_2381,0.13979722559452057
image_2382,0.43358564376831055
image_2383,0.2945193946361542
image_2384,0.6152066588401794
image_2385,0.2478056401014328
image_2386,0.5965511202812195
image_2387,0.09188614785671234
image_2388,0.10326182097196579
image_2389,0.14964759349822998
image_239,0.35447990894317627
image_2390,0.0677184984087944
image_2391,0.2543054521083832
image_2392,0.25673213601112366
image_2393,0.3064025342464447
image_2394,0.23789744079113007
image_2395,0.2446632832288742
image_2396,0.3992883861064911
image_2397,0.3178635835647583
image_2398,0.2392738163471222
image_2399,0.3450023829936981
image_24,0.6837747097015381
image_240,0.13561998307704926
image_2400,0.26846620440483093
image_2401,0.21299724280834198
image_2402,0.1935211718082428
image_2403,0.49712973833084106
image_2404,0.06861492246389389
image_2405,0.5868898630142212
image_2406,0.38494640588760376
image_2407,0.8243886232376099
image_2408,0.35782819986343384
image_2409,0.21251483261585236
image_241,0.10074763745069504
image_2410,0.3992348313331604
image_2411,0.0678495243191719
image_2412,0.060929346829652786
image_2413,0.15303513407707214
image_2414,0.16996710002422333
image_2415,0.155021071434021
image_2416,0.19377495348453522
image_2417,0.6220879554748535
image_2418,0.09016289561986923
image_2419,0.8810114860534668
image_242,0.5065402388572693
image_2420,0.08204010874032974
image_2421,0.28943464159965515
image_2422,0.0178810004144907
image_2423,0.14279864728450775
image_2424,0.3326953649520874
image_2425,0.0845792219042778
image_2426,0.14447343349456787
image_2427,0.3002367615699768
image_2428,0.546197235584259
image_2429,0.07384494692087173
image_243,0.06218832731246948
image_2430,0.24725666642189026
image_2431,0.8154043555259705
image_2432,0.13603712618350983
image_2433,0.08166247606277466
image_2434,0.0785771831870079
image_2435,0.10812001675367355
image_2436,0.21125303208827972
image_2437,0.1957726925611496
image_2438,0.30896711349487305
image_2439,0.17371514439582825
image_244,0.13129137456417084
image_2440,0.04709203168749809
image_2441,0.02744845114648342
image_2442,0.1055694967508316
image_2443,0.283311128616333
image_2444,0.051155056804418564
image_2445,0.19162261486053467
image_2446,0.30849894881248474
image_2447,0.3775904178619385
image_2448,0.09044354408979416
image_2449,0.20905140042304993
image_245,0.7516083121299744
image_2450,0.36117300391197205
image_2451,0.18080060184001923
image_2452,0.32426032423973083
image_2453,0.14883843064308167
image_2454,0.629621148109436
image_2455,0.18337030708789825
image_2456,0.10426988452672958
image_2457,0.20849648118019104
image_2458,0.5709920525550842
image_2459,0.3806430995464325
image_246,0.05498092249035835
image_2460,0.2725958526134491
image_2461,0.2616364657878876
image_2462,0.10680442303419113
image_2463,0.10252387821674347
image_2464,0.0987718254327774
image_2465,0.4185466468334198
image_2466,0.13983969390392303
image_2467,0.19075645506381989
image_2468,0.05720801278948784
image_2469,0.06893140077590942
image_247,0.19190241396427155
image_2470,0.07997653633356094
image_2471,0.19420556724071503
image_2472,0.2599605619907379
image_2473,0.1402861475944519
image_2474,0.11781205981969833
image_2475,0.09297800809144974
image_2476,0.46116945147514343
image_2477,0.38590696454048157
image_2478,0.15671293437480927
image_2479,0.16303014755249023
image_248,0.1334543526172638
image_2480,0.4910263121128082
image_2481,0.19849219918251038
image_2482,0.02826824225485325
image_2483,0.12432467937469482
image_2484,0.3633004128932953
image_2485,0.1937595158815384
image_2486,0.25149962306022644
image_2487,0.16432695090770721
image_2488,0.07854520529508591
image_2489,0.2889177203178406
image_249,0.1546987146139145
image_2490,0.2930637300014496
image_2491,0.2959842383861542
image_2492,0.37045297026634216
image_2493,0.16028332710266113
image_2494,0.07582922279834747
image_2495,0.11878639459609985
image_2496,0.030732566490769386
image_2497,0.2422974854707718
image_2498,0.2694217562675476
image_2499,0.6607152819633484
image_25,0.1307145208120346
image_250,0.096588134765625
image_2500,0.07244598120450974
image_2501,0.22264604270458221
image_2502,0.253677099943161
image_2503,0.2082737535238266
image_2504,0.20659863948822021
image_2505,0.31356698274612427
image_2506,0.22555355727672577
image_2507,0.1288934201002121
image_2508,0.4782869815826416
image_2509,0.12669812142848969
image_251,0.2076694518327713
image_2510,0.15607433021068573
image_2511,0.1905253678560257
image_2512,0.3984590172767639
image_2513,0.27391111850738525
image_2514,0.14096908271312714
image_2515,0.08164037019014359
image_2516,0.16959340870380402
image_2517,0.3829313814640045
image_2518,0.16714905202388763
image_2519,0.22078493237495422
image_252,0.10144629329442978
image_2520,0.09181281179189682
image_2521,0.24704337120056152
image_2522,0.14146284759044647
image_2523,0.12308507412672043
image_2524,0.17869029939174652
image_2525,0.042862895876169205
image_2526,0.02130979113280773
image_2527,0.07356853783130646
image_2528,0.6237074136734009
image_2529,0.22579041123390198
image_253,0.5629703402519226
image_2530,0.056318122893571854
image_2531,0.17895694077014923
image_2532,0.2895277440547943
image_2533,0.015302333049476147
image_2534,0.6262044310569763
image_2535,0.891082227230072
image_2536,0.17752952873706818
image_2537,0.03073372319340706
image_2538,0.14689591526985168
image_2539,0.04893451929092407
image_254,0.3206522762775421
image_2540,0.08646704256534576
image_2541,0.188503235578537
image_2542,0.23213930428028107
image_2543,0.3801729381084442
image_2544,0.3011375963687897
image_2545,0.045856744050979614
image_2546,0.5347468256950378
image_2547,0.14250127971172333
image_2548,0.7205955386161804
image_2549,0.12879525125026703
image_255,0.055419690907001495
image_2550,0.18589189648628235
image_2551,0.20801560580730438
image_2552,0.21065954864025116
image_2553,0.28670015931129456
image_2554,0.1906110942363739
image_2555,0.14570991694927216
image_2556,0.09457170963287354
image_2557,0.1918451339006424
image_2558,0.6567611694335938
image_2559,0.07233943790197372
image_256,0.6664782166481018
image_2560,0.21225309371948242
image_2561,0.08505990356206894
image_2562,0.2696550786495209
image_2563,0.4185435473918915
image_2564,0.5827127695083618
image_2565,0.11499021202325821
image_2566,0.08680330216884613
image_2567,0.5839359760284424
image_2568,0.4021272659301758
image_2569,0.4456929862499237
image_257,0.5066744089126587
image_2570,0.2191745787858963
image_2571,0.35757461190223694
image_2572,0.20426969230175018
image_2573,0.3042324185371399
image_2574,0.06909383833408356
image_2575,0.0957607850432396
image_2576,0.22357189655303955
image_2577,0.2221560776233673
image_2578,0.0715676099061966
image_2579,0.22192063927650452
image_258,0.2486228048801422
image_2580,0.11017043888568878
image_2581,0.07900972664356232
image_2582,0.1571650207042694
image_2583,0.26434293389320374
image_2584,0.09637292474508286
image_2585,0.5435099005699158
image_2586,0.2025788277387619
image_2587,0.25040704011917114
image_2588,0.22681625187397003
image_2589,0.24921977519989014
image_259,0.1775944083929062
image_2590,0.5343044400215149
image_2591,0.18996678292751312
image_2592,0.32995352149009705
image_2593,0.3760654032230377
image_2594,0.39740297198295593
image_2595,0.26167964935302734
image_2596,0.3351198136806488
image_2597,0.3728623390197754
image_2598,0.2005937099456787
image_2599,0.10211225599050522
image_26,0.2587319314479828
image_260,0.06595464050769806
image_2600,0.3310506343841553
image_2601,0.2784491777420044
image_2602,0.12274350225925446
image_2603,0.5035421252250671
image_2604,0.2916441261768341
image_2605,0.6509435772895813
image_2606,0.12644076347351074
image_2607,0.12574926018714905
image_2608,0.11091494560241699
image_2609,0.24658146500587463
image_261,0.276045560836792
image_2610,0.06052951142191887
image_2611,0.07185777276754379
image_2612,0.1773846447467804
image_2613,0.16786108911037445
image_2614,0.2432059794664383
image_2615,0.3141908049583435
image_2616,0.15848927199840546
image_2617,0.34499773383140564
image_2618,0.4793209135532379
image_2619,0.28191059827804565
image_262,0.27849650382995605
image_2620,0.09455882012844086
image_2621,0.21025407314300537
image_2622,0.04999057203531265
image_2623,0.4254187047481537
image_2624,0.6167046427726746
image_2625,0.9106817245483398
image_2626,0.22875241935253143
image_2627,0.19038471579551697
image_2628,0.40278178453445435
image_2629,0.12629586458206177
image_263,0.12384464591741562
image_2630,0.09426563233137131
image_2631,0.1496250182390213
image_2632,0.5925968289375305
image_2633,0.42327985167503357
image_2634,0.05447205528616905
image_2635,0.04977092519402504
image_2636,0.2007066309452057
image_2637,0.07958516478538513
image_2638,0.12026450783014297
image_2639,0.5596456527709961
image_264,0.2959916293621063
image_2640,0.2652921974658966
image_2641,0.6691665649414062
image_2642,0.1891547292470932
image_2643,0.09124831110239029
image_2644,0.04149087145924568
image_2645,0.11073652654886246
image_2646,0.3538587987422943
image_2647,0.32139086723327637
image_2648,0.15723173320293427
image_2649,0.42531466484069824
image_265,0.1097998172044754
image_2650,0.24316516518592834
image_2651,0.36601293087005615
image_2652,0.24358759820461273
image_2653,0.11572884768247604
image_2654,0.12576107680797577
image_2655,0.23076224327087402
image_2656,0.2943018674850464
image_2657,0.15563753247261047
image_2658,0.14459066092967987
image_2659,0.7555027008056641
image_266,0.20063336193561554
image_2660,0.16697902977466583
image_2661,0.1637965738773346
image_2662,0.1507248878479004
image_2663,0.44731998443603516
image_2664,0.19145222008228302
image_2665,0.3447350859642029
image_2666,0.1807839423418045
image_2667,0.04980972409248352
image_2668,0.17919330298900604
image_2669,0.24090789258480072
image_267,0.4815949499607086
image_2670,0.17578235268592834
image_2671,0.15410886704921722
image_2672,0.32715675234794617
image_2673,0.043974146246910095
image_2674,0.10560168325901031
image_2675,0.22849953174591064
image_2676,0.039123278111219406
image_2677,0.19720995426177979
image_2678,0.1055794507265091
image_2679,0.10116013139486313
image_268,0.5216061472892761
image_2680,0.09596659988164902
image_2681,0.33288511633872986
image_2682,0.2636711299419403
image_2683,0.09579688310623169
image_2684,0.08101516216993332
image_2685,0.3142772614955902
image_2686,0.23495197296142578
image_2687,0.2781181335449219
image_2688,0.2756872773170471
image_2689,0.18741731345653534
image_269,0.7345066070556641
image_2690,0.20717136561870575
image_2691,0.5917145609855652
image_2692,0.18397805094718933
image_2693,0.1871928572654724
image_2694,0.13110455870628357
image_2695,0.19650816917419434
image_2696,0.03287661448121071
image_2697,0.6407039761543274
image_2698,0.56779545545578
image_2699,0.2364056408405304
image_27,0.1349366009235382
image_270,0.286847323179245
image_2700,0.1095241829752922
image_2701,0.13811281323432922
image_2702,0.09417003393173218
image_2703,0.19168561697006226
image_2704,0.2741672098636627
image_2705,0.24399586021900177
image_2706,0.36577048897743225
image_2707,0.6645596027374268
image_2708,0.3862842321395874
image_2709,0.17741993069648743
image_271,0.16568045318126678
image_2710,0.08668982237577438
image_2711,0.12209036201238632
image_2712,0.26160508394241333
image_2713,0.12321078777313232
image_2714,0.35490289330482483
image_2715,0.2498023957014084
image_2716,0.19814532995224
image_2717,0.17186564207077026
image_2718,0.6107167601585388
image_2719,0.057741906493902206
image_272,0.5372996926307678
image_2720,0.21696066856384277
image_2721,0.10665630549192429
image_2722,0.20799250900745392
image_2723,0.17372937500476837
image_2724,0.11742184311151505
image_2725,0.6930087208747864
image_2726,0.06074508652091026
image_2727,0.38254013657569885
image_2728,0.1517256200313568
image_2729,0.3194322884082794
image_273,0.6131510138511658
image_2730,0.11482101678848267
image_2731,0.13752655684947968
image_2732,0.2562219202518463
image_2733,0.05875803157687187
image_2734,0.39815232157707214
image_2735,0.22553718090057373
image_2736,0.07972046732902527
image_2737,0.1864527314901352
image_2738,0.24118009209632874
image_2739,0.25009685754776
image_274,0.12895312905311584
image_2740,0.09966124594211578
image_2741,0.15634287893772125
image_2742,0.08597057312726974
image_2743,0.10420786589384079
image_2744,0.20784977078437805
image_2745,0.2761111557483673
image_2746,0.10498901456594467
image_2747,0.19125890731811523
image_2748,0.08356187492609024
image_2749,0.23569130897521973
image_275,0.06191644072532654
image_2750,0.25118252635002136
image_2751,0.15827594697475433
image_2752,0.21373334527015686
image_2753,0.13503561913967133
image_2754,0.26611587405204773
image_2755,0.06883616745471954
image_2756,0.5196813344955444
image_2757,0.08727414906024933
image_2758,0.14728586375713348
image_2759,0.37969517707824707
image_276,0.5635706782341003
image_2760,0.583792507648468
image_2761,0.05140947178006172
image_2762,0.22961843013763428
image_2763,0.23792067170143127
image_2764,0.09231241792440414
image_2765,0.1748613566160202
image_2766,0.23115530610084534
image_2767,0.3077847361564636
image_2768,0.12805350124835968
image_2769,0.08445614576339722
image_277,0.20520643889904022
image_2770,0.24078236520290375
image_2771,0.10013655573129654
image_2772,0.059607457369565964
image_2773,0.2311309576034546
image_2774,0.19272656738758087
image_2775,0.05635991320014
image_2776,0.27868959307670593
image_2777,0.26613107323646545
image_2778,0.105504609644413
image_2779,0.6720959544181824
image_278,0.38076624274253845
image_2780,0.5916942358016968
image_2781,0.5039777159690857
image_2782,0.33037224411964417
image_2783,0.07864892482757568
image_2784,0.30865761637687683
image_2785,0.2913859486579895
image_2786,0.20044457912445068
image_2787,0.13096816837787628
image_2788,0.16044624149799347
image_2789,0.060242440551519394
image_279,0.21056602895259857
image_2790,0.08031584322452545
image_2791,0.09423362463712692
image_2792,0.2343658059835434
image_2793,0.06781133264303207
image_2794,0.7144217491149902
image_2795,0.2056816667318344
image_2796,0.06668763607740402
image_2797,0.3489041328430176
image_2798,0.4126410484313965
image_2799,0.44472765922546387
image_28,0.10892095416784286
image_280,0.24249564111232758
image_2800,0.3467341363430023
image_2801,0.7879675030708313
image_2802,0.15224409103393555
image_2803,0.07749219238758087
image_2804,0.15195058286190033
image_2805,0.10448123514652252
image_2806,0.35487058758735657
image_2807,0.03870631381869316
image_2808,0.18706832826137543
image_2809,0.27117395401000977
image_281,0.24346323311328888
image_2810,0.08670348674058914
image_2811,0.15498726069927216
image_2812,0.7134791612625122
image_2813,0.6126579642295837
image_2814,0.3256104290485382
image_2815,0.1830662339925766
image_2816,0.10162699222564697
image_2817,0.31639760732650757
image_2818,0.3346644341945648
image_2819,0.14316852390766144
image_282,0.40437862277030945
image_2820,0.038510989397764206
image_2821,0.19524721801280975
image_2822,0.6748360991477966
image_2823,0.21014860272407532
image_2824,0.09756765514612198
image_2825,0.21200083196163177
image_2826,0.23456302285194397
image_2827,0.15402404963970184
image_2828,0.0881827101111412
image_2829,0.23534880578517914
image_283,0.10195375978946686
image_2830,0.34210869669914246
image_2831,0.16283486783504486
image_2832,0.12463747709989548
image_2833,0.21551036834716797
image_2834,0.10645230859518051
image_2835,0.1326020061969757
image_2836,0.2580232322216034
image_2837,0.09662389755249023
image_2838,0.2012230008840561
image_2839,0.13892912864685059
image_284,0.1155315563082695
image_2840,0.15815402567386627
image_2841,0.09296923875808716
image_2842,0.04879919812083244
image_2843,0.41564521193504333
image_2844,0.10246064513921738
image_2845,0.23573751747608185
image_2846,0.166837677359581
image_2847,0.77852863073349
image_2848,0.09404110163450241
image_2849,0.456498384475708
image_285,0.1733667105436325
image_2850,0.24514465034008026
image_2851,0.1658323109149933
image_2852,0.36587151885032654
image_2853,0.21665315330028534
image_2854,0.17811091244220734
image_2855,0.4704309105873108
image_2856,0.2885749042034149
image_2857,0.3321155607700348
image_2858,0.5879830121994019
image_2859,0.23374377191066742
image_286,0.47688713669776917
image_2860,0.11572349071502686
image_2861,0.21759796142578125
image_2862,0.11059373617172241
image_2863,0.09099867194890976
image_2864,0.11823075264692307
image_2865,0.24437880516052246
image_2866,0.04777783155441284
image_2867,0.09890644997358322
image_2868,0.18019713461399078
image_2869,0.16144633293151855
image_287,0.1322769820690155
image_2870,0.6444931030273438
image_2871,0.08046052604913712
image_2872,0.6855971217155457
image_2873,0.48016977310180664
image_2874,0.07388337701559067
image_2875,0.27788710594177246
image_2876,0.16754457354545593
image_2877,0.11651057004928589
image_2878,0.20761160552501678
image_2879,0.25703221559524536
image_288,0.2699550688266754
image_2880,0.639150857925415
image_2881,0.12749309837818146
image_2882,0.34001633524894714
image_2883,0.06312494724988937
image_2884,0.16953641176223755
image_2885,0.24737544357776642
image_2886,0.18717873096466064
image_2887,0.5053523778915405
image_2888,0.6312813758850098
image_2889,0.4417232573032379
image_289,0.0632520318031311
image_2890,0.34672337770462036
image_2891,0.1760912984609604
image_2892,0.1461893916130066
image_2893,0.3357146382331848
image_2894,0.24241280555725098
image_2895,0.12183487415313721
image_2896,0.02035200037062168
image_2897,0.6160110235214233
image_2898,0.37879714369773865
image_2899,0.2046806365251541
image_29,0.20861826837062836
image_290,0.2291952222585678
image_2900,0.08189783245325089
image_2901,0.1908312290906906
image_2902,0.09453099966049194
image_2903,0.24485862255096436
image_2904,0.19237320125102997
image_2905,0.3292304575443268
image_2906,0.0953647643327713
image_2907,0.7512913942337036
image_2908,0.047221165150403976
image_2909,0.8571355938911438
image_291,0.610854983329773
image_2910,0.1192714124917984
image_2911,0.4179019033908844
image_2912,0.15800876915454865
image_2913,0.16961728036403656
image_2914,0.08213279396295547
image_2915,0.13250470161437988
image_2916,0.03922079876065254
image_2917,0.10245247185230255
image_2918,0.22404232621192932
image_2919,0.051768817007541656
image_292,0.08620747178792953
image_2920,0.13673679530620575
image_2921,0.22107470035552979
image_2922,0.25240999460220337
image_2923,0.8097677230834961
image_2924,0.22202341258525848
image_2925,0.2065068781375885
image_2926,0.10207197815179825
image_2927,0.3503008782863617
image_2928,0.2630285918712616
image_2929,0.222542867064476
image_293,0.3989592492580414
image_2930,0.3505837321281433
image_2931,0.1649506539106369
image_2932,0.16690722107887268
image_2933,0.27175164222717285
image_2934,0.0533456914126873
image_2935,0.30199941992759705
image_2936,0.6179854273796082
image_2937,0.3643133044242859
image_2938,0.20054888725280762
image_2939,0.21375492215156555
image_294,0.2128659337759018
image_2940,0.09888053685426712
image_2941,0.24378898739814758
image_2942,0.05291413888335228
image_2943,0.052423276007175446
image_2944,0.16832654178142548
image_2945,0.1978752613067627
image_2946,0.09503021836280823
image_2947,0.07477926462888718
image_2948,0.107773058116436
image_2949,0.13397268950939178
image_295,0.11935877799987793
image_2950,0.37045231461524963
image_2951,0.08433138579130173
image_2952,0.10992022603750229
image_2953,0.6332665085792542
image_2954,0.5675188899040222
image_2955,0.3198513686656952
image_2956,0.1583237200975418
image_2957,0.21135945618152618
image_2958,0.04989812895655632
image_2959,0.2090533822774887
image_296,0.08207396417856216
image_2960,0.15549245476722717
image_2961,0.18134848773479462
image_2962,0.6413344144821167
image_2963,0.1920861005783081
image_2964,0.3335256278514862
image_2965,0.23977938294410706
image_2966,0.39706918597221375
image_2967,0.16630132496356964
image_2968,0.28774911165237427
image_2969,0.04627024754881859
image_297,0.1274571418762207
image_2970,0.12246821075677872
image_2971,0.23608842492103577
image_2972,0.4274695813655853
image_2973,0.2531859576702118
image_2974,0.1280059963464737
image_2975,0.5665390491485596
image_2976,0.4886861741542816
image_2977,0.2146029770374298
image_2978,0.10578878223896027
image_2979,0.25675007700920105
image_298,0.03746931999921799
image_2980,0.2288559526205063
image_2981,0.17146682739257812
image_2982,0.06939860433340073
image_2983,0.34435734152793884
image_2984,0.6920837759971619
image_2985,0.20287711918354034
image_2986,0.07592155039310455
image_2987,0.20089927315711975
image_2988,0.777615487575531
image_2989,0.14333875477313995
image_299,0.6881882548332214
image_2990,0.12845486402511597
image_2991,0.1829046756029129
image_2992,0.34892305731773376
image_2993,0.07010815292596817
image_2994,0.267665296792984
image_2995,0.5648643970489502
image_2996,0.08103948831558228
image_2997,0.060981541872024536
image_2998,0.16283217072486877
image_2999,0.11258995532989502
image_3,0.7341947555541992
image_30,0.24239902198314667
image_300,0.20851115882396698
image_3000,0.44791480898857117
image_3001,0.4157581329345703
image_3002,0.09449564665555954
image_3003,0.1802458018064499
image_3004,0.2616514265537262
image_3005,0.2117117941379547
image_3006,0.053892362862825394
image_3007,0.030809743329882622
image_3008,0.5168492197990417
image_3009,0.2533557415008545
image_301,0.2535300552845001
image_3010,0.256300151348114
image_3011,0.28825482726097107
image_3012,0.14149461686611176
image_3013,0.25932326912879944
image_3014,0.17601245641708374
image_3015,0.18058793246746063
image_3016,0.19909785687923431
image_3017,0.1616123467683792
image_3018,0.27763253450393677
image_3019,0.12868721783161163
image_302,0.5583722591400146
image_3020,0.5055664777755737
image_3021,0.3724339008331299
image_3022,0.6070595383644104
image_3023,0.4926939904689789
image_3024,0.21523049473762512
image_3025,0.08171625435352325
image_3026,0.2142062485218048
image_3027,0.15646658837795258
image_3028,0.36217591166496277
image_3029,0.053650856018066406
image_303,0.05098865181207657
image_3030,0.22231321036815643
image_3031,0.06859821081161499
image_3032,0.25782251358032227
image_3033,0.2788941562175751
image_3034,0.3276403844356537
image_3035,0.6183501482009888
image_3036,0.14722155034542084
image_3037,0.7783666253089905
image_3038,0.26021820306777954
image_3039,0.23398756980895996
image_304,0.27511709928512573
image_3040,0.021860921755433083
image_3041,0.1344008445739746
image_3042,0.4661838710308075
image_3043,0.07992574572563171
image_3044,0.28388893604278564
image_3045,0.0917525514960289
image_3046,0.044865842908620834
image_3047,0.2151016741991043
image_3048,0.13931722939014435
image_3049,0.1332007497549057
image_305,0.2050706446170807
image_3050,0.05185769125819206
image_3051,0.20394308865070343
image_3052,0.7781755328178406
image_3053,0.28423061966896057
image_3054,0.26404842734336853
image_3055,0.12430115044116974
image_3056,0.1579546183347702
image_3057,0.09110771864652634
image_3058,0.18179523944854736
image_3059,0.2597740590572357
image_306,0.27733680605888367
image_3060,0.20913861691951752
image_3061,0.07944948971271515
image_3062,0.6518203616142273
image_3063,0.18400198221206665
image_3064,0.1097426638007164
image_3065,0.23956075310707092
image_3066,0.10435032099485397
image_3067,0.07924118638038635
image_3068,0.3666086792945862
image_3069,0.033250343054533005
image_307,0.23572909832000732
image_3070,0.802811324596405
image_3071,0.24577932059764862
image_3072,0.3167601525783539
image_3073,0.7690920233726501
image_3074,0.20985913276672363
image_3075,0.06075369194149971
image_3076,0.28814777731895447
image_3077,0.03498873859643936
image_3078,0.42374715209007263
image_3079,0.3381739556789398
image_308,0.04769693687558174
image_3080,0.22324752807617188
image_3081,0.15097640454769135
image_3082,0.00534155685454607
image_3083,0.3197972774505615
image_3084,0.1176990494132042
image_3085,0.20675848424434662
image_3086,0.0924491211771965
image_3087,0.06241683289408684
image_3088,0.2926744520664215
image_3089,0.2974575459957123
image_309,0.4607877731323242
image_3090,0.11514993011951447
image_3091,0.14908403158187866
image_3092,0.13799217343330383
image_3093,0.2633182108402252
image_3094,0.30096161365509033
image_3095,0.36881929636001587
image_3096,0.26129400730133057
image_3097,0.052094973623752594
image_3098,0.08951570838689804
image_3099,0.07400405406951904
image_31,0.23358102142810822
image_310,0.3728618323802948
image_3100,0.24575749039649963
image_3101,0.24302735924720764
image_3102,0.09067895263433456
image_3103,0.19523629546165466
image_3104,0.15636734664440155
image_3105,0.12178698927164078
image_3106,0.12602798640727997
image_3107,0.24196481704711914
image_3108,0.046169985085725784
image_3109,0.08793897926807404
image_311,0.21902398765087128
image_3110,0.16247794032096863
image_3111,0.13789017498493195
image_3112,0.22377996146678925
image_3113,0.04699992015957832
image_3114,0.2158632129430771
image_3115,0.677306592464447
image_3116,0.36729007959365845
image_3117,0.434739887714386
image_3118,0.3597674071788788
image_3119,0.3062496483325958
image_312,0.26015931367874146
image_3120,0.24690237641334534
image_3121,0.08092021197080612
image_3122,0.08815232664346695
image_3123,0.43001434206962585
image_3124,0.06593038886785507
image_3125,0.4652422070503235
image_3126,0.3533250689506531
image_3127,0.18409596383571625
image_3128,0.7386431694030762
image_3129,0.09544900804758072
image_313,0.11664428561925888
image_3130,0.29081296920776367
image_3131,0.21334242820739746
image_3132,0.03144652768969536
image_3133,0.037721287459135056
image_3134,0.14424313604831696
image_3135,0.32648715376853943
image_3136,0.22848811745643616
image_3137,0.05099949985742569
image_3138,0.2993322014808655
image_3139,0.4490222930908203
image_314,0.05324196815490723
image_3140,0.08062777668237686
image_3141,0.7098897099494934
image_3142,0.21751081943511963
image_3143,0.29857444763183594
image_3144,0.11803194135427475
image_3145,0.12518367171287537
image_3146,0.11272783577442169
image_3147,0.2465449571609497
image_3148,0.12018292397260666
image_3149,0.22032217681407928
image_315,0.2341327667236328
image_3150,0.2724469304084778
image_3151,0.14368529617786407
image_3152,0.19155219197273254
image_3153,0.24063041806221008
image_3154,0.13897614181041718
image_3155,0.3466193675994873
image_3156,0.3695661127567291
image_3157,0.41384315490722656
image_3158,0.1466538906097412
image_3159,0.19322456419467926
image_316,0.21963898837566376
image_3160,0.19455555081367493
image_3161,0.15160134434700012
image_3162,0.0908549427986145
image_3163,0.0823642760515213
image_3164,0.0902414470911026
image_3165,0.5870109796524048
image_3166,0.1360958367586136
image_3167,0.12398415803909302
image_3168,0.5863614082336426
image_3169,0.11323142051696777
image_317,0.16506724059581757
image_3170,0.5336076617240906
image_3171,0.08376658707857132
image_3172,0.10389125347137451
image_3173,0.1256481260061264
image_3174,0.051521845161914825
image_3175,0.07066253572702408
image_3176,0.4033198952674866
image_3177,0.24215559661388397
image_3178,0.19459930062294006
image_3179,0.2031649798154831
image_318,0.09862006455659866
image_3180,0.055094946175813675
image_3181,0.39574453234672546
image_3182,0.15650434792041779
image_3183,0.05354154109954834
image_3184,0.07417134940624237
image_3185,0.05897555872797966
image_3186,0.1432415097951889
image_3187,0.03393128514289856
image_3188,0.04314553365111351
image_3189,0.23448948562145233
image_319,0.194086492061615
image_3190,0.08902301639318466
image_3191,0.516189694404602
image_3192,0.08083511888980865
image_3193,0.23380930721759796
image_3194,0.09370134025812149
image_3195,0.19866399466991425
image_3196,0.31441375613212585
image_3197,0.11370804160833359
image_3198,0.1302882730960846
image_3199,0.1050182357430458
image_32,0.05080829933285713
image_320,0.04706012085080147
image_3200,0.14774252474308014
image_3201,0.1520542949438095
image_3202,0.5998278260231018
image_3203,0.11205115169286728
image_3204,0.13402432203292847
image_3205,0.15679506957530975
image_3206,0.5668640732765198
image_3207,0.1940280795097351
image_3208,0.1863444596529007
image_3209,0.2560342252254486
image_321,0.27143263816833496
image_3210,0.03364766761660576
image_3211,0.1578470915555954
image_3212,0.09774582087993622
image_3213,0.5796007513999939
image_3214,0.5010542273521423
image_3215,0.18234609067440033
image_3216,0.8509473204612732
image_3217,0.20592966675758362
image_3218,0.22548580169677734
image_3219,0.15516474843025208
image_322,0.19961945712566376
image_3220,0.18124456703662872
image_3221,0.1239723190665245
image_3222,0.26672235131263733
image_3223,0.3492443263530731
image_3224,0.1520153135061264
image_3225,0.4141075313091278
image_3226,0.19332078099250793
image_3227,0.12439315766096115
image_3228,0.2060086727142334
image_3229,0.3976711630821228
image_323,0.04310387000441551
image_3230,0.3118077218532562
image_3231,0.15306396782398224
image_3232,0.1361832618713379
image_3233,0.7334343791007996
image_3234,0.4885970652103424
image_3235,0.35362508893013
image_3236,0.11833488196134567
image_3237,0.2302664965391159
image_3238,0.5137944221496582
image_3239,0.14325909316539764
image_324,0.21454770863056183
image_3240,0.1634410172700882
image_3241,0.10184915363788605
image_3242,0.12006004899740219
image_3243,0.04174598678946495
image_3244,0.3652041554450989
image_3245,0.11785810440778732
image_3246,0.08068337291479111
image_3247,0.2983658015727997
image_3248,0.11001598834991455
image_3249,0.1329878270626068
image_325,0.14693693816661835
image_3250,0.12911702692508698
image_3251,0.07865704596042633
image_3252,0.0640275627374649
image_3253,0.05947956442832947
image_3254,0.5527445673942566
image_3255,0.04991184175014496
image_3256,0.354058176279068
image_3257,0.1565428078174591
image_3258,0.2194686383008957
image_3259,0.18120518326759338
image_326,0.07979900389909744
image_3260,0.30964356660842896
image_3261,0.15099333226680756
image_3262,0.07744979858398438
image_3263,0.3389585614204407
image_3264,0.12186148017644882
image_3265,0.31669193506240845
image_3266,0.24796266853809357
image_3267,0.2171139270067215
image_3268,0.018193772062659264
image_3269,0.19346044957637787
image_327,0.30955344438552856
image_3270,0.3040876090526581
image_3271,0.0844733938574791
image_3272,0.4232645034790039
image_3273,0.2024625986814499
image_3274,0.3301634192466736
image_3275,0.25869134068489075
image_3276,0.10952683538198471
image_3277,0.00983364600688219
image_3278,0.059850048273801804
image_3279,0.6530969738960266
image_328,0.24535195529460907
image_3280,0.36320051550865173
image_3281,0.5481821894645691
image_3282,0.08385695517063141
image_3283,0.08198058605194092
image_3284,0.1990203857421875
image_3285,0.08750706166028976
image_3286,0.14621661603450775
image_3287,0.14213941991329193
image_3288,0.046820059418678284
image_3289,0.3741580545902252
image_329,0.046400606632232666
image_3290,0.14977268874645233
image_3291,0.2170885056257248
image_3292,0.4635377824306488
image_3293,0.3659646511077881
image_3294,0.2884152829647064
image_3295,0.1607464849948883
image_3296,0.3635685443878174
image_3297,0.2945851981639862
image_3298,0.17505793273448944
image_3299,0.11895785480737686
image_33,0.07885002344846725
image_330,0.09881012886762619
image_3300,0.3590276837348938
image_3301,0.17466972768306732
image_3302,0.31116601824760437
image_3303,0.26453059911727905
image_3304,0.10925658792257309
image_3305,0.18574009835720062
image_3306,0.33203360438346863
image_3307,0.1430458128452301
image_3308,0.19766020774841309
image_3309,0.26030340790748596
image_331,0.22594551742076874
image_3310,0.17308281362056732
image_3311,0.08304343372583389
image_3312,0.21177108585834503
image_3313,0.10328369587659836
image_3314,0.3608372211456299
image_3315,0.03808773681521416
image_3316,0.4597780406475067
image_3317,0.223316952586174
image_3318,0.1776093989610672
image_3319,0.24510645866394043
image_332,0.13707862794399261
image_3320,0.19703368842601776
image_3321,0.21932683885097504
image_3322,0.1584438532590866
image_3323,0.08390293270349503
image_3324,0.13049614429473877
image_3325,0.15183493494987488
image_3326,0.2108832597732544
image_3327,0.2356497049331665
image_3328,0.34768620133399963
image_3329,0.12679623067378998
image_333,0.20077760517597198
image_3330,0.2740344703197479
image_3331,0.14544780552387238
image_3332,0.23072771728038788
image_3333,0.044626448303461075
image_3334,0.40500545501708984
image_3335,0.22020946443080902
image_3336,0.05810154601931572
image_3337,0.5174595713615417
image_3338,0.2129831612110138
image_3339,0.05499224737286568
image_334,0.16360197961330414
image_3340,0.14068126678466797
image_3341,0.2291027307510376
image_3342,0.07340846955776215
image_3343,0.2175552397966385
image_3344,0.052179839462041855
image_3345,0.6063534021377563
image_3346,0.25429317355155945
image_3347,0.4491383731365204
image_3348,0.19192121922969818
image_3349,0.07790377736091614
image_335,0.06896724551916122
image_3350,0.17588025331497192
image_3351,0.18647079169750214
image_3352,0.7013837099075317
image_3353,0.18468372523784637
image_3354,0.229493647813797
image_3355,0.0893380269408226
image_3356,0.12166710942983627
image_3357,0.1346377432346344
image_3358,0.20980572700500488
image_3359,0.06793851405382156
image_336,0.17357665300369263
image_3360,0.6963381171226501
image_3361,0.20318804681301117
image_3362,0.14374256134033203
image_3363,0.1467774659395218
image_3364,0.11932366341352463
image_3365,0.4858589172363281
image_3366,0.08369331806898117
image_3367,0.2599013149738312
image_3368,0.12717540562152863
image_3369,0.09399266541004181
image_337,0.2726235091686249
image_3370,0.13452957570552826
image_3371,0.5985283851623535
image_3372,0.259622722864151
image_3373,0.32539209723472595
image_3374,0.33317792415618896
image_3375,0.08909954875707626
image_3376,0.24616117775440216
image_3377,0.6149462461471558
image_3378,0.10054309666156769
image_3379,0.21243467926979065
image_338,0.18252159655094147
image_3380,0.0686148926615715
image_3381,0.06392613798379898
image_3382,0.33544060587882996
image_3383,0.2449192851781845
image_3384,0.18758554756641388
image_3385,0.11944618076086044
image_3386,0.21221089363098145
image_3387,0.8436582684516907
image_3388,0.3770201504230499
image_3389,0.06008438020944595
image_339,0.6362197995185852
image_3390,0.7846511006355286
image_3391,0.2710752785205841
image_3392,0.777137815952301
image_3393,0.21657757461071014
image_3394,0.22049355506896973
image_3395,0.14223675429821014
image_3396,0.10251756012439728
image_3397,0.062165845185518265
image_3398,0.06245735287666321
image_3399,0.30219322443008423
image_34,0.16080054640769958
image_340,0.1848037987947464
image_3400,0.1963871717453003
image_3401,0.22131863236427307
image_3402,0.5209798216819763
image_3403,0.158559188246727
image_3404,0.15957151353359222
image_3405,0.09199809283018112
image_3406,0.17010867595672607
image_3407,0.38100966811180115
image_3408,0.5790680050849915
image_3409,0.3088069558143616
image_341,0.4503149092197418
image_3410,0.22206635773181915
image_3411,0.02504740096628666
image_3412,0.4762032926082611
image_3413,0.020446235314011574
image_3414,0.9185938835144043
image_3415,0.08537909388542175
image_3416,0.09082060307264328
image_3417,0.07843121141195297
image_3418,0.19266614317893982
image_3419,0.6522316932678223
image_342,0.08919617533683777
image_3420,0.16872334480285645
image_3421,0.2561168670654297
image_3422,0.09991391003131866
image_3423,0.07744574546813965
image_3424,0.38458317518234253
image_3425,0.1293979436159134
image_3426,0.18030400574207306
image_3427,0.3084568977355957
image_3428,0.20565496385097504
image_3429,0.5561201572418213
image_343,0.15627965331077576
image_3430,0.20230494439601898
image_3431,0.3580199182033539
image_3432,0.5878854990005493
image_3433,0.22063636779785156
image_3434,0.11134465038776398
image_3435,0.3118334710597992
image_3436,0.1524783819913864
image_3437,0.20810656249523163
image_3438,0.1629818230867386
image_3439,0.13371038436889648
image_344,0.3796834647655487
image_3440,0.3945368230342865
image_3441,0.3127152621746063
image_3442,0.2916286289691925
image_3443,0.1773902177810669
image_3444,0.2082860916852951
image_3445,0.07325253635644913
image_3446,0.12335874885320663
image_3447,0.13674215972423553
image_3448,0.5264030694961548
image_3449,0.3430297076702118
image_345,0.6411156058311462
image_3450,0.37693363428115845
image_3451,0.2208232879638672
image_3452,0.3022695481777191
image_3453,0.2263793796300888
image_3454,0.31500712037086487
image_3455,0.5520315170288086
image_3456,0.3174750804901123
image_3457,0.01662074215710163
image_3458,0.2979731559753418
image_3459,0.22990496456623077
image_346,0.16277645528316498
image_3460,0.08451004326343536
image_3461,0.052555568516254425
image_3462,0.25060540437698364
image_3463,0.37947607040405273
image_3464,0.20541708171367645
image_3465,0.040709007531404495
image_3466,0.634312629699707
image_3467,0.10071488469839096
image_3468,0.7081677317619324
image_3469,0.044938355684280396
image_347,0.19211988151073456
image_3470,0.7351929545402527
image_3471,0.022201111540198326
image_3472,0.4253920614719391
image_3473,0.03447621688246727
image_3474,0.1460508555173874
image_3475,0.1851656138896942
image_3476,0.08926179260015488
image_3477,0.43233776092529297
image_3478,0.43539953231811523
image_3479,0.16082139313220978
image_348,0.2758535146713257
image_3480,0.4273967742919922
image_3481,0.5325092673301697
image_3482,0.1507033407688141
image_3483,0.15577225387096405
image_3484,0.13202689588069916
image_3485,0.3585434854030609
image_3486,0.13874270021915436
image_3487,0.23674368858337402
image_3488,0.02920682728290558
image_3489,0.2584167420864105
image_349,0.12172067165374756
image_3490,0.04650454595685005
image_3491,0.47340628504753113
image_3492,0.4722798764705658
image_3493,0.13431698083877563
image_3494,0.4815974831581116
image_3495,0.1669984608888626
image_3496,0.20426999032497406
image_3497,0.2554045617580414
image_3498,0.14630527794361115
image_3499,0.475726842880249
image_35,0.7608588933944702
image_350,0.07511065900325775
image_3500,0.1844320297241211
image_3501,0.044202614575624466
image_3502,0.12800398468971252
image_3503,0.10198439657688141
image_3504,0.20043693482875824
image_3505,0.14933444559574127
image_3506,0.1333112269639969
image_3507,0.14628233015537262
image_3508,0.25951430201530457
image_3509,0.25782254338264465
image_351,0.16642223298549652
image_3510,0.19636447727680206
image_3511,0.21876740455627441
image_3512,0.2621328830718994
image_3513,0.1329781711101532
image_3514,0.18133912980556488
image_3515,0.05567436292767525
image_3516,0.22527866065502167
image_3517,0.08973964303731918
image_3518,0.1395639032125473
image_3519,0.6945542693138123
image_352,0.5498208999633789
image_3520,0.06872758269309998
image_3521,0.6240498423576355
image_3522,0.16566410660743713
image_3523,0.07430453598499298
image_3524,0.15014593303203583
image_3525,0.01765715889632702
image_3526,0.10606517642736435
image_3527,0.5225299000740051
image_3528,0.041379813104867935
image_3529,0.07346369326114655
image_353,0.15305529534816742
image_3530,0.029936576262116432
image_3531,0.1637939214706421
image_3532,0.05742168053984642
image_3533,0.16933289170265198
image_3534,0.1556451916694641
image_3535,0.21663828194141388
image_3536,0.16592912375926971
image_3537,0.28599467873573303
image_3538,0.3635909855365753
image_3539,0.6572912335395813
image_354,0.2105412483215332
image_3540,0.5801381468772888
image_3541,0.46153736114501953
image_3542,0.13880999386310577
image_3543,0.77820885181427
image_3544,0.23123227059841156
image_3545,0.322893887758255
image_3546,0.3209349811077118
image_3547,0.1979399472475052
image_3548,0.5278962254524231
image_3549,0.19902074337005615
image_355,0.2025214284658432
image_3550,0.5094361305236816
image_3551,0.19401435554027557
image_3552,0.11456223577260971
image_3553,0.3203044831752777
image_3554,0.1769455075263977
image_3555,0.34747621417045593
image_3556,0.3237624168395996
image_3557,0.3553389012813568
image_3558,0.07493322342634201
image_3559,0.19615626335144043
image_356,0.5320683121681213
image_3560,0.20826056599617004
image_3561,0.18470562994480133
image_3562,0.09529396146535873
image_3563,0.1249530091881752
image_3564,0.20934651792049408
image_3565,0.6535720229148865
image_3566,0.32135793566703796
image_3567,0.20535150170326233
image_3568,0.8489981889724731
image_3569,0.19841337203979492
image_357,0.04947195574641228
image_3570,0.10534053295850754
image_3571,0.15408119559288025
image_3572,0.16757343709468842
image_3573,0.5045921206474304
image_3574,0.1448775827884674
image_3575,0.1375625729560852
image_3576,0.5664726495742798
image_3577,0.825628399848938
image_3578,0.525969922542572
image_3579,0.0863216444849968
image_358,0.049220144748687744
image_3580,0.6432195901870728
image_3581,0.184533029794693
image_3582,0.18245211243629456
image_3583,0.09306804090738297
image_3584,0.31784629821777344
image_3585,0.15674985945224762
image_3586,0.39479243755340576
image_3587,0.26423245668411255
image_3588,0.08621986210346222
image_3589,0.051537711173295975
image_359,0.38638490438461304
image_3590,0.1631571501493454
image_3591,0.11269017308950424
image_3592,0.20392005145549774
image_3593,0.13321590423583984
image_3594,0.14147889614105225
image_3595,0.1724843829870224
image_3596,0.1541212648153305
image_3597,0.26009225845336914
image_3598,0.08008534461259842
image_3599,0.21131348609924316
image_36,0.08285275101661682
image_360,0.23637834191322327
image_3600,0.09059753268957138
image_3601,0.08520537614822388
image_3602,0.10436616092920303
image_3603,0.2098163664340973
image_3604,0.26722392439842224
image_3605,0.16093668341636658
image_3606,0.13268712162971497
image_3607,0.13959233462810516
image_3608,0.08476520329713821
image_3609,0.19087286293506622
image_361,0.15091678500175476
image_3610,0.19098953902721405
image_3611,0.5986979007720947
image_3612,0.5570971369743347
image_3613,0.2780896723270416
image_3614,0.16096346080303192
image_3615,0.13664455711841583
image_3616,0.23823098838329315
image_3617,0.10071089118719101
image_3618,0.14912563562393188
image_3619,0.1252613067626953
image_362,0.3367588222026825
image_3620,0.17688439786434174
image_3621,0.19163483381271362
image_3622,0.23250027000904083
image_3623,0.19087107479572296
image_3624,0.12292744964361191
image_3625,0.20437593758106232
image_3626,0.2723560035228729
image_3627,0.09089869260787964
image_3628,0.43147650361061096
image_3629,0.36248746514320374
image_363,0.14608746767044067
image_3630,0.12339810281991959
image_3631,0.06466119736433029
image_3632,0.4206719398498535
image_3633,0.03591718152165413
image_3634,0.03477100282907486
image_3635,0.09190286695957184
image_3636,0.155635267496109
image_3637,0.7107192873954773
image_3638,0.09863954782485962
image_3639,0.07507183402776718
image_364,0.0642920732498169
image_3640,0.17891506850719452
image_3641,0.1622302383184433
image_3642,0.14285869896411896
image_3643,0.28283795714378357
image_3644,0.23452794551849365
image_3645,0.11326537281274796
image_3646,0.07781481742858887
image_3647,0.35313650965690613
image_3648,0.08914879709482193
image_3649,0.312510222196579
image_365,0.7829610705375671
image_3650,0.6156579852104187
image_3651,0.172737717628479
image_3652,0.738315761089325
image_3653,0.1307687610387802
image_3654,0.23815706372261047
image_3655,0.31964775919914246
image_3656,0.14202266931533813
image_3657,0.22200492024421692
image_3658,0.16149938106536865
image_3659,0.07737699896097183
image_366,0.5217189192771912
image_3660,0.30248233675956726
image_3661,0.16491873562335968
image_3662,0.5582717061042786
image_3663,0.0909469947218895
image_3664,0.3148292005062103
image_3665,0.6452083587646484
image_3666,0.34184813499450684
image_3667,0.03905976563692093
image_3668,0.33981287479400635
image_3669,0.16087108850479126
image_367,0.5541175603866577
image_3670,0.15928082168102264
image_3671,0.17643462121486664
image_3672,0.14351330697536469
image_3673,0.10017527639865875
image_3674,0.23599500954151154
image_3675,0.09606581181287766
image_3676,0.3100082576274872
image_3677,0.6724135279655457
image_3678,0.23683078587055206
image_3679,0.3494778275489807
image_368,0.205125093460083
image_3680,0.2507449984550476
image_3681,0.04518605396151543
image_3682,0.04575866460800171
image_3683,0.1013469249010086
image_3684,0.35525092482566833
image_3685,0.17553575336933136
image_3686,0.0142388716340065
image_3687,0.11951184272766113
image_3688,0.2826524078845978
image_3689,0.22234173119068146
image_369,0.7674795985221863
image_3690,0.8872203826904297
image_3691,0.23624353110790253
image_3692,0.5124154090881348
image_3693,0.41765233874320984
image_3694,0.11465507745742798
image_3695,0.054581642150878906
image_3696,0.14381806552410126
image_3697,0.11295440047979355
image_3698,0.24684090912342072
image_3699,0.1595078706741333
image_37,0.3242541551589966
image_370,0.1727387011051178
image_3700,0.1796332597732544
image_3701,0.20170997083187103
image_3702,0.4164983928203583
image_3703,0.03634362295269966
image_3704,0.8646823763847351
image_3705,0.06563042849302292
image_3706,0.6350535750389099
image_3707,0.24541211128234863
image_3708,0.10469688475131989
image_3709,0.13966916501522064
image_371,0.06725849211215973
image_3710,0.7459155917167664
image_3711,0.07755161821842194
image_3712,0.7487704157829285
image_3713,0.07756433635950089
image_3714,0.21375714242458344
image_3715,0.16059529781341553
image_3716,0.3167031705379486
image_3717,0.07056178897619247
image_3718,0.2580564022064209
image_3719,0.12398884445428848
image_372,0.773939311504364
image_3720,0.33038485050201416
image_3721,0.15406334400177002
image_3722,0.19555166363716125
image_3723,0.7305693030357361
image_3724,0.17408449947834015
image_3725,0.5453035831451416
image_3726,0.23016159236431122
image_3727,0.5091075897216797
image_3728,0.20243263244628906
image_3729,0.07513637095689774
image_373,0.1419263333082199
image_3730,0.2430218905210495
image_3731,0.19597403705120087
image_3732,0.2622460424900055
image_3733,0.10423588752746582
image_3734,0.7448782324790955
image_3735,0.23017600178718567
image_3736,0.12110378593206406
image_3737,0.236094668507576
image_3738,0.06287618726491928
image_3739,0.05106609687209129
image_374,0.21214619278907776
image_3740,0.38634535670280457
image_3741,0.7113119959831238
image_3742,0.2293519526720047
image_3743,0.07477109879255295
image_3744,0.24821613729000092
image_3745,0.12139517068862915
image_3746,0.12683849036693573
image_3747,0.1743355244398117
image_3748,0.14350230991840363
image_3749,0.11043242365121841
image_375,0.47095298767089844
image_3750,0.47697240114212036
image_3751,0.1193956732749939
image_3752,0.12868398427963257
image_3753,0.32700082659721375
image_3754,0.44975534081459045
image_3755,0.25091901421546936
image_3756,0.3591936528682709
image_3757,0.3159785270690918
image_3758,0.0524907223880291
image_3759,0.2042921781539917
image_376,0.09586689621210098
image_3760,0.22791054844856262
image_3761,0.23433808982372284
image_3762,0.13908612728118896
image_3763,0.2892627418041229
image_3764,0.06597777456045151
image_3765,0.06360568851232529
image_3766,0.08340008556842804
image_3767,0.23434527218341827
image_3768,0.17533297836780548
image_3769,0.1832117885351181
image_377,0.16217181086540222
image_3770,0.42620307207107544
image_3771,0.14171050488948822
image_3772,0.22617416083812714
image_3773,0.11733114719390869
image_3774,0.27801597118377686
image_3775,0.3515072464942932
image_3776,0.215721994638443
image_3777,0.37732040882110596
image_3778,0.028072116896510124
image_3779,0.31048911809921265
image_378,0.1723559945821762
image_3780,0.6131683588027954
image_3781,0.13171236217021942
image_3782,0.34207963943481445
image_3783,0.1332923173904419
image_3784,0.04118761420249939
image_3785,0.3818160891532898
image_3786,0.2303742915391922
image_3787,0.49206122756004333
image_3788,0.0373331718146801
image_3789,0.8306615948677063
image_379,0.6488828063011169
image_3790,0.20019011199474335
image_3791,0.08889394998550415
image_3792,0.040077827870845795
image_3793,0.2692084312438965
image_3794,0.11382108181715012
image_3795,0.14566683769226074
image_3796,0.2144223302602768
image_3797,0.23077677190303802
image_3798,0.1800519973039627
image_3799,0.2644856572151184
image_38,0.18442456424236298
image_380,0.265293687582016
image_3800,0.04447285085916519
image_3801,0.04053213819861412
image_3802,0.3174644410610199
image_3803,0.37693676352500916
image_3804,0.04315304383635521
image_3805,0.19758497178554535
image_3806,0.12255501747131348
image_3807,0.20773863792419434
image_3808,0.18203817307949066
image_3809,0.8652782440185547
image_381,0.5028721690177917
image_3810,0.07915864884853363
image_3811,0.08880390226840973
image_3812,0.22500669956207275
image_3813,0.13482777774333954
image_3814,0.12063824385404587
image_3815,0.09910216182470322
image_3816,0.12569594383239746
image_3817,0.579845130443573
image_3818,0.0708002969622612
image_3819,0.48340582847595215
image_382,0.03304239735007286
image_3820,0.017728567123413086
image_3821,0.3325316607952118
image_3822,0.17024067044258118
image_3823,0.2399960607290268
image_3824,0.2936979830265045
image_3825,0.08395709842443466
image_3826,0.12072203308343887
image_3827,0.08939599245786667
image_3828,0.0783342495560646
image_3829,0.08698810636997223
image_383,0.4908428192138672
image_3830,0.18656477332115173
image_3831,0.22042040526866913
image_3832,0.28476595878601074
image_3833,0.6529618501663208
image_3834,0.30916500091552734
image_3835,0.14449992775917053
image_3836,0.21114544570446014
image_3837,0.3725460171699524
image_3838,0.5542348027229309
image_3839,0.29178667068481445
image_384,0.16999268531799316
image_3840,0.2806876003742218
image_3841,0.26018673181533813
image_3842,0.09059416502714157
image_3843,0.025010356679558754
image_3844,0.11038010567426682
image_3845,0.11966273933649063
image_3846,0.7108579874038696
image_3847,0.14890319108963013
image_3848,0.26491108536720276
image_3849,0.6691507697105408
image_385,0.34316253662109375
image_3850,0.5444737672805786
image_3851,0.21438629925251007
image_3852,0.8358001708984375
image_3853,0.13785593211650848
image_3854,0.055671513080596924
image_3855,0.10194013267755508
image_3856,0.15544633567333221
image_3857,0.14465470612049103
image_3858,0.30139029026031494
image_3859,0.631893515586853
image_386,0.13975247740745544
image_3860,0.2296435385942459
image_3861,0.05415844917297363
image_3862,0.08605840057134628
image_3863,0.29941555857658386
image_3864,0.08566688746213913
image_3865,0.2326894849538803
image_3866,0.08110105991363525
image_3867,0.09155315905809402
image_3868,0.6423397064208984
image_3869,0.31689420342445374
image_387,0.8431575894355774
image_3870,0.16866916418075562
image_3871,0.1659538596868515
image_3872,0.2006220817565918
image_3873,0.013180929236114025
image_3874,0.3094998300075531
image_3875,0.25843754410743713
image_3876,0.5114384889602661
image_3877,0.5053836107254028
image_3878,0.13453269004821777
image_3879,0.1710808128118515
image_388,0.17317010462284088
image_3880,0.15067489445209503
image_3881,0.07736525684595108
image_3882,0.1347292959690094
image_3883,0.3309505879878998
image_3884,0.08053851127624512
image_3885,0.10355823487043381
image_3886,0.33223816752433777
image_3887,0.19593051075935364
image_3888,0.10953571647405624
image_3889,0.0839601680636406
image_389,0.13888497650623322
image_3890,0.16334903240203857
image_3891,0.5137919783592224
image_3892,0.5618285536766052
image_3893,0.3086847960948944
image_3894,0.18277192115783691
image_3895,0.2892198860645294
image_3896,0.23240573704242706
image_3897,0.3243613839149475
image_3898,0.049895066767930984
image_3899,0.3571701645851135
image_39,0.5365460515022278
image_390,0.078200563788414
image_3900,0.07322739064693451
image_3901,0.1342301070690155
image_3902,0.32057252526283264
image_3903,0.14822864532470703
image_3904,0.1040092334151268
image_3905,0.3832226097583771
image_3906,0.05578164383769035
image_3907,0.06660981476306915
image_3908,0.058504801243543625
image_3909,0.03997957333922386
image_391,0.28429901599884033
image_3910,0.22047685086727142
image_3911,0.14643672108650208
image_3912,0.7648648619651794
image_3913,0.5118488073348999
image_3914,0.2901289165019989
image_3915,0.1259436160326004
image_3916,0.6209844946861267
image_3917,0.6570830345153809
image_3918,0.30431824922561646
image_3919,0.11995512247085571
image_392,0.2840586304664612
image_3920,0.1698378622531891
image_3921,0.3913968503475189
image_3922,0.31497693061828613
image_3923,0.14680123329162598
image_3924,0.19632117450237274
image_3925,0.10503319650888443
image_3926,0.05326637253165245
image_3927,0.27329739928245544
image_3928,0.41037994623184204
image_3929,0.3463582396507263
image_393,0.1439305990934372
image_3930,0.1934325098991394
image_3931,0.26985177397727966
image_3932,0.20715084671974182
image_3933,0.08883734792470932
image_3934,0.07127775251865387
image_3935,0.05713002756237984
image_3936,0.25520238280296326
image_3937,0.08182286471128464
image_3938,0.1277412474155426
image_3939,0.22635424137115479
image_394,0.1432114690542221
image_3940,0.13457797467708588
image_3941,0.1825215369462967
image_3942,0.1484426110982895
image_3943,0.2355613261461258
image_3944,0.09333036094903946
image_3945,0.13777457177639008
image_3946,0.24824956059455872
image_3947,0.18477430939674377
image_3948,0.16138826310634613
image_3949,0.08980052918195724
image_395,0.19769072532653809
image_3950,0.1787920445203781
image_3951,0.14805184304714203
image_3952,0.056929606944322586
image_3953,0.746584951877594
image_3954,0.16812364757061005
image_3955,0.14147166907787323
image_3956,0.2454223930835724
image_3957,0.24034236371517181
image_3958,0.1256144791841507
image_3959,0.1956094354391098
image_396,0.19680985808372498
image_3960,0.21929574012756348
image_3961,0.03410713002085686
image_3962,0.32166725397109985
image_3963,0.3630039095878601
image_3964,0.15069296956062317
image_3965,0.07411397248506546
image_3966,0.21120694279670715
image_3967,0.12139373272657394
image_3968,0.13103865087032318
image_3969,0.1967053860425949
image_397,0.47444406151771545
image_3970,0.2987862527370453
image_3971,0.1806858628988266
image_3972,0.1574902981519699
image_3973,0.17966943979263306
image_3974,0.2521471679210663
image_3975,0.27422770857810974
image_3976,0.6835622787475586
image_3977,0.12376842647790909
image_3978,0.08530966192483902
image_3979,0.2115514725446701
image_398,0.28154170513153076
image_3980,0.146596297621727
image_3981,0.15704891085624695
image_3982,0.21813975274562836
image_3983,0.047974228858947754
image_3984,0.27111342549324036
image_3985,0.13785956799983978
image_3986,0.19488954544067383
image_3987,0.3535579741001129
image_3988,0.07648632675409317
image_3989,0.19922111928462982
image_399,0.07063499838113785
image_3990,0.27285489439964294
image_3991,0.09700227528810501
image_3992,0.18661430478096008
image_3993,0.17561282217502594
image_3994,0.11004780977964401
image_3995,0.10604774951934814
image_3996,0.16717122495174408
image_3997,0.14955881237983704
image_3998,0.1447574645280838
image_3999,0.5225628018379211
image_4,0.17622755467891693
image_40,0.41410237550735474
image_400,0.23139046132564545
image_4000,0.05999937653541565
image_4001,0.7710677981376648
image_4002,0.08271294832229614
image_4003,0.16084563732147217
image_4004,0.5250613689422607
image_4005,0.2232588529586792
image_4006,0.656938374042511
image_4007,0.12395711988210678
image_4008,0.2698558270931244
image_4009,0.35015684366226196
image_401,0.23810262978076935
image_4010,0.09375116974115372
image_4011,0.31003329157829285
image_4012,0.15261784195899963
image_4013,0.06655662506818771
image_4014,0.11316664516925812
image_4015,0.5647713541984558
image_4016,0.26262226700782776
image_4017,0.042883992195129395
image_4018,0.5145034193992615
image_4019,0.14890089631080627
image_402,0.11903461068868637
image_4020,0.35397133231163025
image_4021,0.03571902588009834
image_4022,0.2031339704990387
image_4023,0.7455433011054993
image_4024,0.25933489203453064
image_4025,0.09128626435995102
image_4026,0.16790345311164856
image_4027,0.7329773902893066
image_4028,0.12628498673439026
image_4029,0.08104892820119858
image_403,0.3641934096813202
image_4030,0.23309572041034698
image_4031,0.15131400525569916
image_4032,0.1746998280286789
image_4033,0.2302946150302887
image_4034,0.15764348208904266
image_4035,0.17646677792072296
image_4036,0.13476166129112244
image_4037,0.27121037244796753
image_4038,0.26030829548835754
image_4039,0.2914787232875824
image_404,0.2102430909872055
image_4040,0.0710148736834526
image_4041,0.3120349049568176
image_4042,0.28112897276878357
image_4043,0.20897360146045685
image_4044,0.19168555736541748
image_4045,0.09998159855604172
image_4046,0.050104301422834396
image_4047,0.17106790840625763
image_4048,0.11491259187459946
image_4049,0.28179749846458435
image_405,0.10710547119379044
image_4050,0.2591681182384491
image_4051,0.3490116596221924
image_4052,0.43126001954078674
image_4053,0.5018077492713928
image_4054,0.3241576850414276
image_4055,0.13126002252101898
image_4056,0.5210364460945129
image_4057,0.15990164875984192
image_4058,0.15150071680545807
image_4059,0.08489198982715607
image_406,0.04642295464873314
image_4060,0.1583612859249115
image_4061,0.43084239959716797
image_4062,0.8149391412734985
image_4063,0.10815413296222687
image_4064,0.061147164553403854
image_4065,0.2144029438495636
image_4066,0.049686580896377563
image_4067,0.0690910667181015
image_4068,0.17077815532684326
image_4069,0.21846361458301544
image_407,0.39335256814956665
image_4070,0.6180123686790466
image_4071,0.1598501205444336
image_4072,0.25642502307891846
image_4073,0.2031172811985016
image_4074,0.24728655815124512
image_4075,0.3259196877479553
image_4076,0.19850419461727142
image_4077,0.13720403611660004
image_4078,0.24188712239265442
image_4079,0.041723474860191345
image_408,0.10800740867853165
image_4080,0.8114414215087891
image_4081,0.06126599386334419
image_4082,0.1532677263021469
image_4083,0.3316541612148285
image_4084,0.3062761127948761
image_4085,0.22539816796779633
image_4086,0.09937173128128052
image_4087,0.4245971143245697
image_4088,0.09041445702314377
image_4089,0.2796107828617096
image_409,0.25124800205230713
image_4090,0.3011007010936737
image_4091,0.6909005045890808
image_4092,0.19160231947898865
image_4093,0.27037304639816284
image_4094,0.035965632647275925
image_4095,0.7187959551811218
image_4096,0.07461969554424286
image_4097,0.08082663267850876
image_4098,0.12777523696422577
image_4099,0.04350566864013672
image_41,0.32658156752586365
image_410,0.08830922842025757
image_4100,0.2746678292751312
image_4101,0.19023804366588593
image_4102,0.1697629988193512
image_4103,0.1801104098558426
image_4104,0.5263108015060425
image_4105,0.15220487117767334
image_4106,0.11408324539661407
image_4107,0.11574383825063705
image_4108,0.6059099435806274
image_4109,0.3323798179626465
image_411,0.1528138369321823
image_4110,0.19874553382396698
image_4111,0.07923554629087448
image_4112,0.26581916213035583
image_4113,0.23398558795452118
image_4114,0.09778457880020142
image_4115,0.08333631604909897
image_4116,0.07724650949239731
image_4117,0.23396781086921692
image_4118,0.2533882260322571
image_4119,0.24148929119110107
image_412,0.11263573169708252
image_4120,0.2571198046207428
image_4121,0.11984143406152725
image_4122,0.1011461392045021
image_4123,0.3738875091075897
image_4124,0.16603486239910126
image_4125,0.3590695559978485
image_4126,0.33277902007102966
image_4127,0.22942905128002167
image_4128,0.07965026050806046
image_4129,0.2543175220489502
image_413,0.399115651845932
image_4130,0.11845900863409042
image_4131,0.03778168186545372
image_4132,0.33680471777915955
image_4133,0.14782816171646118
image_4134,0.15781912207603455
image_4135,0.20099091529846191
image_4136,0.6582520604133606
image_4137,0.617977499961853
image_4138,0.7574025988578796
image_4139,0.13410018384456635
image_414,0.07229099422693253
image_4140,0.11840855330228806
image_4141,0.36576321721076965
image_4142,0.15410609543323517
image_4143,0.08785175532102585
image_4144,0.24555940926074982
image_4145,0.31700682640075684
image_4146,0.09636729210615158
image_4147,0.026406778022646904
image_4148,0.03722327575087547
image_4149,0.3073939383029938
image_415,0.5090391635894775
image_4150,0.2127591371536255
image_4151,0.18638910353183746
image_4152,0.18614688515663147
image_4153,0.44517454504966736
image_4154,0.1577587127685547
image_4155,0.2821790277957916
image_4156,0.1241707131266594
image_4157,0.21218585968017578
image_4158,0.2733355462551117
image_4159,0.37347304821014404
image_416,0.13282497227191925
image_4160,0.3380599915981293
image_4161,0.755425214767456
image_4162,0.07687138766050339
image_4163,0.18728411197662354
image_4164,0.4034005105495453
image_4165,0.5036581158638
image_4166,0.3534999489784241
image_4167,0.037006743252277374
image_4168,0.13221274316310883
image_4169,0.4848562180995941
image_417,0.4469284117221832
image_4170,0.2752213180065155
image_4171,0.3167230784893036
image_4172,0.22611470520496368
image_4173,0.5066840052604675
image_4174,0.21365986764431
image_4175,0.3366444408893585
image_4176,0.2639736533164978
image_4177,0.17460505664348602
image_4178,0.3156958520412445
image_4179,0.7419878840446472
image_418,0.051854975521564484
image_4180,0.11529188603162766
image_4181,0.1153392344713211
image_4182,0.280843585729599
image_4183,0.12887197732925415
image_4184,0.37122413516044617
image_4185,0.2506546676158905
image_4186,0.07686984539031982
image_4187,0.3574928641319275
image_4188,0.14433443546295166
image_4189,0.29277029633522034
image_419,0.4077757000923157
image_4190,0.6914393305778503
image_4191,0.11699420213699341
image_4192,0.02429005689918995
image_4193,0.17133136093616486
image_4194,0.0949786826968193
image_4195,0.16317372024059296
image_4196,0.08814042061567307
image_4197,0.14520664513111115
image_4198,0.2382749766111374
image_4199,0.5032493472099304
image_42,0.06944365799427032
image_420,0.13780109584331512
image_4200,0.11825115978717804
image_4201,0.36494046449661255
image_4202,0.21760530769824982
image_4203,0.2900638282299042
image_4204,0.13022887706756592
image_4205,0.15516935288906097
image_4206,0.1703837811946869
image_4207,0.23446188867092133
image_4208,0.24456973373889923
image_4209,0.06699942797422409
image_421,0.287146657705307
image_4210,0.1248597726225853
image_4211,0.12230899184942245
image_4212,0.21648435294628143
image_4213,0.19189493358135223
image_4214,0.22612090408802032
image_4215,0.2508450448513031
image_4216,0.22758375108242035
image_4217,0.28010764718055725
image_4218,0.12353751808404922
image_4219,0.27973538637161255
image_422,0.10080168396234512
image_4220,0.22966809570789337
image_4221,0.4170425832271576
image_4222,0.07112491875886917
image_4223,0.22278104722499847
image_4224,0.06343188136816025
image_4225,0.12500730156898499
image_4226,0.46800270676612854
image_4227,0.2397977113723755
image_4228,0.22951440513134003
image_4229,0.14447791874408722
image_423,0.0987820029258728
image_4230,0.1956692785024643
image_4231,0.41381263732910156
image_4232,0.4794587194919586
image_4233,0.3139382004737854
image_4234,0.20174601674079895
image_4235,0.22784295678138733
image_4236,0.5883511900901794
image_4237,0.47578713297843933
image_4238,0.19058267772197723
image_4239,0.11160590499639511
image_424,0.14532393217086792
image_4240,0.5865929126739502
image_4241,0.2831100523471832
image_4242,0.5918996930122375
image_4243,0.26309487223625183
image_4244,0.10693509876728058
image_4245,0.2146897315979004
image_4246,0.39632540941238403
image_4247,0.04095883667469025
image_4248,0.7061007618904114
image_4249,0.09569302201271057
image_425,0.08656828105449677
image_4250,0.2984984815120697
image_4251,0.07995996624231339
image_4252,0.43100181221961975
image_4253,0.7004815340042114
image_4254,0.1457763910293579
image_4255,0.27129918336868286
image_4256,0.24879960715770721
image_4257,0.11073745787143707
image_4258,0.06366333365440369
image_4259,0.020892499014735222
image_426,0.15111064910888672
image_4260,0.10002093762159348
image_4261,0.08736550807952881
image_4262,0.16834492981433868
image_4263,0.45545172691345215
image_4264,0.24416589736938477
image_4265,0.1602126806974411
image_4266,0.02966032736003399
image_4267,0.29903438687324524
image_4268,0.06533501297235489
image_4269,0.3944803476333618
image_427,0.1680890917778015
image_4270,0.2426651269197464
image_4271,0.10245015472173691
image_4272,0.5428816676139832
image_4273,0.11750607937574387
image_4274,0.6623444557189941
image_4275,0.11322448402643204
image_4276,0.2028329223394394
image_4277,0.4405655860900879
image_4278,0.1881052851676941
image_4279,0.15229792892932892
image_428,0.23980127274990082
image_4280,0.07804254442453384
image_4281,0.1151929646730423
image_4282,0.3080243170261383
image_4283,0.31264179944992065
image_4284,0.04214571416378021
image_4285,0.0790862962603569
image_4286,0.21356546878814697
image_4287,0.2918134033679962
image_4288,0.12891888618469238
image_4289,0.11502601206302643
image_429,0.20325522124767303
image_4290,0.43883687257766724
image_4291,0.08366049826145172
image_4292,0.6832478642463684
image_4293,0.2188837081193924
image_4294,0.2848369777202606
image_4295,0.5565369725227356
image_4296,0.14556263387203217
image_4297,0.791662335395813
image_4298,0.09768830984830856
image_4299,0.0760662704706192
image_43,0.33535176515579224
image_430,0.06522291153669357
image_4300,0.11929953098297119
image_4301,0.10932300239801407
image_4302,0.045644618570804596
image_4303,0.3918003737926483
image_4304,0.6038849949836731
image_4305,0.19474579393863678
image_4306,0.5188878178596497
image_4307,0.16630172729492188
image_4308,0.13488160073757172
image_4309,0.10710299015045166
image_431,0.20329895615577698
image_4310,0.11791079491376877
image_4311,0.0863107442855835
image_4312,0.13627690076828003
image_4313,0.25123330950737
image_4314,0.2705307602882385
image_4315,0.610829770565033
image_4316,0.25237128138542175
image_4317,0.23950771987438202
image_4318,0.31521496176719666
image_4319,0.05586685612797737
image_432,0.037013404071331024
image_4320,0.5415124297142029
image_4321,0.06659509241580963
image_4322,0.1326684057712555
image_4323,0.1928374320268631
image_4324,0.029652515426278114
image_4325,0.14303414523601532
image_4326,0.061271943151950836
image_4327,0.19144083559513092
image_4328,0.4293373227119446
image_4329,0.04720771312713623
image_433,0.07899032533168793
image_4330,0.0516086220741272
image_4331,0.19760695099830627
image_4332,0.24593408405780792
image_4333,0.23995628952980042
image_4334,0.2741315960884094
image_4335,0.09263446182012558
image_4336,0.14056865870952606
image_4337,0.20356659591197968
image_4338,0.03431510552763939
image_4339,0.031187361106276512
image_434,0.35559627413749695
image_4340,0.25168535113334656
image_4341,0.08959337323904037
image_4342,0.4673317074775696
image_4343,0.058332182466983795
image_4344,0.16496281325817108
image_4345,0.7183476090431213
image_4346,0.6317428946495056
image_4347,0.4823978543281555
image_4348,0.4396863877773285
image_4349,0.181000754237175
image_435,0.1251346319913864
image_4350,0.03384894132614136
image_4351,0.14349009096622467
image_4352,0.09928689152002335
image_4353,0.6352218389511108
image_4354,0.5232380628585815
image_4355,0.22829174995422363
image_4356,0.06523258984088898
image_4357,0.20600703358650208
image_4358,0.3057060241699219
image_4359,0.13616706430912018
image_436,0.3440903127193451
image_4360,0.3696683347225189
image_4361,0.10805799812078476
image_4362,0.0857883021235466
image_4363,0.09489639103412628
image_4364,0.19295403361320496
image_4365,0.2784636616706848
image_4366,0.2031499594449997
image_4367,0.18062789738178253
image_4368,0.2571285665035248
image_4369,0.1889844387769699
image_437,0.2132723331451416
image_4370,0.2849019467830658
image_4371,0.23064740002155304
image_4372,0.04628375917673111
image_4373,0.21364717185497284
image_4374,0.27984553575515747
image_4375,0.5169960260391235
image_4376,0.5592694282531738
image_4377,0.030118772760033607
image_4378,0.20937684178352356
image_4379,0.31241104006767273
image_438,0.09288915246725082
image_4380,0.14205820858478546
image_4381,0.3801494240760803
image_4382,0.3089139461517334
image_4383,0.41976672410964966
image_4384,0.22632575035095215
image_4385,0.5900168418884277
image_4386,0.0512046217918396
image_4387,0.24389056861400604
image_4388,0.20070448517799377
image_4389,0.07367280125617981
image_439,0.19654613733291626
image_4390,0.20152024924755096
image_4391,0.538364052772522
image_4392,0.17768831551074982
image_4393,0.2638024389743805
image_4394,0.3333986699581146
image_4395,0.056123580783605576
image_4396,0.18237806856632233
image_4397,0.6826332807540894
image_4398,0.3421606719493866
image_4399,0.38229984045028687
image_44,0.16671422123908997
image_440,0.24274082481861115
image_4400,0.3143038749694824
image_4401,0.2033219337463379
image_4402,0.1648896187543869
image_4403,0.3966531455516815
image_4404,0.3081119656562805
image_4405,0.5509091019630432
image_4406,0.25026652216911316
image_4407,0.5422208905220032
image_4408,0.10415712743997574
image_4409,0.20682866871356964
image_441,0.1483609527349472
image_4410,0.024122240021824837
image_4411,0.1548151969909668
image_4412,0.07026398926973343
image_4413,0.12786643207073212
image_4414,0.1265593320131302
image_4415,0.11719091236591339
image_4416,0.08304194360971451
image_4417,0.4956524074077606
image_4418,0.11012911051511765
image_4419,0.1775328814983368
image_442,0.1931755691766739
image_4420,0.14453895390033722
image_4421,0.6074569821357727
image_4422,0.3793318271636963
image_4423,0.3478846549987793
image_4424,0.09326007217168808
image_4425,0.24989214539527893
image_4426,0.17625010013580322
image_4427,0.14310786128044128
image_4428,0.1028982549905777
image_4429,0.3305073380470276
image_443,0.620391845703125
image_4430,0.1585768312215805
image_4431,0.35344719886779785
image_4432,0.4143695831298828
image_4433,0.32218384742736816
image_4434,0.08894117176532745
image_4435,0.07245873659849167
image_4436,0.27725279331207275
image_4437,0.3289305865764618
image_4438,0.17870967090129852
image_4439,0.19577227532863617
image_444,0.09482888132333755
image_4440,0.07949748635292053
image_4441,0.15427468717098236
image_4442,0.6464990973472595
image_4443,0.21321676671504974
image_4444,0.4617866575717926
image_4445,0.10664888471364975
image_4446,0.10878918319940567
image_4447,0.2092316597700119
image_4448,0.41621261835098267
image_4449,0.2873780429363251
image_445,0.48939672112464905
image_4450,0.10958881676197052
image_4451,0.4052152633666992
image_4452,0.2252792865037918
image_4453,0.671383798122406
image_4454,0.11391887813806534
image_4455,0.0963837057352066
image_4456,0.3755803108215332
image_4457,0.21731984615325928
image_4458,0.2083294838666916
image_4459,0.07876019924879074
image_446,0.29373452067375183
image_4460,0.03515566512942314
image_4461,0.11683716624975204
image_4462,0.24532778561115265
image_4463,0.1768978089094162
image_4464,0.01944853365421295
image_4465,0.35364577174186707
image_4466,0.2406608909368515
image_4467,0.07222095876932144
image_4468,0.19859452545642853
image_4469,0.06490563601255417
image_447,0.3730463683605194
image_4470,0.14116108417510986
image_4471,0.6068496704101562
image_4472,0.043390072882175446
image_4473,0.2582913041114807
image_4474,0.13941270112991333
image_4475,0.14981624484062195
image_4476,0.18795624375343323
image_4477,0.2617262899875641
image_4478,0.22693660855293274
image_4479,0.6123620271682739
image_448,0.209737166762352
image_4480,0.3822982609272003
image_4481,0.0368192084133625
image_4482,0.03387682884931564
image_4483,0.09308022260665894
image_4484,0.31114062666893005
image_4485,0.21621368825435638
image_4486,0.307083398103714
image_4487,0.19462107121944427
image_4488,0.10376464575529099
image_4489,0.37861368060112
image_449,0.2962128818035126
image_4490,0.16151493787765503
image_4491,0.14717085659503937
image_4492,0.14810170233249664
image_4493,0.483676016330719
image_4494,0.3366716802120209
image_4495,0.18078652024269104
image_4496,0.16844743490219116
image_4497,0.15238440036773682
image_4498,0.524676501750946
image_4499,0.8096851706504822
image_45,0.18698027729988098
image_450,0.07858487963676453
image_4500,0.15045085549354553
image_4501,0.28343629837036133
image_4502,0.2296866476535797
image_4503,0.4720076620578766
image_4504,0.1282620131969452
image_4505,0.31611761450767517
image_4506,0.4970510005950928
image_4507,0.08327785134315491
image_4508,0.21020331978797913
image_4509,0.25678491592407227
image_451,0.09476679563522339
image_4510,0.1820864975452423
image_4511,0.4397899806499481
image_4512,0.03654458001255989
image_4513,0.35107481479644775
image_4514,0.04675595089793205
image_4515,0.33325710892677307
image_4516,0.14924542605876923
image_4517,0.09089303016662598
image_4518,0.1539693921804428
image_4519,0.1104549765586853
image_452,0.03901495411992073
image_4520,0.09785329550504684
image_4521,0.21249334514141083
image_4522,0.29724356532096863
image_4523,0.05265728384256363
image_4524,0.20877794921398163
image_4525,0.15278445184230804
image_4526,0.10555046051740646
image_4527,0.2851111590862274
image_4528,0.26630112528800964
image_4529,0.1757756471633911
image_453,0.21126161515712738
image_4530,0.17480121552944183
image_4531,0.04479929059743881
image_4532,0.3441482484340668
image_4533,0.13373064994812012
image_4534,0.04741491377353668
image_4535,0.07921823114156723
image_4536,0.3609183430671692
image_4537,0.2555093765258789
image_4538,0.1778619885444641
image_4539,0.33833372592926025
image_454,0.5309798717498779
image_4540,0.23075222969055176
image_4541,0.2715130150318146
image_4542,0.17906638979911804
image_4543,0.19750963151454926
image_4544,0.7312414646148682
image_4545,0.1654530018568039
image_4546,0.23760604858398438
image_4547,0.026684937998652458
image_4548,0.05558044835925102
image_4549,0.15633372962474823
image_455,0.30967792868614197
image_4550,0.06810592859983444
image_4551,0.2956204116344452
image_4552,0.06867028772830963
image_4553,0.5460404753684998
image_4554,0.1986268013715744
image_4555,0.5121458172798157
image_4556,0.07536905258893967
image_4557,0.3738500773906708
image_4558,0.1914767324924469
image_4559,0.29263269901275635
image_456,0.1373017132282257
image_4560,0.16953423619270325
image_4561,0.12510041892528534
image_4562,0.05883948132395744
image_4563,0.2612704038619995
image_4564,0.4488011300563812
image_4565,0.06970895081758499
image_4566,0.19137410819530487
image_4567,0.06351051479578018
image_4568,0.12865792214870453
image_4569,0.12299205362796783
image_457,0.3372347950935364
image_4570,0.5522693395614624
image_4571,0.7147995829582214
image_4572,0.16343410313129425
image_4573,0.12592068314552307
image_4574,0.19955265522003174
image_4575,0.3910291790962219
image_4576,0.0843563824892044
image_4577,0.7146530151367188
image_4578,0.2503946125507355
image_4579,0.2621641755104065
image_458,0.49376556277275085
image_4580,0.25585824251174927
image_4581,0.027768343687057495
image_4582,0.42180052399635315
image_4583,0.09247875213623047
image_4584,0.19629231095314026
image_4585,0.09783128648996353
image_4586,0.7025551795959473
image_4587,0.24720361828804016
image_4588,0.07499999552965164
image_4589,0.04760973900556564
image_459,0.08599543571472168
image_4590,0.06485907733440399
image_4591,0.08868416398763657
image_4592,0.32662433385849
image_4593,0.3864721953868866
image_4594,0.6775898933410645
image_4595,0.06891427934169769
image_4596,0.2573523223400116
image_4597,0.28295451402664185
image_4598,0.057227302342653275
image_4599,0.17191492021083832
image_46,0.27764299511909485
image_460,0.17828276753425598
image_4600,0.7356557846069336
image_4601,0.27893391251564026
image_4602,0.12254933267831802
image_4603,0.08509460836648941
image_4604,0.1321766972541809
image_4605,0.17740416526794434
image_4606,0.10110675543546677
image_4607,0.4999532699584961
image_4608,0.1318461000919342
image_4609,0.08789931982755661
image_461,0.35563746094703674
image_4610,0.09178944677114487
image_4611,0.11477770656347275
image_4612,0.13847854733467102
image_4613,0.23909492790699005
image_4614,0.08735846728086472
image_4615,0.3179449737071991
image_4616,0.10610606521368027
image_4617,0.23450496792793274
image_4618,0.29587915539741516
image_4619,0.055188149213790894
image_462,0.11964952200651169
image_4620,0.39146289229393005
image_4621,0.22074393928050995
image_4622,0.27463003993034363
image_4623,0.19517461955547333
image_4624,0.3680274784564972
image_4625,0.16181547939777374
image_4626,0.2937068045139313
image_4627,0.21933434903621674
image_4628,0.2236752063035965
image_4629,0.2067798674106598
image_463,0.3663519024848938
image_4630,0.35083577036857605
image_4631,0.11137459427118301
image_4632,0.35044732689857483
image_4633,0.6763133406639099
image_4634,0.27994033694267273
image_4635,0.5821793675422668
image_4636,0.48706474900245667
image_4637,0.24116578698158264
image_4638,0.049998894333839417
image_4639,0.08130490779876709
image_464,0.195956751704216
image_4640,0.3336747884750366
image_4641,0.11149485409259796
image_4642,0.5526820421218872
image_4643,0.17774496972560883
image_4644,0.048704758286476135
image_4645,0.16631782054901123
image_4646,0.11656967550516129
image_4647,0.11247941106557846
image_4648,0.08538436889648438
image_4649,0.3478128910064697
image_465,0.16789887845516205
image_4650,0.5715723037719727
image_4651,0.5450671315193176
image_4652,0.4428194463253021
image_4653,0.09188175201416016
image_4654,0.273489385843277
image_4655,0.008693590760231018
image_4656,0.2864982783794403
image_4657,0.29329514503479004
image_4658,0.045709993690252304
image_4659,0.029446108266711235
image_466,0.1702851504087448
image_4660,0.03162793442606926
image_4661,0.6942558288574219
image_4662,0.2639220356941223
image_4663,0.0418902263045311
image_4664,0.2059919387102127
image_4665,0.2875804901123047
image_4666,0.14080195128917694
image_4667,0.14430342614650726
image_4668,0.34369170665740967
image_4669,0.19473516941070557
image_467,0.15706601738929749
image_4670,0.07306157797574997
image_4671,0.09187816828489304
image_4672,0.2371189147233963
image_4673,0.06759118288755417
image_4674,0.26790550351142883
image_4675,0.18612051010131836
image_4676,0.5203119516372681
image_4677,0.1614757478237152
image_4678,0.27952370047569275
image_4679,0.08831378072500229
image_468,0.4211299419403076
image_4680,0.06003948673605919
image_4681,0.055209677666425705
image_4682,0.06463222950696945
image_4683,0.1229146271944046
image_4684,0.7496483325958252
image_4685,0.35473737120628357
image_4686,0.20522761344909668
image_4687,0.08643925189971924
image_4688,0.643791139125824
image_4689,0.06955510377883911
image_469,0.4553321897983551
image_4690,0.04024956747889519
image_4691,0.18325534462928772
image_4692,0.2083820402622223
image_4693,0.25356486439704895
image_4694,0.166920006275177
image_4695,0.05905330926179886
image_4696,0.3366086483001709
image_4697,0.1954168975353241
image_4698,0.05983860418200493
image_4699,0.04894415661692619
image_47,0.16150495409965515
image_470,0.21202294528484344
image_4700,0.792120635509491
image_4701,0.20729127526283264
image_4702,0.2659654915332794
image_4703,0.13481152057647705
image_4704,0.2353726178407669
image_4705,0.17720995843410492
image_4706,0.26216432452201843
image_4707,0.7059890031814575
image_4708,0.7075949907302856
image_4709,0.15325887501239777
image_471,0.24513781070709229
image_4710,0.16205453872680664
image_4711,0.41495248675346375
image_4712,0.37591513991355896
image_4713,0.148105651140213
image_4714,0.13002976775169373
image_4715,0.196007639169693
image_4716,0.5352457165718079
image_4717,0.14547820389270782
image_4718,0.1973293274641037
image_4719,0.28693053126335144
image_472,0.31663981080055237
image_4720,0.32817649841308594
image_4721,0.09264349937438965
image_4722,0.0034329795744270086
image_4723,0.25055360794067383
image_4724,0.1435377150774002
image_4725,0.26480141282081604
image_4726,0.08128414303064346
image_4727,0.38093963265419006
image_4728,0.08620483428239822
image_4729,0.06863292306661606
image_473,0.23037579655647278
image_4730,0.078689806163311
image_4731,0.037938494235277176
image_4732,0.11531708389520645
image_4733,0.12940728664398193
image_4734,0.7260560393333435
image_4735,0.04936320707201958
image_4736,0.5952456593513489
image_4737,0.23589091002941132
image_4738,0.3187921941280365
image_4739,0.13614334166049957
image_474,0.13128910958766937
image_4740,0.1712924987077713
image_4741,0.3031529188156128
image_4742,0.07658209651708603
image_4743,0.1682090312242508
image_4744,0.509328305721283
image_4745,0.2609831690788269
image_4746,0.06632941961288452
image_4747,0.03528370335698128
image_4748,0.21141551434993744
image_4749,0.19301600754261017
image_475,0.21219538152217865
image_4750,0.1193099245429039
image_4751,0.2665022313594818
image_4752,0.21107962727546692
image_4753,0.24761174619197845
image_4754,0.23841038346290588
image_4755,0.33228880167007446
image_4756,0.5236985683441162
image_4757,0.07217951864004135
image_4758,0.4297640323638916
image_4759,0.16021965444087982
image_476,0.06032319739460945
image_4760,0.2653104364871979
image_4761,0.06837553530931473
image_4762,0.14922548830509186
image_4763,0.4575914442539215
image_4764,0.22935748100280762
image_4765,0.0553661584854126
image_4766,0.04558827355504036
image_4767,0.05873016268014908
image_4768,0.056274544447660446
image_4769,0.016981394961476326
image_477,0.3588525950908661
image_4770,0.24859051406383514
image_4771,0.08687050640583038
image_4772,0.21214714646339417
image_4773,0.09682995080947876
image_4774,0.5649374127388
image_4775,0.32820001244544983
image_4776,0.14254651963710785
image_4777,0.3070131242275238
image_4778,0.40924498438835144
image_4779,0.14903323352336884
image_478,0.20214951038360596
image_4780,0.09339066594839096
image_4781,0.17693214118480682
image_4782,0.11598294228315353
image_4783,0.14861372113227844
image_4784,0.1646071970462799
image_4785,0.2663493752479553
image_4786,0.6219697594642639
image_4787,0.028706509619951248
image_4788,0.07906155288219452
image_4789,0.8179017305374146
image_479,0.4420037269592285
image_4790,0.17259220778942108
image_4791,0.39993569254875183
image_4792,0.12813907861709595
image_4793,0.290910929441452
image_4794,0.4500073492527008
image_4795,0.2556980848312378
image_4796,0.6289527416229248
image_4797,0.0858306884765625
image_4798,0.3364127576351166
image_4799,0.09218785166740417
image_48,0.4173363745212555
image_480,0.15589122474193573
image_4800,0.13381966948509216
image_4801,0.16862329840660095
image_4802,0.23532281816005707
image_4803,0.09850652515888214
image_4804,0.2860586643218994
image_4805,0.1262793242931366
image_4806,0.05780469998717308
image_4807,0.5089077353477478
image_4808,0.10009326785802841
image_4809,0.08866332471370697
image_481,0.19962699711322784
image_4810,0.22701703011989594
image_4811,0.2869602143764496
image_4812,0.43172794580459595
image_4813,0.11461073160171509
image_4814,0.0756799727678299
image_4815,0.3689553439617157
image_4816,0.7035474181175232
image_4817,0.042481716722249985
image_4818,0.2279178947210312
image_4819,0.30468854308128357
image_482,0.04802975058555603
image_4820,0.16010995209217072
image_4821,0.19996212422847748
image_4822,0.020314371213316917
image_4823,0.12585654854774475
image_4824,0.07323136180639267
image_4825,0.13587434589862823
image_4826,0.29930564761161804
image_4827,0.0950234904885292
image_4828,0.03648797422647476
image_4829,0.20360167324543
image_483,0.2801532447338104
image_4830,0.11702469736337662
image_4831,0.047078993171453476
image_4832,0.1698729246854782
image_4833,0.03511099889874458
image_4834,0.23679935932159424
image_4835,0.2010224312543869
image_4836,0.2085493803024292
image_4837,0.5655525922775269
image_4838,0.1072351336479187
image_4839,0.05489432439208031
image_484,0.6799006462097168
image_4840,0.15041279792785645
image_4841,0.10350453108549118
image_4842,0.7216900587081909
image_4843,0.09449761360883713
image_4844,0.5608117580413818
image_4845,0.23121367394924164
image_4846,0.3333924412727356
image_4847,0.2818938195705414
image_4848,0.3175419569015503
image_4849,0.08394449949264526
image_485,0.4083671271800995
image_4850,0.10576807707548141
image_4851,0.08665794879198074
image_4852,0.34299057722091675
image_4853,0.46409860253334045
image_4854,0.0676085576415062
image_4855,0.09561667591333389
image_4856,0.30459830164909363
image_4857,0.27600833773612976
image_4858,0.3760114014148712
image_4859,0.2030831128358841
image_486,0.21164880692958832
image_4860,0.11574447154998779
image_4861,0.038905300199985504
image_4862,0.07761131227016449
image_4863,0.18586018681526184
image_4864,0.08239249885082245
image_4865,0.03563981130719185
image_4866,0.7525175213813782
image_4867,0.2947459816932678
image_4868,0.22248278558254242
image_4869,0.6678093075752258
image_487,0.07736256718635559
image_4870,0.5325427055358887
image_4871,0.8118234872817993
image_4872,0.6327953338623047
image_4873,0.33527687191963196
image_4874,0.06056167557835579
image_4875,0.07583054155111313
image_4876,0.23318015038967133
image_4877,0.32416626811027527
image_4878,0.1572086662054062
image_4879,0.39696553349494934
image_488,0.07280019670724869
image_4880,0.6033920645713806
image_4881,0.214167520403862
image_4882,0.07499232143163681
image_4883,0.3825673758983612
image_4884,0.16771702468395233
image_4885,0.7492814064025879
image_4886,0.1461537629365921
image_4887,0.3007296919822693
image_4888,0.23080892860889435
image_4889,0.23683135211467743
image_489,0.11758533865213394
image_4890,0.15267251431941986
image_4891,0.23744229972362518
image_4892,0.29355087876319885
image_4893,0.37399616837501526
image_4894,0.15725673735141754
image_4895,0.10395204275846481
image_4896,0.12030883878469467
image_4897,0.19022418558597565
image_4898,0.14470307528972626
image_4899,0.27854251861572266
image_49,0.1741863340139389
image_490,0.15717700123786926
image_4900,0.3199699819087982
image_4901,0.06070582941174507
image_4902,0.05593448877334595
image_4903,0.17855241894721985
image_4904,0.44700583815574646
image_4905,0.18152330815792084
image_4906,0.14571928977966309
image_4907,0.42860108613967896
image_4908,0.22958432137966156
image_4909,0.20811687409877777
image_491,0.2367391586303711
image_4910,0.2169097661972046
image_4911,0.16926801204681396
image_4912,0.20195762813091278
image_4913,0.0833248496055603
image_4914,0.08371099084615707
image_4915,0.265977680683136
image_4916,0.4666078984737396
image_4917,0.4686405658721924
image_4918,0.2809746265411377
image_4919,0.09973867982625961
image_492,0.10581332445144653
image_4920,0.05918502435088158
image_4921,0.15280430018901825
image_4922,0.28886523842811584
image_4923,0.19380317628383636
image_4924,0.0674690380692482
image_4925,0.6311354041099548
image_4926,0.2933689057826996
image_4927,0.25418081879615784
image_4928,0.3053126037120819
image_4929,0.24223314225673676
image_493,0.3828204572200775
image_4930,0.1189761534333229
image_4931,0.02386612817645073
image_4932,0.16251924633979797
image_4933,0.2627735137939453
image_4934,0.42119941115379333
image_4935,0.1691575050354004
image_4936,0.3850984573364258
image_4937,0.06381603330373764
image_4938,0.11093423515558243
image_4939,0.6445156335830688
image_494,0.09430784732103348
image_4940,0.1054009422659874
image_4941,0.8103535771369934
image_4942,0.181635782122612
image_4943,0.22481484711170197
image_4944,0.3609175682067871
image_4945,0.19958272576332092
image_4946,0.0001139385494752787
image_4947,0.6346007585525513
image_4948,0.1953226625919342
image_4949,0.21883586049079895
image_495,0.13352066278457642
image_4950,0.0943843275308609
image_4951,0.25221535563468933
image_4952,0.0800127163529396
image_4953,0.16386127471923828
image_4954,0.46148186922073364
image_4955,0.22294557094573975
image_4956,0.16080835461616516
image_4957,0.6299968361854553
image_4958,0.46577903628349304
image_4959,0.3882497251033783
image_496,0.4046047329902649
image_4960,0.12286775559186935
image_4961,0.17637300491333008
image_4962,0.3968437910079956
image_4963,0.05286339670419693
image_4964,0.1153021827340126
image_4965,0.11234071105718613
image_4966,0.07837128639221191
image_4967,0.28537750244140625
image_4968,0.07639501988887787
image_4969,0.1812523901462555
image_497,0.18961429595947266
image_4970,0.4738488793373108
image_4971,0.20932212471961975
image_4972,0.49801406264305115
image_4973,0.27676835656166077
image_4974,0.12534689903259277
image_4975,0.6207112073898315
image_4976,0.19126537442207336
image_4977,0.04309338703751564
image_4978,0.28197088837623596
image_4979,0.14518959820270538
image_498,0.12338484823703766
image_4980,0.21759095788002014
image_4981,0.15887312591075897
image_4982,0.18062548339366913
image_4983,0.30582496523857117
image_4984,0.19043667614459991
image_4985,0.06915745884180069
image_4986,0.13108684122562408
image_4987,0.2723693549633026
image_4988,0.17360639572143555
image_4989,0.24402017891407013
image_499,0.33184537291526794
image_4990,0.07456721365451813
image_4991,0.10238192230463028
image_4992,0.6564537286758423
image_4993,0.02536332979798317
image_4994,0.35363298654556274
image_4995,0.216211199760437
image_4996,0.5358198285102844
image_4997,0.17630377411842346
image_4998,0.46959009766578674
image_4999,0.24676413834095
image_5,0.20238447189331055
image_50,0.17393074929714203
image_500,0.3934008777141571
image_5000,0.4480116367340088
image_5001,0.5686585903167725
image_5002,0.7989469766616821
image_5003,0.29318147897720337
image_5004,0.3693104386329651
image_5005,0.6687423586845398
image_5006,0.15704654157161713
image_5007,0.20305180549621582
image_5008,0.12416281551122665
image_5009,0.21946607530117035
image_501,0.07703467458486557
image_5010,0.12289551645517349
image_5011,0.4366108477115631
image_5012,0.1473662406206131
image_5013,0.2578898072242737
image_5014,0.0865359827876091
image_5015,0.21843282878398895
image_5016,0.3299233019351959
image_5017,0.19726277887821198
image_5018,0.37028318643569946
image_5019,0.5836260914802551
image_502,0.2570860683917999
image_5020,0.8188793063163757
image_5021,0.11900563538074493
image_5022,0.04439358785748482
image_5023,0.24353265762329102
image_5024,0.32021036744117737
image_5025,0.12377428263425827
image_5026,0.20681491494178772
image_5027,0.47676125168800354
image_5028,0.7066895365715027
image_5029,0.021204769611358643
image_503,0.17768625915050507
image_5030,0.2723233699798584
image_5031,0.11884041130542755
image_5032,0.1105026975274086
image_5033,0.18494188785552979
image_5034,0.13649138808250427
image_5035,0.5272202491760254
image_5036,0.24945397675037384
image_5037,0.12319677323102951
image_5038,0.22667227685451508
image_5039,0.08160314708948135
image_504,0.23953624069690704
image_5040,0.15891283750534058
image_5041,0.24023199081420898
image_5042,0.207302525639534
image_5043,0.1721281111240387
image_5044,0.1021004468202591
image_5045,0.4733789563179016
image_5046,0.11735768616199493
image_5047,0.20464323461055756
image_5048,0.0546598918735981
image_5049,0.3164214789867401
image_505,0.07831043750047684
image_5050,0.13585905730724335
image_5051,0.33279794454574585
image_5052,0.09918703138828278
image_5053,0.1755550354719162
image_5054,0.5239433646202087
image_5055,0.06401456892490387
image_5056,0.08029840141534805
image_5057,0.3322337567806244
image_5058,0.072295181453228
image_5059,0.14785875380039215
image_506,0.22512388229370117
image_5060,0.15300078690052032
image_5061,0.32908204197883606
image_5062,0.5716060996055603
image_5063,0.043002188205718994
image_5064,0.07107789814472198
image_5065,0.6701776385307312
image_5066,0.26977360248565674
image_5067,0.18643759191036224
image_5068,0.101384736597538
image_5069,0.0972454845905304
image_507,0.3806364834308624
image_5070,0.133779838681221
image_5071,0.28472623229026794
image_5072,0.30072125792503357
image_5073,0.18114659190177917
image_5074,0.32307377457618713
image_5075,0.20431986451148987
image_5076,0.7151711583137512
image_5077,0.3330376446247101
image_5078,0.34738415479660034
image_5079,0.5584178566932678
image_508,0.03311299905180931
image_5080,0.1834297627210617
image_5081,0.1866176426410675
image_5082,0.2579543888568878
image_5083,0.1407109498977661
image_5084,0.21076631546020508
image_5085,0.0932047888636589
image_5086,0.47228413820266724
image_5087,0.11523925513029099
image_5088,0.24759522080421448
image_5089,0.0898301750421524
image_509,0.5212261080741882
image_5090,0.13674764335155487
image_5091,0.08284753561019897
image_5092,0.5226075649261475
image_5093,0.15745218098163605
image_5094,0.10825532674789429
image_5095,0.23407474160194397
image_5096,0.06656184047460556
image_5097,0.3729073703289032
image_5098,0.0992753878235817
image_5099,0.28260260820388794
image_51,0.3018413186073303
image_510,0.0582040436565876
image_5100,0.15674078464508057
image_5101,0.30231472849845886
image_5102,0.2319256067276001
image_5103,0.08991830796003342
image_5104,0.05494743213057518
image_5105,0.2300451099872589
image_5106,0.2005147933959961
image_5107,0.12884312868118286
image_5108,0.02941150963306427
image_5109,0.56185382604599
image_511,0.13978151977062225
image_5110,0.24194219708442688
image_5111,0.29143503308296204
image_5112,0.22424738109111786
image_5113,0.3088669776916504
image_5114,0.3662469685077667
image_5115,0.050093721598386765
image_5116,0.08853477984666824
image_5117,0.22687764465808868
image_5118,0.11619537323713303
image_5119,0.8600010871887207
image_512,0.09892270714044571
image_5120,0.6777538657188416
image_5121,0.7344598174095154
image_5122,0.5960184931755066
image_5123,0.1280571073293686
image_5124,0.08067047595977783
image_5125,0.17007403075695038
image_5126,0.6295492053031921
image_5127,0.4629659354686737
image_5128,0.12791727483272552
image_5129,0.2450399398803711
image_513,0.17529688775539398
image_5130,0.5187393426895142
image_5131,0.36659857630729675
image_5132,0.4260895848274231
image_5133,0.7230700254440308
image_5134,0.06987147778272629
image_5135,0.2775544822216034
image_5136,0.34174713492393494
image_5137,0.1676841527223587
image_5138,0.023492243140935898
image_5139,0.10994233191013336
image_514,0.761491596698761
image_5140,0.6231722235679626
image_5141,0.21575169265270233
image_5142,0.16070885956287384
image_5143,0.25173935294151306
image_5144,0.16354559361934662
image_5145,0.2585281431674957
image_5146,0.682908833026886
image_5147,0.3159405291080475
image_5148,0.15866327285766602
image_5149,0.004394858609884977
image_515,0.4980219304561615
image_5150,0.258395254611969
image_5151,0.1018095538020134
image_5152,0.19396625459194183
image_5153,0.6173490881919861
image_5154,0.08631252497434616
image_5155,0.04800093173980713
image_5156,0.5258700251579285
image_5157,0.14276206493377686
image_5158,0.16586650907993317
image_5159,0.3363591134548187
image_516,0.11107056587934494
image_5160,0.10076604038476944
image_5161,0.22378841042518616
image_5162,0.05973231792449951
image_5163,0.33028513193130493
image_5164,0.5032815933227539
image_5165,0.22881436347961426
image_5166,0.2306947559118271
image_5167,0.5897231698036194
image_5168,0.5993266105651855
image_5169,0.1444409340620041
image_517,0.03412175178527832
image_5170,0.2605869472026825
image_5171,0.019189810380339622
image_5172,0.1720389574766159
image_5173,0.4644567668437958
image_5174,0.10376071184873581
image_5175,0.27486369013786316
image_5176,0.44574472308158875
image_5177,0.06479925662279129
image_5178,0.09191948175430298
image_5179,0.26620742678642273
image_518,0.21483837068080902
image_5180,0.32491442561149597
image_5181,0.29913705587387085
image_5182,0.4373656213283539
image_5183,0.23659352958202362
image_5184,0.11312073469161987
image_5185,0.053093548864126205
image_5186,0.06295163929462433
image_5187,0.13014709949493408
image_5188,0.05134723335504532
image_5189,0.29644671082496643
image_519,0.059127163141965866
image_5190,0.035658098757267
image_5191,0.02487594448029995
image_5192,0.24619153141975403
image_5193,0.4747079908847809
image_5194,0.1503685712814331
image_5195,0.2358933538198471
image_5196,0.5127989649772644
image_5197,0.695117175579071
image_5198,0.19022248685359955
image_5199,0.053126703947782516
image_52,0.6131688952445984
image_520,0.028203025460243225
image_5200,0.05767330154776573
image_5201,0.20098824799060822
image_5202,0.13331949710845947
image_5203,0.14155319333076477
image_5204,0.10418128222227097
image_5205,0.25566861033439636
image_5206,0.26665937900543213
image_5207,0.2618241310119629
image_5208,0.6252303123474121
image_5209,0.43944621086120605
image_521,0.07255455106496811
image_5210,0.34835752844810486
image_5211,0.24425803124904633
image_5212,0.3965350091457367
image_5213,0.32270103693008423
image_5214,0.22486309707164764
image_5215,0.2636014521121979
image_5216,0.47243228554725647
image_5217,0.18093644082546234
image_5218,0.21539068222045898
image_5219,0.2176436483860016
image_522,0.056066013872623444
image_5220,0.20510493218898773
image_5221,0.1032835841178894
image_5222,0.42909833788871765
image_5223,0.05476168543100357
image_5224,0.7517969012260437
image_5225,0.0828595757484436
image_5226,0.17063097655773163
image_5227,0.24436752498149872
image_5228,0.15092432498931885
image_5229,0.1175345927476883
image_523,0.19017210602760315
image_5230,0.4578916132450104
image_5231,0.2949194312095642
image_5232,0.028036026284098625
image_5233,0.1723780781030655
image_5234,0.29512545466423035
image_5235,0.05669030174612999
image_5236,0.0987989529967308
image_5237,0.31312447786331177
image_5238,0.16117729246616364
image_5239,0.41256651282310486
image_524,0.10164713859558105
image_5240,0.14650455117225647
image_5241,0.20723484456539154
image_5242,0.6711494326591492
image_5243,0.2161751240491867
image_5244,0.1696888953447342
image_5245,0.29221218824386597
image_5246,0.06429056078195572
image_5247,0.4042258858680725
image_5248,0.13911794126033783
image_5249,0.7961758971214294
image_525,0.11561281979084015
image_5250,0.2558879852294922
image_5251,0.26763251423835754
image_5252,0.5920087695121765
image_5253,0.10320919007062912
image_5254,0.23586514592170715
image_5255,0.28740614652633667
image_5256,0.26885396242141724
image_5257,0.7058927416801453
image_5258,0.22305436432361603
image_5259,0.2340046465396881
image_526,0.23800431191921234
image_5260,0.2108624428510666
image_5261,0.3187427222728729
image_5262,0.18519334495067596
image_5263,0.25161346793174744
image_5264,0.5728909373283386
image_5265,0.3253886103630066
image_5266,0.09848381578922272
image_5267,0.2768499553203583
image_5268,0.6335699558258057
image_5269,0.20805101096630096
image_527,0.1581771969795227
image_5270,0.17105837166309357
image_5271,0.36500605940818787
image_5272,0.7181999087333679
image_5273,0.1988554447889328
image_5274,0.26612943410873413
image_5275,0.08319298923015594
image_5276,0.41020306944847107
image_5277,0.105426125228405
image_5278,0.18744902312755585
image_5279,0.15490876138210297
image_528,0.31361740827560425
image_5280,0.10712545365095139
image_5281,0.2654573321342468
image_5282,0.38531503081321716
image_5283,0.6284807324409485
image_5284,0.1839383840560913
image_5285,0.2046947479248047
image_5286,0.09377272427082062
image_5287,0.14612014591693878
image_5288,0.2891957461833954
image_5289,0.3236120939254761
image_529,0.12805573642253876
image_5290,0.32173681259155273
image_5291,0.1665114164352417
image_5292,0.3193086087703705
image_5293,0.046009521931409836
image_5294,0.17051668465137482
image_5295,0.1047719269990921
image_5296,0.3278348743915558
image_5297,0.09048908203840256
image_5298,0.5726692080497742
image_5299,0.25624701380729675
image_53,0.1779145747423172
image_530,0.28978872299194336
image_5300,0.7918495535850525
image_5301,0.2378707379102707
image_5302,0.38780614733695984
image_5303,0.23139329254627228
image_5304,0.2574717402458191
image_5305,0.06810679286718369
image_5306,0.4265720546245575
image_5307,0.49247345328330994
image_5308,0.13352349400520325
image_5309,0.19177815318107605
image_531,0.041814278811216354
image_5310,0.27119749784469604
image_5311,0.1376078873872757
image_5312,0.2965289056301117
image_5313,0.6088728904724121
image_5314,0.17591851949691772
image_5315,0.1973009556531906
image_5316,0.09105894714593887
image_5317,0.22675815224647522
image_5318,0.2153508961200714
image_5319,0.35708174109458923
image_532,0.09080302715301514
image_5320,0.10937564820051193
image_5321,0.19534365832805634
image_5322,0.33625316619873047
image_5323,0.07712296396493912
image_5324,0.6739347577095032
image_5325,0.16910843551158905
image_5326,0.12179052084684372
image_5327,0.09651219099760056
image_5328,0.30383163690567017
image_5329,0.613840639591217
image_533,0.24241867661476135
image_5330,0.7488054633140564
image_5331,0.24336698651313782
image_5332,0.12989363074302673
image_5333,0.4338854253292084
image_5334,0.3917925953865051
image_5335,0.1963050216436386
image_5336,0.1442386358976364
image_5337,0.38206836581230164
image_5338,0.11681320518255234
image_5339,0.2823501229286194
image_534,0.28254619240760803
image_5340,0.14039579033851624
image_5341,0.16983266174793243
image_5342,0.3477039635181427
image_5343,0.029250526800751686
image_5344,0.29223909974098206
image_5345,0.21504469215869904
image_5346,0.16631101071834564
image_5347,0.17054897546768188
image_5348,0.0451463982462883
image_5349,0.10596270859241486
image_535,0.1590776890516281
image_5350,0.21869035065174103
image_5351,0.146915465593338
image_5352,0.2778322100639343
image_5353,0.0663227066397667
image_5354,0.6560057997703552
image_5355,0.44811686873435974
image_5356,0.10259069502353668
image_5357,0.13579311966896057
image_5358,0.15415732562541962
image_5359,0.13052870333194733
image_536,0.11413128674030304
image_5360,0.2910970151424408
image_5361,0.07797431200742722
image_5362,0.16924098134040833
image_5363,0.12694279849529266
image_5364,0.18721257150173187
image_5365,0.5314447283744812
image_5366,0.08209484070539474
image_5367,0.4143825173377991
image_5368,0.1239832192659378
image_5369,0.5007339119911194
image_537,0.13733993470668793
image_5370,0.30734312534332275
image_5371,0.33685848116874695
image_5372,0.43917256593704224
image_5373,0.09005226194858551
image_5374,0.05640770122408867
image_5375,0.26626846194267273
image_5376,0.12010395526885986
image_5377,0.2304040491580963
image_5378,0.12134962528944016
image_5379,0.26643845438957214
image_538,0.24419234693050385
image_5380,0.150356724858284
image_5381,0.17262569069862366
image_5382,0.22588615119457245
image_5383,0.1595478057861328
image_5384,0.29989680647850037
image_5385,0.20974504947662354
image_5386,0.35501015186309814
image_5387,0.18776415288448334
image_5388,0.04625903069972992
image_5389,0.1824110448360443
image_539,0.43865451216697693
image_5390,0.4268064498901367
image_5391,0.26407691836357117
image_5392,0.2755618989467621
image_5393,0.43246784806251526
image_5394,0.21187154948711395
image_5395,0.17314182221889496
image_5396,0.24853956699371338
image_5397,0.09235348552465439
image_5398,0.0777837261557579
image_5399,0.0991608202457428
image_54,0.10407916456460953
image_540,0.6464554667472839
image_5400,0.12372324615716934
image_5401,0.13554248213768005
image_5402,0.10884153842926025
image_5403,0.14166271686553955
image_5404,0.22157740592956543
image_5405,0.18211252987384796
image_5406,0.13074903190135956
image_5407,0.13050998747348785
image_5408,0.040795717388391495
image_5409,0.1122266873717308
image_541,0.3656791150569916
image_5410,0.7955151796340942
image_5411,0.7918691039085388
image_5412,0.41541630029678345
image_5413,0.08667181432247162
image_5414,0.09441939741373062
image_5415,0.2242974489927292
image_5416,0.17481565475463867
image_5417,0.29720383882522583
image_5418,0.17310166358947754
image_5419,0.12794971466064453
image_542,0.2647901177406311
image_5420,0.22240595519542694
image_5421,0.5819470882415771
image_5422,0.1505410075187683
image_5423,0.38655152916908264
image_5424,0.20834408700466156
image_5425,0.1288495510816574
image_5426,0.11572656780481339
image_5427,0.6197679042816162
image_5428,0.3622443675994873
image_5429,0.08578576892614365
image_543,0.2868845462799072
image_5430,0.15024468302726746
image_5431,0.1281297653913498
image_5432,0.04714808985590935
image_5433,0.09050841629505157
image_5434,0.0677926167845726
image_5435,0.36662736535072327
image_5436,0.26242294907569885
image_5437,0.49551817774772644
image_5438,0.23142018914222717
image_5439,0.39872103929519653
image_544,0.14748962223529816
image_5440,0.20371346175670624
image_5441,0.23774933815002441
image_5442,0.1852501481771469
image_5443,0.37518224120140076
image_5444,0.17244696617126465
image_5445,0.05846231058239937
image_5446,0.20857444405555725
image_5447,0.06625666469335556
image_5448,0.2017466127872467
image_5449,0.2835976779460907
image_545,0.13266818225383759
image_5450,0.30074235796928406
image_5451,0.3511929214000702
image_5452,0.3460089862346649
image_5453,0.20672953128814697
image_5454,0.2749643623828888
image_5455,0.03779179975390434
image_5456,0.12522195279598236
image_5457,0.44228029251098633
image_5458,0.37370726466178894
image_5459,0.16566751897335052
image_546,0.20573674142360687
image_5460,0.2860332429409027
image_5461,0.16328679025173187
image_5462,0.5521531105041504
image_5463,0.10501190274953842
image_5464,0.25845667719841003
image_5465,0.14325125515460968
image_5466,0.06739511340856552
image_5467,0.36944103240966797
image_5468,0.2319178432226181
image_5469,0.5516476035118103
image_547,0.2988792061805725
image_5470,0.6272880434989929
image_5471,0.1608446091413498
image_5472,0.46376290917396545
image_5473,0.3778756558895111
image_5474,0.11329980194568634
image_5475,0.2421513795852661
image_5476,0.08569647371768951
image_5477,0.2505548894405365
image_5478,0.44353294372558594
image_5479,0.1747596561908722
image_548,0.1780792474746704
image_5480,0.13413015007972717
image_5481,0.552749514579773
image_5482,0.38365083932876587
image_5483,0.15311084687709808
image_5484,0.15186989307403564
image_5485,0.10703182220458984
image_5486,0.1510419100522995
image_5487,0.09135748445987701
image_5488,0.08440648764371872
image_5489,0.15917560458183289
image_549,0.16114984452724457
image_5490,0.3024117648601532
image_5491,0.14338111877441406
image_5492,0.8509079813957214
image_5493,0.29032325744628906
image_5494,0.31751710176467896
image_5495,0.14661003649234772
image_5496,0.2902650535106659
image_5497,0.13377270102500916
image_5498,0.02618831768631935
image_5499,0.2754476070404053
image_55,0.09758982062339783
image_550,0.2629983425140381
image_5500,0.382317453622818
image_5501,0.19785135984420776
image_5502,0.05518383905291557
image_5503,0.24995513260364532
image_5504,0.0914965495467186
image_5505,0.262746661901474
image_5506,0.31050530076026917
image_5507,0.10598345845937729
image_5508,0.20688581466674805
image_5509,0.15198171138763428
image_551,0.0563589408993721
image_5510,0.07426846027374268
image_5511,0.524878203868866
image_5512,0.06399547308683395
image_5513,0.07289721816778183
image_5514,0.45150476694107056
image_5515,0.15266168117523193
image_5516,0.06928404420614243
image_5517,0.13090647757053375
image_5518,0.12076859921216965
image_5519,0.10928776115179062
image_552,0.1553124636411667
image_5520,0.17215847969055176
image_5521,0.1882462501525879
image_5522,0.22172807157039642
image_5523,0.13938568532466888
image_5524,0.5753401517868042
image_5525,0.11315442621707916
image_5526,0.2103561908006668
image_5527,0.5701109766960144
image_5528,0.19838450849056244
image_5529,0.10030817985534668
image_553,0.14564895629882812
image_5530,0.259314626455307
image_5531,0.22129149734973907
image_5532,0.14219073951244354
image_5533,0.09251465648412704
image_5534,0.2375376671552658
image_5535,0.22749553620815277
image_5536,0.03861862048506737
image_5537,0.31244874000549316
image_5538,0.5607060790061951
image_5539,0.14864246547222137
image_554,0.13645486533641815
image_5540,0.23100300133228302
image_5541,0.30204901099205017
image_5542,0.3401848375797272
image_5543,0.341256707906723
image_5544,0.7329096794128418
image_5545,0.2911730110645294
image_5546,0.19205282628536224
image_5547,0.11518728733062744
image_5548,0.10528197139501572
image_5549,0.809434711933136
image_555,0.15455937385559082
image_5550,0.0944112166762352
image_5551,0.1244470626115799
image_5552,0.17610923945903778
image_5553,0.08717187494039536
image_5554,0.09009851515293121
image_5555,0.4115849435329437
image_5556,0.19977526366710663
image_5557,0.09216295927762985
image_5558,0.044295016676187515
image_5559,0.19476090371608734
image_556,0.1546298712491989
image_5560,0.07179486751556396
image_5561,0.4679120182991028
image_5562,0.3052600026130676
image_5563,0.448993980884552
image_5564,0.20784302055835724
image_5565,0.44518160820007324
image_5566,0.5818328261375427
image_5567,0.22477900981903076
image_5568,0.3191603124141693
image_5569,0.17166684567928314
image_557,0.298476904630661
image_5570,0.3148286044597626
image_5571,0.2539632320404053
image_5572,0.10316794365644455
image_5573,0.18931742012500763
image_5574,0.13600586354732513
image_5575,0.16055545210838318
image_5576,0.6539869904518127
image_5577,0.2325378656387329
image_5578,0.17690719664096832
image_5579,0.5500866770744324
image_558,0.186135396361351
image_5580,0.41583165526390076
image_5581,0.11970529705286026
image_5582,0.16748659312725067
image_5583,0.07740975171327591
image_5584,0.056035805493593216
image_5585,0.24099598824977875
image_5586,0.4464855194091797
image_5587,0.7717342972755432
image_5588,0.22182345390319824
image_5589,0.15150605142116547
image_559,0.2802278399467468
image_5590,0.321128785610199
image_5591,0.10588326305150986
image_5592,0.22885064780712128
image_5593,0.07653887569904327
image_5594,0.6608743071556091
image_5595,0.5816091895103455
image_5596,0.6080862879753113
image_5597,0.3104955852031708
image_5598,0.28442293405532837
image_5599,0.1659746617078781
image_56,0.07119152694940567
image_560,0.04981132224202156
image_5600,0.10859513282775879
image_5601,0.1446416676044464
image_5602,0.3617083728313446
image_5603,0.17062993347644806
image_5604,0.18497216701507568
image_5605,0.15022926032543182
image_5606,0.09979315102100372
image_5607,0.7853578925132751
image_5608,0.06061875820159912
image_5609,0.1255444586277008
image_561,0.1309208869934082
image_5610,0.21852155029773712
image_5611,0.2839551866054535
image_5612,0.16734015941619873
image_5613,0.16309325397014618
image_5614,0.5403352975845337
image_5615,0.15352454781532288
image_5616,0.40872469544410706
image_5617,0.17964254319667816
image_5618,0.42022499442100525
image_5619,0.05308347940444946
image_562,0.1440422385931015
image_5620,0.34668561816215515
image_5621,0.09615357220172882
image_5622,0.2160789519548416
image_5623,0.225895956158638
image_5624,0.15129421651363373
image_5625,0.1785101443529129
image_5626,0.2916027307510376
image_5627,0.25943371653556824
image_5628,0.2538289725780487
image_5629,0.27583885192871094
image_563,0.7937459945678711
image_5630,0.06053013354539871
image_5631,0.2588512599468231
image_5632,0.28433141112327576
image_5633,0.750199019908905
image_5634,0.7568108439445496
image_5635,0.09189192950725555
image_5636,0.2671646475791931
image_5637,0.18087783455848694
image_5638,0.7620446681976318
image_5639,0.03519556671380997
image_564,0.2103416919708252
image_5640,0.002551714889705181
image_5641,0.29960185289382935
image_5642,0.3138600289821625
image_5643,0.22849364578723907
image_5644,0.20374174416065216
image_5645,0.15541844069957733
image_5646,0.1663319617509842
image_5647,0.05346197634935379
image_5648,0.10521238297224045
image_5649,0.09680749475955963
image_565,0.6988043785095215
image_5650,0.11492130905389786
image_5651,0.38521313667297363
image_5652,0.13915663957595825
image_5653,0.07624594867229462
image_5654,0.25412750244140625
image_5655,0.5534845590591431
image_5656,0.05763716623187065
image_5657,0.18421794474124908
image_5658,0.08881024271249771
image_5659,0.49114733934402466
image_566,0.3207809627056122
image_5660,0.12604710459709167
image_5661,0.4992515742778778
image_5662,0.31891170144081116
image_5663,0.509351909160614
image_5664,0.32078298926353455
image_5665,0.5046306848526001
image_5666,0.0851161852478981
image_5667,0.24733209609985352
image_5668,0.04051539674401283
image_5669,0.2946339249610901
image_567,0.16344544291496277
image_5670,0.03842663764953613
image_5671,0.27846580743789673
image_5672,0.14193375408649445
image_5673,0.12255876511335373
image_5674,0.20619837939739227
image_5675,0.19178317487239838
image_5676,0.08134781569242477
image_5677,0.048375628888607025
image_5678,0.07131775468587875
image_5679,0.32302266359329224
image_568,0.7323979735374451
image_5680,0.2181084156036377
image_5681,0.21187768876552582
image_5682,0.02326209656894207
image_5683,0.13759003579616547
image_5684,0.11188273876905441
image_5685,0.1979474574327469
image_5686,0.25064513087272644
image_5687,0.304361492395401
image_5688,0.38536736369132996
image_5689,0.23554043471813202
image_569,0.13771425187587738
image_5690,0.1794360727071762
image_5691,0.22461162507534027
image_5692,0.1404312252998352
image_5693,0.12758804857730865
image_5694,0.5072190165519714
image_5695,0.1694597452878952
image_5696,0.3752021789550781
image_5697,0.08621637523174286
image_5698,0.16624630987644196
image_5699,0.14926321804523468
image_57,0.3569582402706146
image_570,0.19923043251037598
image_5700,0.16119682788848877
image_5701,0.24987240135669708
image_5702,0.10586190223693848
image_5703,0.21098387241363525
image_5704,0.13900725543498993
image_5705,0.16997073590755463
image_5706,0.05403061583638191
image_5707,0.6826993823051453
image_5708,0.424680233001709
image_5709,0.12032842636108398
image_571,0.28620344400405884
image_5710,0.10679388046264648
image_5711,0.13191084563732147
image_5712,0.1871533840894699
image_5713,0.041212309151887894
image_5714,0.11791417747735977
image_5715,0.13278087973594666
image_5716,0.24467019736766815
image_5717,0.084244504570961
image_5718,0.5829290151596069
image_5719,0.22976961731910706
image_572,0.38317129015922546
image_5720,0.10429263114929199
image_5721,0.15701572597026825
image_5722,0.38312649726867676
image_5723,0.09449397772550583
image_5724,0.13064800202846527
image_5725,0.29548755288124084
image_5726,0.10727062076330185
image_5727,0.36964985728263855
image_5728,0.05812106281518936
image_5729,0.14393381774425507
image_573,0.22661666572093964
image_5730,0.20045824348926544
image_5731,0.19494366645812988
image_5732,0.172050341963768
image_5733,0.5871133804321289
image_5734,0.0522284172475338
image_5735,0.23531165719032288
image_5736,0.11589117348194122
image_5737,0.028383810073137283
image_5738,0.11941718310117722
image_5739,0.3231152594089508
image_574,0.08433209359645844
image_5740,0.3963128626346588
image_5741,0.18452711403369904
image_5742,0.10776863247156143
image_5743,0.096017986536026
image_5744,0.23937737941741943
image_5745,0.22386375069618225
image_5746,0.26623764634132385
image_5747,0.19773390889167786
image_5748,0.03160279616713524
image_5749,0.13548433780670166
image_575,0.18455937504768372
image_5750,0.23730149865150452
image_5751,0.12995480000972748
image_5752,0.4042918384075165
image_5753,0.14903555810451508
image_5754,0.30471956729888916
image_5755,0.4164789319038391
image_5756,0.3368251323699951
image_5757,0.6126390099525452
image_5758,0.19212859869003296
image_5759,0.1360880434513092
image_576,0.21229882538318634
image_5760,0.11820709705352783
image_5761,0.2284974604845047
image_5762,0.25391384959220886
image_5763,0.25968053936958313
image_5764,0.2667675018310547
image_5765,0.20379853248596191
image_5766,0.25402647256851196
image_5767,0.14829759299755096
image_5768,0.10135138034820557
image_5769,0.14724919199943542
image_577,0.09796073287725449
image_5770,0.5266306400299072
image_5771,0.20789717137813568
image_5772,0.11982875317335129
image_5773,0.13091793656349182
image_5774,0.14394013583660126
image_5775,0.19275327026844025
image_5776,0.2733956575393677
image_5777,0.7294468879699707
image_5778,0.23143015801906586
image_5779,0.47727957367897034
image_578,0.42188477516174316
image_5780,0.37885355949401855
image_5781,0.08759301900863647
image_5782,0.22775737941265106
image_5783,0.22450418770313263
image_5784,0.631278932094574
image_5785,0.17473749816417694
image_5786,0.06991457939147949
image_5787,0.1294523924589157
image_5788,0.044258832931518555
image_5789,0.4048742353916168
image_579,0.11915337294340134
image_5790,0.06724955886602402
image_5791,0.2747873365879059
image_5792,0.2916816174983978
image_5793,0.20687296986579895
image_5794,0.4717453122138977
image_5795,0.35245227813720703
image_5796,0.37114816904067993
image_5797,0.17860472202301025
image_5798,0.44137582182884216
image_5799,0.09966051578521729
image_58,0.2082548588514328
image_580,0.1132364273071289
image_5800,0.15674519538879395
image_5801,0.4114972651004791
image_5802,0.2304222583770752
image_5803,0.31031903624534607
image_5804,0.3027629852294922
image_5805,0.3101154863834381
image_5806,0.379762202501297
image_5807,0.2109793722629547
image_5808,0.15831424295902252
image_5809,0.6294192671775818
image_581,0.030411720275878906
image_5810,0.6462640166282654
image_5811,0.029851561412215233
image_5812,0.022562984377145767
image_5813,0.15210138261318207
image_5814,0.17627495527267456
image_5815,0.2742897868156433
image_5816,0.36192628741264343
image_5817,0.3109971582889557
image_5818,0.10060033947229385
image_5819,0.07330455631017685
image_582,0.14241424202919006
image_5820,0.16877715289592743
image_5821,0.15951746702194214
image_5822,0.3333071768283844
image_5823,0.1093268170952797
image_5824,0.13929317891597748
image_5825,0.2061925232410431
image_5826,0.21491098403930664
image_5827,0.07955879718065262
image_5828,0.14886970818042755
image_5829,0.10887672007083893
image_583,0.13267038762569427
image_5830,0.2501021921634674
image_5831,0.6410531401634216
image_5832,0.1367519348859787
image_5833,0.04988463595509529
image_5834,0.3913199305534363
image_5835,0.27442190051078796
image_5836,0.22867727279663086
image_5837,0.17613720893859863
image_5838,0.32706061005592346
image_5839,0.1104375347495079
image_584,0.23035362362861633
image_5840,0.1620890349149704
image_5841,0.1399306058883667
image_5842,0.07161376625299454
image_5843,0.12955497205257416
image_5844,0.09662778675556183
image_5845,0.34133994579315186
image_5846,0.1155083179473877
image_5847,0.45205917954444885
image_5848,0.08088364452123642
image_5849,0.5024844408035278
image_585,0.07054103910923004
image_5850,0.2062663584947586
image_5851,0.3016470968723297
image_5852,0.6450655460357666
image_5853,0.32003578543663025
image_5854,0.11626338213682175
image_5855,0.3819049000740051
image_5856,0.14457368850708008
image_5857,0.6638476252555847
image_5858,0.23989930748939514
image_5859,0.10986912250518799
image_586,0.20612426102161407
image_5860,0.13792970776557922
image_5861,0.05659503489732742
image_5862,0.023824473842978477
image_5863,0.12997190654277802
image_5864,0.12054252624511719
image_5865,0.18551240861415863
image_5866,0.12662258744239807
image_5867,0.12868933379650116
image_5868,0.026251578703522682
image_5869,0.16881699860095978
image_587,0.1451750099658966
image_5870,0.2629220187664032
image_5871,0.3088535964488983
image_5872,0.18742798268795013
image_5873,0.07441278547048569
image_5874,0.06155017018318176
image_5875,0.653821587562561
image_5876,0.14946480095386505
image_5877,0.2273838073015213
image_5878,0.3861794173717499
image_5879,0.26555106043815613
image_588,0.3211853802204132
image_5880,0.23950456082820892
image_5881,0.18415787816047668
image_5882,0.06310445815324783
image_5883,0.2191280871629715
image_5884,0.17942802608013153
image_5885,0.10479407757520676
image_5886,0.05026297643780708
image_5887,0.2796698212623596
image_5888,0.19077317416667938
image_5889,0.22655658423900604
image_589,0.1872478723526001
image_5890,0.21202142536640167
image_5891,0.3702532947063446
image_5892,0.22124052047729492
image_5893,0.2755543887615204
image_5894,0.12950971722602844
image_5895,0.24866028130054474
image_5896,0.05559728294610977
image_5897,0.10054874420166016
image_5898,0.03980671241879463
image_5899,0.09281312674283981
image_59,0.1916656196117401
image_590,0.5361200571060181
image_5900,0.42541319131851196
image_5901,0.16230221092700958
image_5902,0.258136510848999
image_5903,0.37531986832618713
image_5904,0.22443686425685883
image_5905,0.06823555380105972
image_5906,0.2700260579586029
image_5907,0.32132843136787415
image_5908,0.16611623764038086
image_5909,0.10047055780887604
image_591,0.0464642159640789
image_5910,0.14010725915431976
image_5911,0.2904641926288605
image_5912,0.5982361435890198
image_5913,0.24309144914150238
image_5914,0.3096282482147217
image_5915,0.17078137397766113
image_5916,0.21478131413459778
image_5917,0.29007384181022644
image_5918,0.14364595711231232
image_5919,0.6993922591209412
image_592,0.05299583077430725
image_5920,0.19165964424610138
image_5921,0.3461891710758209
image_5922,0.13884800672531128
image_5923,0.06935079395771027
image_5924,0.09127914160490036
image_5925,0.47419610619544983
image_5926,0.15748754143714905
image_5927,0.14051857590675354
image_5928,0.3295000493526459
image_5929,0.22797603905200958
image_593,0.18900860846042633
image_5930,0.12023083120584488
image_5931,0.09357810020446777
image_5932,0.06781847029924393
image_5933,0.17009237408638
image_5934,0.13933496177196503
image_5935,0.21895328164100647
image_5936,0.4836573302745819
image_5937,0.1859772950410843
image_5938,0.37575244903564453
image_5939,0.6273105144500732
image_594,0.16817523539066315
image_5940,0.18626976013183594
image_5941,0.08434392511844635
image_5942,0.10778480768203735
image_5943,0.7391476035118103
image_5944,0.11795568466186523
image_5945,0.6735855340957642
image_5946,0.269843190908432
image_5947,0.33786889910697937
image_5948,0.06671732664108276
image_5949,0.24978506565093994
image_595,0.7846084237098694
image_5950,0.11454049497842789
image_5951,0.07943061739206314
image_5952,0.3098856806755066
image_5953,0.07185345888137817
image_5954,0.08217451721429825
image_5955,0.11156242340803146
image_5956,0.22065745294094086
image_5957,0.15674267709255219
image_5958,0.4120100438594818
image_5959,0.16322480142116547
image_596,0.7965450882911682
image_5960,0.5311256647109985
image_5961,0.03616736829280853
image_5962,0.3386176526546478
image_5963,0.6184104084968567
image_5964,0.16410225629806519
image_5965,0.595361053943634
image_5966,0.17186979949474335
image_5967,0.10661282390356064
image_5968,0.28138718008995056
image_5969,0.2815871834754944
image_597,0.5860891938209534
image_5970,0.25119686126708984
image_5971,0.21755464375019073
image_5972,0.2408677190542221
image_5973,0.1729455292224884
image_5974,0.18165583908557892
image_5975,0.0671175867319107
image_5976,0.1074473187327385
image_5977,0.2112029641866684
image_5978,0.23332054913043976
image_5979,0.4221431314945221
image_598,0.12774106860160828
image_5980,0.10177220404148102
image_5981,0.16869954764842987
image_5982,0.02141871675848961
image_5983,0.2874091565608978
image_5984,0.03841579705476761
image_5985,0.19834518432617188
image_5986,0.18561412394046783
image_5987,0.46411916613578796
image_5988,0.18970701098442078
image_5989,0.06187000870704651
image_599,0.2929883897304535
image_5990,0.108876071870327
image_5991,0.22949083149433136
image_5992,0.1619919389486313
image_5993,0.16207841038703918
image_5994,0.0322943739593029
image_5995,0.5072317123413086
image_5996,0.26655659079551697
image_5997,0.20992079377174377
image_5998,0.24014107882976532
image_5999,0.004398651886731386
image_6,0.25876519083976746
image_60,0.08013295382261276
image_600,0.07597712427377701
image_6000,0.19396518170833588
image_6001,0.30191299319267273
image_6002,0.10232720524072647
image_6003,0.3583325445652008
image_6004,0.12322385609149933
image_6005,0.8079950213432312
image_6006,0.3891078531742096
image_6007,0.34103453159332275
image_6008,0.18339359760284424
image_6009,0.2520855963230133
image_601,0.03162526711821556
image_6010,0.1969272941350937
image_6011,0.7889021039009094
image_6012,0.08064357936382294
image_6013,0.0010222719283774495
image_6014,0.19834159314632416
image_6015,0.21063657104969025
image_6016,0.11630868911743164
image_6017,0.2631931006908417
image_6018,0.11053619533777237
image_6019,0.3108395040035248
image_602,0.2581090033054352
image_6020,0.06680729240179062
image_6021,0.22005410492420197
image_6022,0.40687790513038635
image_6023,0.16702687740325928
image_6024,0.7572575211524963
image_6025,0.29285290837287903
image_6026,0.5675929188728333
image_6027,0.15494538843631744
image_6028,0.15848052501678467
image_6029,0.14265112578868866
image_603,0.2754465937614441
image_6030,0.1045500636100769
image_6031,0.14177878201007843
image_6032,0.649234414100647
image_6033,0.1290428638458252
image_6034,0.1639310121536255
image_6035,0.09781095385551453
image_6036,0.49180132150650024
image_6037,0.09302855283021927
image_6038,0.4475277364253998
image_6039,0.2860434949398041
image_604,0.06657188385725021
image_6040,0.12810400128364563
image_6041,0.08596258610486984
image_6042,0.26102423667907715
image_6043,0.20769667625427246
image_6044,0.7560122609138489
image_6045,0.3685590922832489
image_6046,0.39615312218666077
image_6047,0.3765631318092346
image_6048,0.4074723720550537
image_6049,0.09135930985212326
image_605,0.23613284528255463
image_6050,0.13420625030994415
image_6051,0.15669913589954376
image_6052,0.22903786599636078
image_6053,0.2505422830581665
image_6054,0.16707386076450348
image_6055,0.25905320048332214
image_6056,0.2235732078552246
image_6057,0.33179759979248047
image_6058,0.4724140167236328
image_6059,0.384784460067749
image_606,0.26503604650497437
image_6060,0.25686606764793396
image_6061,0.11661479622125626
image_6062,0.054403990507125854
image_6063,0.2680523991584778
image_6064,0.5976750254631042
image_6065,0.2854227125644684
image_6066,0.5514212846755981
image_6067,0.2671990990638733
image_6068,0.37355053424835205
image_6069,0.21968519687652588
image_607,0.5599426627159119
image_6070,0.3390297591686249
image_6071,0.17276297509670258
image_6072,0.12297238409519196
image_6073,0.6737403869628906
image_6074,0.05928533151745796
image_6075,0.1154845729470253
image_6076,0.13947872817516327
image_6077,0.09073688089847565
image_6078,0.18588857352733612
image_6079,0.0761227086186409
image_608,0.6881169676780701
image_6080,0.15812285244464874
image_6081,0.14717625081539154
image_6082,0.06590846180915833
image_6083,0.471567839384079
image_6084,0.2535766661167145
image_6085,0.21059314906597137
image_6086,0.158525750041008
image_6087,0.022871246561408043
image_6088,0.2408301830291748
image_6089,0.055323220789432526
image_609,0.0794786810874939
image_6090,0.27928122878074646
image_6091,0.17458559572696686
image_6092,0.5040033459663391
image_6093,0.2822645306587219
image_6094,0.4573349952697754
image_6095,0.26585206389427185
image_6096,0.11318128556013107
image_6097,0.23604722321033478
image_6098,0.10441990196704865
image_6099,0.28870251774787903
image_61,0.16410693526268005
image_610,0.15918342769145966
image_6100,0.14516033232212067
image_6101,0.288910448551178
image_6102,0.35925188660621643
image_6103,0.48931846022605896
image_6104,0.31126925349235535
image_6105,0.09198465198278427
image_6106,0.31573382019996643
image_6107,0.2697300314903259
image_6108,0.5409649014472961
image_6109,0.31919798254966736
image_611,0.07865148782730103
image_6110,0.1138288751244545
image_6111,0.2855837643146515
image_6112,0.2611379027366638
image_6113,0.048408981412649155
image_6114,0.6736600995063782
image_6115,0.078508161008358
image_6116,0.02647150121629238
image_6117,0.13460306823253632
image_6118,0.35384437441825867
image_6119,0.6345964074134827
image_612,0.03977847099304199
image_6120,0.26726242899894714
image_6121,0.39607617259025574
image_6122,0.4291025698184967
image_6123,0.09651188552379608
image_6124,0.12469273805618286
image_6125,0.23195019364356995
image_6126,0.13733218610286713
image_6127,0.20047175884246826
image_6128,0.26583337783813477
image_6129,0.2616073489189148
image_613,0.24761588871479034
image_6130,0.12347550690174103
image_6131,0.23894648253917694
image_6132,0.704777181148529
image_6133,0.530410885810852
image_6134,0.11407335102558136
image_6135,0.10128068923950195
image_6136,0.2657759189605713
image_6137,0.0664755329489708
image_6138,0.6513873338699341
image_6139,0.1587745100259781
image_614,0.16130542755126953
image_6140,0.3781000077724457
image_6141,0.1280663013458252
image_6142,0.8024223446846008
image_6143,0.19091114401817322
image_6144,0.5243687629699707
image_6145,0.7463383078575134
image_6146,0.16309292614459991
image_6147,0.15677893161773682
image_6148,0.12897776067256927
image_6149,0.11973597854375839
image_615,0.24865321815013885
image_6150,0.26478204131126404
image_6151,0.8335275053977966
image_6152,0.18776127696037292
image_6153,0.063874751329422
image_6154,0.4280570149421692
image_6155,0.3233562707901001
image_6156,0.29794034361839294
image_6157,0.1404024362564087
image_6158,0.19811318814754486
image_6159,0.10891609638929367
image_616,0.1544875204563141
image_6160,0.2486497461795807
image_6161,0.2620837390422821
image_6162,0.06733808666467667
image_6163,0.24430489540100098
image_6164,0.187714621424675
image_6165,0.28293517231941223
image_6166,0.040701765567064285
image_6167,0.050418585538864136
image_6168,0.24928604066371918
image_6169,0.14928142726421356
image_617,0.14897409081459045
image_6170,0.22526438534259796
image_6171,0.053208258002996445
image_6172,0.275806188583374
image_6173,0.47963953018188477
image_6174,0.0951666608452797
image_6175,0.5388846397399902
image_6176,0.0914185643196106
image_6177,0.04990021139383316
image_6178,0.17254766821861267
image_6179,0.7134076356887817
image_618,0.0848429948091507
image_6180,0.24050047993659973
image_6181,0.16264671087265015
image_6182,0.1899954080581665
image_6183,0.21552319824695587
image_6184,0.04062894731760025
image_6185,0.3325027525424957
image_6186,0.49869289994239807
image_6187,0.3948892056941986
image_6188,0.21395190060138702
image_6189,0.6258167028427124
image_619,0.08467043936252594
image_6190,0.4078737199306488
image_6191,0.1284218728542328
image_6192,0.11108355969190598
image_6193,0.36469051241874695
image_6194,0.20515795052051544
image_6195,0.11313293129205704
image_6196,0.18843011558055878
image_6197,0.371523380279541
image_6198,0.03909861668944359
image_6199,0.18633221089839935
image_62,0.35915717482566833
image_620,0.19550101459026337
image_6200,0.5764581561088562
image_6201,0.1447221338748932
image_6202,0.12632064521312714
image_6203,0.21198438107967377
image_6204,0.049053143709897995
image_6205,0.39477455615997314
image_6206,0.05543375760316849
image_6207,0.11869894713163376
image_6208,0.1363140195608139
image_6209,0.4835829734802246
image_621,0.1597423255443573
image_6210,0.19432978332042694
image_6211,0.2507464587688446
image_6212,0.2534361779689789
image_6213,0.4791562557220459
image_6214,0.2332589477300644
image_6215,0.14578106999397278
image_6216,0.2063501626253128
image_6217,0.09677056968212128
image_6218,0.2403186559677124
image_6219,0.12381763756275177
image_622,0.18256869912147522
image_6220,0.02447826787829399
image_6221,0.5969091653823853
image_6222,0.3253432810306549
image_6223,0.197990283370018
image_6224,0.7564029097557068
image_6225,0.1533118039369583
image_6226,0.3603319823741913
image_6227,0.14647895097732544
image_6228,0.20998787879943848
image_6229,0.04134731367230415
image_623,0.26653438806533813
image_6230,0.18530143797397614
image_6231,0.2340746372938156
image_6232,0.2191646546125412
image_6233,0.1176554337143898
image_6234,0.14044500887393951
image_6235,0.10508664697408676
image_6236,0.15960906445980072
image_6237,0.27656397223472595
image_6238,0.4962178170681
image_6239,0.29220935702323914
image_624,0.20835982263088226
image_6240,0.1131213828921318
image_6241,0.189964160323143
image_6242,0.1907748430967331
image_6243,0.501472532749176
image_6244,0.40168219804763794
image_6245,0.7354920506477356
image_6246,0.21894589066505432
image_6247,0.29173821210861206
image_6248,0.7685257792472839
image_6249,0.20672856271266937
image_625,0.1190340518951416
image_6250,0.2648720145225525
image_6251,0.13654740154743195
image_6252,0.09419649839401245
image_6253,0.18060944974422455
image_6254,0.23945418000221252
image_6255,0.4334053099155426
image_6256,0.1935308575630188
image_6257,0.15225616097450256
image_6258,0.20626893639564514
image_6259,0.7059428691864014
image_626,0.17810280621051788
image_6260,0.35682186484336853
image_6261,0.12526820600032806
image_6262,0.06963969022035599
image_6263,0.06655959039926529
image_6264,0.2241271585226059
image_6265,0.26093268394470215
image_6266,0.37730714678764343
image_6267,0.23997770249843597
image_6268,0.14694805443286896
image_6269,0.0579298734664917
image_627,0.3340784013271332
image_6270,0.06142355874180794
image_6271,0.20404492318630219
image_6272,0.15456849336624146
image_6273,0.3311988115310669
image_6274,0.5841688513755798
image_6275,0.23700694739818573
image_6276,0.38525205850601196
image_6277,0.38665327429771423
image_6278,0.1890217810869217
image_6279,0.22264261543750763
image_628,0.2242799550294876
image_6280,0.12442119419574738
image_6281,0.10854551941156387
image_6282,0.915513813495636
image_6283,0.2803168296813965
image_6284,0.09074193984270096
image_6285,0.32475370168685913
image_6286,0.3781889081001282
image_6287,0.28168949484825134
image_6288,0.17969217896461487
image_6289,0.6368407011032104
image_629,0.2580171525478363
image_6290,0.2434816211462021
image_6291,0.27918893098831177
image_6292,0.12495050579309464
image_6293,0.406572163105011
image_6294,0.26007261872291565
image_6295,0.4837009608745575
image_6296,0.20617972314357758
image_6297,0.25990161299705505
image_6298,0.3601582944393158
image_6299,0.3075152039527893
image_63,0.06337516009807587
image_630,0.1326032131910324
image_6300,0.21137094497680664
image_6301,0.4582985043525696
image_6302,0.6092602610588074
image_6303,0.7336210608482361
image_6304,0.21196341514587402
image_6305,0.1113729402422905
image_6306,0.23707519471645355
image_6307,0.17366701364517212
image_6308,0.09868220239877701
image_6309,0.14419914782047272
image_631,0.5755652785301208
image_6310,0.6695191264152527
image_6311,0.17138472199440002
image_6312,0.13993267714977264
image_6313,0.541023850440979
image_6314,0.16787444055080414
image_6315,0.22676526010036469
image_6316,0.2291693240404129
image_6317,0.1834755390882492
image_6318,0.22703270614147186
image_6319,0.10889414697885513
image_632,0.02541428804397583
image_6320,0.23068253695964813
image_6321,0.630796492099762
image_6322,0.07017533481121063
image_6323,0.05196896940469742
image_6324,0.10687104612588882
image_6325,0.3120206296443939
image_6326,0.33347779512405396
image_6327,0.42799702286720276
image_6328,0.12742231786251068
image_6329,0.14680947363376617
image_633,0.32452574372291565
image_6330,0.34438806772232056
image_6331,0.11635246127843857
image_6332,0.19289755821228027
image_6333,0.33200618624687195
image_6334,0.24340508878231049
image_6335,0.2010483741760254
image_6336,0.6123485565185547
image_6337,0.14494271576404572
image_6338,0.4139011800289154
image_6339,0.04216465726494789
image_634,0.3830849826335907
image_6340,0.21318621933460236
image_6341,0.259072870016098
image_6342,0.10097777843475342
image_6343,0.11703833192586899
image_6344,0.39047732949256897
image_6345,0.22804446518421173
image_6346,0.748405396938324
image_6347,0.07189982384443283
image_6348,0.28772208094596863
image_6349,0.09186875075101852
image_635,0.24641235172748566
image_6350,0.2132992297410965
image_6351,0.3295888900756836
image_6352,0.17626427114009857
image_6353,0.11161945015192032
image_6354,0.16489048302173615
image_6355,0.044797249138355255
image_6356,0.2923390865325928
image_6357,0.38601526618003845
image_6358,0.21862183511257172
image_6359,0.33304834365844727
image_636,0.5523042678833008
image_6360,0.219495490193367
image_6361,0.12952838838100433
image_6362,0.14099811017513275
image_6363,0.16039367020130157
image_6364,0.3186275064945221
image_6365,0.24067817628383636
image_6366,0.2461916208267212
image_6367,0.4348761737346649
image_6368,0.0813637375831604
image_6369,0.40200191736221313
image_637,0.2436470091342926
image_6370,0.1605089157819748
image_6371,0.2905832827091217
image_6372,0.17847014963626862
image_6373,0.16676650941371918
image_6374,0.04854610189795494
image_6375,0.21779339015483856
image_6376,0.9189577102661133
image_6377,0.20252187550067902
image_6378,0.26159778237342834
image_6379,0.04705696925520897
image_638,0.3269188404083252
image_6380,0.16115739941596985
image_6381,0.7489535808563232
image_6382,0.2551768720149994
image_6383,0.5107383131980896
image_6384,0.20630763471126556
image_6385,0.04209291562438011
image_6386,0.38674214482307434
image_6387,0.2859937846660614
image_6388,0.2599492371082306
image_6389,0.47246962785720825
image_639,0.15037992596626282
image_6390,0.11238227039575577
image_6391,0.326526403427124
image_6392,0.5287614464759827
image_6393,0.27991780638694763
image_6394,0.27155303955078125
image_6395,0.22496557235717773
image_6396,0.09760235995054245
image_6397,0.1513260155916214
image_6398,0.045980483293533325
image_6399,0.22321763634681702
image_64,0.09084935486316681
image_640,0.16630254685878754
image_6400,0.2871297299861908
image_6401,0.1550886332988739
image_6402,0.2829689681529999
image_6403,0.06854869425296783
image_6404,0.22424736618995667
image_6405,0.46607843041419983
image_6406,0.15600146353244781
image_6407,0.20316003262996674
image_6408,0.1631615161895752
image_6409,0.031194645911455154
image_641,0.27725711464881897
image_6410,0.1874648630619049
image_6411,0.1002710610628128
image_6412,0.35451215505599976
image_6413,0.21185040473937988
image_6414,0.305400550365448
image_6415,0.6783823370933533
image_6416,0.11801152676343918
image_6417,0.17707513272762299
image_6418,0.1533883661031723
image_6419,0.06678662449121475
image_642,0.4714980125427246
image_6420,0.15098492801189423
image_6421,0.07728781551122665
image_6422,0.3781531751155853
image_6423,0.08917494118213654
image_6424,0.25255560874938965
image_6425,0.28122276067733765
image_6426,0.12568043172359467
image_6427,0.13100992143154144
image_6428,0.29096269607543945
image_6429,0.11795254051685333
image_643,0.22562220692634583
image_6430,0.025093723088502884
image_6431,0.486995130777359
image_6432,0.5667440295219421
image_6433,0.0994427427649498
image_6434,0.11630468815565109
image_6435,0.22676853835582733
image_6436,0.4836573302745819
image_6437,0.6866580843925476
image_6438,0.4348836839199066
image_6439,0.3020525574684143
image_644,0.03191099688410759
image_6440,0.1272723525762558
image_6441,0.08605232834815979
image_6442,0.07041612267494202
image_6443,0.21615667641162872
image_6444,0.2774065434932709
image_6445,0.4606880247592926
image_6446,0.10822492837905884
image_6447,0.5006968379020691
image_6448,0.2056356966495514
image_6449,0.14064884185791016
image_645,0.02886694110929966
image_6450,0.18837018311023712
image_6451,0.33787280321121216
image_6452,0.3577651381492615
image_6453,0.03281571343541145
image_6454,0.1714106947183609
image_6455,0.14522695541381836
image_6456,0.10165879875421524
image_6457,0.16017086803913116
image_6458,0.15618722140789032
image_6459,0.8431562781333923
image_646,0.08648063987493515
image_6460,0.328750342130661
image_6461,0.12620839476585388
image_6462,0.20912717282772064
image_6463,0.1507696956396103
image_6464,0.192881777882576
image_6465,0.03645801544189453
image_6466,0.4712376296520233
image_6467,0.07114198058843613
image_6468,0.2025890350341797
image_6469,0.19626252353191376
image_647,0.2230963259935379
image_6470,0.07762237638235092
image_6471,0.06600704044103622
image_6472,0.5490846633911133
image_6473,0.11415636539459229
image_6474,0.0953984409570694
image_6475,0.056074608117341995
image_6476,0.1029619351029396
image_6477,0.15305514633655548
image_6478,0.09235259890556335
image_6479,0.2168542891740799
image_648,0.11788008362054825
image_6480,0.1221671849489212
image_6481,0.17238910496234894
image_6482,0.3987976610660553
image_6483,0.12002398818731308
image_6484,0.2041456699371338
image_6485,0.3353891968727112
image_6486,0.19769108295440674
image_6487,0.194284126162529
image_6488,0.13729791343212128
image_6489,0.027742454782128334
image_649,0.24104146659374237
image_6490,0.08830515295267105
image_6491,0.14940860867500305
image_6492,0.09653587639331818
image_6493,0.09035209566354752
image_6494,0.19679337739944458
image_6495,0.2634916603565216
image_6496,0.357316792011261
image_6497,0.05940413475036621
image_6498,0.06269128620624542
image_6499,0.1768627166748047
image_65,0.10067478567361832
image_650,0.2533895671367645
image_6500,0.18455827236175537
image_6501,0.1962776631116867
image_6502,0.32613953948020935
image_6503,0.12046337127685547
image_6504,0.22323651611804962
image_6505,0.4015633761882782
image_6506,0.091621033847332
image_6507,0.18297357857227325
image_6508,0.6631169319152832
image_6509,0.16483502089977264
image_651,0.1200859323143959
image_6510,0.2043834924697876
image_6511,0.5833079218864441
image_6512,0.2192658632993698
image_6513,0.14022855460643768
image_6514,0.16371119022369385
image_6515,0.21731196343898773
image_6516,0.4745859205722809
image_6517,0.17194844782352448
image_6518,0.5150505304336548
image_6519,0.28086456656455994
image_652,0.08924292773008347
image_6520,0.229688361287117
image_6521,0.23506870865821838
image_6522,0.19014814496040344
image_6523,0.47722911834716797
image_6524,0.10002106428146362
image_6525,0.11888428032398224
image_6526,0.20193448662757874
image_6527,0.11707114428281784
image_6528,0.1243203654885292
image_6529,0.1350971758365631
image_653,0.035777103155851364
image_6530,0.5037506222724915
image_6531,0.04194345697760582
image_6532,0.06835200637578964
image_6533,0.04672166332602501
image_6534,0.1810702383518219
image_6535,0.1778879463672638
image_6536,0.18996867537498474
image_6537,0.33496546745300293
image_6538,0.3586025536060333
image_6539,0.13473117351531982
image_654,0.14910860359668732
image_6540,0.15378861129283905
image_6541,0.2289431393146515
image_6542,0.2667919099330902
image_6543,0.1830977201461792
image_6544,0.3356854021549225
image_6545,0.09849943220615387
image_6546,0.23287677764892578
image_6547,0.2616543173789978
image_6548,0.15305458009243011
image_6549,0.07470031827688217
image_655,0.2343614548444748
image_6550,0.1410125344991684
image_6551,0.1705041378736496
image_6552,0.07857682555913925
image_6553,0.06474286317825317
image_6554,0.46003085374832153
image_6555,0.5960885286331177
image_6556,0.3010430335998535
image_6557,0.06275126338005066
image_6558,0.07691887766122818
image_6559,0.1707826852798462
image_656,0.477811723947525
image_6560,0.146336629986763
image_6561,0.6981026530265808
image_6562,0.13550728559494019
image_6563,0.2168504297733307
image_6564,0.08625965565443039
image_6565,0.34412941336631775
image_6566,0.32121941447257996
image_6567,0.07379718124866486
image_6568,0.4806283414363861
image_6569,0.01693386398255825
image_657,0.14419658482074738
image_6570,0.3559028208255768
image_6571,0.2935431897640228
image_6572,0.2900465726852417
image_6573,0.2204984724521637
image_6574,0.1883985996246338
image_6575,0.07587677240371704
image_6576,0.558350145816803
image_6577,0.4316791594028473
image_6578,0.310019314289093
image_6579,0.09447747468948364
image_658,0.18393364548683167
image_6580,0.08397037535905838
image_6581,0.5047811269760132
image_6582,0.45760878920555115
image_6583,0.13006192445755005
image_6584,0.2508307993412018
image_6585,0.16850809752941132
image_6586,0.2733408212661743
image_6587,0.18514306843280792
image_6588,0.14184655249118805
image_6589,0.09099135547876358
image_659,0.6175265312194824
image_6590,0.049879174679517746
image_6591,0.2885487377643585
image_6592,0.210343599319458
image_6593,0.04623274877667427
image_6594,0.26440104842185974
image_6595,0.04929184168577194
image_6596,0.06837934255599976
image_6597,0.3597225546836853
image_6598,0.1513860672712326
image_6599,0.3537689745426178
image_66,0.18259723484516144
image_660,0.20238490402698517
image_6600,0.09042257815599442
image_6601,0.2439686805009842
image_6602,0.06442083418369293
image_6603,0.1310097724199295
image_6604,0.2306777536869049
image_6605,0.1376517415046692
image_6606,0.2159527987241745
image_6607,0.29806551337242126
image_6608,0.13117344677448273
image_6609,0.05553491786122322
image_661,0.07344941794872284
image_6610,0.1980367749929428
image_6611,0.0811372622847557
image_6612,0.10614073276519775
image_6613,0.22887030243873596
image_6614,0.11369664967060089
image_6615,0.15023250877857208
image_6616,0.05549859628081322
image_6617,0.46430063247680664
image_6618,0.32183870673179626
image_6619,0.10031818598508835
image_662,0.1690443605184555
image_6620,0.13148577511310577
image_6621,0.12442729622125626
image_6622,0.36027243733406067
image_6623,0.4652026295661926
image_6624,0.07695281505584717
image_6625,0.3148523271083832
image_6626,0.010861857794225216
image_6627,0.18565738201141357
image_6628,0.0789278894662857
image_6629,0.03437060862779617
image_663,0.7502131462097168
image_6630,0.1825626790523529
image_6631,0.5715624094009399
image_6632,0.4925348460674286
image_6633,0.2622365653514862
image_6634,0.09395691007375717
image_6635,0.12365388870239258
image_6636,0.13843008875846863
image_6637,0.2540256977081299
image_6638,0.35999390482902527
image_6639,0.20108170807361603
image_664,0.21579666435718536
image_6640,0.22911225259304047
image_6641,0.40507760643959045
image_6642,0.07451096922159195
image_6643,0.24786138534545898
image_6644,0.16211824119091034
image_6645,0.18508756160736084
image_6646,0.0706413984298706
image_6647,0.2415885478258133
image_6648,0.0796603336930275
image_6649,0.7396447062492371
image_665,0.12330295145511627
image_6650,0.1939670890569687
image_6651,0.19676268100738525
image_6652,0.26317936182022095
image_6653,0.09251119941473007
image_6654,0.2635363042354584
image_6655,0.1564473658800125
image_6656,0.7097180485725403
image_6657,0.1041024699807167
image_6658,0.1453820914030075
image_6659,0.07273431867361069
image_666,0.18503746390342712
image_6660,0.13542252779006958
image_6661,0.1996629238128662
image_6662,0.17727193236351013
image_6663,0.14850614964962006
image_6664,0.1515192985534668
image_6665,0.0008401097729802132
image_6666,0.22899191081523895
image_6667,0.19583189487457275
image_6668,0.2618541717529297
image_6669,0.09311792254447937
image_667,0.0375896692276001
image_6670,0.1725442111492157
image_6671,0.5178574919700623
image_6672,0.13451837003231049
image_6673,0.2024194300174713
image_6674,0.038217104971408844
image_6675,0.08326015621423721
image_6676,0.1423962116241455
image_6677,0.2273549884557724
image_6678,0.18725143373012543
image_6679,0.06885665655136108
image_668,0.3931414783000946
image_6680,0.07263161987066269
image_6681,0.06717367470264435
image_6682,0.601197361946106
image_6683,0.28380632400512695
image_6684,0.3238773047924042
image_6685,0.17628072202205658
image_6686,0.21365804970264435
image_6687,0.16336742043495178
image_6688,0.6920130848884583
image_6689,0.6235570907592773
image_669,0.16919533908367157
image_6690,0.1827857941389084
image_6691,0.1898190975189209
image_6692,0.47740116715431213
image_6693,0.09598047286272049
image_6694,0.3166945278644562
image_6695,0.06665303558111191
image_6696,0.1777171641588211
image_6697,0.19133920967578888
image_6698,0.46356716752052307
image_6699,0.06456770747900009
image_67,0.09730775654315948
image_670,0.4076874852180481
image_6700,0.2655106782913208
image_6701,0.29543235898017883
image_6702,0.08549387753009796
image_6703,0.09213511645793915
image_6704,0.15758340060710907
image_6705,0.09849685430526733
image_6706,0.08232299238443375
image_6707,0.846990704536438
image_6708,0.10557477921247482
image_6709,0.19985049962997437
image_671,0.11001856625080109
image_6710,0.48926597833633423
image_6711,0.16307149827480316
image_6712,0.2927152216434479
image_6713,0.19719994068145752
image_6714,0.24628368020057678
image_6715,0.12684065103530884
image_6716,0.14218853414058685
image_6717,0.22391362488269806
image_6718,0.062035202980041504
image_6719,0.6961192488670349
image_672,0.05045974254608154
image_6720,0.2592659592628479
image_6721,0.041992973536252975
image_6722,0.24796132743358612
image_6723,0.16372089087963104
image_6724,0.13328830897808075
image_6725,0.20468167960643768
image_6726,0.7305909991264343
image_6727,0.20489178597927094
image_6728,0.06744152307510376
image_6729,0.24280507862567902
image_673,0.17568926513195038
image_6730,0.13385939598083496
image_6731,0.15453025698661804
image_6732,0.32473236322402954
image_6733,0.14333301782608032
image_6734,0.04865337163209915
image_6735,0.19243578612804413
image_6736,0.4375351071357727
image_6737,0.567206084728241
image_6738,0.1440516859292984
image_6739,0.14515340328216553
image_674,0.21153371036052704
image_6740,0.5797643661499023
image_6741,0.4391652047634125
image_6742,0.5387731790542603
image_6743,0.24457602202892303
image_6744,0.20992818474769592
image_6745,0.1814691126346588
image_6746,0.42671194672584534
image_6747,0.15354955196380615
image_6748,0.22725577652454376
image_6749,0.10138487815856934
image_675,0.12334811687469482
image_6750,0.26500895619392395
image_6751,0.5882766842842102
image_6752,0.27945753931999207
image_6753,0.5962631106376648
image_6754,0.23209114372730255
image_6755,0.6495009064674377
image_6756,0.18086645007133484
image_6757,0.7277526259422302
image_6758,0.017136547714471817
image_6759,0.5222613215446472
image_676,0.365851491689682
image_6760,0.36436471343040466
image_6761,0.7084793448448181
image_6762,0.6009863018989563
image_6763,0.25804615020751953
image_6764,0.10266339778900146
image_6765,0.22387610375881195
image_6766,0.41396600008010864
image_6767,0.11681878566741943
image_6768,0.0780731737613678
image_6769,0.16485154628753662
image_677,0.5207318663597107
image_6770,0.7773947715759277
image_6771,0.1591302752494812
image_6772,0.1968521624803543
image_6773,0.1378100961446762
image_6774,0.259945273399353
image_6775,0.11500539630651474
image_6776,0.09550445526838303
image_6777,0.30987748503685
image_6778,0.040286362171173096
image_6779,0.22522377967834473
image_678,0.04734006151556969
image_6780,0.22271445393562317
image_6781,0.0932706817984581
image_6782,0.18195946514606476
image_6783,0.5690776109695435
image_6784,0.143852099776268
image_6785,0.1744573712348938
image_6786,0.14582809805870056
image_6787,0.24082167446613312
image_6788,0.1292175054550171
image_6789,0.4689870774745941
image_679,0.29599472880363464
image_6790,0.178915336728096
image_6791,0.3900073170661926
image_6792,0.31333374977111816
image_6793,0.056350816041231155
image_6794,0.15484681725502014
image_6795,0.06971199810504913
image_6796,0.38848501443862915
image_6797,0.26458048820495605
image_6798,0.245372012257576
image_6799,0.18073876202106476
image_68,0.26572632789611816
image_680,0.1217716857790947
image_6800,0.101706862449646
image_6801,0.20970211923122406
image_6802,0.09722989797592163
image_6803,0.06376010179519653
image_6804,0.19662658870220184
image_6805,0.24810698628425598
image_6806,0.16261819005012512
image_6807,0.38617998361587524
image_6808,0.15423595905303955
image_6809,0.1646147221326828
image_681,0.21778884530067444
image_6810,0.01676533743739128
image_6811,0.7078766226768494
image_6812,0.12504225969314575
image_6813,0.21639275550842285
image_6814,0.3384994566440582
image_6815,0.22852197289466858
image_6816,0.3258156180381775
image_6817,0.17197434604167938
image_6818,0.0375116802752018
image_6819,0.06822258234024048
image_682,0.15726317465305328
image_6820,0.05324075371026993
image_6821,0.10452063381671906
image_6822,0.1530342400074005
image_6823,0.16294103860855103
image_6824,0.24179692566394806
image_6825,0.5604856610298157
image_6826,0.18103039264678955
image_6827,0.3124013841152191
image_6828,0.15376350283622742
image_6829,0.0686187893152237
image_683,0.22990553081035614
image_6830,0.22315096855163574
image_6831,0.363353431224823
image_6832,0.0993882417678833
image_6833,0.01810137741267681
image_6834,0.10983505100011826
image_6835,0.034104496240615845
image_6836,0.16622917354106903
image_6837,0.4210306704044342
image_6838,0.6836637854576111
image_6839,0.6795830130577087
image_684,0.22489671409130096
image_6840,0.2642945349216461
image_6841,0.042925138026475906
image_6842,0.12279019504785538
image_6843,0.3155338764190674
image_6844,0.0762183889746666
image_6845,0.5835035443305969
image_6846,0.15521566569805145
image_6847,0.2766307294368744
image_6848,0.1761966347694397
image_6849,0.14809156954288483
image_685,0.17744341492652893
image_6850,0.09047981351613998
image_6851,0.4848209321498871
image_6852,0.14813946187496185
image_6853,0.2389277070760727
image_6854,0.1634683459997177
image_6855,0.34638458490371704
image_6856,0.2593887150287628
image_6857,0.09748870134353638
image_6858,0.27229443192481995
image_6859,0.4147584140300751
image_686,0.4252004623413086
image_6860,0.21517658233642578
image_6861,0.19072780013084412
image_6862,0.34463533759117126
image_6863,0.15888814628124237
image_6864,0.04245249554514885
image_6865,0.164641335606575
image_6866,0.07409383356571198
image_6867,0.03559010848402977
image_6868,0.7981880903244019
image_6869,0.263958603143692
image_687,0.2028033584356308
image_6870,0.09283481538295746
image_6871,0.11217702925205231
image_6872,0.11535676568746567
image_6873,0.09609091281890869
image_6874,0.11953282356262207
image_6875,0.45760127902030945
image_6876,0.18680480122566223
image_6877,0.1814006119966507
image_6878,0.08139512687921524
image_6879,0.2513819634914398
image_688,0.17723022401332855
image_6880,0.20014367997646332
image_6881,0.31603118777275085
image_6882,0.3507513701915741
image_6883,0.18957200646400452
image_6884,0.30701518058776855
image_6885,0.19171857833862305
image_6886,0.6106176972389221
image_6887,0.28189197182655334
image_6888,0.4221534729003906
image_6889,0.12251075357198715
image_689,0.3217476010322571
image_6890,0.2045917958021164
image_6891,0.4300138056278229
image_6892,0.18287549912929535
image_6893,0.3487074077129364
image_6894,0.25043803453445435
image_6895,0.20192614197731018
image_6896,0.25992724299430847
image_6897,0.5474221110343933
image_6898,0.31281778216362
image_6899,0.19400452077388763
image_69,0.19686004519462585
image_690,0.09387526661157608
image_6900,0.844925582408905
image_6901,0.1971408873796463
image_6902,0.19572831690311432
image_6903,0.24299123883247375
image_6904,0.40201836824417114
image_6905,0.43794748187065125
image_6906,0.29641014337539673
image_6907,0.12406110763549805
image_6908,0.32899877429008484
image_6909,0.5933915972709656
image_691,0.05829104781150818
image_6910,0.051873862743377686
image_6911,0.21103821694850922
image_6912,0.3358234465122223
image_6913,0.22640009224414825
image_6914,0.09218857437372208
image_6915,0.11547718197107315
image_6916,0.14214301109313965
image_6917,0.22572937607765198
image_6918,0.07538656890392303
image_6919,0.2531873285770416
image_692,0.04604027792811394
image_6920,0.1534929722547531
image_6921,0.07661238312721252
image_6922,0.3725164234638214
image_6923,0.25262853503227234
image_6924,0.15634532272815704
image_6925,0.06706040352582932
image_6926,0.18936555087566376
image_6927,0.26529422402381897
image_6928,0.2904340922832489
image_6929,0.2899089753627777
image_693,0.07113953679800034
image_6930,0.055716611444950104
image_6931,0.6151149868965149
image_6932,0.17934617400169373
image_6933,0.048750266432762146
image_6934,0.21782560646533966
image_6935,0.1847272366285324
image_6936,0.26799437403678894
image_6937,0.18987302482128143
image_6938,0.44677162170410156
image_6939,0.13563840091228485
image_694,0.2837531268596649
image_6940,0.15248586237430573
image_6941,0.3830101490020752
image_6942,0.29861798882484436
image_6943,0.2538161873817444
image_6944,0.41975870728492737
image_6945,0.26118630170822144
image_6946,0.1274465173482895
image_6947,0.24066539108753204
image_6948,0.2739899754524231
image_6949,0.2132285088300705
image_695,0.1034819632768631
image_6950,0.3562787175178528
image_6951,0.24012236297130585
image_6952,0.1094704195857048
image_6953,0.39372333884239197
image_6954,0.12474489212036133
image_6955,0.08929195255041122
image_6956,0.2724686861038208
image_6957,0.5478577613830566
image_6958,0.25020694732666016
image_6959,0.050973206758499146
image_696,0.10291203111410141
image_6960,0.4360675513744354
image_6961,0.23535118997097015
image_6962,0.21181897819042206
image_6963,0.40439319610595703
image_6964,0.3068276047706604
image_6965,0.683642566204071
image_6966,0.13995479047298431
image_6967,0.0696454867720604
image_6968,0.046744558960199356
image_6969,0.56765216588974
image_697,0.14804506301879883
image_6970,0.18254439532756805
image_6971,0.21777959167957306
image_6972,0.11025109142065048
image_6973,0.08616223186254501
image_6974,0.03261227533221245
image_6975,0.0633145421743393
image_6976,0.11025450378656387
image_6977,0.14753705263137817
image_6978,0.21216578781604767
image_6979,0.11134409159421921
image_698,0.20033393800258636
image_6980,0.4503105580806732
image_6981,0.12158677726984024
image_6982,0.24852867424488068
image_6983,0.12252255529165268
image_6984,0.09591400623321533
image_6985,0.27213799953460693
image_6986,0.020153269171714783
image_6987,0.49240633845329285
image_6988,0.09262416511774063
image_6989,0.2131229192018509
image_699,0.43787962198257446
image_6990,0.05638037994503975
image_6991,0.06511404365301132
image_6992,0.31980448961257935
image_6993,0.6696739196777344
image_6994,0.4489365220069885
image_6995,0.4408015310764313
image_6996,0.4364381730556488
image_6997,0.11788034439086914
image_6998,0.06471484899520874
image_6999,0.06638883799314499
image_7,0.21984580159187317
image_70,0.39526668190956116
image_700,0.47434374690055847
image_7000,0.7307449579238892
image_7001,0.08798020333051682
image_7002,0.06397489458322525
image_7003,0.18113519251346588
image_7004,0.2285926192998886
image_7005,0.2060054987668991
image_7006,0.21757559478282928
image_7007,0.16520825028419495
image_7008,0.43141016364097595
image_7009,0.1625126302242279
image_701,0.18696342408657074
image_7010,0.05844324827194214
image_7011,0.05585663393139839
image_7012,0.7169390916824341
image_7013,0.20105727016925812
image_7014,0.10575979202985764
image_7015,0.12806133925914764
image_7016,0.10027821362018585
image_7017,0.09881695359945297
image_7018,0.1303887665271759
image_7019,0.23653940856456757
image_702,0.4158763587474823
image_7020,0.1601889580488205
image_7021,0.05998755618929863
image_7022,0.5839560627937317
image_7023,0.19889836013317108
image_7024,0.031725890934467316
image_7025,0.5480541586875916
image_7026,0.0815160870552063
image_7027,0.13424701988697052
image_7028,0.8106935620307922
image_7029,0.11523129791021347
image_703,0.11159367859363556
image_7030,0.5257086753845215
image_7031,0.2989296019077301
image_7032,0.09428226202726364
image_7033,0.22904495894908905
image_7034,0.25727131962776184
image_7035,0.3360949754714966
image_7036,0.6711997985839844
image_7037,0.2479129284620285
image_7038,0.24853043258190155
image_7039,0.8114480972290039
image_704,0.2589857280254364
image_7040,0.6742907166481018
image_7041,0.7126102447509766
image_7042,0.12743932008743286
image_7043,0.16029298305511475
image_7044,0.5195158123970032
image_7045,0.3580586612224579
image_7046,0.09268005937337875
image_7047,0.32478877902030945
image_7048,0.2644572854042053
image_7049,0.3358880579471588
image_705,0.18641923367977142
image_7050,0.1830853968858719
image_7051,0.3417814075946808
image_7052,0.15190653502941132
image_7053,0.2002013772726059
image_7054,0.0910479798913002
image_7055,0.09432251006364822
image_7056,0.08401795476675034
image_7057,0.4735284447669983
image_7058,0.2693403661251068
image_7059,0.14223706722259521
image_706,0.19445209205150604
image_7060,0.1311200112104416
image_7061,0.16112776100635529
image_7062,0.05691850930452347
image_7063,0.25558558106422424
image_7064,0.14917755126953125
image_7065,0.28862258791923523
image_7066,0.22134113311767578
image_7067,0.26954078674316406
image_7068,0.28289005160331726
image_7069,0.2568250298500061
image_707,0.5689688920974731
image_7070,0.23549829423427582
image_7071,0.42318233847618103
image_7072,0.39958062767982483
image_7073,0.12036466598510742
image_7074,0.10246958583593369
image_7075,0.7056957483291626
image_7076,0.35263752937316895
image_7077,0.23316915333271027
image_7078,0.1327270269393921
image_7079,0.05454416200518608
image_708,0.6644038558006287
image_7080,0.13749639689922333
image_7081,0.38068076968193054
image_7082,0.5546129941940308
image_7083,0.44884347915649414
image_7084,0.09657564014196396
image_7085,0.1891511082649231
image_7086,0.29497861862182617
image_7087,0.06156231090426445
image_7088,0.2615666389465332
image_7089,0.1784486025571823
image_709,0.13177275657653809
image_7090,0.20041358470916748
image_7091,0.06801000982522964
image_7092,0.14097745716571808
image_7093,0.26653942465782166
image_7094,0.46250200271606445
image_7095,0.5741320848464966
image_7096,0.5660017132759094
image_7097,0.24213652312755585
image_7098,0.2474357932806015
image_7099,0.255206435918808
image_71,0.283191055059433
image_710,0.3094262182712555
image_7100,0.736730694770813
image_7101,0.08370236307382584
image_7102,0.07502354681491852
image_7103,0.25026607513427734
image_7104,0.27484169602394104
image_7105,0.17378102242946625
image_7106,0.1737024337053299
image_7107,0.14718924462795258
image_7108,0.1353236734867096
image_7109,0.05499417707324028
image_711,0.17533235251903534
image_7110,0.2401471585035324
image_7111,0.20883135497570038
image_7112,0.0635819137096405
image_7113,0.15363354980945587
image_7114,0.22934892773628235
image_7115,0.5395679473876953
image_7116,0.6099223494529724
image_7117,0.39331257343292236
image_7118,0.47193819284439087
image_7119,0.2973179221153259
image_712,0.2554715871810913
image_7120,0.0693744421005249
image_7121,0.20197728276252747
image_7122,0.2538916766643524
image_7123,0.25063106417655945
image_7124,0.056707512587308884
image_7125,0.37826934456825256
image_7126,0.2080642729997635
image_7127,0.21964621543884277
image_7128,0.14691764116287231
image_7129,0.14688324928283691
image_713,0.23524914681911469
image_7130,0.20758692920207977
image_7131,0.2193109095096588
image_7132,0.1378135234117508
image_7133,0.7708293199539185
image_7134,0.09477555006742477
image_7135,0.021782035008072853
image_7136,0.1988179236650467
image_7137,0.2555442750453949
image_7138,0.2715676426887512
image_7139,0.37197643518447876
image_714,0.14219720661640167
image_7140,0.053915835916996
image_7141,0.38925549387931824
image_7142,0.17614072561264038
image_7143,0.4511372745037079
image_7144,0.06737543642520905
image_7145,0.4261813759803772
image_7146,0.1959267109632492
image_7147,0.18407081067562103
image_7148,0.2553592622280121
image_7149,0.18471813201904297
image_715,0.32195115089416504
image_7150,0.514864981174469
image_7151,0.0700257197022438
image_7152,0.3710619807243347
image_7153,0.23195628821849823
image_7154,0.6082658171653748
image_7155,0.2065545618534088
image_7156,0.1971001923084259
image_7157,0.13666339218616486
image_7158,0.12730661034584045
image_7159,0.2502746284008026
image_716,0.12911134958267212
image_7160,0.544836163520813
image_7161,0.31589147448539734
image_7162,0.07358869165182114
image_7163,0.044329531490802765
image_7164,0.7183902859687805
image_7165,0.2301177978515625
image_7166,0.5490995645523071
image_7167,0.17929066717624664
image_7168,0.237258180975914
image_7169,0.1053159236907959
image_717,0.35735031962394714
image_7170,0.16343259811401367
image_7171,0.047203179448843
image_7172,0.25119879841804504
image_7173,0.43353256583213806
image_7174,0.4091353416442871
image_7175,0.20289447903633118
image_7176,0.31184980273246765
image_7177,0.5254133939743042
image_7178,0.16151103377342224
image_7179,0.12716804444789886
image_718,0.13904179632663727
image_7180,0.12074049562215805
image_7181,0.13071446120738983
image_7182,0.07293887436389923
image_7183,0.3744743764400482
image_7184,0.1533263474702835
image_7185,0.13900040090084076
image_7186,0.3802129924297333
image_7187,0.38379237055778503
image_7188,0.14443008601665497
image_7189,0.22542114555835724
image_719,0.1364152729511261
image_7190,0.14536486566066742
image_7191,0.16071520745754242
image_7192,0.12034314125776291
image_7193,0.49459370970726013
image_7194,0.25885745882987976
image_7195,0.15611964464187622
image_7196,0.2747349441051483
image_7197,0.10866216570138931
image_7198,0.23579616844654083
image_7199,0.06972141563892365
image_72,0.8557769060134888
image_720,0.38919582962989807
image_7200,0.44941940903663635
image_7201,0.05971769616007805
image_7202,0.27224966883659363
image_7203,0.2683531939983368
image_7204,0.4522603154182434
image_7205,0.23279066383838654
image_7206,0.27017974853515625
image_7207,0.09136153757572174
image_7208,0.2868095338344574
image_7209,0.20161056518554688
image_721,0.225942924618721
image_7210,0.7535727620124817
image_7211,0.24712257087230682
image_7212,0.2045694887638092
image_7213,0.8340908288955688
image_7214,0.18950937688350677
image_7215,0.1222117468714714
image_7216,0.30944475531578064
image_7217,0.16741670668125153
image_7218,0.15215478837490082
image_7219,0.3901642858982086
image_722,0.277281254529953
image_7220,0.13694997131824493
image_7221,0.7219175696372986
image_7222,0.156856968998909
image_7223,0.1702713966369629
image_7224,0.3701241612434387
image_7225,0.2531687915325165
image_7226,0.05126480013132095
image_7227,0.23451796174049377
image_7228,0.059450913220644
image_7229,0.16542580723762512
image_723,0.4122071862220764
image_7230,0.1952282190322876
image_7231,0.004163791891187429
image_7232,0.09962840378284454
image_7233,0.29593396186828613
image_7234,0.21666374802589417
image_7235,0.349851131439209
image_7236,0.21753299236297607
image_7237,0.5634766817092896
image_7238,0.511109471321106
image_7239,0.16860337555408478
image_724,0.26124244928359985
image_7240,0.15482757985591888
image_7241,0.3521437644958496
image_7242,0.09258054196834564
image_7243,0.6189427375793457
image_7244,0.12477535009384155
image_7245,0.10768081992864609
image_7246,0.2748437821865082
image_7247,0.2690071761608124
image_7248,0.12864556908607483
image_7249,0.28239068388938904
image_725,0.3357812464237213
image_7250,0.2106255143880844
image_7251,0.12419574707746506
image_7252,0.1855032742023468
image_7253,0.35882440209388733
image_7254,0.5131123661994934
image_7255,0.1881568282842636
image_7256,0.15815478563308716
image_7257,0.15784218907356262
image_7258,0.5224747061729431
image_7259,0.23216824233531952
image_726,0.2776535153388977
image_7260,0.700917661190033
image_7261,0.4729604423046112
image_7262,0.18375569581985474
image_7263,0.1423671692609787
image_7264,0.5413885116577148
image_7265,0.7231360673904419
image_7266,0.2308635264635086
image_7267,0.09194271266460419
image_7268,0.37384098768234253
image_7269,0.050135739147663116
image_727,0.35553503036499023
image_7270,0.33669421076774597
image_7271,0.061548858880996704
image_7272,0.13212881982326508
image_7273,0.10985612124204636
image_7274,0.04073086008429527
image_7275,0.3099433481693268
image_7276,0.2417604774236679
image_7277,0.5063113570213318
image_7278,0.8058859705924988
image_7279,0.29354777932167053
image_728,0.1502767652273178
image_7280,0.2141324132680893
image_7281,0.4821782112121582
image_7282,0.31069833040237427
image_7283,0.25275489687919617
image_7284,0.105036161839962
image_7285,0.600555419921875
image_7286,0.14170634746551514
image_7287,0.321123331785202
image_7288,0.3047640323638916
image_7289,0.5911953449249268
image_729,0.25083574652671814
image_7290,0.3017829954624176
image_7291,0.1955619901418686
image_7292,0.16235734522342682
image_7293,0.034171249717473984
image_7294,0.6486818194389343
image_7295,0.24612681567668915
image_7296,0.1100706085562706
image_7297,0.6941403746604919
image_7298,0.3888489603996277
image_7299,0.09881125390529633
image_73,0.06978821009397507
image_730,0.5216490626335144
image_7300,0.3427945673465729
image_7301,0.38481658697128296
image_7302,0.5228961110115051
image_7303,0.35003364086151123
image_7304,0.10874219983816147
image_7305,0.42583274841308594
image_7306,0.4393422305583954
image_7307,0.3434322774410248
image_7308,0.10308821499347687
image_7309,0.21241699159145355
image_731,0.14449286460876465
image_7310,0.24170593917369843
image_7311,0.25919991731643677
image_7312,0.17067274451255798
image_7313,0.11973720043897629
image_7314,0.09864727407693863
image_7315,0.1427040547132492
image_7316,0.15924297273159027
image_7317,0.08368130028247833
image_7318,0.5808383822441101
image_7319,0.5458075404167175
image_732,0.18956434726715088
image_7320,0.30532217025756836
image_7321,0.19645115733146667
image_7322,0.06763405352830887
image_7323,0.5806388258934021
image_7324,0.07811444997787476
image_7325,0.14943121373653412
image_7326,0.1775788962841034
image_7327,0.2694914638996124
image_7328,0.3985234797000885
image_7329,0.5880369544029236
image_733,0.14219020307064056
image_7330,0.5624186396598816
image_7331,0.09180621057748795
image_7332,0.24048756062984467
image_7333,0.22473397850990295
image_7334,0.16299834847450256
image_7335,0.25149908661842346
image_7336,0.2000320702791214
image_7337,0.20277801156044006
image_7338,0.16087400913238525
image_7339,0.474404901266098
image_734,0.6459600329399109
image_7340,0.19755007326602936
image_7341,0.17633426189422607
image_7342,0.15916793048381805
image_7343,0.14996455609798431
image_7344,0.1256628781557083
image_7345,0.05704734846949577
image_7346,0.13329993188381195
image_7347,0.0923527330160141
image_7348,0.08464441448450089
image_7349,0.11684550344944
image_735,0.7299923300743103
image_7350,0.28885123133659363
image_7351,0.7567490935325623
image_7352,0.10250534862279892
image_7353,0.1153147742152214
image_7354,0.0650453194975853
image_7355,0.2774675786495209
image_7356,0.03291616588830948
image_7357,0.15966856479644775
image_7358,0.20573854446411133
image_7359,0.09412957727909088
image_736,0.08201231807470322
image_7360,0.1548999398946762
image_7361,0.2425575703382492
image_7362,0.16511496901512146
image_7363,0.6005900502204895
image_7364,0.5601145029067993
image_7365,0.14920158684253693
image_7366,0.1296267807483673
image_7367,0.11219251155853271
image_7368,0.1818411648273468
image_7369,0.2636816203594208
image_737,0.10074702650308609
image_7370,0.07737518846988678
image_7371,0.11467497795820236
image_7372,0.24478335678577423
image_7373,0.2850243151187897
image_7374,0.41738206148147583
image_7375,0.4994339942932129
image_7376,0.22688432037830353
image_7377,0.5939940214157104
image_7378,0.6314108371734619
image_7379,0.47919225692749023
image_738,0.6947893500328064
image_7380,0.2968704104423523
image_7381,0.03237956762313843
image_7382,0.6190040707588196
image_7383,0.09584905952215195
image_7384,0.01937495917081833
image_7385,0.07582836598157883
image_7386,0.15506897866725922
image_7387,0.2845950126647949
image_7388,0.025602171197533607
image_7389,0.26106491684913635
image_739,0.2089473307132721
image_7390,0.25479885935783386
image_7391,0.1305660903453827
image_7392,0.1658327579498291
image_7393,0.16855867207050323
image_7394,0.1423860639333725
image_7395,0.06985091418027878
image_7396,0.12730255722999573
image_7397,0.23737768828868866
image_7398,0.13254545629024506
image_7399,0.20669439435005188
image_74,0.24125707149505615
image_740,0.0810941681265831
image_7400,0.4127970337867737
image_7401,0.2390867918729782
image_7402,0.1402159482240677
image_7403,0.022278575226664543
image_7404,0.13009832799434662
image_7405,0.079869344830513
image_7406,0.1977575421333313
image_7407,0.19339466094970703
image_7408,0.19960348308086395
image_7409,0.05678529664874077
image_741,0.20872902870178223
image_7410,0.08582090586423874
image_7411,0.2608451843261719
image_7412,0.07918011397123337
image_7413,0.21304269134998322
image_7414,0.22944502532482147
image_7415,0.5186779499053955
image_7416,0.13467355072498322
image_7417,0.17169176042079926
image_7418,0.2191275656223297
image_7419,0.3023269772529602
image_742,0.2544226348400116
image_7420,0.050703734159469604
image_7421,0.45241862535476685
image_7422,0.16066376864910126
image_7423,0.2232748568058014
image_7424,0.1594654768705368
image_7425,0.3695316016674042
image_7426,0.22467708587646484
image_7427,0.05606723949313164
image_7428,0.24489116668701172
image_7429,0.15308690071105957
image_743,0.5809188485145569
image_7430,0.1212332472205162
image_7431,0.2008110135793686
image_7432,0.361494779586792
image_7433,0.4006657302379608
image_7434,0.23955456912517548
image_7435,0.5650905966758728
image_7436,0.07574688643217087
image_7437,0.1569720357656479
image_7438,0.001210363581776619
image_7439,0.13718146085739136
image_744,0.07187899202108383
image_7440,0.09539597481489182
image_7441,0.344592422246933
image_7442,0.14113785326480865
image_7443,0.3471750319004059
image_7444,0.5743104219436646
image_7445,0.31479349732398987
image_7446,0.2954246699810028
image_7447,0.22733639180660248
image_7448,0.19283954799175262
image_7449,0.11927445977926254
image_745,0.06951365619897842
image_7450,0.24400107562541962
image_7451,0.07796762138605118
image_7452,0.26593485474586487
image_7453,0.1930423527956009
image_7454,0.21532471477985382
image_7455,0.19044603407382965
image_7456,0.3970734179019928
image_7457,0.11237182468175888
image_7458,0.04880543798208237
image_7459,0.20747065544128418
image_746,0.33564868569374084
image_7460,0.20240814983844757
image_7461,0.11437401920557022
image_7462,0.5690256357192993
image_7463,0.4403536021709442
image_7464,0.07134085148572922
image_7465,0.10525403171777725
image_7466,0.3777076303958893
image_7467,0.10749568790197372
image_7468,0.35785219073295593
image_7469,0.22260414063930511
image_747,0.1381445825099945
image_7470,0.44503697752952576
image_7471,0.17721398174762726
image_7472,0.6191539764404297
image_7473,0.09005222469568253
image_7474,0.7753739356994629
image_7475,0.1033182367682457
image_7476,0.18804903328418732
image_7477,0.07191606611013412
image_7478,0.15847507119178772
image_7479,0.18768475949764252
image_748,0.21634557843208313
image_7480,0.28360602259635925
image_7481,0.13448487222194672
image_7482,0.0542912594974041
image_7483,0.1647719144821167
image_7484,0.26933273673057556
image_7485,0.5168415307998657
image_7486,0.14716742932796478
image_7487,0.2534283399581909
image_7488,0.13386981189250946
image_7489,0.1829013228416443
image_749,0.6314274668693542
image_7490,0.15237173438072205
image_7491,0.3690551519393921
image_7492,0.05885474756360054
image_7493,0.379861444234848
image_7494,0.11222460120916367
image_7495,0.33038756251335144
image_7496,0.2728223502635956
image_7497,0.059813953936100006
image_7498,0.24700108170509338
image_7499,0.20188327133655548
image_75,0.03447868302464485
image_750,0.06678812950849533
image_7500,0.2819523513317108
image_7501,0.12952451407909393
image_7502,0.6637498140335083
image_7503,0.2562362849712372
image_7504,0.576261043548584
image_7505,0.11834432929754257
image_7506,0.0830613449215889
image_7507,0.2073771208524704
image_7508,0.23746994137763977
image_7509,0.2553389370441437
image_751,0.18154624104499817
image_7510,0.18924365937709808
image_7511,0.13621221482753754
image_7512,0.4255387485027313
image_7513,0.6951309442520142
image_7514,0.8356742858886719
image_7515,0.6045151948928833
image_7516,0.207956463098526
image_7517,0.11947695165872574
image_7518,0.14578282833099365
image_7519,0.11848006397485733
image_752,0.09062176197767258
image_7520,0.10761826485395432
image_7521,0.03744817152619362
image_7522,0.4119754731655121
image_7523,0.8084196448326111
image_7524,0.3083786070346832
image_7525,0.39342600107192993
image_7526,0.14259210228919983
image_7527,0.20661962032318115
image_7528,0.19375358521938324
image_7529,0.3751250207424164
image_753,0.24877701699733734
image_7530,0.32355350255966187
image_7531,0.21678827702999115
image_7532,0.17689849436283112
image_7533,0.08727838844060898
image_7534,0.04806395247578621
image_7535,0.10582100600004196
image_7536,0.10757054388523102
image_7537,0.17154400050640106
image_7538,0.30452844500541687
image_7539,0.10622645914554596
image_754,0.6099797487258911
image_7540,0.2105029672384262
image_7541,0.20033393800258636
image_7542,0.7525572180747986
image_7543,0.7052116394042969
image_7544,0.49531102180480957
image_7545,0.5627038478851318
image_7546,0.1380440890789032
image_7547,0.22267957031726837
image_7548,0.1514173001050949
image_7549,0.09055938571691513
image_755,0.1779852956533432
image_7550,0.08845647424459457
image_7551,0.7487365007400513
image_7552,0.0916423350572586
image_7553,0.1969953030347824
image_7554,0.6609199643135071
image_7555,0.05855304002761841
image_7556,0.5534889101982117
image_7557,0.06750530004501343
image_7558,0.10419570654630661
image_7559,0.42395859956741333
image_756,0.06255952268838882
image_7560,0.09915303438901901
image_7561,0.10407458990812302
image_7562,0.2630783021450043
image_7563,0.19810651242733002
image_7564,0.17934949696063995
image_7565,0.7031559348106384
image_7566,0.1219049021601677
image_7567,0.19592462480068207
image_7568,0.17212378978729248
image_7569,0.1509028822183609
image_757,0.13683152198791504
image_7570,0.18105661869049072
image_7571,0.12455528974533081
image_7572,0.1328122913837433
image_7573,0.1325661689043045
image_7574,0.14045119285583496
image_7575,0.10303404182195663
image_7576,0.18873582780361176
image_7577,0.25326967239379883
image_7578,0.11340699344873428
image_7579,0.21836566925048828
image_758,0.31715092062950134
image_7580,0.6927642226219177
image_7581,0.224497988820076
image_7582,0.14616189897060394
image_7583,0.2298305332660675
image_7584,0.07312285900115967
image_7585,0.818859875202179
image_7586,0.068208709359169
image_7587,0.4826926290988922
image_7588,0.09037934243679047
image_7589,0.13100183010101318
image_759,0.10037612169981003
image_7590,0.7094841003417969
image_7591,0.03244037181138992
image_7592,0.1910826414823532
image_7593,0.15174326300621033
image_7594,0.15118172764778137
image_7595,0.19032032787799835
image_7596,0.06285809725522995
image_7597,0.32509610056877136
image_7598,0.4196546673774719
image_7599,0.17985835671424866
image_76,0.2138679027557373
image_760,0.047807611525058746
image_7600,0.3488163948059082
image_7601,0.05291885882616043
image_7602,0.3995976448059082
image_7603,0.14248071610927582
image_7604,0.29298287630081177
image_7605,0.5484045147895813
image_7606,0.08729621022939682
image_7607,0.1457018256187439
image_7608,0.046450305730104446
image_7609,0.06279563903808594
image_761,0.28818055987358093
image_7610,0.08882520347833633
image_7611,0.19677893817424774
image_7612,0.26768985390663147
image_7613,0.1478279083967209
image_7614,0.14421050250530243
image_7615,0.10282512754201889
image_7616,0.30117061734199524
image_7617,0.19541983306407928
image_7618,0.25142428278923035
image_7619,0.15513792634010315
image_762,0.14826765656471252
image_7620,0.39059528708457947
image_7621,0.13112963736057281
image_7622,0.122990682721138
image_7623,0.1884666234254837
image_7624,0.1363140344619751
image_7625,0.17886614799499512
image_7626,0.28807663917541504
image_7627,0.14405550062656403
image_7628,0.14264893531799316
image_7629,0.4941440522670746
image_763,0.24501600861549377
image_7630,0.002491380786523223
image_7631,0.19351425766944885
image_7632,0.17298662662506104
image_7633,0.13551320135593414
image_7634,0.15984201431274414
image_7635,0.11857523024082184
image_7636,0.431995689868927
image_7637,0.13916023075580597
image_7638,0.8109627962112427
image_7639,0.19913077354431152
image_764,0.36994558572769165
image_7640,0.1444588005542755
image_7641,0.47014331817626953
image_7642,0.7512215971946716
image_7643,0.0650295838713646
image_7644,0.11152596771717072
image_7645,0.10876081138849258
image_7646,0.28220435976982117
image_7647,0.07866308838129044
image_7648,0.0877518579363823
image_7649,0.1291196197271347
image_765,0.8290252685546875
image_7650,0.14782290160655975
image_7651,0.8524169921875
image_7652,0.21976982057094574
image_7653,0.293856143951416
image_7654,0.18061847984790802
image_7655,0.22111263871192932
image_7656,0.21725217998027802
image_7657,0.06839626282453537
image_7658,0.536474883556366
image_7659,0.11346715688705444
image_766,0.07964857667684555
image_7660,0.10374297946691513
image_7661,0.4195094704627991
image_7662,0.07469386607408524
image_7663,0.4109742343425751
image_7664,0.20041821897029877
image_7665,0.0667356550693512
image_7666,0.37545695900917053
image_7667,0.30650338530540466
image_7668,0.18885084986686707
image_7669,0.03017023205757141
image_767,0.1435593217611313
image_7670,0.19608178734779358
image_7671,0.059552669525146484
image_7672,0.28259965777397156
image_7673,0.22714005410671234
image_7674,0.18829970061779022
image_7675,0.2677595615386963
image_7676,0.23909011483192444
image_7677,0.2883637249469757
image_7678,0.5119823813438416
image_7679,0.3121359646320343
image_768,0.17753317952156067
image_7680,0.10138582438230515
image_7681,0.1559293121099472
image_7682,0.1271693855524063
image_7683,0.10284630209207535
image_7684,0.1832679957151413
image_7685,0.06444816291332245
image_7686,0.04126298055052757
image_7687,0.4347650706768036
image_7688,0.5455451011657715
image_7689,0.2665565013885498
image_769,0.6149813532829285
image_7690,0.13824188709259033
image_7691,0.2880948483943939
image_7692,0.32399260997772217
image_7693,0.0404474101960659
image_7694,0.16009430587291718
image_7695,0.23739317059516907
image_7696,0.23512016236782074
image_7697,0.1375059336423874
image_7698,0.0969635397195816
image_7699,0.0977504625916481
image_77,0.44422778487205505
image_770,0.10315053910017014
image_7700,0.13762740790843964
image_7701,0.08715485036373138
image_7702,0.13124048709869385
image_7703,0.10307059437036514
image_7704,0.05771050602197647
image_7705,0.07239674776792526
image_7706,0.17077384889125824
image_7707,0.21753516793251038
image_7708,0.0946449562907219
image_7709,0.3387036919593811
image_771,0.25313717126846313
image_7710,0.04157138615846634
image_7711,0.0695682168006897
image_7712,0.12028133869171143
image_7713,0.09479095041751862
image_7714,0.3523627817630768
image_7715,0.050264615565538406
image_7716,0.19784897565841675
image_7717,0.19336198270320892
image_7718,0.18437013030052185
image_7719,0.7106902003288269
image_772,0.042069949209690094
image_7720,0.2436421662569046
image_7721,0.30412372946739197
image_7722,0.542831540107727
image_7723,0.09949087351560593
image_7724,0.09902819246053696
image_7725,0.22021161019802094
image_7726,0.018311994150280952
image_7727,0.17013128101825714
image_7728,0.24772338569164276
image_7729,0.1122867688536644
image_773,0.7505936026573181
image_7730,0.19285480678081512
image_7731,0.10825319588184357
image_7732,0.2282394915819168
image_7733,0.10980017483234406
image_7734,0.20978203415870667
image_7735,0.12126461416482925
image_7736,0.6293890476226807
image_7737,0.2061004489660263
image_7738,0.16677241027355194
image_7739,0.7456699013710022
image_774,0.017047790810465813
image_7740,0.14939215779304504
image_7741,0.048416633158922195
image_7742,0.11290810257196426
image_7743,0.16799461841583252
image_7744,0.18129943311214447
image_7745,0.07687922567129135
image_7746,0.1338149756193161
image_7747,0.035634126514196396
image_7748,0.12772034108638763
image_7749,0.09928524494171143
image_775,0.0928257629275322
image_7750,0.06327993422746658
image_7751,0.14315198361873627
image_7752,0.021386710926890373
image_7753,0.13265632092952728
image_7754,0.5425025820732117
image_7755,0.6639382243156433
image_7756,0.09882286190986633
image_7757,0.19966217875480652
image_7758,0.13930095732212067
image_7759,0.5740572214126587
image_776,0.2550268769264221
image_7760,0.05914018675684929
image_7761,0.03297896310687065
image_7762,0.696748673915863
image_7763,0.12969325482845306
image_7764,0.4170614182949066
image_7765,0.11622090637683868
image_7766,0.3600645661354065
image_7767,0.11119667440652847
image_7768,0.07424258440732956
image_7769,0.04734157398343086
image_777,0.10530517250299454
image_7770,0.569694995880127
image_7771,0.07874802500009537
image_7772,0.30934590101242065
image_7773,0.13416247069835663
image_7774,0.14969460666179657
image_7775,0.10731954872608185
image_7776,0.4078105390071869
image_7777,0.15599386394023895
image_7778,0.0912918671965599
image_7779,0.06375489383935928
image_778,0.14899995923042297
image_7780,0.3737916648387909
image_7781,0.15340805053710938
image_7782,0.0890159010887146
image_7783,0.4596916139125824
image_7784,0.5157418251037598
image_7785,0.1741614192724228
image_7786,0.2773737609386444
image_7787,0.021622639149427414
image_7788,0.16981196403503418
image_7789,0.12844149768352509
image_779,0.19279196858406067
image_7790,0.05360537767410278
image_7791,0.2494598627090454
image_7792,0.28094229102134705
image_7793,0.3875837028026581
image_7794,0.14356382191181183
image_7795,0.4492172300815582
image_7796,0.3341010808944702
image_7797,0.5742155313491821
image_7798,0.03669071942567825
image_7799,0.2191038429737091
image_78,0.06500638276338577
image_780,0.18014781177043915
image_7800,0.17717476189136505
image_7801,0.12978556752204895
image_7802,0.18556152284145355
image_7803,0.19720828533172607
image_7804,0.20816059410572052
image_7805,0.04283284768462181
image_7806,0.07206892222166061
image_7807,0.2789914309978485
image_7808,0.20333290100097656
image_7809,0.2599411904811859
image_781,0.18428945541381836
image_7810,0.09084942191839218
image_7811,0.14120440185070038
image_7812,0.8151502013206482
image_7813,0.18364427983760834
image_7814,0.24729891121387482
image_7815,0.11940993368625641
image_7816,0.19877944886684418
image_7817,0.084774911403656
image_7818,0.27267083525657654
image_7819,0.20326152443885803
image_782,0.24984388053417206
image_7820,0.4297189712524414
image_7821,0.21266750991344452
image_7822,0.24028263986110687
image_7823,0.16845999658107758
image_7824,0.17999999225139618
image_7825,0.24990153312683105
image_7826,0.258517861366272
image_7827,0.04072771593928337
image_7828,0.10395790636539459
image_7829,0.3227314054965973
image_783,0.1049783006310463
image_7830,0.16930322349071503
image_7831,0.16736654937267303
image_7832,0.45277366042137146
image_7833,0.1388397067785263
image_7834,0.11141493171453476
image_7835,0.3024003505706787
image_7836,0.17051741480827332
image_7837,0.08760974556207657
image_7838,0.1620035022497177
image_7839,0.8158888220787048
image_784,0.3018263280391693
image_7840,0.16868487000465393
image_7841,0.22314417362213135
image_7842,0.28955337405204773
image_7843,0.1758115589618683
image_7844,0.12745049595832825
image_7845,0.14650261402130127
image_7846,0.30941155552864075
image_7847,0.061893850564956665
image_7848,0.2736719846725464
image_7849,0.41943296790122986
image_785,0.3373911380767822
image_7850,0.24453674256801605
image_7851,0.4162673056125641
image_7852,0.28008636832237244
image_7853,0.44697752594947815
image_7854,0.13429026305675507
image_7855,0.27959495782852173
image_7856,0.6737567186355591
image_7857,0.7495299577713013
image_7858,0.07268907874822617
image_7859,0.09638344496488571
image_786,0.8377615213394165
image_7860,0.7789313793182373
image_7861,0.061177559196949005
image_7862,0.15747418999671936
image_7863,0.21599102020263672
image_7864,0.2840428352355957
image_7865,0.14292235672473907
image_7866,0.07175438851118088
image_7867,0.09363285452127457
image_7868,0.056750841438770294
image_7869,0.11879699677228928
image_787,0.353367418050766
image_7870,0.20274586975574493
image_7871,0.04568517580628395
image_7872,0.2527538537979126
image_7873,0.20624588429927826
image_7874,0.11751098930835724
image_7875,0.0825691968202591
image_7876,0.09222932159900665
image_7877,0.12273142486810684
image_7878,0.12033291161060333
image_7879,0.2224261611700058
image_788,0.13032595813274384
image_7880,0.03625841066241264
image_7881,0.06009869650006294
image_7882,0.3251441717147827
image_7883,0.3656623661518097
image_7884,0.23644283413887024
image_7885,0.2116861790418625
image_7886,0.19673137366771698
image_7887,0.13818642497062683
image_7888,0.21615223586559296
image_7889,0.2333405464887619
image_789,0.21943257749080658
image_7890,0.07993124425411224
image_7891,0.3380403220653534
image_7892,0.6164364814758301
image_7893,0.20044386386871338
image_7894,0.1364239901304245
image_7895,0.16677360236644745
image_7896,0.5890419483184814
image_7897,0.0381181575357914
image_7898,0.1186753511428833
image_7899,0.2980702519416809
image_79,0.09212029725313187
image_790,0.23763282597064972
image_7900,0.21313844621181488
image_7901,0.11338215321302414
image_7902,0.34594279527664185
image_7903,0.12707138061523438
image_7904,0.2864939272403717
image_7905,0.40830370783805847
image_7906,0.23097215592861176
image_7907,0.1654503345489502
image_7908,0.14501729607582092
image_7909,0.18727722764015198
image_791,0.0650872066617012
image_7910,0.07515792548656464
image_7911,0.31357288360595703
image_7912,0.21243877708911896
image_7913,0.08616912364959717
image_7914,0.38190922141075134
image_7915,0.13691478967666626
image_7916,0.3124697208404541
image_7917,0.8572553992271423
image_7918,0.2724021375179291
image_7919,0.12896840274333954
image_792,0.15265195071697235
image_7920,0.09466344118118286
image_7921,0.25232401490211487
image_7922,0.17783856391906738
image_7923,0.15431514382362366
image_7924,0.2246956080198288
image_7925,0.08010993897914886
image_7926,0.2246977835893631
image_7927,0.24806629121303558
image_7928,0.1526978313922882
image_7929,0.14926309883594513
image_793,0.06780211627483368
image_7930,0.16215959191322327
image_7931,0.22374792397022247
image_7932,0.19188235700130463
image_7933,0.1351475715637207
image_7934,0.21484778821468353
image_7935,0.44023796916007996
image_7936,0.08340787142515182
image_7937,0.06392321735620499
image_7938,0.04845752939581871
image_7939,0.04087650403380394
image_794,0.1364281177520752
image_7940,0.1323350965976715
image_7941,0.23382830619812012
image_7942,0.3070828914642334
image_7943,0.18091991543769836
image_7944,0.10287275165319443
image_7945,0.224477156996727
image_7946,0.19676803052425385
image_7947,0.34358420968055725
image_7948,0.10101374238729477
image_7949,0.12658682465553284
image_795,0.22583703696727753
image_7950,0.20787858963012695
image_7951,0.1374800205230713
image_7952,0.34822848439216614
image_7953,0.17416086792945862
image_7954,0.25876811146736145
image_7955,0.027078527957201004
image_7956,0.2631565034389496
image_7957,0.051577985286712646
image_7958,0.49326092004776
image_7959,0.18314003944396973
image_796,0.21358899772167206
image_7960,0.1246025487780571
image_7961,0.3416132628917694
image_7962,0.19782529771327972
image_7963,0.19468335807323456
image_7964,0.5972310304641724
image_7965,0.14359229803085327
image_7966,0.19515906274318695
image_7967,0.4342813193798065
image_7968,0.25286242365837097
image_7969,0.3931957185268402
image_797,0.049096908420324326
image_7970,0.13524100184440613
image_7971,0.16933004558086395
image_7972,0.41583511233329773
image_7973,0.2408989667892456
image_7974,0.087204210460186
image_7975,0.31465816497802734
image_7976,0.10895725339651108
image_7977,0.3246603012084961
image_7978,0.19095544517040253
image_7979,0.16476945579051971
image_798,0.2773101031780243
image_7980,0.21821391582489014
image_7981,0.1526343673467636
image_7982,0.15341690182685852
image_7983,0.09100901335477829
image_7984,0.04133449122309685
image_7985,0.1778138428926468
image_7986,0.6118573546409607
image_7987,0.07610335946083069
image_7988,0.15245626866817474
image_7989,0.6407802700996399
image_799,0.04528751224279404
image_7990,0.7288154363632202
image_7991,0.05209833383560181
image_7992,0.3144470751285553
image_7993,0.38626042008399963
image_7994,0.15939024090766907
image_7995,0.14779873192310333
image_7996,0.15252475440502167
image_7997,0.043479688465595245
image_7998,0.13056670129299164
image_7999,0.07657056301832199
image_8,0.31621217727661133
image_80,0.8024076819419861
image_800,0.19021275639533997
image_8000,0.09774257987737656
image_8001,0.19669221341609955
image_8002,0.3114558756351471
image_8003,0.11020312458276749
image_8004,0.12147083133459091
image_8005,0.5141726732254028
image_8006,0.07888714224100113
image_8007,0.1930781602859497
image_8008,0.2228548526763916
image_8009,0.4772317409515381
image_801,0.26749083399772644
image_8010,0.10612868517637253
image_8011,0.09692956507205963
image_8012,0.35928645730018616
image_8013,0.02968832664191723
image_8014,0.1547970473766327
image_8015,0.23234395682811737
image_8016,0.13158373534679413
image_8017,0.2330133467912674
image_8018,0.2383771389722824
image_8019,0.09706900268793106
image_802,0.15033408999443054
image_8020,0.3799813389778137
image_8021,0.21943597495555878
image_8022,0.22178299725055695
image_8023,0.4515870213508606
image_8024,0.1723887175321579
image_8025,0.15742366015911102
image_8026,0.10052883625030518
image_8027,0.6382746696472168
image_8028,0.18491989374160767
image_8029,0.1339367777109146
image_803,0.5357765555381775
image_8030,0.15420427918434143
image_8031,0.08464330434799194
image_8032,0.27644577622413635
image_8033,0.09022770076990128
image_8034,0.21449445188045502
image_8035,0.15872284770011902
image_8036,0.4936431050300598
image_8037,0.5352762341499329
image_8038,0.0972188338637352
image_8039,0.11935577541589737
image_804,0.1664135456085205
image_8040,0.5325671434402466
image_8041,0.10215383768081665
image_8042,0.14472147822380066
image_8043,0.24046945571899414
image_8044,0.55854731798172
image_8045,0.046468984335660934
image_8046,0.39935824275016785
image_8047,0.19060811400413513
image_8048,0.5916711688041687
image_8049,0.23321090638637543
image_805,0.2734660804271698
image_8050,0.04147985577583313
image_8051,0.2583301067352295
image_8052,0.38788267970085144
image_8053,0.11349552124738693
image_8054,0.14056381583213806
image_8055,0.13848154246807098
image_8056,0.05757541581988335
image_8057,0.05604056268930435
image_8058,0.2996373176574707
image_8059,0.14475741982460022
image_806,0.19239304959774017
image_8060,0.6647139191627502
image_8061,0.1867639720439911
image_8062,0.08686484396457672
image_8063,0.13870540261268616
image_8064,0.15588407218456268
image_8065,0.11611630767583847
image_8066,0.05685749277472496
image_8067,0.10312249511480331
image_8068,0.14406393468379974
image_8069,0.36665260791778564
image_807,0.516359806060791
image_8070,0.3397240936756134
image_8071,0.16786760091781616
image_8072,0.1988314837217331
image_8073,0.15875282883644104
image_8074,0.23673811554908752
image_8075,0.08235608786344528
image_8076,0.22256898880004883
image_8077,0.20378580689430237
image_8078,0.4710812568664551
image_8079,0.7383438348770142
image_808,0.0420626699924469
image_8080,0.17835892736911774
image_8081,0.14318425953388214
image_8082,0.1560288518667221
image_8083,0.28019458055496216
image_8084,0.075592041015625
image_8085,0.32431524991989136
image_8086,0.34738680720329285
image_8087,0.2001849263906479
image_8088,0.09780080616474152
image_8089,0.17198340594768524
image_809,0.8334342241287231
image_8090,0.09027767181396484
image_8091,0.18610119819641113
image_8092,0.1952611207962036
image_8093,0.11115819215774536
image_8094,0.23049907386302948
image_8095,0.16304504871368408
image_8096,0.1535765379667282
image_8097,0.18922065198421478
image_8098,0.13973799347877502
image_8099,0.16015201807022095
image_81,0.19365152716636658
image_810,0.4613099992275238
image_8100,0.15907271206378937
image_8101,0.07595954090356827
image_8102,0.36772677302360535
image_8103,0.4886835515499115
image_8104,0.16621427237987518
image_8105,0.08350025862455368
image_8106,0.15762236714363098
image_8107,0.12995529174804688
image_8108,0.1626582145690918
image_8109,0.2256527692079544
image_811,0.067008376121521
image_8110,0.04882431775331497
image_8111,0.09256507456302643
image_8112,0.15645840764045715
image_8113,0.03832722455263138
image_8114,0.38813114166259766
image_8115,0.24624215066432953
image_8116,0.1526564657688141
image_8117,0.2666053771972656
image_8118,0.2251756638288498
image_8119,0.25877654552459717
image_812,0.19442534446716309
image_8120,0.05948061868548393
image_8121,0.06888557970523834
image_8122,0.18089090287685394
image_8123,0.07598718255758286
image_8124,0.2605147957801819
image_8125,0.0639558658003807
image_8126,0.04251018539071083
image_8127,0.14527596533298492
image_8128,0.14408151805400848
image_8129,0.3566584587097168
image_813,0.11438076943159103
image_8130,0.18069565296173096
image_8131,0.2502606213092804
image_8132,0.3521590232849121
image_8133,0.1071668192744255
image_8134,0.19573217630386353
image_8135,0.25311824679374695
image_8136,0.1672300547361374
image_8137,0.29052168130874634
image_8138,0.23531150817871094
image_8139,0.5183823704719543
image_814,0.17954429984092712
image_8140,0.061033617705106735
image_8141,0.04367893561720848
image_8142,0.21885477006435394
image_8143,0.19450047612190247
image_8144,0.12103595584630966
image_8145,0.16489286720752716
image_8146,0.24705639481544495
image_8147,0.2175600379705429
image_8148,0.04097146913409233
image_8149,0.2201671600341797
image_815,0.03045799769461155
image_8150,0.2665693759918213
image_8151,0.15774475038051605
image_8152,0.11612119525671005
image_8153,0.12004424631595612
image_8154,0.16110022366046906
image_8155,0.16021417081356049
image_8156,0.09698504209518433
image_8157,0.40965351462364197
image_8158,0.02971658669412136
image_8159,0.11307461559772491
image_816,0.17788563668727875
image_8160,0.13223698735237122
image_8161,0.29522496461868286
image_8162,0.5798768401145935
image_8163,0.20084892213344574
image_8164,0.19024984538555145
image_8165,0.4765211045742035
image_8166,0.2825694978237152
image_8167,0.06968531757593155
image_8168,0.41490593552589417
image_8169,0.26601293683052063
image_817,0.1340370774269104
image_8170,0.42011281847953796
image_8171,0.002493893261998892
image_8172,0.25538724660873413
image_8173,0.3291590213775635
image_8174,0.19883790612220764
image_8175,0.04969053342938423
image_8176,0.1792679876089096
image_8177,0.2397191971540451
image_8178,0.060952674597501755
image_8179,0.36266764998435974
image_818,0.2537033259868622
image_8180,0.527806282043457
image_8181,0.35112693905830383
image_8182,0.3188185691833496
image_8183,0.12696640193462372
image_8184,0.49711498618125916
image_8185,0.2824857831001282
image_8186,0.08501444011926651
image_8187,0.21828638017177582
image_8188,0.08465632051229477
image_8189,0.678547739982605
image_819,0.1377129703760147
image_8190,0.13468772172927856
image_8191,0.18789665400981903
image_8192,0.19305625557899475
image_8193,0.4782329499721527
image_8194,0.1437348574399948
image_8195,0.3321048319339752
image_8196,0.44450196623802185
image_8197,0.16910092532634735
image_8198,0.08567758649587631
image_8199,0.11466210335493088
image_82,0.2875947058200836
image_820,0.0770355835556984
image_8200,0.31784915924072266
image_8201,0.03031732700765133
image_8202,0.39361464977264404
image_8203,0.1808534413576126
image_8204,0.22074344754219055
image_8205,0.17615161836147308
image_8206,0.23155370354652405
image_8207,0.14094625413417816
image_8208,0.10839352756738663
image_8209,0.42957526445388794
image_821,0.24376681447029114
image_8210,0.3352346122264862
image_8211,0.16189715266227722
image_8212,0.23139098286628723
image_8213,0.09604483097791672
image_8214,0.5155669450759888
image_8215,0.05915471538901329
image_8216,0.061261214315891266
image_8217,0.1727885901927948
image_8218,0.37780919671058655
image_8219,0.20452328026294708
image_822,0.25569596886634827
image_8220,0.5157657861709595
image_8221,0.09029874950647354
image_8222,0.7113367915153503
image_8223,0.11189744621515274
image_8224,0.22252129018306732
image_8225,0.17821648716926575
image_8226,0.48334527015686035
image_8227,0.0402241125702858
image_8228,0.18943451344966888
image_8229,0.15565167367458344
image_823,0.35939958691596985
image_8230,0.1195584163069725
image_8231,0.1998049020767212
image_8232,0.3386305272579193
image_8233,0.38746127486228943
image_8234,0.3282235860824585
image_8235,0.22950530052185059
image_8236,0.23399972915649414
image_8237,0.06720642000436783
image_8238,0.2870248556137085
image_8239,0.15163053572177887
image_824,0.3712845742702484
image_8240,0.1839800328016281
image_8241,0.14320868253707886
image_8242,0.04670768976211548
image_8243,0.45256587862968445
image_8244,0.46159982681274414
image_8245,0.14022375643253326
image_8246,0.44004279375076294
image_8247,0.250934898853302
image_8248,0.08783763647079468
image_8249,0.2742684781551361
image_825,0.5866264700889587
image_8250,0.23481039702892303
image_8251,0.42527899146080017
image_8252,0.41040563583374023
image_8253,0.3504006862640381
image_8254,0.527998149394989
image_8255,0.1598544716835022
image_8256,0.13503865897655487
image_8257,0.11286868155002594
image_8258,0.18099939823150635
image_8259,0.11567089706659317
image_826,0.18313314020633698
image_8260,0.40186014771461487
image_8261,0.29385074973106384
image_8262,0.20367668569087982
image_8263,0.2098565399646759
image_8264,0.10907216370105743
image_8265,0.5393823981285095
image_8266,0.15089963376522064
image_8267,0.19072042405605316
image_8268,0.17936113476753235
image_8269,0.1941642314195633
image_827,0.20390115678310394
image_8270,0.7849202156066895
image_8271,0.3975496292114258
image_8272,0.21220652759075165
image_8273,0.3426547944545746
image_8274,0.06846674531698227
image_8275,0.3333030045032501
image_8276,0.11135776340961456
image_8277,0.05597944185137749
image_8278,0.1992242932319641
image_8279,0.05638827756047249
image_828,0.1545676440000534
image_8280,0.4234883487224579
image_8281,0.32708898186683655
image_8282,0.08347658067941666
image_8283,0.10291595757007599
image_8284,0.10092400759458542
image_8285,0.37683749198913574
image_8286,0.4225841164588928
image_8287,0.31511780619621277
image_8288,0.09702146053314209
image_8289,0.23811689019203186
image_829,0.19604407250881195
image_8290,0.799648106098175
image_8291,0.24262259900569916
image_8292,0.08375243097543716
image_8293,0.28512635827064514
image_8294,0.3465560972690582
image_8295,0.1590200662612915
image_8296,0.08847019821405411
image_8297,0.15522626042366028
image_8298,0.22724699974060059
image_8299,0.2882859408855438
image_83,0.21819667518138885
image_830,0.22274160385131836
image_8300,0.058401644229888916
image_8301,0.21993039548397064
image_8302,0.10938705503940582
image_8303,0.1708948165178299
image_8304,0.027737170457839966
image_8305,0.19050464034080505
image_8306,0.41993170976638794
image_8307,0.16023384034633636
image_8308,0.2866648733615875
image_8309,0.3190247416496277
image_831,0.055580299347639084
image_8310,0.27248334884643555
image_8311,0.1150127649307251
image_8312,0.23935075104236603
image_8313,0.18722322583198547
image_8314,0.20265351235866547
image_8315,0.1942102313041687
image_8316,0.12672491371631622
image_8317,0.2511095106601715
image_8318,0.15344460308551788
image_8319,0.17475390434265137
image_832,0.06403833627700806
image_8320,0.20636878907680511
image_8321,0.12312734127044678
image_8322,0.0745769664645195
image_8323,0.2813771963119507
image_8324,0.14862196147441864
image_8325,0.4474087357521057
image_8326,0.2274426519870758
image_8327,0.5744714140892029
image_8328,0.10815055668354034
image_8329,0.16583620011806488
image_833,0.306047648191452
image_8330,0.11294475942850113
image_8331,0.15588712692260742
image_8332,0.20785574615001678
image_8333,0.12882183492183685
image_8334,0.21196594834327698
image_8335,0.1058768555521965
image_8336,0.08249211311340332
image_8337,0.26059243083000183
image_8338,0.20174169540405273
image_8339,0.11655638366937637
image_834,0.8069959878921509
image_8340,0.37653490900993347
image_8341,0.057168614119291306
image_8342,0.07717124372720718
image_8343,0.22792425751686096
image_8344,0.22077539563179016
image_8345,0.4304419457912445
image_8346,0.15374980866909027
image_8347,0.022778043523430824
image_8348,0.2536109983921051
image_8349,0.10591533035039902
image_835,0.16847823560237885
image_8350,0.045588601380586624
image_8351,0.2737433910369873
image_8352,0.052641984075307846
image_8353,0.45270562171936035
image_8354,0.11546476185321808
image_8355,0.20719459652900696
image_8356,0.15152788162231445
image_8357,0.1537969708442688
image_8358,0.20842328667640686
image_8359,0.15690602362155914
image_836,0.06171253323554993
image_8360,0.18309126794338226
image_8361,0.056469500064849854
image_8362,0.1023414358496666
image_8363,0.11983883380889893
image_8364,0.42924410104751587
image_8365,0.141689732670784
image_8366,0.422105073928833
image_8367,0.2738631069660187
image_8368,0.06702343374490738
image_8369,0.2861807942390442
image_837,0.15992097556591034
image_8370,0.23309670388698578
image_8371,0.05160185322165489
image_8372,0.2638009786605835
image_8373,0.09854008257389069
image_8374,0.1069454699754715
image_8375,0.10902667045593262
image_8376,0.3384493291378021
image_8377,0.04175650328397751
image_8378,0.11070001125335693
image_8379,0.10909593105316162
image_838,0.1470763385295868
image_8380,0.11571484804153442
image_8381,0.15103383362293243
image_8382,0.23534981906414032
image_8383,0.2890765368938446
image_8384,0.0869763046503067
image_8385,0.3453119695186615
image_8386,0.1750735491514206
image_8387,0.6168482303619385
image_8388,0.10663682222366333
image_8389,0.09080793708562851
image_839,0.22864241898059845
image_8390,0.18216340243816376
image_8391,0.072175532579422
image_8392,0.12590759992599487
image_8393,0.3198372423648834
image_8394,0.2841957211494446
image_8395,0.09147393703460693
image_8396,0.044428180903196335
image_8397,0.8102647662162781
image_8398,0.20563149452209473
image_8399,0.07683223485946655
image_84,0.0992782935500145
image_840,0.16905537247657776
image_8400,0.23422598838806152
image_8401,0.24092839658260345
image_8402,0.3607741892337799
image_8403,0.03466047719120979
image_8404,0.2739674150943756
image_8405,0.4797283113002777
image_8406,0.4096789062023163
image_8407,0.23993197083473206
image_8408,0.24726028740406036
image_8409,0.2700028121471405
image_841,0.19656918942928314
image_8410,0.3007880747318268
image_8411,0.17692923545837402
image_8412,0.30827686190605164
image_8413,0.09996560961008072
image_8414,0.394914835691452
image_8415,0.23449356853961945
image_8416,0.13824793696403503
image_8417,0.12205984443426132
image_8418,0.15370316803455353
image_8419,0.3154671788215637
image_842,0.6530777812004089
image_8420,0.08001462370157242
image_8421,0.1718389391899109
image_8422,0.4041922688484192
image_8423,0.2788693308830261
image_8424,0.10751563310623169
image_8425,0.29014822840690613
image_8426,0.18387988209724426
image_8427,0.12801805138587952
image_8428,0.051157474517822266
image_8429,0.28667205572128296
image_843,0.6705672740936279
image_8430,0.06403803825378418
image_8431,0.09295455366373062
image_8432,0.03645509108901024
image_8433,0.15232622623443604
image_8434,0.10415899753570557
image_8435,0.10027940571308136
image_8436,0.056506406515836716
image_8437,0.2753710448741913
image_8438,0.3264658749103546
image_8439,0.10151135921478271
image_844,0.1538911908864975
image_8440,0.3558536767959595
image_8441,0.18762075901031494
image_8442,0.13269971311092377
image_8443,0.3706372380256653
image_8444,0.6154807209968567
image_8445,0.16931720077991486
image_8446,0.19653654098510742
image_8447,0.15995405614376068
image_8448,0.06900697201490402
image_8449,0.15551815927028656
image_845,0.17668746411800385
image_8450,0.3059574067592621
image_8451,0.35093098878860474
image_8452,0.1435154527425766
image_8453,0.20217756927013397
image_8454,0.02981850877404213
image_8455,0.1351986825466156
image_8456,0.49237099289894104
image_8457,0.3130873143672943
image_8458,0.251563161611557
image_8459,0.2027672827243805
image_846,0.35245686769485474
image_8460,0.23228619992733002
image_8461,0.15776889026165009
image_8462,0.028531624004244804
image_8463,0.1656479388475418
image_8464,0.2681731581687927
image_8465,0.10642223805189133
image_8466,0.1649095118045807
image_8467,0.5675666928291321
image_8468,0.4102247357368469
image_8469,0.4067271649837494
image_847,0.1324504166841507
image_8470,0.08131929486989975
image_8471,0.16809764504432678
image_8472,0.032047297805547714
image_8473,0.15468455851078033
image_8474,0.04145881533622742
image_8475,0.05736088752746582
image_8476,0.1918777972459793
image_8477,0.18557219207286835
image_8478,0.08240488916635513
image_8479,0.17368660867214203
image_848,0.2860904633998871
image_8480,0.0841694101691246
image_8481,0.1289779394865036
image_8482,0.3334158957004547
image_8483,0.057379987090826035
image_8484,0.22357630729675293
image_8485,0.07438623160123825
image_8486,0.15090684592723846
image_8487,0.1908269226551056
image_8488,0.41390225291252136
image_8489,0.22001014649868011
image_849,0.42612382769584656
image_8490,0.14469775557518005
image_8491,0.42682525515556335
image_8492,0.2584869861602783
image_8493,0.18837308883666992
image_8494,0.0986863225698471
image_8495,0.2869415283203125
image_8496,0.1017589122056961
image_8497,0.13253581523895264
image_8498,0.2421160191297531
image_8499,0.3538081645965576
image_85,0.25790539383888245
image_850,0.12012232840061188
image_8500,0.26725301146507263
image_8501,0.05664181336760521
image_8502,0.2161666452884674
image_8503,0.16833525896072388
image_8504,0.3963445723056793
image_8505,0.11334943771362305
image_8506,0.17644467949867249
image_8507,0.08312871307134628
image_8508,0.12398063391447067
image_8509,0.19961073994636536
image_851,0.2782183289527893
image_8510,0.07845701277256012
image_8511,0.08448321372270584
image_8512,0.1805143654346466
image_8513,0.5507351160049438
image_8514,0.7370993494987488
image_8515,0.26216474175453186
image_8516,0.21935896575450897
image_8517,0.23433168232440948
image_8518,0.1575399935245514
image_8519,0.6025921702384949
image_852,0.06758987903594971
image_8520,0.18569059669971466
image_8521,0.28564581274986267
image_8522,0.07057961821556091
image_8523,0.11397979408502579
image_8524,0.16581183671951294
image_8525,0.28511807322502136
image_8526,0.2919471561908722
image_8527,0.21704423427581787
image_8528,0.20517952740192413
image_8529,0.5890428423881531
image_853,0.17997249960899353
image_8530,0.21933488547801971
image_8531,0.4204120635986328
image_8532,0.10222256183624268
image_8533,0.4077959954738617
image_8534,0.11654529720544815
image_8535,0.23688049614429474
image_8536,0.2518017292022705
image_8537,0.15502700209617615
image_8538,0.20815907418727875
image_8539,0.16430410742759705
image_854,0.3295972943305969
image_8540,0.15921206772327423
image_8541,0.1451815515756607
image_8542,0.5538259744644165
image_8543,0.15561608970165253
image_8544,0.19510114192962646
image_8545,0.24587011337280273
image_8546,0.23891650140285492
image_8547,0.2200639545917511
image_8548,0.2114621251821518
image_8549,0.5201109051704407
image_855,0.1486366093158722
image_8550,0.1959598809480667
image_8551,0.13233855366706848
image_8552,0.06482525169849396
image_8553,0.32808637619018555
image_8554,0.10891594737768173
image_8555,0.06833362579345703
image_8556,0.15799973905086517
image_8557,0.3398376405239105
image_8558,0.12018733471632004
image_8559,0.23707261681556702
image_856,0.17798377573490143
image_8560,0.28017956018447876
image_8561,0.1455703228712082
image_8562,0.16849176585674286
image_8563,0.10451080650091171
image_8564,0.33069372177124023
image_8565,0.6505478620529175
image_8566,0.06732400506734848
image_8567,0.08418772369623184
image_8568,0.29164108633995056
image_8569,0.40455466508865356
image_857,0.4430428445339203
image_8570,0.4993545114994049
image_8571,0.24902255833148956
image_8572,0.18698106706142426
image_8573,0.19933085143566132
image_8574,0.19232310354709625
image_8575,0.2048797607421875
image_8576,0.1440863460302353
image_8577,0.7646274566650391
image_8578,0.030273688957095146
image_8579,0.15956531465053558
image_858,0.17096808552742004
image_8580,0.19632737338542938
image_8581,0.16641369462013245
image_8582,0.0792829617857933
image_8583,0.3294743597507477
image_8584,0.15153086185455322
image_8585,0.09656311571598053
image_8586,0.20577482879161835
image_8587,0.16693706810474396
image_8588,0.268968790769577
image_8589,0.6889373064041138
image_859,0.28698834776878357
image_8590,0.06039557605981827
image_8591,0.3019498884677887
image_8592,0.15745343267917633
image_8593,0.605641782283783
image_8594,0.08106618374586105
image_8595,0.12429835647344589
image_8596,0.29485851526260376
image_8597,0.1902381330728531
image_8598,0.17504899203777313
image_8599,0.10746797174215317
image_86,0.28189119696617126
image_860,0.6310637593269348
image_8600,0.17581723630428314
image_8601,0.10907228291034698
image_8602,0.19974708557128906
image_8603,0.029776057228446007
image_8604,0.29896023869514465
image_8605,0.05823388323187828
image_8606,0.1297290325164795
image_8607,0.20980672538280487
image_8608,0.125713512301445
image_8609,0.27078038454055786
image_861,0.6580114960670471
image_8610,0.08440690487623215
image_8611,0.1171356663107872
image_8612,0.4887339174747467
image_8613,0.07936333864927292
image_8614,0.23326139152050018
image_8615,0.30450913310050964
image_8616,0.055190373212099075
image_8617,0.14317671954631805
image_8618,0.30501866340637207
image_8619,0.3031601905822754
image_862,0.605816662311554
image_8620,0.048582013696432114
image_8621,0.1411554366350174
image_8622,0.7477519512176514
image_8623,0.08027753233909607
image_8624,0.03161562234163284
image_8625,0.08389141410589218
image_8626,0.07604366540908813
image_8627,0.23074236512184143
image_8628,0.14806893467903137
image_8629,0.49237099289894104
image_863,0.7579001784324646
image_8630,0.1092606782913208
image_8631,0.2861449420452118
image_8632,0.062067337334156036
image_8633,0.4440210461616516
image_8634,0.3005344569683075
image_8635,0.03593726083636284
image_8636,0.17999649047851562
image_8637,0.3163456916809082
image_8638,0.06540682911872864
image_8639,0.42069539427757263
image_864,0.31509965658187866
image_8640,0.8267921805381775
image_8641,0.3468307852745056
image_8642,0.19962777197360992
image_8643,0.22426186501979828
image_8644,0.4798552691936493
image_8645,0.08519933372735977
image_8646,0.3148970603942871
image_8647,0.20925985276699066
image_8648,0.23409414291381836
image_8649,0.22974252700805664
image_865,0.3445253074169159
image_8650,0.05343170836567879
image_8651,0.15922938287258148
image_8652,0.038491226732730865
image_8653,0.5643149614334106
image_8654,0.26459676027297974
image_8655,0.23829789459705353
image_8656,0.3693132698535919
image_8657,0.04794669151306152
image_8658,0.06796332448720932
image_8659,0.10363592952489853
image_866,0.18994997441768646
image_8660,0.08932849019765854
image_8661,0.5355225801467896
image_8662,0.1578139066696167
image_8663,0.22183875739574432
image_8664,0.7259337306022644
image_8665,0.16788753867149353
image_8666,0.6623739004135132
image_8667,0.134774848818779
image_8668,0.5382024049758911
image_8669,0.2935408055782318
image_867,0.0867834985256195
image_8670,0.13487443327903748
image_8671,0.03571436554193497
image_8672,0.23048046231269836
image_8673,0.07819610089063644
image_8674,0.07787430286407471
image_8675,0.19255846738815308
image_8676,0.39432746171951294
image_8677,0.06772195547819138
image_8678,0.5340189337730408
image_8679,0.26384812593460083
image_868,0.21268634498119354
image_8680,0.3056480586528778
image_8681,0.18088726699352264
image_8682,0.2092745304107666
image_8683,0.052394408732652664
image_8684,0.03874373063445091
image_8685,0.8504296541213989
image_8686,0.26353684067726135
image_8687,0.12698207795619965
image_8688,0.19530855119228363
image_8689,0.0945151075720787
image_869,0.15441787242889404
image_8690,0.1078764945268631
image_8691,0.46923160552978516
image_8692,0.21583087742328644
image_8693,0.2392786294221878
image_8694,0.17053209245204926
image_8695,0.2155558168888092
image_8696,0.22668392956256866
image_8697,0.5591492056846619
image_8698,0.14143508672714233
image_8699,0.14685897529125214
image_87,0.07927121222019196
image_870,0.6215892434120178
image_8700,0.08695372194051743
image_8701,0.32810547947883606
image_8702,0.21050570905208588
image_8703,0.21542072296142578
image_8704,0.31244826316833496
image_8705,0.16827146708965302
image_8706,0.3793826699256897
image_8707,0.15848839282989502
image_8708,0.03735562786459923
image_8709,0.25711771845817566
image_871,0.3374346196651459
image_8710,0.04563230276107788
image_8711,0.1371314972639084
image_8712,0.08834033459424973
image_8713,0.7790838479995728
image_8714,0.3703555166721344
image_8715,0.35808953642845154
image_8716,0.2636846601963043
image_8717,0.14121052622795105
image_8718,0.1364469826221466
image_8719,0.056473035365343094
image_872,0.05459350347518921
image_8720,0.07932541519403458
image_8721,0.21382148563861847
image_8722,0.07502202689647675
image_8723,0.2000376284122467
image_8724,0.31170493364334106
image_8725,0.6182228922843933
image_8726,0.024662038311362267
image_8727,0.6003593802452087
image_8728,0.02324681542813778
image_8729,0.056462954729795456
image_873,0.09588266909122467
image_8730,0.36435845494270325
image_8731,0.37604203820228577
image_8732,0.20358853042125702
image_8733,0.3849408030509949
image_8734,0.20086565613746643
image_8735,0.1848551630973816
image_8736,0.5341677069664001
image_8737,0.3067033886909485
image_8738,0.08834949880838394
image_8739,0.18068335950374603
image_874,0.09637682884931564
image_8740,0.5792282819747925
image_8741,0.18184806406497955
image_8742,0.09067489951848984
image_8743,0.04343573376536369
image_8744,0.4375276267528534
image_8745,0.14764492213726044
image_8746,0.04333997145295143
image_8747,0.18716315925121307
image_8748,0.03804546222090721
image_8749,0.7054190039634705
image_875,0.22054122388362885
image_8750,0.1101798415184021
image_8751,0.23649726808071136
image_8752,0.050953447818756104
image_8753,0.17697978019714355
image_8754,0.23350678384304047
image_8755,0.367633581161499
image_8756,0.15446217358112335
image_8757,0.03407905623316765
image_8758,0.04628179594874382
image_8759,0.1956021785736084
image_876,0.22891174256801605
image_8760,0.2169255018234253
image_8761,0.24044211208820343
image_8762,0.15722237527370453
image_8763,0.1864529848098755
image_8764,0.8333624005317688
image_8765,0.45998430252075195
image_8766,0.17783956229686737
image_8767,0.127664715051651
image_8768,0.11567526310682297
image_8769,0.21479395031929016
image_877,0.15991586446762085
image_8770,0.3824513852596283
image_8771,0.23189838230609894
image_8772,0.06582995504140854
image_8773,0.2938472330570221
image_8774,0.8249157071113586
image_8775,0.13273648917675018
image_8776,0.7088685631752014
image_8777,0.3815351724624634
image_8778,0.12225764244794846
image_8779,0.40584689378738403
image_878,0.2917371690273285
image_8780,0.6499201655387878
image_8781,0.18658679723739624
image_8782,0.26759544014930725
image_8783,0.49828848242759705
image_8784,0.10623624175786972
image_8785,0.09252510219812393
image_8786,0.4112120270729065
image_8787,0.2952684462070465
image_8788,0.5284785628318787
image_8789,0.5469968318939209
image_879,0.11957826465368271
image_8790,0.38653865456581116
image_8791,0.2223082035779953
image_8792,0.27011188864707947
image_8793,0.1050867810845375
image_8794,0.07232800871133804
image_8795,0.08352000266313553
image_8796,0.6810025572776794
image_8797,0.08844219893217087
image_8798,0.200108602643013
image_8799,0.15108923614025116
image_88,0.2306070327758789
image_880,0.1427260935306549
image_8800,0.16992099583148956
image_8801,0.12905339896678925
image_8802,0.458975613117218
image_8803,0.057526081800460815
image_8804,0.594240128993988
image_8805,0.0008097233367152512
image_8806,0.22360196709632874
image_8807,0.14058125019073486
image_8808,0.2996383607387543
image_8809,0.22470131516456604
image_881,0.04471483454108238
image_8810,0.17372803390026093
image_8811,0.16806457936763763
image_8812,0.25800395011901855
image_8813,0.2517493963241577
image_8814,0.44493159651756287
image_8815,0.36523136496543884
image_8816,0.33315256237983704
image_8817,0.16981986165046692
image_8818,0.14430904388427734
image_8819,0.1575651466846466
image_882,0.6949198842048645
image_8820,0.1996975690126419
image_8821,0.19438683986663818
image_8822,0.030656952410936356
image_8823,0.26028475165367126
image_8824,0.04734766110777855
image_8825,0.1473957896232605
image_8826,0.27770155668258667
image_8827,0.08845410495996475
image_8828,0.16309216618537903
image_8829,0.27834370732307434
image_883,0.23614147305488586
image_8830,0.7021923065185547
image_8831,0.2242509424686432
image_8832,0.33658167719841003
image_8833,0.23778538405895233
image_8834,0.027832020074129105
image_8835,0.17427489161491394
image_8836,0.6211802363395691
image_8837,0.6535956263542175
image_8838,0.09213882684707642
image_8839,0.05908101797103882
image_884,0.2671974301338196
image_8840,0.05443359166383743
image_8841,0.5987381935119629
image_8842,0.205315500497818
image_8843,0.23268067836761475
image_8844,0.4739691913127899
image_8845,0.1329917162656784
image_8846,0.49281635880470276
image_8847,0.22477583587169647
image_8848,0.16018860042095184
image_8849,0.3018558919429779
image_885,0.09174638241529465
image_8850,0.07946522533893585
image_8851,0.7284203767776489
image_8852,0.16112928092479706
image_8853,0.2394733875989914
image_8854,0.17482779920101166
image_8855,0.03997619077563286
image_8856,0.29395022988319397
image_8857,0.2754906117916107
image_8858,0.1129133477807045
image_8859,0.7958359122276306
image_886,0.3441106379032135
image_8860,0.2235632687807083
image_8861,0.38886985182762146
image_8862,0.38989269733428955
image_8863,0.3140259385108948
image_8864,0.2109157294034958
image_8865,0.8365117907524109
image_8866,0.2759583294391632
image_8867,0.07896814495325089
image_8868,0.5754023790359497
image_8869,0.11062441021203995
image_887,0.31392163038253784
image_8870,0.2263524830341339
image_8871,0.13811784982681274
image_8872,0.18563362956047058
image_8873,0.5594122409820557
image_8874,0.16900940239429474
image_8875,0.07368653267621994
image_8876,0.1370503157377243
image_8877,0.20940569043159485
image_8878,0.3252730369567871
image_8879,0.13803641498088837
image_888,0.17982076108455658
image_8880,0.22106924653053284
image_8881,0.08906920999288559
image_8882,0.13677789270877838
image_8883,0.3190852701663971
image_8884,0.4295961856842041
image_8885,0.23271813988685608
image_8886,0.3637245297431946
image_8887,0.17543764412403107
image_8888,0.024032359942793846
image_8889,0.18157173693180084
image_889,0.03793291375041008
image_8890,0.04943936690688133
image_8891,0.6163442134857178
image_8892,0.10471103340387344
image_8893,0.7827489972114563
image_8894,0.11128707975149155
image_8895,0.6149656176567078
image_8896,0.09297748655080795
image_8897,0.15131354331970215
image_8898,0.2155856192111969
image_8899,0.6247976422309875
image_89,0.05006598308682442
image_890,0.02833281271159649
image_8900,0.0549514964222908
image_8901,0.16191378235816956
image_8902,0.28469106554985046
image_8903,0.13113756477832794
image_8904,0.18369530141353607
image_8905,0.12910699844360352
image_8906,0.39226385951042175
image_8907,0.02255665324628353
image_8908,0.2945556640625
image_8909,0.11989488452672958
image_891,0.2792103886604309
image_8910,0.19503962993621826
image_8911,0.6826168298721313
image_8912,0.15531601011753082
image_8913,0.12118995189666748
image_8914,0.2538444697856903
image_8915,0.5191422700881958
image_8916,0.06491483747959137
image_8917,0.09463780373334885
image_8918,0.2768722474575043
image_8919,0.054729580879211426
image_892,0.08327268809080124
image_8920,0.20399247109889984
image_8921,0.1880498081445694
image_8922,0.8616998791694641
image_8923,0.4468201696872711
image_8924,0.06318140029907227
image_8925,0.4025493562221527
image_8926,0.10800313204526901
image_8927,0.37628182768821716
image_8928,0.05031095817685127
image_8929,0.21744242310523987
image_893,0.03605610132217407
image_8930,0.214708611369133
image_8931,0.0787639245390892
image_8932,0.25505295395851135
image_8933,0.12920008599758148
image_8934,0.195119708776474
image_8935,0.09411108493804932
image_8936,0.20080482959747314
image_8937,0.47439441084861755
image_8938,0.22892425954341888
image_8939,0.07152663916349411
image_894,0.2254265546798706
image_8940,0.4003531038761139
image_8941,0.20370309054851532
image_8942,0.031069407239556313
image_8943,0.07057937234640121
image_8944,0.20650696754455566
image_8945,0.08739515393972397
image_8946,0.30586275458335876
image_8947,0.44593214988708496
image_8948,0.2552313506603241
image_8949,0.8359554409980774
image_895,0.03949432820081711
image_8950,0.11268031597137451
image_8951,0.24858753383159637
image_8952,0.098096564412117
image_8953,0.13508662581443787
image_8954,0.14836226403713226
image_8955,0.16573481261730194
image_8956,0.09478167444467545
image_8957,0.07687882333993912
image_8958,0.35756585001945496
image_8959,0.4723794460296631
image_896,0.18237121403217316
image_8960,0.2656165063381195
image_8961,0.5197429060935974
image_8962,0.20543108880519867
image_8963,0.281166136264801
image_8964,0.06522532552480698
image_8965,0.3808211386203766
image_8966,0.4087689518928528
image_8967,0.08070733398199081
image_8968,0.1461627334356308
image_8969,0.20696811378002167
image_897,0.17101334035396576
image_8970,0.2094845324754715
image_8971,0.19109797477722168
image_8972,0.1431955248117447
image_8973,0.3240065574645996
image_8974,0.3171399235725403
image_8975,0.4142807424068451
image_8976,0.18059462308883667
image_8977,0.18066810071468353
image_8978,0.1411546766757965
image_8979,0.18224941194057465
image_898,0.15276841819286346
image_8980,0.25270843505859375
image_8981,0.0649009570479393
image_8982,0.19815783202648163
image_8983,0.2211379110813141
image_8984,0.25457850098609924
image_8985,0.13758359849452972
image_8986,0.8278480768203735
image_8987,0.20738902688026428
image_8988,0.27675729990005493
image_8989,0.1746608465909958
image_899,0.15630148351192474
image_8990,0.13717563450336456
image_8991,0.10213159769773483
image_8992,0.549018383026123
image_8993,0.17174272239208221
image_8994,0.09501107782125473
image_8995,0.35789403319358826
image_8996,0.6830434799194336
image_8997,0.5145550966262817
image_8998,0.7361668944358826
image_8999,0.2802155017852783
image_9,0.07761768251657486
image_90,0.14569878578186035
image_900,0.06677446514368057
image_9000,0.11264481395483017
image_9001,0.14430390298366547
image_9002,0.6713539958000183
image_9003,0.15457439422607422
image_9004,0.29889822006225586
image_9005,0.14879754185676575
image_9006,0.677550733089447
image_9007,0.2951153814792633
image_9008,0.27820760011672974
image_9009,0.29529985785484314
image_901,0.1444346159696579
image_9010,0.6011983752250671
image_9011,0.29607152938842773
image_9012,0.4570489823818207
image_9013,0.063748799264431
image_9014,0.03800845146179199
image_9015,0.1403217762708664
image_9016,0.5726916193962097
image_9017,0.21417073905467987
image_9018,0.289437860250473
image_9019,0.14996369183063507
image_902,0.10049605369567871
image_9020,0.48026570677757263
image_9021,0.00620013102889061
image_9022,0.14988873898983002
image_9023,0.2691280245780945
image_9024,0.9111005663871765
image_9025,0.6009813547134399
image_9026,0.11184847354888916
image_9027,0.12938280403614044
image_9028,0.5426474809646606
image_9029,0.4667772352695465
image_903,0.2315720170736313
image_9030,0.15659049153327942
image_9031,0.07430516928434372
image_9032,0.18650230765342712
image_9033,0.14713674783706665
image_9034,0.3996356129646301
image_9035,0.3700147867202759
image_9036,0.14660830795764923
image_9037,0.2435535043478012
image_9038,0.20206129550933838
image_9039,0.3429141044616699
image_904,0.1744234710931778
image_9040,0.13634078204631805
image_9041,0.1371670514345169
image_9042,0.08288108557462692
image_9043,0.316362589597702
image_9044,0.1934453696012497
image_9045,0.12087149918079376
image_9046,0.25557294487953186
image_9047,0.13014374673366547
image_9048,0.27560022473335266
image_9049,0.08597785979509354
image_905,0.0742063894867897
image_9050,0.2527652382850647
image_9051,0.3354799747467041
image_9052,0.2739148736000061
image_9053,0.41724205017089844
image_9054,0.3179735839366913
image_9055,0.622168242931366
image_9056,0.06289683282375336
image_9057,0.22299018502235413
image_9058,0.14785228669643402
image_9059,0.2457359880208969
image_906,0.37286171317100525
image_9060,0.21533547341823578
image_9061,0.11950881779193878
image_9062,0.36993521451950073
image_9063,0.2723448574542999
image_9064,0.17545488476753235
image_9065,0.2083202451467514
image_9066,0.2616061270236969
image_9067,0.2970108687877655
image_9068,0.4037931561470032
image_9069,0.8579263687133789
image_907,0.03816036134958267
image_9070,0.04243006184697151
image_9071,0.21864967048168182
image_9072,0.2812674045562744
image_9073,0.24286217987537384
image_9074,0.34262049198150635
image_9075,0.052660584449768066
image_9076,0.3182203471660614
image_9077,0.27240297198295593
image_9078,0.12755389511585236
image_9079,0.1355762481689453
image_908,0.17351248860359192
image_9080,0.15483689308166504
image_9081,0.347262978553772
image_9082,0.3252236545085907
image_9083,0.12686504423618317
image_9084,0.0468934029340744
image_9085,0.09670763462781906
image_9086,0.30574271082878113
image_9087,0.2570492923259735
image_9088,0.625744104385376
image_9089,0.07656610012054443
image_909,0.10991852730512619
image_9090,0.6465283632278442
image_9091,0.0736783966422081
image_9092,0.43828222155570984
image_9093,0.05146670341491699
image_9094,0.1640656441450119
image_9095,0.06703128665685654
image_9096,0.30922839045524597
image_9097,0.25126945972442627
image_9098,0.15409457683563232
image_9099,0.30328065156936646
image_91,0.04674733057618141
image_910,0.31355807185173035
image_9100,0.22165994346141815
image_9101,0.0551653616130352
image_9102,0.02775699272751808
image_9103,0.21525387465953827
image_9104,0.3299582600593567
image_9105,0.3282600939273834
image_9106,0.3074536919593811
image_9107,0.13030877709388733
image_9108,0.06823659688234329
image_9109,0.0888674333691597
image_911,0.13161830604076385
image_9110,0.07414437085390091
image_9111,0.16673491895198822
image_9112,0.13828137516975403
image_9113,0.19817017018795013
image_9114,0.6451168060302734
image_9115,0.09871955215930939
image_9116,0.4221651554107666
image_9117,0.10630626976490021
image_9118,0.16471678018569946
image_9119,0.23517096042633057
image_912,0.0741325244307518
image_9120,0.2813622057437897
image_9121,0.20064817368984222
image_9122,0.31750747561454773
image_9123,0.22280387580394745
image_9124,0.11668279021978378
image_9125,0.5697254538536072
image_9126,0.21220354735851288
image_9127,0.17806529998779297
image_9128,0.061033088713884354
image_9129,0.18654632568359375
image_913,0.271730899810791
image_9130,0.0416334830224514
image_9131,0.41902515292167664
image_9132,0.07504599541425705
image_9133,0.2210851013660431
image_9134,0.14607463777065277
image_9135,0.15848515927791595
image_9136,0.26559871435165405
image_9137,0.03840198740363121
image_9138,0.5321559309959412
image_9139,0.048678066581487656
image_914,0.15163858234882355
image_9140,0.16380427777767181
image_9141,0.4144302308559418
image_9142,0.2093634158372879
image_9143,0.13396236300468445
image_9144,0.17357800900936127
image_9145,0.3016606271266937
image_9146,0.24184076488018036
image_9147,0.6529688835144043
image_9148,0.512688159942627
image_9149,0.12282484769821167
image_915,0.05834170803427696
image_9150,0.661986768245697
image_9151,0.8332999348640442
image_9152,0.061507996171712875
image_9153,0.06726553291082382
image_9154,0.1625339835882187
image_9155,0.16988793015480042
image_9156,0.09635504335165024
image_9157,0.049845144152641296
image_9158,0.238895446062088
image_9159,0.16887874901294708
image_916,0.12239032983779907
image_9160,0.04677195101976395
image_9161,0.46941637992858887
image_9162,0.15360739827156067
image_9163,0.06212708353996277
image_9164,0.20210304856300354
image_9165,0.5977122187614441
image_9166,0.10002607107162476
image_9167,0.21717393398284912
image_9168,0.2332926243543625
image_9169,0.19289937615394592
image_917,0.263430118560791
image_9170,0.24653954803943634
image_9171,0.06704678386449814
image_9172,0.1189744845032692
image_9173,0.25801002979278564
image_9174,0.23619580268859863
image_9175,0.6354486346244812
image_9176,0.10833033174276352
image_9177,0.22487635910511017
image_9178,0.3452502191066742
image_9179,0.33115607500076294
image_918,0.17436635494232178
image_9180,0.15932880342006683
image_9181,0.17534580826759338
image_9182,0.8092824220657349
image_9183,0.26793670654296875
image_9184,0.2634783685207367
image_9185,0.12575022876262665
image_9186,0.07625787705183029
image_9187,0.6315612196922302
image_9188,0.5754527449607849
image_9189,0.06843824684619904
image_919,0.27222663164138794
image_9190,0.26330849528312683
image_9191,0.2744866907596588
image_9192,0.036942098289728165
image_9193,0.1911933273077011
image_9194,0.13916698098182678
image_9195,0.21115458011627197
image_9196,0.1366247683763504
image_9197,0.6993975043296814
image_9198,0.41702863574028015
image_9199,0.4298163950443268
image_92,0.21213316917419434
image_920,0.4236854612827301
image_9200,0.15659824013710022
image_9201,0.5807254910469055
image_9202,0.11629865318536758
image_9203,0.06525730341672897
image_9204,0.12920759618282318
image_9205,0.17346303164958954
image_9206,0.19058464467525482
image_9207,0.3569035530090332
image_9208,0.10804646462202072
image_9209,0.3014606237411499
image_921,0.3461117446422577
image_9210,0.37696731090545654
image_9211,0.27472245693206787
image_9212,0.19092535972595215
image_9213,0.2928127348423004
image_9214,0.11289018392562866
image_9215,0.026517588645219803
image_9216,0.21069565415382385
image_9217,0.3932349383831024
image_9218,0.5030199289321899
image_9219,0.13866622745990753
image_922,0.21154563128948212
image_9220,0.456712931394577
image_9221,0.3596601188182831
image_9222,0.08841010928153992
image_9223,0.767853319644928
image_9224,0.17096519470214844
image_9225,0.24837107956409454
image_9226,0.08208166807889938
image_9227,0.14904986321926117
image_9228,0.31221482157707214
image_9229,0.2955242693424225
image_923,0.2803305387496948
image_9230,0.08440060913562775
image_9231,0.3129936754703522
image_9232,0.04565358906984329
image_9233,0.06379155814647675
image_9234,0.10771375894546509
image_9235,0.12207590788602829
image_9236,0.2662569582462311
image_9237,0.24902629852294922
image_9238,0.8002090454101562
image_9239,0.19276444613933563
image_924,0.08614828437566757
image_9240,0.7332548499107361
image_9241,0.334136426448822
image_9242,0.10581064224243164
image_9243,0.2997756898403168
image_9244,0.05015259608626366
image_9245,0.27891191840171814
image_9246,0.2098064422607422
image_9247,0.18487441539764404
image_9248,0.11074583977460861
image_9249,0.19771531224250793
image_925,0.15677250921726227
image_9250,0.05521838739514351
image_9251,0.16757340729236603
image_9252,0.130412757396698
image_9253,0.23568923771381378
image_9254,0.4291764199733734
image_9255,0.044613782316446304
image_9256,0.2766406536102295
image_9257,0.2700025737285614
image_9258,0.5687502026557922
image_9259,0.14097152650356293
image_926,0.13717885315418243
image_9260,0.15211071074008942
image_9261,0.3315715789794922
image_9262,0.2611129879951477
image_9263,0.324165403842926
image_9264,0.10789140313863754
image_9265,0.108720563352108
image_9266,0.7250990271568298
image_9267,0.04764065891504288
image_9268,0.4244576096534729
image_9269,0.7665124535560608
image_927,0.5094078183174133
image_9270,0.2693823277950287
image_9271,0.048058751970529556
image_9272,0.3027031421661377
image_9273,0.14937740564346313
image_9274,0.2901726961135864
image_9275,0.17924880981445312
image_9276,0.2416008710861206
image_9277,0.17051933705806732
image_9278,0.17694811522960663
image_9279,0.19462256133556366
image_928,0.1974489688873291
image_9280,0.2718290388584137
image_9281,0.1387992650270462
image_9282,0.32029014825820923
image_9283,0.055402904748916626
image_9284,0.1291959136724472
image_9285,0.0495370589196682
image_9286,0.2438288927078247
image_9287,0.06787436455488205
image_9288,0.07728254050016403
image_9289,0.29333749413490295
image_929,0.2336914986371994
image_9290,0.3128548562526703
image_9291,0.11999982595443726
image_9292,0.03461984544992447
image_9293,0.7344444394111633
image_9294,0.11689477413892746
image_9295,0.22200432419776917
image_9296,0.10625817626714706
image_9297,0.1514711230993271
image_9298,0.11870715767145157
image_9299,0.48025426268577576
image_93,0.06684375554323196
image_930,0.2803357243537903
image_9300,0.7155780792236328
image_9301,0.20422868430614471
image_9302,0.23072674870491028
image_9303,0.09979622066020966
image_9304,0.10701315850019455
image_9305,0.12215409427881241
image_9306,0.26562362909317017
image_9307,0.14521463215351105
image_9308,0.31122487783432007
image_9309,0.14452128112316132
image_931,0.2429501861333847
image_9310,0.05883823707699776
image_9311,0.22383764386177063
image_9312,0.3151414096355438
image_9313,0.188219353556633
image_9314,0.7045305967330933
image_9315,0.11341585963964462
image_9316,0.22561226785182953
image_9317,0.2524280250072479
image_9318,0.2501002252101898
image_9319,0.10614373534917831
image_932,0.5375458598136902
image_9320,0.22059956192970276
image_9321,0.29012760519981384
image_9322,0.06149699166417122
image_9323,0.1688990294933319
image_9324,0.25180599093437195
image_9325,0.7349629998207092
image_9326,0.2110181301832199
image_9327,0.30514732003211975
image_9328,0.09604551643133163
image_9329,0.26883456110954285
image_933,0.3083922863006592
image_9330,0.10672475397586823
image_9331,0.008447183296084404
image_9332,0.6751121878623962
image_9333,0.1257270872592926
image_9334,0.4345407485961914
image_9335,0.08192400634288788
image_9336,0.2698483467102051
image_9337,0.10253355652093887
image_9338,0.3206150233745575
image_9339,0.23759976029396057
image_934,0.09700828045606613
image_9340,0.14020979404449463
image_9341,0.06899581104516983
image_9342,0.6192518472671509
image_9343,0.27565664052963257
image_9344,0.33388200402259827
image_9345,0.3281911313533783
image_9346,0.0839480385184288
image_9347,0.16314320266246796
image_9348,0.17142808437347412
image_9349,0.43484488129615784
image_935,0.1329679936170578
image_9350,0.10440672934055328
image_9351,0.5953239798545837
image_9352,0.1464681625366211
image_9353,0.18743287026882172
image_9354,0.07814698666334152
image_9355,0.35457220673561096
image_9356,0.15989477932453156
image_9357,0.0819348618388176
image_9358,0.20033951103687286
image_9359,0.27999550104141235
image_936,0.3467836380004883
image_9360,0.24417391419410706
image_9361,0.777044951915741
image_9362,0.2788545489311218
image_9363,0.7889477610588074
image_9364,0.11474298685789108
image_9365,0.04570423811674118
image_9366,0.23926734924316406
image_9367,0.24127140641212463
image_9368,0.007499241270124912
image_9369,0.12410475313663483
image_937,0.061827730387449265
image_9370,0.2230714112520218
image_9371,0.08738081157207489
image_9372,0.30512744188308716
image_9373,0.020344853401184082
image_9374,0.09371908754110336
image_9375,0.12087693065404892
image_9376,0.14012174308300018
image_9377,0.35822293162345886
image_9378,0.11794178932905197
image_9379,0.15995977818965912
image_938,0.1686076819896698
image_9380,0.35373035073280334
image_9381,0.11347668617963791
image_9382,0.31871333718299866
image_9383,0.1776067316532135
image_9384,0.07027619332075119
image_9385,0.1840226948261261
image_9386,0.2515416145324707
image_9387,0.34305253624916077
image_9388,0.0882761999964714
image_9389,0.08461423963308334
image_939,0.5109211206436157
image_9390,0.07964442670345306
image_9391,0.6192541718482971
image_9392,0.35374733805656433
image_9393,0.26711446046829224
image_9394,0.1320735067129135
image_9395,0.21075506508350372
image_9396,0.2658489942550659
image_9397,0.16189353168010712
image_9398,0.19453981518745422
image_9399,0.07904473692178726
image_94,0.18324808776378632
image_940,0.14184507727622986
image_9400,0.1889248937368393
image_9401,0.25286126136779785
image_9402,0.39499279856681824
image_9403,0.3797387480735779
image_9404,0.16009803116321564
image_9405,0.6505509614944458
image_9406,0.4011699855327606
image_9407,0.27895864844322205
image_9408,0.346958190202713
image_9409,0.2798481583595276
image_941,0.10885133594274521
image_9410,0.2603313624858856
image_9411,0.2362748384475708
image_9412,0.33918270468711853
image_9413,0.6062714457511902
image_9414,0.018170315772294998
image_9415,0.2529047429561615
image_9416,0.24523501098155975
image_9417,0.24072971940040588
image_9418,0.04859797656536102
image_9419,0.2755318284034729
image_942,0.8227310180664062
image_9420,0.24511714279651642
image_9421,0.04698432609438896
image_9422,0.14856275916099548
image_9423,0.0842345729470253
image_9424,0.4954374432563782
image_9425,0.1879819631576538
image_9426,0.6462724804878235
image_9427,0.05767090991139412
image_9428,0.31696856021881104
image_9429,0.08787642419338226
image_943,0.176761656999588
image_9430,0.24982507526874542
image_9431,0.5487877130508423
image_9432,0.39142388105392456
image_9433,0.13160191476345062
image_9434,0.05907020717859268
image_9435,0.7313657999038696
image_9436,0.17932312190532684
image_9437,0.10759793967008591
image_9438,0.10669350624084473
image_9439,0.1181330680847168
image_944,0.1829526275396347
image_9440,0.6462650299072266
image_9441,0.039099615067243576
image_9442,0.10086806118488312
image_9443,0.0729447528719902
image_9444,0.17289948463439941
image_9445,0.07257448881864548
image_9446,0.034952662885189056
image_9447,0.15509556233882904
image_9448,0.29421502351760864
image_9449,0.057382505387067795
image_945,0.4967523515224457
image_9450,0.3596949279308319
image_9451,0.33290502429008484
image_9452,0.09872625768184662
image_9453,0.18878231942653656
image_9454,0.01842471770942211
image_9455,0.2039618045091629
image_9456,0.1611158698797226
image_9457,0.19353465735912323
image_9458,0.21275055408477783
image_9459,0.04187511280179024
image_946,0.2070525884628296
image_9460,0.22913983464241028
image_9461,0.12238091230392456
image_9462,0.15964536368846893
image_9463,0.07328083366155624
image_9464,0.1937275528907776
image_9465,0.3698846101760864
image_9466,0.15304683148860931
image_9467,0.16871587932109833
image_9468,0.12598662078380585
image_9469,0.15420866012573242
image_947,0.16391417384147644
image_9470,0.3390129506587982
image_9471,0.39985939860343933
image_9472,0.2522236406803131
image_9473,0.04276345297694206
image_9474,0.15603134036064148
image_9475,0.07443630695343018
image_9476,0.42699599266052246
image_9477,0.07262192666530609
image_9478,0.15213917195796967
image_9479,0.18932421505451202
image_948,0.19093279540538788
image_9480,0.1820129156112671
image_9481,0.12279155105352402
image_9482,0.2514002323150635
image_9483,0.1649041622877121
image_9484,0.18897691369056702
image_9485,0.2121034413576126
image_9486,0.13791774213314056
image_9487,0.010029690340161324
image_9488,0.17272549867630005
image_9489,0.2526176869869232
image_949,0.17844882607460022
image_9490,0.21453693509101868
image_9491,0.1921030879020691
image_9492,0.2850360572338104
image_9493,0.10676553100347519
image_9494,0.247614786028862
image_9495,0.9056692123413086
image_9496,0.12126965820789337
image_9497,0.15735889971256256
image_9498,0.06927956640720367
image_9499,0.21704541146755219
image_95,0.10057337582111359
image_950,0.11753445118665695
image_9500,0.33303818106651306
image_9501,0.05186519771814346
image_9502,0.1778852492570877
image_9503,0.04251773655414581
image_9504,0.800279438495636
image_9505,0.2548026144504547
image_9506,0.7184576392173767
image_9507,0.05518529936671257
image_9508,0.2689923346042633
image_9509,0.23602043092250824
image_951,0.17579969763755798
image_9510,0.1509963721036911
image_9511,0.47086891531944275
image_9512,0.1931220293045044
image_9513,0.16007064282894135
image_9514,0.25743991136550903
image_9515,0.6060619950294495
image_9516,0.7627376914024353
image_9517,0.2385706901550293
image_9518,0.03477713093161583
image_9519,0.1764930784702301
image_952,0.20508220791816711
image_9520,0.4779282510280609
image_9521,0.19897925853729248
image_9522,0.2904660999774933
image_9523,0.0972609668970108
image_9524,0.3070468604564667
image_9525,0.15512901544570923
image_9526,0.2224293202161789
image_9527,0.1626642495393753
image_9528,0.24840779602527618
image_9529,0.8106774687767029
image_953,0.27936679124832153
image_9530,0.07419989258050919
image_9531,0.14392083883285522
image_9532,0.15450406074523926
image_9533,0.07161247730255127
image_9534,0.38013026118278503
image_9535,0.2635153830051422
image_9536,0.1840193271636963
image_9537,0.033032674342393875
image_9538,0.6682525873184204
image_9539,0.18411700427532196
image_954,0.10009582340717316
image_9540,0.034524355083703995
image_9541,0.5783448219299316
image_9542,0.3758107125759125
image_9543,0.6788286566734314
image_9544,0.07264314591884613
image_9545,0.3203645348548889
image_9546,0.2969844341278076
image_9547,0.1438029557466507
image_9548,0.020067041739821434
image_9549,0.2369990348815918
image_955,0.18156258761882782
image_9550,0.10680776834487915
image_9551,0.126961812376976
image_9552,0.1813029646873474
image_9553,0.32464733719825745
image_9554,0.06713339686393738
image_9555,0.235172301530838
image_9556,0.25795525312423706
image_9557,0.20774853229522705
image_9558,0.3841761648654938
image_9559,0.32366544008255005
image_956,0.3709341883659363
image_9560,0.1617308408021927
image_9561,0.06485146284103394
image_9562,0.2678265869617462
image_9563,0.2338557243347168
image_9564,0.1628418266773224
image_9565,0.09891452640295029
image_9566,0.1075172945857048
image_9567,0.15578413009643555
image_9568,0.1692621409893036
image_9569,0.028384674340486526
image_957,0.20302601158618927
image_9570,0.1003912016749382
image_9571,0.05583838373422623
image_9572,0.1041359230875969
image_9573,0.21528156101703644
image_9574,0.04939771816134453
image_9575,0.16850122809410095
image_9576,0.05556512996554375
image_9577,0.22172002494335175
image_9578,0.1937519907951355
image_9579,0.6183497309684753
image_958,0.13497480750083923
image_9580,0.04548516497015953
image_9581,0.17232772707939148
image_9582,0.04168440029025078
image_9583,0.2567719519138336
image_9584,0.04494230076670647
image_9585,0.8818719983100891
image_9586,0.46294745802879333
image_9587,0.11108153313398361
image_9588,0.27761349081993103
image_9589,0.09093251079320908
image_959,0.12855522334575653
image_9590,0.13942120969295502
image_9591,0.058143675327301025
image_9592,0.09415022283792496
image_9593,0.10443998873233795
image_9594,0.32260432839393616
image_9595,0.15513792634010315
image_9596,0.20096993446350098
image_9597,0.37035268545150757
image_9598,0.1884644329547882
image_9599,0.15840302407741547
image_96,0.24147844314575195
image_960,0.021342365071177483
image_9600,0.15022675693035126
image_9601,0.09270911663770676
image_9602,0.12823162972927094
image_9603,0.12254422158002853
image_9604,0.058530569076538086
image_9605,0.18957147002220154
image_9606,0.3240210711956024
image_9607,0.23628921806812286
image_9608,0.0847955122590065
image_9609,0.33641916513442993
image_961,0.03578704223036766
image_9610,0.31832247972488403
image_9611,0.30075231194496155
image_9612,0.11566608399152756
image_9613,0.07976768165826797
image_9614,0.2234850376844406
image_9615,0.1588830053806305
image_9616,0.5538743734359741
image_9617,0.39577317237854004
image_9618,0.37538856267929077
image_9619,0.2756401002407074
image_962,0.3348669707775116
image_9620,0.07452628761529922
image_9621,0.1957772970199585
image_9622,0.036992620676755905
image_9623,0.4447188377380371
image_9624,0.19824616611003876
image_9625,0.19200947880744934
image_9626,0.24467873573303223
image_9627,0.12374959141016006
image_9628,0.10577143728733063
image_9629,0.1555738002061844
image_963,0.02108904719352722
image_9630,0.156109020113945
image_9631,0.15536987781524658
image_9632,0.21722295880317688
image_9633,0.06835196167230606
image_9634,0.13450132310390472
image_9635,0.22761037945747375
image_9636,0.33598095178604126
image_9637,0.17492371797561646
image_9638,0.17940011620521545
image_9639,0.32081830501556396
image_964,0.15183499455451965
image_9640,0.07789670675992966
image_9641,0.5537521243095398
image_9642,0.03229047730565071
image_9643,0.1329878866672516
image_9644,0.32374271750450134
image_9645,0.15702085196971893
image_9646,0.059205688536167145
image_9647,0.14057202637195587
image_9648,0.0869545117020607
image_9649,0.1426270753145218
image_965,0.6395556330680847
image_9650,0.1181759163737297
image_9651,0.7373900413513184
image_9652,0.259317010641098
image_9653,0.2408147156238556
image_9654,0.3037338852882385
image_9655,0.5235108137130737
image_9656,0.09992843121290207
image_9657,0.36345916986465454
image_9658,0.28469353914260864
image_9659,0.1328819841146469
image_966,0.10012584179639816
image_9660,0.10525822639465332
image_9661,0.3591252267360687
image_9662,0.29129642248153687
image_9663,0.0632324367761612
image_9664,0.237846240401268
image_9665,0.09194635599851608
image_9666,0.5203713774681091
image_9667,0.3482523262500763
image_9668,0.6764690279960632
image_9669,0.2338757961988449
image_967,0.3184249699115753
image_9670,0.17012973129749298
image_9671,0.20458216965198517
image_9672,0.35699328780174255
image_9673,0.07714519649744034
image_9674,0.1913413256406784
image_9675,0.26408034563064575
image_9676,0.23833827674388885
image_9677,0.8944336175918579
image_9678,0.07456401735544205
image_9679,0.30509981513023376
image_968,0.1322399526834488
image_9680,0.228694349527359
image_9681,0.07040964066982269
image_9682,0.3425694406032562
image_9683,0.15480008721351624
image_9684,0.09380076080560684
image_9685,0.14296875894069672
image_9686,0.07605624198913574
image_9687,0.38972434401512146
image_9688,0.13401632010936737
image_9689,0.10537352412939072
image_969,0.23753419518470764
image_9690,0.11731064319610596
image_9691,0.11242134869098663
image_9692,0.1902553290128708
image_9693,0.150297150015831
image_9694,0.38255077600479126
image_9695,0.19519345462322235
image_9696,0.13124673068523407
image_9697,0.14237132668495178
image_9698,0.44653812050819397
image_9699,0.12449038028717041
image_97,0.04212508350610733
image_970,0.8432125449180603
image_9700,0.20555292069911957
image_9701,0.4315313398838043
image_9702,0.11515157669782639
image_9703,0.1565173864364624
image_9704,0.1953429877758026
image_9705,0.2403126209974289
image_9706,0.29971691966056824
image_9707,0.344696044921875
image_9708,0.2030618041753769
image_9709,0.863254189491272
image_971,0.6596586108207703
image_9710,0.17840521037578583
image_9711,0.21216635406017303
image_9712,0.0731029137969017
image_9713,0.16629436612129211
image_9714,0.22541561722755432
image_9715,0.438265323638916
image_9716,0.5287648439407349
image_9717,0.19351670145988464
image_9718,0.1487477421760559
image_9719,0.05112940073013306
image_972,0.49540138244628906
image_9720,0.033115681260824203
image_9721,0.1601216346025467
image_9722,0.21060000360012054
image_9723,0.09013590216636658
image_9724,0.3526379466056824
image_9725,0.09234131872653961
image_9726,0.28322240710258484
image_9727,0.28497129678726196
image_9728,0.24788518249988556
image_9729,0.20047926902770996
image_973,0.10904395580291748
image_9730,0.4102328419685364
image_9731,0.14339451491832733
image_9732,0.2826997935771942
image_9733,0.14825794100761414
image_9734,0.26863256096839905
image_9735,0.5369648337364197
image_9736,0.0707622841000557
image_9737,0.13024640083312988
image_9738,0.07918768376111984
image_9739,0.15641622245311737
image_974,0.19727860391139984
image_9740,0.16450940072536469
image_9741,0.11862478405237198
image_9742,0.4627764821052551
image_9743,0.46835166215896606
image_9744,0.4164215624332428
image_9745,0.14561481773853302
image_9746,0.3075362741947174
image_9747,0.07768674194812775
image_9748,0.23046870529651642
image_9749,0.04846477508544922
image_975,0.3654427230358124
image_9750,0.26726365089416504
image_9751,0.26873651146888733
image_9752,0.15438905358314514
image_9753,0.6541587710380554
image_9754,0.12334225326776505
image_9755,0.11122164875268936
image_9756,0.3183799088001251
image_9757,0.2724403440952301
image_9758,0.21639016270637512
image_9759,0.14907658100128174
image_976,0.7038125395774841
image_9760,0.14694605767726898
image_9761,0.17431135475635529
image_9762,0.45878154039382935
image_9763,0.21173082292079926
image_9764,0.07383811473846436
image_9765,0.14440739154815674
image_9766,0.3183979094028473
image_9767,0.23007450997829437
image_9768,0.039179980754852295
image_9769,0.23393116891384125
image_977,0.2344263792037964
image_9770,0.4197666645050049
image_9771,0.2118653506040573
image_9772,0.13687419891357422
image_9773,0.21560536324977875
image_9774,0.11911692470312119
image_9775,0.23362122476100922
image_9776,0.7799765467643738
image_9777,0.15284977853298187
image_9778,0.023819459602236748
image_9779,0.05273977667093277
image_978,0.1264551728963852
image_9780,0.2089226245880127
image_9781,0.3157865107059479
image_9782,0.16259345412254333
image_9783,0.22921526432037354
image_9784,0.11565988510847092
image_9785,0.2729877531528473
image_9786,0.07289475947618484
image_9787,0.20004764199256897
image_9788,0.04156758263707161
image_9789,0.24474048614501953
image_979,0.08732319623231888
image_9790,0.06660421192646027
image_9791,0.38688498735427856
image_9792,0.1316097229719162
image_9793,0.138522669672966
image_9794,0.3665790855884552
image_9795,0.5073503851890564
image_9796,0.3838823437690735
image_9797,0.20214290916919708
image_9798,0.08380430191755295
image_9799,0.20567624270915985
image_98,0.15023007988929749
image_980,0.2643556296825409
image_9800,0.07443039864301682
image_9801,0.6397184133529663
image_9802,0.3797978460788727
image_9803,0.2126120626926422
image_9804,0.6477856040000916
image_9805,0.7309091687202454
image_9806,0.547764778137207
image_9807,0.17630745470523834
image_9808,0.25280341506004333
image_9809,0.2034246027469635
image_981,0.1939224749803543
image_9810,0.14122985303401947
image_9811,0.17104195058345795
image_9812,0.7632655501365662
image_9813,0.05876540020108223
image_9814,0.3540077805519104
image_9815,0.2991117238998413
image_9816,0.23421955108642578
image_9817,0.18235938251018524
image_9818,0.12211974710226059
image_9819,0.3575840890407562
image_982,0.11988373845815659
image_9820,0.15079157054424286
image_9821,0.16061292588710785
image_9822,0.4055797755718231
image_9823,0.3414998948574066
image_9824,0.08305929601192474
image_9825,0.14236102998256683
image_9826,0.04415871575474739
image_9827,0.0818207636475563
image_9828,0.657995879650116
image_9829,0.23255673050880432
image_983,0.3250868618488312
image_9830,0.18499211966991425
image_9831,0.12621378898620605
image_9832,0.22140316665172577
image_9833,0.13368035852909088
image_9834,0.304362028837204
image_9835,0.4364316165447235
image_9836,0.34972381591796875
image_9837,0.20566295087337494
image_9838,0.4205563962459564
image_9839,0.051881540566682816
image_984,0.05642130970954895
image_9840,0.23269371688365936
image_9841,0.08796411007642746
image_9842,0.20164628326892853
image_9843,0.05828884243965149
image_9844,0.059288300573825836
image_9845,0.23384685814380646
image_9846,0.24796028435230255
image_9847,0.04703615605831146
image_9848,0.5437143445014954
image_9849,0.13375432789325714
image_985,0.4902455508708954
image_9850,0.0730818659067154
image_9851,0.1131928488612175
image_9852,0.09289677441120148
image_9853,0.30027568340301514
image_9854,0.03502345085144043
image_9855,0.07391434162855148
image_9856,0.3804217576980591
image_9857,0.24118371307849884
image_9858,0.08198922872543335
image_9859,0.12433793395757675
image_986,0.7065612077713013
image_9860,0.378805011510849
image_9861,0.43037912249565125
image_9862,0.10263252258300781
image_9863,0.12878552079200745
image_9864,0.061643291264772415
image_9865,0.1493661105632782
image_9866,0.4176337718963623
image_9867,0.19039286673069
image_9868,0.29788628220558167
image_9869,0.13166704773902893
image_987,0.5615288019180298
image_9870,0.35206231474876404
image_9871,0.5974440574645996
image_9872,0.1487467736005783
image_9873,0.08413386344909668
image_9874,0.29066237807273865
image_9875,0.04420803114771843
image_9876,0.1255161315202713
image_9877,0.32269224524497986
image_9878,0.18834294378757477
image_9879,0.7924546003341675
image_988,0.30429181456565857
image_9880,0.557910680770874
image_9881,0.01964445412158966
image_9882,0.08072574436664581
image_9883,0.7713343501091003
image_9884,0.805890679359436
image_9885,0.21466200053691864
image_9886,0.1673743575811386
image_9887,0.1580587476491928
image_9888,0.11920154094696045
image_9889,0.06860440969467163
image_989,0.2301589548587799
image_9890,0.1458769142627716
image_9891,0.13026659190654755
image_9892,0.2182440608739853
image_9893,0.6303219795227051
image_9894,0.1362747997045517
image_9895,0.09478141367435455
image_9896,0.14946959912776947
image_9897,0.1604829877614975
image_9898,0.2425592690706253
image_9899,0.5818403363227844
image_99,0.2820417582988739
image_990,0.16817457973957062
image_9900,0.1312265843153
image_9901,0.17061343789100647
image_9902,0.09781616181135178
image_9903,0.17353664338588715
image_9904,0.15946121513843536
image_9905,0.24301736056804657
image_9906,0.21183381974697113
image_9907,0.4057987332344055
image_9908,0.161991149187088
image_9909,0.5120840072631836
image_991,0.10856232792139053
image_9910,0.25840112566947937
image_9911,0.10267430543899536
image_9912,0.26688575744628906
image_9913,0.3088490664958954
image_9914,0.09693934768438339
image_9915,0.10941169410943985
image_9916,0.3920685946941376
image_9917,0.10830145329236984
image_9918,0.42162057757377625
image_9919,0.19365118443965912
image_992,0.06801630556583405
image_9920,0.3406659662723541
image_9921,0.537814199924469
image_9922,0.06756064295768738
image_9923,0.20023541152477264
image_9924,0.12545500695705414
image_9925,0.6711819767951965
image_9926,0.3456033170223236
image_9927,0.032711368054151535
image_9928,0.17811253666877747
image_9929,0.08302488178014755
image_993,0.06997121870517731
image_9930,0.5363167524337769
image_9931,0.18347634375095367
image_9932,0.1511995643377304
image_9933,0.17919526994228363
image_9934,0.08234068006277084
image_9935,0.5409400463104248
image_9936,0.30431073904037476
image_9937,0.20105837285518646
image_9938,0.09080218523740768
image_9939,0.028550440445542336
image_994,0.7479729056358337
image_9940,0.18825945258140564
image_9941,0.22325487434864044
image_9942,0.1739138662815094
image_9943,0.2565270960330963
image_9944,0.17403380572795868
image_9945,0.12558308243751526
image_9946,0.10038552433252335
image_9947,0.04768272116780281
image_9948,0.14585138857364655
image_9949,0.047384072095155716
image_995,0.08835472166538239
image_9950,0.32421156764030457
image_9951,0.3820974826812744
image_9952,0.058136116713285446
image_9953,0.7463679909706116
image_9954,0.19634665548801422
image_9955,0.2622852325439453
image_9956,0.1344069093465805
image_9957,0.2902109920978546
image_9958,0.08690950274467468
image_9959,0.7946171760559082
image_996,0.5313367247581482
image_9960,0.048303067684173584
image_9961,0.7299064993858337
image_9962,0.07132361829280853
image_9963,0.3816695213317871
image_9964,0.1126004084944725
image_9965,0.05637536197900772
image_9966,0.062322743237018585
image_9967,0.8199486136436462
image_9968,0.23722486197948456
image_9969,0.7427544593811035
image_997,0.07304932922124863
image_9970,0.14459240436553955
image_9971,0.09406150877475739
image_9972,0.23796871304512024
image_9973,0.11135285347700119
image_9974,0.39766430854797363
image_9975,0.14335313439369202
image_9976,0.05638895556330681
image_9977,0.22650201618671417
image_9978,0.2944447994232178
image_9979,0.07804026454687119
image_998,0.42477113008499146
image_9980,0.2229662984609604
image_9981,0.2483430951833725
image_9982,0.2916949689388275
image_9983,0.04789013788104057
image_9984,0.10346084088087082
image_9985,0.23292756080627441
image_9986,0.263592004776001
image_9987,0.05053127929568291
image_9988,0.14215917885303497
image_9989,0.19416706264019012
image_999,0.49039632081985474
image_9990,0.3872987926006317
image_9991,0.7981531023979187
image_9992,0.10462179034948349
image_9993,0.11597251892089844
image_9994,0.675630509853363
image_9995,0.845355212688446
image_9996,0.046876873821020126
image_9997,0.7158268094062805
image_9998,0.9178053736686707
image_9999,0.2010011523962021
