image_name,malignancy_probability
image_1,0.00031695410143584013
image_10,0.0007470890413969755
image_100,0.00013084251258987933
image_1000,0.00017690547974780202
image_10000,0.004654089454561472
image_10001,0.006761009339243174
image_10002,0.0005349275888875127
image_10003,0.9638187289237976
image_10004,0.001020026975311339
image_10005,0.016749918460845947
image_10006,0.0026126946322619915
image_10007,0.0018902348820120096
image_10008,0.02397007867693901
image_10009,0.026142356917262077
image_1001,0.7822677493095398
image_10010,0.0028667279984802008
image_10011,0.001461268519051373
image_10012,0.00013946906256023794
image_10013,0.0002776378532871604
image_10014,0.24459528923034668
image_10015,0.022535916417837143
image_10016,0.009886038489639759
image_10017,0.00013388364459387958
image_10018,9.715170745039359e-05
image_10019,0.0006362300482578576
image_1002,0.040429119020700455
image_10020,0.0012044544564560056
image_10021,0.02607988752424717
image_10022,0.0026027692947536707
image_10023,0.021402768790721893
image_10024,2.6045010599773377e-05
image_10025,0.0026346808299422264
image_10026,0.01758810132741928
image_10027,0.001516002812422812
image_10028,0.0007790634990669787
image_10029,0.0003916555142495781
image_1003,0.9790453314781189
image_10030,0.0344262532889843
image_10031,0.0004405449435580522
image_10032,0.2973163425922394
image_10033,9.861012586043216e-06
image_10034,0.010182462632656097
image_10035,0.05520384758710861
image_10036,0.9521431922912598
image_10037,0.0033649359829723835
image_10038,0.03687174618244171
image_10039,0.00019540192442946136
image_1004,0.001670320169068873
image_10040,0.019656946882605553
image_10041,0.007717945612967014
image_10042,0.0040246471762657166
image_10043,0.004567700903862715
image_10044,0.00438752630725503
image_10045,0.7593812346458435
image_10046,0.0007863512146286666
image_10047,0.0026004358660429716
image_10048,0.0026360645424574614
image_10049,0.9675068855285645
image_1005,0.8071487545967102
image_10050,0.017738450318574905
image_10051,0.00463512260466814
image_10052,0.007735237944871187
image_10053,0.0008657590369693935
image_10054,0.00019578650244511664
image_10055,0.3240765631198883
image_10056,0.018420567736029625
image_10057,0.1654524952173233
image_10058,0.001322565134614706
image_10059,0.0003776289231609553
image_1006,0.0001487854024162516
image_10060,0.0005409283330664039
image_10061,0.0013428350212052464
image_10062,0.0005594397080130875
image_10063,0.004289134405553341
image_10064,0.0003941940376535058
image_10065,0.038440901786088943
image_10066,0.020183635875582695
image_10067,0.05815429240465164
image_10068,0.9986782670021057
image_10069,0.014751930721104145
image_1007,0.9957582354545593
image_10070,0.8380645513534546
image_10071,0.0003857615520246327
image_10072,0.02151699736714363
image_10073,0.01118839718401432
image_10074,0.002864935901015997
image_10075,0.03600325062870979
image_10076,0.0006320562097243965
image_10077,0.0013336468255147338
image_10078,0.035775668919086456
image_10079,0.0004202449636068195
image_1008,0.0024999300949275494
image_10080,0.00021252511942293495
image_10081,7.438501052092761e-05
image_10082,0.0008806675323285162
image_10083,0.0025861605536192656
image_10084,0.0007655887748114765
image_10085,0.00985328946262598
image_10086,0.006315016653388739
image_10087,0.0002685419749468565
image_10088,0.0007358088041655719
image_10089,0.017787611111998558
image_1009,0.0009413765510544181
image_10090,0.002237491076812148
image_10091,0.05018765106797218
image_10092,0.9760255813598633
image_10093,0.0038073938339948654
image_10094,0.056004974991083145
image_10095,0.05030887946486473
image_10096,9.2887639766559e-05
image_10097,0.0016578718787059188
image_10098,0.008127113804221153
image_10099,0.003047117730602622
image_101,0.005096642766147852
image_1010,0.307821124792099
image_10100,0.00034467061050236225
image_10101,0.00012730169692076743
image_10102,0.0015156441368162632
image_10103,0.0007060609641484916
image_10104,0.8629523515701294
image_10105,0.04735785722732544
image_10106,0.0017269242089241743
image_10107,0.0002767456753645092
image_10108,4.491509753279388e-05
image_10109,0.016831036657094955
image_1011,0.0016025337390601635
image_10110,0.9815503358840942
image_10111,0.0038911059964448214
image_10112,9.400612907484174e-05
image_10113,0.0025734223891049623
image_10114,0.0025374973192811012
image_10115,0.8271796703338623
image_10116,0.7145220041275024
image_10117,0.0013327377382665873
image_10118,0.0035219991113990545
image_10119,0.49604299664497375
image_1012,0.0003949943056795746
image_10120,0.22389604151248932
image_10121,0.004667673725634813
image_10122,0.0013712556101381779
image_10123,0.0004438251780811697
image_10124,0.004718158859759569
image_10125,0.0004288415948394686
image_10126,0.0023098543751984835
image_10127,0.0005010757013224065
image_10128,0.010334734804928303
image_10129,0.006666003260761499
image_1013,0.64190673828125
image_10130,0.004071657545864582
image_10131,0.009518735110759735
image_10132,6.95525377523154e-05
image_10133,0.008969718590378761
image_10134,0.034343309700489044
image_10135,0.00017226841009687632
image_10136,0.010149417445063591
image_10137,0.00039899052353575826
image_10138,0.001859756768681109
image_10139,0.0028275505173951387
image_1014,0.004158046096563339
image_10140,0.935695469379425
image_10141,0.6042439937591553
image_10142,0.0003275824128650129
image_10143,0.9761406183242798
image_10144,0.0002354296884732321
image_10145,0.00027234930894337595
image_10146,0.020813830196857452
image_10147,0.0001879478950286284
image_10148,0.00010664148430805653
image_10149,0.0023365463130176067
image_1015,0.0008118740515783429
image_10150,0.007541917730122805
image_10151,0.08425062149763107
image_10152,3.7281406548572704e-05
image_10153,8.437527139903978e-05
image_10154,0.03613542765378952
image_10155,0.00020545990264508873
image_10156,0.0004172107728663832
image_10157,0.00019973827875219285
image_10158,0.26164141297340393
image_10159,0.00102438242174685
image_1016,0.001862314878962934
image_10160,0.001782399951480329
image_10161,0.010586494579911232
image_10162,0.0008049150346778333
image_10163,0.0029216476250439882
image_10164,0.0010498446645215154
image_10165,0.0017334602307528257
image_10166,0.003674056613817811
image_10167,0.012549877166748047
image_10168,0.0009221002110280097
image_10169,0.1952963024377823
image_1017,0.0007790485979057848
image_10170,0.9453132748603821
image_10171,0.002129201777279377
image_10172,0.00984287355095148
image_10173,0.0037738443352282047
image_10174,0.0031947281677275896
image_10175,0.9563183188438416
image_10176,0.00012450771464500576
image_10177,0.0010456617455929518
image_10178,0.012194730341434479
image_10179,0.9958103895187378
image_1018,0.1018536388874054
image_10180,0.00033073645317927003
image_10181,0.012969426810741425
image_10182,0.04027015343308449
image_10183,0.0012116145808249712
image_10184,0.019251294434070587
image_10185,0.004983175080269575
image_10186,0.007440500892698765
image_10187,0.00296790967695415
image_10188,0.6269987225532532
image_10189,0.02229730226099491
image_1019,0.001967804506421089
image_10190,0.00021693750750273466
image_10191,0.022046320140361786
image_10192,0.02828436903655529
image_10193,0.00028535546152852476
image_10194,0.0011192049132660031
image_10195,0.060018863528966904
image_10196,0.0014875272754579782
image_10197,0.007376400753855705
image_10198,0.018773237243294716
image_10199,0.8939196467399597
image_102,0.0031688064336776733
image_1020,0.001600421848706901
image_10200,0.17209535837173462
image_10201,0.19550102949142456
image_10202,0.010392912663519382
image_10203,0.0721481516957283
image_10204,0.0042961230501532555
image_10205,0.00038003158988431096
image_10206,0.0016122552333399653
image_10207,0.00640586344525218
image_10208,0.026282506063580513
image_10209,0.0002446094003971666
image_1021,3.147755705867894e-05
image_10210,0.0003857222036458552
image_10211,0.001385419280268252
image_10212,0.001353082014247775
image_10213,0.0049920580349862576
image_10214,0.0819208100438118
image_10215,0.7048642635345459
image_10216,0.013260872103273869
image_10217,0.000589233823120594
image_10218,0.002888837829232216
image_10219,0.0006404423620551825
image_1022,0.00033938733395189047
image_10220,0.0004552534082904458
image_10221,0.025077834725379944
image_10222,0.0012307461583986878
image_10223,0.02989746630191803
image_10224,0.9928082227706909
image_10225,0.001882362412288785
image_10226,0.002875029807910323
image_10227,0.9934573769569397
image_10228,0.8586180210113525
image_10229,0.9390004873275757
image_1023,0.0002799490175675601
image_10230,0.0007860474288463593
image_10231,0.4382496178150177
image_10232,0.010196814313530922
image_10233,0.979276180267334
image_10234,0.013491698540747166
image_10235,0.004445558879524469
image_10236,0.0010591995669528842
image_10237,0.028163721784949303
image_10238,6.57855489407666e-05
image_10239,0.0008899261010810733
image_1024,0.0059675597585737705
image_10240,0.8976255655288696
image_10241,0.7692488431930542
image_10242,0.007472891826182604
image_10243,0.9802785515785217
image_10244,0.0002724373189266771
image_10245,0.004329088609665632
image_10246,0.0001962556125363335
image_10247,0.0007186728762462735
image_10248,0.00014941408880986273
image_10249,0.01967497542500496
image_1025,0.006975134368985891
image_10250,0.00013722084986511618
image_10251,0.00020907397265546024
image_10252,0.005125007126480341
image_10253,0.04208537936210632
image_10254,0.008296159096062183
image_10255,0.0018403236754238605
image_10256,0.02110835537314415
image_10257,0.0006795254885219038
image_10258,0.9877530336380005
image_10259,0.9444543719291687
image_1026,0.03382917866110802
image_10260,0.06183185428380966
image_10261,0.02049448899924755
image_10262,0.010124756954610348
image_10263,0.0005188417271710932
image_10264,0.0007877901662141085
image_10265,0.0038562738336622715
image_10266,0.00363534246571362
image_10267,0.002257644198834896
image_10268,0.9620926380157471
image_10269,0.0022049052640795708
image_1027,0.0005045691505074501
image_10270,0.7897413372993469
image_10271,0.9944775700569153
image_10272,0.0016239332035183907
image_10273,0.0017452917527407408
image_10274,0.017089074477553368
image_10275,0.0018284571124240756
image_10276,0.0012515080161392689
image_10277,0.014945337548851967
image_10278,0.00010087759437737986
image_10279,0.41974225640296936
image_1028,0.8960158824920654
image_10280,0.003598639741539955
image_10281,0.0014810714637860656
image_10282,0.005171392112970352
image_10283,0.001805185223929584
image_10284,0.296341210603714
image_10285,0.0005046232836320996
image_10286,0.018339700996875763
image_10287,0.015083002857863903
image_10288,0.9646891355514526
image_10289,0.0006710392190143466
image_1029,0.00029322155751287937
image_10290,0.00034169337595812976
image_10291,0.8643454909324646
image_10292,0.0006154047441668808
image_10293,0.012384776026010513
image_10294,0.00021820001711603254
image_10295,0.9424132704734802
image_10296,0.004713498987257481
image_10297,0.007353194523602724
image_10298,0.8924005627632141
image_10299,0.011877098120748997
image_103,0.0033112703822553158
image_1030,0.005153118632733822
image_10300,0.42088595032691956
image_10301,0.013032523915171623
image_10302,0.06004282459616661
image_10303,0.04161699488759041
image_10304,0.0020344508811831474
image_10305,0.88005530834198
image_10306,0.004540116526186466
image_10307,0.0007256029057316482
image_10308,0.012356090359389782
image_10309,0.0009782754350453615
image_1031,0.0342978909611702
image_10310,0.7800417542457581
image_10311,0.007485684473067522
image_10312,8.051406621234491e-05
image_10313,0.0018392980564385653
image_10314,0.9784305691719055
image_10315,0.917934238910675
image_10316,0.0033170448150485754
image_10317,0.0015996797010302544
image_10318,0.00044367375085130334
image_10319,0.001549204345792532
image_1032,0.9952204823493958
image_10320,0.004386978689581156
image_10321,0.0003605635720305145
image_10322,0.0013528990093618631
image_10323,0.003182960208505392
image_10324,0.0781252384185791
image_10325,6.887958988954779e-06
image_10326,0.0005903546698391438
image_10327,0.00015439164417330176
image_10328,0.6247512102127075
image_10329,3.350882980157621e-05
image_1033,0.01234842836856842
image_10330,0.43537193536758423
image_10331,0.8960666060447693
image_10332,0.00031398620922118425
image_10333,0.014233380556106567
image_10334,0.003153111319988966
image_10335,0.0016604086849838495
image_10336,0.004430331289768219
image_10337,0.00011137215187773108
image_10338,0.001158723491244018
image_10339,0.0001159863531938754
image_1034,0.08090511709451675
image_10340,0.007581681478768587
image_10341,0.00239968323148787
image_10342,0.0043351068161427975
image_10343,0.005471097771078348
image_10344,0.001284371828660369
image_10345,0.0008095792145468295
image_10346,0.004777402617037296
image_10347,0.0020036613568663597
image_10348,0.984703004360199
image_10349,0.0010726235341280699
image_1035,0.8474388122558594
image_10350,0.03596220538020134
image_10351,0.035259462893009186
image_10352,0.0012424002634361386
image_10353,0.9476341605186462
image_10354,0.0022098193876445293
image_10355,0.0007059593335725367
image_10356,0.00103389925789088
image_10357,0.0022344037424772978
image_10358,0.0005473212222568691
image_10359,0.8779041171073914
image_1036,0.8341637253761292
image_10360,0.05493325740098953
image_10361,0.0027314394246786833
image_10362,0.008188297040760517
image_10363,0.0033672957215458155
image_10364,0.024891184642910957
image_10365,0.0008418541983701289
image_10366,0.23004838824272156
image_10367,0.0041946363635361195
image_10368,0.00031064043287187815
image_10369,0.0020228992216289043
image_1037,0.0009673134773038328
image_10370,0.0005054991925135255
image_10371,0.0014839618233963847
image_10372,0.06030469760298729
image_10373,0.0029690642841160297
image_10374,0.0018344022100791335
image_10375,0.05641809105873108
image_10376,0.0030505210161209106
image_10377,6.729447341058403e-05
image_10378,0.0070772492326796055
image_10379,0.0007202752749435604
image_1038,0.001869517145678401
image_10380,0.00011653266119537875
image_10381,0.0010820110328495502
image_10382,0.0017514786450192332
image_10383,0.0022643532138317823
image_10384,0.007122660055756569
image_10385,0.9386920928955078
image_10386,0.37722697854042053
image_10387,0.0002986279141623527
image_10388,0.00017489635501988232
image_10389,0.007638172246515751
image_1039,0.0004212840285617858
image_10390,0.9101317524909973
image_10391,0.01078365184366703
image_10392,0.9498491287231445
image_10393,0.002387796528637409
image_10394,0.005634700879454613
image_10395,0.0030866810120642185
image_10396,0.0006662164232693613
image_10397,0.00040234753396362066
image_10398,0.9844279885292053
image_10399,0.0020099643152207136
image_104,0.0019953991286456585
image_1040,0.0022323988378047943
image_10400,0.004699524957686663
image_10401,0.026445534080266953
image_10402,0.0038169429171830416
image_10403,0.003532512579113245
image_10404,0.0009634772432036698
image_10405,0.0019390159286558628
image_10406,0.6135819554328918
image_10407,0.0012944801710546017
image_10408,9.908760694088414e-05
image_10409,0.0014375746250152588
image_1041,0.01711997762322426
image_10410,0.002981270896270871
image_10411,0.07002953439950943
image_10412,0.002581248991191387
image_10413,5.210637391428463e-05
image_10414,0.0008432326139882207
image_10415,9.224441600963473e-05
image_10416,0.9765190482139587
image_10417,0.007547034416347742
image_10418,0.00037890690146014094
image_10419,0.022427165880799294
image_1042,0.0012408621842041612
image_10420,0.8113237619400024
image_10421,0.00023172928194981068
image_10422,0.004614109639078379
image_10423,0.8921400308609009
image_10424,0.0002802072558552027
image_10425,0.00010665960144251585
image_10426,0.005684114061295986
image_10427,0.001344533753581345
image_10428,0.9901279807090759
image_10429,0.0019458528840914369
image_1043,0.007849684916436672
image_10430,0.002388810971751809
image_10431,0.9837121367454529
image_10432,0.0015792669728398323
image_10433,0.003860857803374529
image_10434,0.0008161480072885752
image_10435,0.9843287467956543
image_10436,0.00669512152671814
image_10437,0.0027809925377368927
image_10438,0.0010431499686092138
image_10439,0.00097461516270414
image_1044,0.0017404971877112985
image_10440,0.0022548683919012547
image_10441,0.9946407079696655
image_10442,4.0583545342087746e-05
image_10443,0.9371066689491272
image_10444,6.81595120113343e-05
image_10445,0.04140441492199898
image_10446,0.0006952013354748487
image_10447,0.0004435958981048316
image_10448,0.4484916627407074
image_10449,0.8716166615486145
image_1045,0.003675771178677678
image_10450,0.00026211983640678227
image_10451,0.011962360702455044
image_10452,0.009716127067804337
image_10453,0.0005862592370249331
image_10454,0.013583657331764698
image_10455,0.0026153039652854204
image_10456,0.001394786173477769
image_10457,0.025362785905599594
image_10458,0.00023309161770157516
image_10459,0.0031725771259516478
image_1046,0.0005359713104553521
image_10460,0.01164872758090496
image_10461,0.001255132257938385
image_10462,0.0016513741575181484
image_10463,0.0007083902601152658
image_10464,0.001328284852206707
image_10465,0.0014934700448065996
image_10466,0.00011367481056367978
image_10467,0.0004617363738361746
image_10468,0.02496020495891571
image_10469,0.030789848417043686
image_1047,0.00036319566424936056
image_10470,0.00292770192027092
image_10471,0.0001278742274735123
image_10472,0.0022386687342077494
image_10473,0.0002945999149233103
image_10474,0.9240036606788635
image_10475,0.008043677546083927
image_10476,0.00624461704865098
image_10477,0.5897549986839294
image_10478,0.004438069183379412
image_10479,0.028161076828837395
image_1048,0.017005743458867073
image_10480,0.015327895060181618
image_10481,0.0021995981223881245
image_10482,0.002023295033723116
image_10483,0.007071502041071653
image_10484,0.002927622525021434
image_10485,0.012654590420424938
image_10486,0.007345631718635559
image_10487,0.0048336125910282135
image_10488,0.0019519587513059378
image_10489,0.012795999646186829
image_1049,0.004859598353505135
image_10490,0.03284919634461403
image_10491,0.0004804027557838708
image_10492,0.010153082199394703
image_10493,0.02437933161854744
image_10494,0.022204872220754623
image_10495,0.00046405132161453366
image_10496,0.00213242182508111
image_10497,0.0010595694184303284
image_10498,0.0034107279498130083
image_10499,0.001265578088350594
image_105,0.002873530611395836
image_1050,0.0008385460823774338
image_10500,0.35252857208251953
image_10501,0.0038997759111225605
image_10502,0.008453365415334702
image_10503,0.0030514562968164682
image_10504,0.0023030140437185764
image_10505,0.38059619069099426
image_10506,0.43150627613067627
image_10507,0.9762726426124573
image_10508,0.002345771063119173
image_10509,0.0025233114138245583
image_1051,0.005975580774247646
image_10510,0.0008128188201226294
image_10511,0.0008294912404380739
image_10512,0.0036208219826221466
image_10513,0.0007013638387434185
image_10514,0.0008557277615182102
image_10515,0.0005679565365426242
image_10516,0.8412375450134277
image_10517,0.0002954091178253293
image_10518,0.9935787916183472
image_10519,0.04895062744617462
image_1052,0.0045050038024783134
image_10520,0.00147405662573874
image_10521,0.05960379168391228
image_10522,0.015027489513158798
image_10523,0.0005870328168384731
image_10524,0.005502010695636272
image_10525,0.9870144128799438
image_10526,0.019192466512322426
image_10527,0.0026925692800432444
image_10528,0.0036884660366922617
image_10529,0.00321169663220644
image_1053,0.0003674313484225422
image_10530,0.03577877953648567
image_10531,0.00047096959315240383
image_10532,0.676889955997467
image_10533,0.003174631856381893
image_10534,0.8926199078559875
image_10535,0.0002389325381955132
image_10536,0.5802536010742188
image_10537,0.000659012992400676
image_10538,0.009360235184431076
image_10539,0.0007260051206685603
image_1054,0.00026408396661281586
image_10540,0.0017310862895101309
image_10541,0.02454226464033127
image_10542,0.006190487649291754
image_10543,0.0005124583840370178
image_10544,0.9280088543891907
image_10545,0.9917082190513611
image_10546,0.00032779391040094197
image_10547,0.0037334703374654055
image_10548,0.004856615327298641
image_10549,0.014475635252892971
image_1055,0.4219469726085663
image_10550,0.00034828370553441346
image_10551,0.0031242575496435165
image_10552,0.002762984251603484
image_10553,0.006269311066716909
image_10554,0.0028362427838146687
image_10555,0.0001363555493298918
image_10556,0.00027501757722347975
image_10557,0.9161585569381714
image_10558,0.0036233996506780386
image_10559,0.002727959305047989
image_1056,0.6082633137702942
image_10560,0.0019404670456424356
image_10561,0.9924778342247009
image_10562,0.002642033388838172
image_10563,0.0011893025366589427
image_10564,8.693883137311786e-05
image_10565,0.004373912233859301
image_10566,0.8840110301971436
image_10567,0.003870012005791068
image_10568,0.00014677041326649487
image_10569,0.661135196685791
image_1057,0.00622490793466568
image_10570,0.006084159016609192
image_10571,0.00021634924632962793
image_10572,0.0009532919502817094
image_10573,0.0036962879821658134
image_10574,0.07038477808237076
image_10575,0.1730165183544159
image_10576,0.015286309644579887
image_10577,0.0004798737063538283
image_10578,0.0007371703395619988
image_10579,0.0005651948740705848
image_1058,5.99877857894171e-05
image_10580,0.9908577799797058
image_10581,0.001924973912537098
image_10582,0.5461512804031372
image_10583,0.10230333358049393
image_10584,0.009451670572161674
image_10585,0.002036800142377615
image_10586,0.00048416160279884934
image_10587,0.012003426440060139
image_10588,0.9832673668861389
image_10589,0.000373209360986948
image_1059,0.5088461637496948
image_10590,0.00035804184153676033
image_10591,0.0049491338431835175
image_10592,0.000589026021771133
image_10593,0.09200311452150345
image_10594,0.013381795957684517
image_10595,0.0001489685382694006
image_10596,0.003579761367291212
image_10597,0.0018665927927941084
image_10598,0.0008194638649001718
image_10599,0.0030803035479038954
image_106,0.9461680054664612
image_1060,0.0004843942588195205
image_10600,0.3873006999492645
image_10601,0.0005656777648255229
image_10602,0.705171525478363
image_10603,0.00012212962610647082
image_10604,0.027773648500442505
image_10605,0.0005248309462331235
image_10606,0.00488210329785943
image_10607,0.01614239625632763
image_10608,0.002214829670265317
image_10609,0.010635589249432087
image_1061,0.0027447976171970367
image_10610,0.0026104850694537163
image_10611,0.02595733106136322
image_10612,0.0020599381532520056
image_10613,0.08652964234352112
image_10614,0.8989332914352417
image_10615,0.0017187052872031927
image_10616,0.0060280743055045605
image_10617,0.007516348734498024
image_10618,0.009385697543621063
image_10619,0.9975826740264893
image_1062,0.0001021452626446262
image_10620,0.2223430871963501
image_10621,0.9534626007080078
image_10622,0.15754906833171844
image_10623,0.004852376412600279
image_10624,0.0015348639572039247
image_10625,0.0018574445275589824
image_10626,0.0004046167014166713
image_10627,0.0028533535078167915
image_10628,0.005728462245315313
image_10629,0.001910868682898581
image_1063,0.015128647908568382
image_10630,0.2468409687280655
image_10631,0.0018440368585288525
image_10632,6.265562842600048e-05
image_10633,0.0009779073297977448
image_10634,0.0008569039637222886
image_10635,0.003167716320604086
image_10636,9.047369530890137e-05
image_10637,0.9540554881095886
image_10638,0.9806468486785889
image_10639,0.000711721193511039
image_1064,0.013845940120518208
image_10640,0.9582381248474121
image_10641,0.9964845180511475
image_10642,0.5248932242393494
image_10643,0.02661622315645218
image_10644,0.0006590638658963144
image_10645,0.007799011655151844
image_10646,0.06040104478597641
image_10647,0.006014919839799404
image_10648,0.053019218146800995
image_10649,0.01078486256301403
image_1065,0.0026517221704125404
image_10650,0.0034311036579310894
image_10651,0.0009912962559610605
image_10652,0.02158813737332821
image_10653,0.9494967460632324
image_10654,0.013428318314254284
image_10655,0.0030318363569676876
image_10656,0.005224369000643492
image_10657,0.4585319757461548
image_10658,0.009458614513278008
image_10659,0.002482750453054905
image_1066,0.006420152727514505
image_10660,0.0001930001308210194
image_10661,0.00030648725805804133
image_10662,0.0005060280673205853
image_10663,0.026317594572901726
image_10664,0.001259416458196938
image_10665,0.016007276251912117
image_10666,0.9963646531105042
image_10667,0.12371092289686203
image_10668,0.731038510799408
image_10669,0.5319395661354065
image_1067,0.02424788288772106
image_10670,0.0152967544272542
image_10671,0.0020984045695513487
image_10672,0.002457262482494116
image_10673,0.05921679735183716
image_10674,0.014603499323129654
image_10675,9.52567279455252e-05
image_10676,0.0002923135762102902
image_10677,0.00018970294331666082
image_10678,0.0012311390601098537
image_10679,0.00047572076437063515
image_1068,0.0013570194132626057
image_10680,0.002462883945554495
image_10681,0.002461993834003806
image_10682,0.0009229893330484629
image_10683,0.0014298072783276439
image_10684,0.005988868419080973
image_10685,0.9373458623886108
image_10686,0.9183452129364014
image_10687,0.0007367411744780838
image_10688,0.008938786573708057
image_10689,0.0006154229631647468
image_1069,0.017592765390872955
image_10690,0.02957182563841343
image_10691,0.0005575988907366991
image_10692,0.07068496942520142
image_10693,0.00033672479912638664
image_10694,0.023050522431731224
image_10695,0.9968571662902832
image_10696,0.00034267790033482015
image_10697,0.0002385746774962172
image_10698,0.01111515611410141
image_10699,0.0002825268020387739
image_107,0.004230821970850229
image_1070,0.004944439511746168
image_10700,0.23799948394298553
image_10701,0.0004931723233312368
image_10702,0.001850919215939939
image_10703,0.00010789121006382629
image_10704,0.016084948554635048
image_10705,0.00033770629670470953
image_10706,0.0008541790884919465
image_10707,0.0003220435755793005
image_10708,0.000555406091734767
image_10709,0.0476481094956398
image_1071,0.5901510119438171
image_10710,0.03966846689581871
image_10711,0.000901990570127964
image_10712,0.0010704599553719163
image_10713,0.7714803218841553
image_10714,0.00010044200462289155
image_10715,0.016244426369667053
image_10716,0.037385743111371994
image_10717,0.03463688865303993
image_10718,0.03865286335349083
image_10719,0.002488362370058894
image_1072,0.0517188236117363
image_10720,0.0019366006599739194
image_10721,4.308281495468691e-05
image_10722,0.0054422710090875626
image_10723,0.01852939836680889
image_10724,0.0008563558221794665
image_10725,0.0014315873850136995
image_10726,0.0007425902294926345
image_10727,0.0016763197490945458
image_10728,0.0006962986662983894
image_10729,0.00031392398523166776
image_1073,0.0033007150050252676
image_10730,0.005222453735768795
image_10731,0.0013181035174056888
image_10732,0.010791187174618244
image_10733,0.026328446343541145
image_10734,0.0006770077161490917
image_10735,0.3138788640499115
image_10736,0.008760659024119377
image_10737,0.03155597299337387
image_10738,0.00030192005215212703
image_10739,0.002587344264611602
image_1074,0.7720797657966614
image_10740,0.020268194377422333
image_10741,0.0004212504718452692
image_10742,0.019269399344921112
image_10743,0.0002570633077993989
image_10744,0.009785817004740238
image_10745,0.002597023267298937
image_10746,0.008588055148720741
image_10747,0.0017002171371132135
image_10748,0.0003550043038558215
image_10749,0.005337564740329981
image_1075,0.9859070777893066
image_10750,0.0007994483457878232
image_10751,0.9264166951179504
image_10752,0.0005655785789713264
image_10753,0.001890823245048523
image_10754,0.00033647881355136633
image_10755,0.0002675800060387701
image_10756,0.001045048818923533
image_10757,0.005960311274975538
image_10758,0.2114713042974472
image_10759,0.0021583582274615765
image_1076,0.010167176835238934
image_10760,0.1359834522008896
image_10761,0.007389543578028679
image_10762,0.002829853445291519
image_10763,0.001808152999728918
image_10764,0.9527714848518372
image_10765,0.040863972157239914
image_10766,0.009045462124049664
image_10767,0.0013739765854552388
image_10768,0.00032634366652928293
image_10769,0.0013050074921920896
image_1077,0.011490429751574993
image_10770,0.04242009297013283
image_10771,0.00023975453223101795
image_10772,0.022780731320381165
image_10773,0.014575186185538769
image_10774,0.0008010414312593639
image_10775,0.00035633076913654804
image_10776,0.0053252652287483215
image_10777,0.001723928959108889
image_10778,0.1916290819644928
image_10779,0.0006097691366448998
image_1078,0.004195002838969231
image_10780,0.3466769754886627
image_10781,0.06817761063575745
image_10782,0.004136066883802414
image_10783,0.019701432436704636
image_10784,0.003930279985070229
image_10785,0.0019096939358860254
image_10786,0.9931575655937195
image_10787,0.0003159482730552554
image_10788,0.003265564562752843
image_10789,0.0006309872260317206
image_1079,0.002569452626630664
image_10790,0.2374466359615326
image_10791,0.013944310136139393
image_10792,0.00023543239512946457
image_10793,0.04572761803865433
image_10794,0.4865722060203552
image_10795,0.007173899095505476
image_10796,0.0006067715585231781
image_10797,0.0037772126961499453
image_10798,0.0019542889203876257
image_10799,0.00028183270478621125
image_108,0.019163571298122406
image_1080,0.00039044657023623586
image_10800,0.5724444389343262
image_10801,0.0007895774324424565
image_10802,0.0030521831940859556
image_10803,0.0014507287414744496
image_10804,0.011594224721193314
image_10805,0.004957199562340975
image_10806,0.012300346046686172
image_10807,0.0015879090642556548
image_10808,0.000880758510902524
image_10809,0.000611583876889199
image_1081,0.9775600433349609
image_10810,0.00041338763548992574
image_10811,0.07094201445579529
image_10812,0.007877489551901817
image_10813,0.004616764839738607
image_10814,0.057350121438503265
image_10815,0.013575730845332146
image_10816,0.08685992658138275
image_10817,0.022364620119333267
image_10818,0.003526088083162904
image_10819,0.007090604864060879
image_1082,0.0003067108627874404
image_10820,0.0053178900852799416
image_10821,0.849778413772583
image_10822,0.028410078957676888
image_10823,0.00010294551611877978
image_10824,0.04882616549730301
image_10825,0.9962325692176819
image_10826,0.08118285983800888
image_10827,0.0011187178315594792
image_10828,0.03543859347701073
image_10829,0.0012924389448016882
image_1083,0.0007599309319630265
image_10830,0.9486696124076843
image_10831,0.0050035943277180195
image_10832,0.009600394405424595
image_10833,6.630995630985126e-05
image_10834,0.01227666437625885
image_10835,0.00956040620803833
image_10836,0.8855567574501038
image_10837,0.0074042933993041515
image_10838,0.13926471769809723
image_10839,0.15246941149234772
image_1084,6.4117516558326315e-06
image_10840,1.243357837665826e-05
image_10841,0.0021020041313022375
image_10842,0.0007852300186641514
image_10843,0.015422792173922062
image_10844,0.023196479305624962
image_10845,0.00026996724773198366
image_10846,0.00019223704293835908
image_10847,0.03339818865060806
image_10848,0.0004084227548446506
image_10849,0.0009828134207054973
image_1085,0.00030372649780474603
image_10850,5.528847759705968e-05
image_10851,0.001220580656081438
image_10852,0.02079237997531891
image_10853,0.0012534908019006252
image_10854,0.28219643235206604
image_10855,0.0007986846612766385
image_10856,0.0065920534543693066
image_10857,0.0314316600561142
image_10858,0.00467313127592206
image_10859,0.00622995151206851
image_1086,0.00024774420307949185
image_10860,0.04164450615644455
image_10861,0.00014080478285904974
image_10862,0.0028242049738764763
image_10863,0.0010773517424240708
image_10864,0.0044383034110069275
image_10865,0.0011371829314157367
image_10866,0.001055759028531611
image_10867,0.9836238622665405
image_10868,0.8112826943397522
image_10869,0.0003069340600632131
image_1087,0.0012399110710248351
image_10870,0.0008675493882037699
image_10871,0.0008529046317562461
image_10872,9.970025712391362e-05
image_10873,0.3571125268936157
image_10874,0.22356805205345154
image_10875,0.0004476155445445329
image_10876,0.579915463924408
image_10877,0.018386343494057655
image_10878,0.0009965217905119061
image_10879,0.000839304702822119
image_1088,0.9581032395362854
image_10880,0.002739203628152609
image_10881,0.002460936550050974
image_10882,0.001784111256711185
image_10883,0.006548189092427492
image_10884,0.9965550899505615
image_10885,0.00024347925500478595
image_10886,0.0010759691940620542
image_10887,0.008083213120698929
image_10888,0.0005231368122622371
image_10889,0.00011430078302510083
image_1089,0.00262826937250793
image_10890,0.014169241301715374
image_10891,0.9648945331573486
image_10892,0.16212524473667145
image_10893,0.0061435517854988575
image_10894,0.0019929686095565557
image_10895,0.021662117913365364
image_10896,0.0035851383581757545
image_10897,0.007379225455224514
image_10898,0.0034470262471586466
image_10899,0.0003125699295196682
image_109,9.34641866479069e-05
image_1090,0.0038221932481974363
image_10900,0.0026459163054823875
image_10901,0.003460866864770651
image_10902,0.10671595484018326
image_10903,0.0007034738082438707
image_10904,0.7940930128097534
image_10905,0.018329020589590073
image_10906,0.0019367020577192307
image_10907,0.029653366655111313
image_10908,0.002500961534678936
image_10909,0.0002777201880235225
image_1091,0.02074996754527092
image_10910,9.535325079923496e-05
image_10911,0.0003524128987919539
image_10912,0.015377494506537914
image_10913,0.003121632616966963
image_10914,0.006018844433128834
image_10915,0.003835432231426239
image_10916,0.002315558958798647
image_10917,0.001720729866065085
image_10918,0.00564692122861743
image_10919,0.0006345942965708673
image_1092,0.001018599490635097
image_10920,0.007820645347237587
image_10921,0.003689174074679613
image_10922,0.03668130189180374
image_10923,0.0011267069494351745
image_10924,0.9488123059272766
image_10925,0.03581153601408005
image_10926,0.7612375020980835
image_10927,0.0017455426277592778
image_10928,0.009416057728230953
image_10929,0.0013928886037319899
image_1093,0.006463481113314629
image_10930,0.0429728738963604
image_10931,0.0029544648714363575
image_10932,0.0005017617368139327
image_10933,0.0042983959428966045
image_10934,0.007173953112214804
image_10935,0.9468575716018677
image_10936,0.0033164804335683584
image_10937,0.06175209581851959
image_10938,6.384234438883141e-05
image_10939,0.002549919066950679
image_1094,0.0027451941277831793
image_10940,0.9670527577400208
image_10941,0.00015371532936114818
image_10942,0.0002236286090919748
image_10943,0.17318278551101685
image_10944,0.0015158629976212978
image_10945,0.01711368001997471
image_10946,0.010380146093666553
image_10947,0.6220438480377197
image_10948,0.0003709551820065826
image_10949,0.014670959673821926
image_1095,0.0007426642114296556
image_10950,0.001686979434452951
image_10951,0.025953402742743492
image_10952,0.00043519536848179996
image_10953,0.033508531749248505
image_10954,0.0005148110794834793
image_10955,0.0034510791301727295
image_10956,0.0006330650649033487
image_10957,0.01934412308037281
image_10958,7.697282853769138e-05
image_10959,0.003125674556940794
image_1096,0.00010633451893227175
image_10960,0.6476804614067078
image_10961,0.0003849592467304319
image_10962,0.004476774949580431
image_10963,0.018705330789089203
image_10964,0.0029247982893139124
image_10965,0.01075658854097128
image_10966,0.001003861427307129
image_10967,0.0008140501449815929
image_10968,0.9709606766700745
image_10969,0.001050042686983943
image_1097,0.27370864152908325
image_10970,0.0018932580715045333
image_10971,0.0007029923144727945
image_10972,0.0006939552258700132
image_10973,0.00038611621130257845
image_10974,0.001216291799210012
image_10975,0.0009640183998271823
image_10976,0.004329117015004158
image_10977,0.022224094718694687
image_10978,0.05228262394666672
image_10979,0.0013965254183858633
image_1098,0.6897143721580505
image_10980,0.0028709974139928818
image_10981,0.9714184403419495
image_10982,0.0146490428596735
image_10983,0.0009674942120909691
image_10984,0.0008120187558233738
image_10985,0.03241793066263199
image_10986,0.0019022931810468435
image_10987,0.0007790849776938558
image_10988,0.00023290036187972873
image_10989,0.003203448373824358
image_1099,0.002512519946321845
image_10990,0.009106598794460297
image_10991,0.009812457486987114
image_10992,0.0009564679930917919
image_10993,0.9049361348152161
image_10994,0.0003313282213639468
image_10995,0.007310124114155769
image_10996,0.0017428220016881824
image_10997,0.09174387156963348
image_10998,0.011391323991119862
image_10999,0.012128297239542007
image_11,9.214973397320136e-05
image_110,0.0004998077056370676
image_1100,0.00034909063833765686
image_11000,0.0039750984869897366
image_11001,0.8861544132232666
image_11002,0.004671066999435425
image_11003,0.004319869913160801
image_11004,2.770313039945904e-05
image_11005,0.0038854065351188183
image_11006,0.049851175397634506
image_11007,0.007136065512895584
image_11008,0.004385639447718859
image_11009,0.0034335926175117493
image_1101,0.001083867042325437
image_11010,0.00010062904766527936
image_11011,0.001442955806851387
image_11012,8.473570051137358e-05
image_11013,0.009362843818962574
image_11014,7.391056715277955e-05
image_11015,0.2631893455982208
image_11016,0.004274100996553898
image_11017,0.2426578402519226
image_11018,0.005057408474385738
image_11019,0.002870486816391349
image_1102,0.36300334334373474
image_11020,0.0014075173530727625
image_11021,5.137249900144525e-06
image_11022,0.2817022204399109
image_11023,0.030491136014461517
image_11024,0.46072670817375183
image_11025,0.002161013660952449
image_11026,0.004004655871540308
image_11027,0.0005854383925907314
image_11028,0.00370987830683589
image_11029,0.0004959914949722588
image_1103,0.06071687862277031
image_11030,0.003594133537262678
image_11031,0.5034021735191345
image_11032,0.0004615609650500119
image_11033,0.01705263741314411
image_11034,0.008704320527613163
image_11035,0.0014451589668169618
image_11036,0.005558252800256014
image_11037,0.028451912105083466
image_11038,0.0011791082797572017
image_11039,0.45786234736442566
image_1104,0.0011623462196439505
image_11040,0.0002580236177891493
image_11041,0.0003115313593298197
image_11042,0.020258912816643715
image_11043,0.0018256937619298697
image_11044,0.015755999833345413
image_11045,0.0024109878577291965
image_11046,0.000568091927561909
image_11047,0.9597074389457703
image_11048,0.4643574357032776
image_11049,0.006898305378854275
image_1105,0.0013969257706776261
image_11050,0.9939422011375427
image_11051,0.00010599275265121832
image_11052,0.0010244161821901798
image_11053,0.5680820345878601
image_11054,0.02611963450908661
image_11055,0.005000528413802385
image_11056,0.0008708440000191331
image_11057,0.001810160931199789
image_11058,0.9448065757751465
image_11059,0.0001186315348604694
image_1106,0.0011910933535546064
image_11060,0.007976138032972813
image_11061,0.016576580703258514
image_11062,0.001288147526793182
image_11063,0.0021585493814200163
image_11064,0.031753044575452805
image_11065,0.0005587192135863006
image_11066,0.0008385205874219537
image_11067,0.012681667692959309
image_11068,0.0005447467556223273
image_11069,0.05675004422664642
image_1107,0.011927557177841663
image_11070,0.01809605211019516
image_11071,0.05614006146788597
image_11072,0.0052592153660953045
image_11073,0.9869437217712402
image_11074,0.0014559015398845077
image_11075,0.9814188480377197
image_11076,0.006375524681061506
image_11077,0.008932414464652538
image_11078,0.9935091137886047
image_11079,0.0024752106983214617
image_1108,3.273531183367595e-05
image_11080,0.9329903721809387
image_11081,0.001570110209286213
image_11082,0.011103730648756027
image_11083,0.005872983951121569
image_11084,0.5567662119865417
image_11085,0.0019881706684827805
image_11086,6.402128929039463e-05
image_11087,0.0025330851785838604
image_11088,0.0022140529472380877
image_11089,0.0003673082683235407
image_1109,0.000406089675379917
image_11090,0.0012809071922674775
image_11091,0.04061601683497429
image_11092,0.011646471917629242
image_11093,5.473429700941779e-05
image_11094,0.048440802842378616
image_11095,0.002407666528597474
image_11096,0.0012064512120559812
image_11097,0.00128137634601444
image_11098,0.979674756526947
image_11099,0.000735709851142019
image_111,0.00014345944509841502
image_1110,0.006899337749928236
image_11100,0.000990009750239551
image_11101,0.0015237529296427965
image_11102,0.00448161456733942
image_11103,0.4085370898246765
image_11104,0.021212682127952576
image_11105,0.001768419868312776
image_11106,0.004715584684163332
image_11107,0.0037126936949789524
image_11108,0.001695170416496694
image_11109,0.00048659014282748103
image_1111,0.0036564001347869635
image_11110,6.237644993234426e-05
image_11111,0.7785366177558899
image_11112,0.0011435988126322627
image_11113,0.0010377680882811546
image_11114,0.0018356571672484279
image_11115,0.00999247282743454
image_11116,0.00028281871345825493
image_11117,0.016988541930913925
image_11118,0.001972751459106803
image_11119,0.30141085386276245
image_1112,0.0004420258628670126
image_11120,0.0034569485578686
image_11121,0.001397722284309566
image_11122,0.011425333097577095
image_11123,0.002810660982504487
image_11124,0.05983029305934906
image_11125,0.000754348176997155
image_11126,0.0015235962346196175
image_11127,0.012171822600066662
image_11128,0.8354241847991943
image_11129,0.0032100225798785686
image_1113,0.20422382652759552
image_11130,0.005035965703427792
image_11131,0.0003172319266013801
image_11132,0.024700429290533066
image_11133,0.004110604524612427
image_11134,0.900248110294342
image_11135,0.002406915184110403
image_11136,0.001736122532747686
image_11137,0.9683380722999573
image_11138,0.009148664772510529
image_11139,0.001637794659473002
image_1114,0.0018703928217291832
image_11140,0.9558303356170654
image_11141,0.0011006240965798497
image_11142,0.008122165687382221
image_11143,0.07342447340488434
image_11144,0.01953050307929516
image_11145,0.006135875824838877
image_11146,0.006475019734352827
image_11147,0.0001422606874257326
image_11148,0.8551677465438843
image_11149,0.0043916418217122555
image_1115,0.006334525998681784
image_11150,0.000630892813205719
image_11151,0.0016569753643125296
image_11152,0.0004863824287895113
image_11153,0.004817928187549114
image_11154,0.008775732479989529
image_11155,0.0004569475422613323
image_11156,0.05601722002029419
image_11157,0.0008639629813842475
image_11158,0.001626296783797443
image_11159,0.003136751241981983
image_1116,0.003270985558629036
image_11160,0.0034914962016046047
image_11161,0.0006016360712237656
image_11162,0.016630569472908974
image_11163,0.0004902711953036487
image_11164,0.050435349345207214
image_11165,2.602713357191533e-05
image_11166,0.0394979752600193
image_11167,0.6497446894645691
image_11168,0.0015678887721151114
image_11169,0.02149014361202717
image_1117,0.005097602494060993
image_11170,0.0001205324733746238
image_11171,0.0016660651890560985
image_11172,0.0064145405776798725
image_11173,0.0008265190990641713
image_11174,0.9719878435134888
image_11175,0.00042125070467591286
image_11176,8.883841474016663e-06
image_11177,0.0011369171552360058
image_11178,0.0015994819113984704
image_11179,0.0017396474722772837
image_1118,0.0008311016135849059
image_11180,0.0002565564645919949
image_11181,0.00017119811673182994
image_11182,0.007345301564782858
image_11183,0.0036195663269609213
image_11184,0.0013369082007557154
image_11185,0.05757712200284004
image_11186,0.011703543365001678
image_11187,0.0001952898019226268
image_11188,0.023328162729740143
image_11189,0.8871572613716125
image_1119,5.4811239351693075e-06
image_11190,0.07960915565490723
image_11191,0.027250073850154877
image_11192,0.005589999258518219
image_11193,0.0047550867311656475
image_11194,0.0012920290464535356
image_11195,0.512225329875946
image_11196,0.0002517353277653456
image_11197,0.010267764329910278
image_11198,0.0031509536784142256
image_11199,0.007302429061383009
image_112,0.0028651091270148754
image_1120,0.4585719406604767
image_11200,0.03622414916753769
image_11201,0.0015678470954298973
image_11202,0.03450310602784157
image_11203,0.05837974697351456
image_11204,0.001292254775762558
image_11205,0.0015369172906503081
image_11206,0.0024542019236832857
image_11207,0.0029592476785182953
image_11208,0.002569759264588356
image_11209,0.03539905324578285
image_1121,0.017666494473814964
image_11210,0.09768714755773544
image_11211,0.0014139336999505758
image_11212,0.9815376996994019
image_11213,0.04633057489991188
image_11214,0.0029716072604060173
image_11215,0.9431521892547607
image_11216,0.0007576917414553463
image_11217,0.9676384925842285
image_11218,0.9886178374290466
image_11219,0.05090266838669777
image_1122,0.000338392419507727
image_11220,0.00021026123431511223
image_11221,0.0005875645438209176
image_11222,0.755714476108551
image_11223,0.021777795627713203
image_11224,0.0013242560671642423
image_11225,0.004273679107427597
image_11226,0.9814717769622803
image_11227,0.01638677716255188
image_11228,0.05271611362695694
image_11229,0.06585602462291718
image_1123,0.003655125154182315
image_11230,0.013944887556135654
image_11231,0.03359515592455864
image_11232,0.049367353320121765
image_11233,0.03158285468816757
image_11234,0.001214928925037384
image_11235,0.9696956276893616
image_11236,0.009956948459148407
image_11237,0.5852635502815247
image_11238,0.0010987399145960808
image_11239,0.03321637585759163
image_1124,0.02746921218931675
image_11240,0.00014555205416399986
image_11241,0.0007926924154162407
image_11242,0.003857250092551112
image_11243,0.0013073027366772294
image_11244,0.0004683932347688824
image_11245,0.0010098794009536505
image_11246,0.8081421852111816
image_11247,0.009333227761089802
image_11248,0.0010063411900773644
image_11249,0.0026239617727696896
image_1125,0.0014745607040822506
image_11250,0.0034639909863471985
image_11251,0.007594752591103315
image_11252,0.007922695018351078
image_11253,0.024410493671894073
image_11254,0.02223736234009266
image_11255,0.004927338566631079
image_11256,0.002543870359659195
image_11257,0.002774458145722747
image_11258,0.00040229919250123203
image_11259,0.011653115041553974
image_1126,0.014163359999656677
image_11260,0.02583739161491394
image_11261,0.006796736270189285
image_11262,0.0037305450532585382
image_11263,0.003510545939207077
image_11264,0.005034242756664753
image_11265,0.00014261231990531087
image_11266,0.5713781714439392
image_11267,0.0006497434224002063
image_11268,0.017588678747415543
image_11269,0.0017353350995108485
image_1127,0.7292813062667847
image_11270,0.09294283390045166
image_11271,0.0033294823952019215
image_11272,0.00394511828199029
image_11273,0.9595550894737244
image_11274,0.0034971763379871845
image_11275,0.991983950138092
image_11276,0.9556881189346313
image_11277,0.0073286001570522785
image_11278,0.005114730913192034
image_11279,0.0011673844419419765
image_1128,0.00012056810373906046
image_11280,0.9923617839813232
image_11281,0.019447362050414085
image_11282,0.026224397122859955
image_11283,0.009016192518174648
image_11284,0.0032534515485167503
image_11285,0.0019606107380241156
image_11286,0.0003415192768443376
image_11287,0.00379341933876276
image_11288,0.000687950465362519
image_11289,0.008930097334086895
image_1129,0.0003467355272732675
image_11290,0.6975188255310059
image_11291,0.9975712895393372
image_11292,0.005331784952431917
image_11293,0.9261163473129272
image_11294,0.002756785834208131
image_11295,0.0013814592966809869
image_11296,0.0009355649235658348
image_11297,0.021028295159339905
image_11298,0.0004552807367872447
image_11299,0.006322792731225491
image_113,0.0019509444246068597
image_1130,0.0007425906369462609
image_11300,0.00811496190726757
image_11301,0.8926838040351868
image_11302,0.00015638877812307328
image_11303,0.0006490508676506579
image_11304,0.48377230763435364
image_11305,0.0009578458848409355
image_11306,0.0010493032168596983
image_11307,0.0010694303782656789
image_11308,0.9775567650794983
image_11309,0.9799535274505615
image_1131,0.9725187420845032
image_11310,0.0015163227217271924
image_11311,0.0036451176274567842
image_11312,0.0015628767432644963
image_11313,0.0031381258741021156
image_11314,0.012958287261426449
image_11315,0.003114512423053384
image_11316,0.0005099678528495133
image_11317,0.026706218719482422
image_11318,0.01632448472082615
image_11319,0.9989339709281921
image_1132,0.00028245814610272646
image_11320,0.0006643216474913061
image_11321,0.002115226350724697
image_11322,0.9290327429771423
image_11323,0.0003299047821201384
image_11324,0.012883538380265236
image_11325,0.006624639965593815
image_11326,0.0002262284979224205
image_11327,0.0013686520978808403
image_11328,4.577141589834355e-05
image_11329,0.0020120800472795963
image_1133,0.0005269703106023371
image_11330,0.0012220656499266624
image_11331,0.0010449298424646258
image_11332,0.0012307660654187202
image_11333,0.0011972944485023618
image_11334,0.003496679710224271
image_11335,0.00748775340616703
image_11336,0.0008890984463505447
image_11337,0.011358581483364105
image_11338,0.05125891789793968
image_11339,0.10485225170850754
image_1134,0.0013513691956177354
image_11340,0.008092095144093037
image_11341,0.006011257879436016
image_11342,0.011890788562595844
image_11343,0.10701283067464828
image_11344,0.0005854233168065548
image_11345,0.02713519148528576
image_11346,0.00868469662964344
image_11347,0.29380688071250916
image_11348,0.0068445103242993355
image_11349,0.006878077983856201
image_1135,0.0003157519386149943
image_11350,0.9985301494598389
image_11351,0.0010125041007995605
image_11352,2.6851661459659226e-05
image_11353,0.001096541527658701
image_11354,0.010496729984879494
image_11355,0.0007091657025739551
image_11356,0.4739691913127899
image_11357,0.8813731074333191
image_11358,0.12543952465057373
image_11359,0.06597181409597397
image_1136,0.9110832810401917
image_11360,0.005482276435941458
image_11361,0.03234964609146118
image_11362,0.01790347881615162
image_11363,0.0002550625940784812
image_11364,0.17894934117794037
image_11365,0.001998947001993656
image_11366,0.00176074611954391
image_11367,9.601008787285537e-05
image_11368,9.714411135064438e-05
image_11369,0.5279824733734131
image_1137,0.0010650894837453961
image_11370,0.09586524218320847
image_11371,0.0016808736836537719
image_11372,0.08360074460506439
image_11373,0.50883549451828
image_11374,0.0008750119595788419
image_11375,0.6838478446006775
image_11376,0.00044984108535572886
image_11377,0.11080572009086609
image_11378,0.00663538696244359
image_11379,0.01584690809249878
image_1138,0.0019101140787824988
image_11380,0.7040387392044067
image_11381,0.015567459166049957
image_11382,0.0005744490772485733
image_11383,0.004097955301403999
image_11384,0.0040144892409443855
image_11385,0.0025255195796489716
image_11386,0.0018764310516417027
image_11387,0.0004395421710796654
image_11388,0.0025115457829087973
image_11389,0.00032541845575906336
image_1139,0.00044797599548473954
image_11390,0.032857730984687805
image_11391,0.0010752544039860368
image_11392,0.00021834613289684057
image_11393,0.783596396446228
image_11394,0.9166588187217712
image_11395,0.0009929357329383492
image_11396,0.7240250706672668
image_11397,0.0008177052368409932
image_11398,0.0009574964642524719
image_11399,0.5843355059623718
image_114,0.005823423620313406
image_1140,0.002232534810900688
image_11400,0.00016334053361788392
image_11401,0.001360293128527701
image_11402,0.0016886795638129115
image_11403,0.002002839697524905
image_11404,0.0012733653420582414
image_11405,0.0016759400023147464
image_11406,0.006843813229352236
image_11407,0.9515790343284607
image_11408,0.002971904119476676
image_11409,0.7800444960594177
image_1141,0.001232853508554399
image_11410,0.014503026381134987
image_11411,0.0024466561153531075
image_11412,0.0017485696589574218
image_11413,0.021472228690981865
image_11414,0.007449910044670105
image_11415,0.004563403315842152
image_11416,0.000989557127468288
image_11417,0.004037822131067514
image_11418,0.005409367382526398
image_11419,0.001900447765365243
image_1142,0.012629954144358635
image_11420,0.012877318076789379
image_11421,0.01041609700769186
image_11422,0.03990437090396881
image_11423,3.479113001958467e-05
image_11424,0.02893989160656929
image_11425,0.013652006164193153
image_11426,0.0011972944485023618
image_11427,0.003652453888207674
image_11428,0.02485944889485836
image_11429,0.007925491780042648
image_1143,0.0006502532633021474
image_11430,0.013398665003478527
image_11431,0.019713258370757103
image_11432,0.011710887774825096
image_11433,0.0002965166058856994
image_11434,0.0019000672036781907
image_11435,0.41064056754112244
image_11436,0.0002961335121653974
image_11437,0.013430681079626083
image_11438,0.0003149801050312817
image_11439,0.9200504422187805
image_1144,0.0022175023332238197
image_11440,0.00024398027744609863
image_11441,0.0016542451921850443
image_11442,0.03788942098617554
image_11443,0.041897282004356384
image_11444,0.4368473291397095
image_11445,0.0032978972885757685
image_11446,0.00020509291789494455
image_11447,0.0017731417901813984
image_11448,0.0053777205757796764
image_11449,0.0002431505563436076
image_1145,0.00042729100096039474
image_11450,0.0005776547477580607
image_11451,0.0004990522284060717
image_11452,0.4410443603992462
image_11453,0.0013789291260764003
image_11454,0.058005448430776596
image_11455,0.02135380543768406
image_11456,0.7719841003417969
image_11457,0.4274362027645111
image_11458,0.9248549342155457
image_11459,0.0002989284403156489
image_1146,0.00014972442295402288
image_11460,0.008323154412209988
image_11461,0.0021531465463340282
image_11462,0.008138485252857208
image_11463,0.0024941936135292053
image_11464,0.0010585578856989741
image_11465,0.003279346041381359
image_11466,0.060516323894262314
image_11467,0.0005222835461609066
image_11468,0.010115226730704308
image_11469,0.016796525567770004
image_1147,0.9965720176696777
image_11470,0.10974425077438354
image_11471,0.08427952229976654
image_11472,0.16582255065441132
image_11473,0.004954048898071051
image_11474,0.000476723478641361
image_11475,0.006371894385665655
image_11476,0.9375277161598206
image_11477,0.0008744780207052827
image_11478,0.036875639110803604
image_11479,0.018568336963653564
image_1148,0.008220524527132511
image_11480,0.002022629603743553
image_11481,0.0012089475058019161
image_11482,0.0033889245241880417
image_11483,0.018899185582995415
image_11484,0.0001250200002687052
image_11485,0.0008683151099830866
image_11486,9.61319383350201e-05
image_11487,0.00448243785649538
image_11488,0.05106635019183159
image_11489,0.9936133027076721
image_1149,0.00019639507809188217
image_11490,0.0001846575760282576
image_11491,0.004031274933367968
image_11492,0.0018894856330007315
image_11493,0.01002941932529211
image_11494,0.0007857625023461878
image_11495,0.001955128973349929
image_11496,0.0337369330227375
image_11497,0.0055236173793673515
image_11498,0.0017416136106476188
image_11499,0.010041214525699615
image_115,0.47578078508377075
image_1150,0.006131309550255537
image_11500,0.010095775127410889
image_11501,0.009131429716944695
image_11502,0.001455643679946661
image_11503,0.8808358907699585
image_11504,0.0034397642593830824
image_11505,0.0006721295649185777
image_11506,0.004418390803039074
image_11507,0.0035523315891623497
image_11508,0.01999560557305813
image_11509,0.0016442913329228759
image_1151,0.0012238823110237718
image_11510,0.9430471658706665
image_11511,0.002837085397914052
image_11512,0.0017971667693927884
image_11513,0.06843557208776474
image_11514,0.00017012152238748968
image_11515,0.00303322309628129
image_11516,0.01793672889471054
image_11517,0.00012914385297335684
image_11518,0.0002436490321997553
image_11519,0.11230982840061188
image_1152,0.00021251558791846037
image_11520,0.896741509437561
image_11521,0.04102743789553642
image_11522,0.9959256649017334
image_11523,0.01626608893275261
image_11524,0.22169247269630432
image_11525,0.004610670730471611
image_11526,0.0002867865259759128
image_11527,0.001979221124202013
image_11528,0.10701129585504532
image_11529,0.008913792669773102
image_1153,0.02146945893764496
image_11530,0.741868793964386
image_11531,0.0015233714366331697
image_11532,0.0005788352573290467
image_11533,0.8924559950828552
image_11534,0.0036192857660353184
image_11535,0.9736067056655884
image_11536,0.0007271565846167505
image_11537,0.00016217488155234605
image_11538,0.003415662096813321
image_11539,0.030259395018219948
image_1154,0.00021108603687025607
image_11540,0.013217640109360218
image_11541,0.00746828131377697
image_11542,0.003097070846706629
image_11543,0.019415829330682755
image_11544,0.008001843467354774
image_11545,0.9937710165977478
image_11546,0.8390455842018127
image_11547,0.008334063924849033
image_11548,0.005818946752697229
image_11549,0.0013742304872721434
image_1155,0.05527675896883011
image_11550,0.0009898277930915356
image_11551,0.0015745237469673157
image_11552,0.00213413848541677
image_11553,0.0030803268309682608
image_11554,0.04791158810257912
image_11555,0.0008624594192951918
image_11556,0.0059135183691978455
image_11557,0.012028117664158344
image_11558,0.00016379531007260084
image_11559,0.8443655371665955
image_1156,0.00252414308488369
image_11560,0.011639212258160114
image_11561,0.0065603298135101795
image_11562,0.7648037672042847
image_11563,0.006567655596882105
image_11564,0.002224721247330308
image_11565,0.02116544172167778
image_11566,0.0006365205044858158
image_11567,1.5196445929177571e-05
image_11568,0.012730575166642666
image_11569,0.0006434071692638099
image_1157,0.00066905387211591
image_11570,0.0005428934819065034
image_11571,0.895139753818512
image_11572,0.017294591292738914
image_11573,0.22312387824058533
image_11574,0.003574608126655221
image_11575,0.0002483167336322367
image_11576,0.005282117519527674
image_11577,0.021193040534853935
image_11578,0.008920252323150635
image_11579,0.9702823162078857
image_1158,0.08265314996242523
image_11580,0.0032449192367494106
image_11581,0.0007906205137260258
image_11582,0.0008186669438146055
image_11583,0.001975690247491002
image_11584,0.04195428267121315
image_11585,0.02531658299267292
image_11586,0.010458978824317455
image_11587,0.021913010627031326
image_11588,9.68270906014368e-05
image_11589,0.003713409649208188
image_1159,0.12872377038002014
image_11590,0.08142627775669098
image_11591,0.0002155127440346405
image_11592,0.21632014214992523
image_11593,0.0015102805336937308
image_11594,0.0005741794593632221
image_11595,0.001356368768028915
image_11596,0.006107291206717491
image_11597,0.007489068433642387
image_11598,0.000202728362637572
image_11599,0.004879518412053585
image_116,0.0020031589083373547
image_1160,0.4042944312095642
image_11600,0.3172813653945923
image_11601,0.0031728215981274843
image_11602,0.00024231344286818057
image_11603,0.0009640657226555049
image_11604,0.0020987100433558226
image_11605,0.0003920085437130183
image_11606,0.02728017047047615
image_11607,0.000895916426088661
image_11608,0.004624905996024609
image_11609,0.0013798276195302606
image_1161,0.06372136622667313
image_11610,0.11439134925603867
image_11611,0.9969038367271423
image_11612,0.0015688587445765734
image_11613,0.003866983577609062
image_11614,0.033839669078588486
image_11615,0.022338710725307465
image_11616,0.0007743317983113229
image_11617,0.004995652940124273
image_11618,0.015201251022517681
image_11619,0.024487318471074104
image_1162,0.9251925349235535
image_11620,0.00014027398719917983
image_11621,0.0001267431944143027
image_11622,0.0034252323675900698
image_11623,0.000893253309186548
image_11624,0.03529086336493492
image_11625,0.024385903030633926
image_11626,0.009318125434219837
image_11627,0.010678347200155258
image_11628,0.026052337139844894
image_11629,0.05708494037389755
image_1163,0.0018670939607545733
image_11630,0.000301629479508847
image_11631,0.0038164150901138783
image_11632,0.022626537829637527
image_11633,0.0029549102764576674
image_11634,0.12162194401025772
image_11635,0.009706317447125912
image_11636,0.0002697053423617035
image_11637,0.0046441336162388325
image_11638,0.04607827216386795
image_11639,0.0010488753905519843
image_1164,0.7371259331703186
image_11640,0.002558134263381362
image_11641,0.004081252962350845
image_11642,0.009533213451504707
image_11643,0.009131476283073425
image_11644,0.004084074404090643
image_11645,0.010442306287586689
image_11646,0.02813829481601715
image_11647,0.0016491595888510346
image_11648,0.027714315801858902
image_11649,0.9373231530189514
image_1165,0.0005632378743030131
image_11650,5.5633096053497866e-05
image_11651,0.0006250806618481874
image_11652,0.0002134285750798881
image_11653,0.0035459150094538927
image_11654,0.01607881486415863
image_11655,0.005620231386274099
image_11656,0.0021669554989784956
image_11657,0.0007045509410090744
image_11658,0.0025840054731816053
image_11659,0.003440460655838251
image_1166,0.0018183136126026511
image_11660,0.00127722742035985
image_11661,0.008464891463518143
image_11662,0.0020922317635267973
image_11663,0.00014211317466106266
image_11664,0.0024818743113428354
image_11665,0.01491528656333685
image_11666,0.03193167969584465
image_11667,0.0006751559558324516
image_11668,0.07754133641719818
image_11669,0.0024926436599344015
image_1167,0.0017881393432617188
image_11670,0.0013170269085094333
image_11671,0.0011747416574507952
image_11672,0.00025402047322131693
image_11673,0.0026974575594067574
image_11674,0.0034036298748105764
image_11675,0.06176012381911278
image_11676,0.01969299651682377
image_11677,0.0009001262951642275
image_11678,0.979377806186676
image_11679,0.00044854727457277477
image_1168,0.00011561081191757694
image_11680,0.0001898982300190255
image_11681,0.00040883469046093524
image_11682,0.0027717524208128452
image_11683,0.00773721793666482
image_11684,0.0017646495252847672
image_11685,0.0036609647795557976
image_11686,0.000409661210142076
image_11687,0.0005499906255863607
image_11688,0.0020212046802043915
image_11689,0.02842995524406433
image_1169,0.9140772819519043
image_11690,0.00014084333088248968
image_11691,0.010523195378482342
image_11692,0.00174235668964684
image_11693,0.0009658971684984863
image_11694,0.014137858524918556
image_11695,0.0025202587712556124
image_11696,0.0009758268715813756
image_11697,0.0002340862702112645
image_11698,0.005223018582910299
image_11699,0.005372521933168173
image_117,0.006734312046319246
image_1170,0.0007476024911738932
image_11700,0.9907544851303101
image_11701,0.06576039642095566
image_11702,0.00036999379517510533
image_11703,0.023669695481657982
image_11704,0.008800520561635494
image_11705,0.5549731850624084
image_11706,0.0001543009711895138
image_11707,0.002174361841753125
image_11708,0.0793607160449028
image_11709,0.00018761219689622521
image_1171,0.0047424305230379105
image_11710,0.004996975418180227
image_11711,0.036322031170129776
image_11712,0.13227573037147522
image_11713,0.013614021241664886
image_11714,0.00018957527936436236
image_11715,0.0014606701442971826
image_11716,0.014011647552251816
image_11717,0.014547646977007389
image_11718,0.0015999601455405354
image_11719,0.004298130515962839
image_1172,0.0015150540275499225
image_11720,0.8896340727806091
image_11721,0.007083434611558914
image_11722,0.00462290458381176
image_11723,0.9816422462463379
image_11724,0.0354498066008091
image_11725,0.07006551325321198
image_11726,0.0005734411533921957
image_11727,0.00015586029621772468
image_11728,0.0011849197326228023
image_11729,0.011976734735071659
image_1173,0.0008274441352114081
image_11730,0.9546284079551697
image_11731,0.0009416124667041004
image_11732,0.00045052854693494737
image_11733,0.18726183474063873
image_11734,0.02260955423116684
image_11735,0.0014413162134587765
image_11736,0.003235781565308571
image_11737,0.1775469183921814
image_11738,0.9270873665809631
image_11739,0.005993170198053122
image_1174,0.0015553057892248034
image_11740,0.002698443830013275
image_11741,0.0049290829338133335
image_11742,0.015910804271697998
image_11743,0.006495343055576086
image_11744,0.0009437006083317101
image_11745,0.8866358399391174
image_11746,0.001290214597247541
image_11747,0.004110218491405249
image_11748,0.0022445502690970898
image_11749,0.4304284453392029
image_1175,0.0015617471653968096
image_11750,0.000232509191846475
image_11751,0.002453837776556611
image_11752,0.0024360036477446556
image_11753,0.061665285378694534
image_11754,0.39242392778396606
image_11755,0.002672550966963172
image_11756,0.003755345940589905
image_11757,6.319519889075309e-05
image_11758,0.3083617091178894
image_11759,0.9640233516693115
image_1176,0.011025991290807724
image_11760,0.968788743019104
image_11761,0.02323528565466404
image_11762,0.06346579641103745
image_11763,0.00822728406637907
image_11764,0.020020315423607826
image_11765,0.9369527101516724
image_11766,0.004078465048223734
image_11767,0.0001805534993764013
image_11768,0.36777693033218384
image_11769,0.004155665636062622
image_1177,0.0015656010946258903
image_11770,0.06458976119756699
image_11771,0.005057636648416519
image_11772,0.0024275074247270823
image_11773,0.0014071245677769184
image_11774,0.006063137203454971
image_11775,0.8555178046226501
image_11776,0.9793006181716919
image_11777,0.9252221584320068
image_11778,0.006907288450747728
image_11779,0.0016154613113030791
image_1178,0.0029076985083520412
image_11780,0.0008888498414307833
image_11781,0.006411885377019644
image_11782,0.000649535097181797
image_11783,0.0008337764302268624
image_11784,0.0003583266516216099
image_11785,0.00046193975140340626
image_11786,0.0008600102155469358
image_11787,0.019351111724972725
image_11788,0.7404610514640808
image_11789,0.00423111766576767
image_1179,0.0007654793444089592
image_11790,0.0024287421256303787
image_11791,3.97843868995551e-05
image_11792,0.034591659903526306
image_11793,0.00022742271539755166
image_11794,0.0003809728950727731
image_11795,0.007310773711651564
image_11796,0.03689015656709671
image_11797,0.00042933246004395187
image_11798,0.0024945198092609644
image_11799,0.8286076784133911
image_118,0.6470256447792053
image_1180,0.004338998347520828
image_11800,0.20537790656089783
image_11801,0.0001637083332752809
image_11802,0.6033177375793457
image_11803,0.006583547219634056
image_11804,0.0005082814604975283
image_11805,0.012358511798083782
image_11806,0.9995695948600769
image_11807,0.0004099803336430341
image_11808,0.0018032840453088284
image_11809,0.00023647827038075775
image_1181,0.0013110758736729622
image_11810,0.005824444815516472
image_11811,0.0006333689671009779
image_11812,0.0003780535771511495
image_11813,0.002410412300378084
image_11814,0.06171131879091263
image_11815,0.9872390627861023
image_11816,0.1139504462480545
image_11817,0.9492470026016235
image_11818,0.0008498053066432476
image_11819,0.19512179493904114
image_1182,7.3404048634984065e-06
image_11820,0.006156579591333866
image_11821,0.004780913237482309
image_11822,0.0014950836775824428
image_11823,0.9888830780982971
image_11824,0.0011926458682864904
image_11825,0.0034771959763020277
image_11826,0.7103539109230042
image_11827,0.004424280487000942
image_11828,0.0005181088345125318
image_11829,0.0033039418049156666
image_1183,0.007152433041483164
image_11830,0.002421524142846465
image_11831,0.013678465969860554
image_11832,0.00527186831459403
image_11833,0.0011103710858151317
image_11834,0.00020223799219820648
image_11835,0.15768718719482422
image_11836,0.00011553840158740059
image_11837,0.004988835658878088
image_11838,0.002960476092994213
image_11839,0.00013850412506144494
image_1184,0.9841885566711426
image_11840,0.04986409470438957
image_11841,0.032904986292123795
image_11842,0.0012208929983898997
image_11843,1.2097018952772487e-05
image_11844,0.0018671340076252818
image_11845,0.7527076601982117
image_11846,0.006840832065790892
image_11847,0.014662160538136959
image_11848,0.0031981223728507757
image_11849,0.001628435798920691
image_1185,0.012878881767392159
image_11850,0.009397169575095177
image_11851,0.00022348474885802716
image_11852,0.00125999900046736
image_11853,0.011511404067277908
image_11854,0.002166946418583393
image_11855,0.9621025919914246
image_11856,0.7698602080345154
image_11857,0.04086236283183098
image_11858,0.9289883971214294
image_11859,0.004920976236462593
image_1186,0.0031467690132558346
image_11860,0.6521390676498413
image_11861,0.002827109768986702
image_11862,0.039918139576911926
image_11863,0.9510856866836548
image_11864,0.00159245275426656
image_11865,0.02951855957508087
image_11866,6.6429449361749e-05
image_11867,0.03111952915787697
image_11868,0.9965816140174866
image_11869,0.40756845474243164
image_1187,0.007631957530975342
image_11870,0.012035633437335491
image_11871,0.011637418530881405
image_11872,0.0023744702339172363
image_11873,0.023315252736210823
image_11874,0.0006042533786967397
image_11875,0.1956472396850586
image_11876,0.0015488665085285902
image_11877,0.0009044980397447944
image_11878,0.017540443688631058
image_11879,0.0038401593919843435
image_1188,0.024070801213383675
image_11880,0.07026191055774689
image_11881,0.00507681118324399
image_11882,0.0009637209586799145
image_11883,0.008368957787752151
image_11884,0.0008832040475681424
image_11885,0.00023009677533991635
image_11886,0.002811262384057045
image_11887,0.0015789339086040854
image_11888,0.01042861770838499
image_11889,0.9256091713905334
image_1189,0.0012302417308092117
image_11890,0.017955411225557327
image_11891,0.000171528197824955
image_11892,0.020251672714948654
image_11893,0.0024549434892833233
image_11894,0.2672060430049896
image_11895,4.9756654334487393e-05
image_11896,0.0016970038414001465
image_11897,0.09197387099266052
image_11898,0.027139529585838318
image_11899,0.0016150659648701549
image_119,0.790141224861145
image_1190,0.0005146280745975673
image_11900,0.015502418391406536
image_11901,0.0007719804416410625
image_11902,0.001236648764461279
image_11903,0.005068543832749128
image_11904,0.0073804063722491264
image_11905,0.009805806912481785
image_11906,0.0009740290115587413
image_11907,0.010272275656461716
image_11908,0.0001961250527529046
image_11909,0.9343178272247314
image_1191,0.0022215258795768023
image_11910,0.004114633891731501
image_11911,0.005299509037286043
image_11912,0.8904179334640503
image_11913,0.005917298141866922
image_11914,0.0015848956536501646
image_11915,0.9585961699485779
image_11916,0.0014216216513887048
image_11917,0.0009431482758373022
image_11918,0.01697193831205368
image_11919,0.022313440218567848
image_1192,0.9970273375511169
image_11920,0.9847027659416199
image_11921,0.00026996928500011563
image_11922,0.0014341145288199186
image_11923,0.00024202230270020664
image_11924,0.004736023023724556
image_11925,0.022692326456308365
image_11926,0.00584158580750227
image_11927,0.012051690369844437
image_11928,0.03989468142390251
image_11929,0.01183822937309742
image_1193,0.012805303558707237
image_11930,0.026324359700083733
image_11931,0.00010716229007812217
image_11932,0.0005564261227846146
image_11933,0.0008803067612461746
image_11934,0.001109594595618546
image_11935,0.023987354710698128
image_11936,5.168029019841924e-05
image_11937,0.015866374596953392
image_11938,0.008664465509355068
image_11939,0.8354629874229431
image_1194,0.0011034744093194604
image_11940,0.9728869795799255
image_11941,0.0022607215214520693
image_11942,0.001633652951568365
image_11943,0.0013873871648684144
image_11944,0.0011402582749724388
image_11945,0.002272916492074728
image_11946,0.9499077796936035
image_11947,0.0025754207745194435
image_11948,0.027681497856974602
image_11949,0.00035418319748714566
image_1195,0.004770524799823761
image_11950,0.009425959549844265
image_11951,0.9942922592163086
image_11952,0.0017640413716435432
image_11953,0.00015285619883798063
image_11954,0.00511535257101059
image_11955,0.010240735486149788
image_11956,0.0009871808579191566
image_11957,0.0006350988987833261
image_11958,0.008421048521995544
image_11959,0.0011303244391456246
image_1196,0.0003102837363258004
image_11960,0.05752616375684738
image_11961,0.00025880118482746184
image_11962,0.0047795637510716915
image_11963,0.001268265419639647
image_11964,0.00014642890891991556
image_11965,0.01080623921006918
image_11966,0.993818461894989
image_11967,0.012480347417294979
image_11968,0.003050490515306592
image_11969,0.008759528398513794
image_1197,0.001507158624008298
image_11970,0.00022686786542180926
image_11971,0.0063526201993227005
image_11972,0.0036966584157198668
image_11973,0.01517366524785757
image_11974,0.016652293503284454
image_11975,0.940208375453949
image_11976,0.00608456926420331
image_11977,0.9645125865936279
image_11978,0.0008368973503820598
image_11979,9.803797001950443e-05
image_1198,0.8903158903121948
image_11980,0.6949830651283264
image_11981,0.0003126852971035987
image_11982,0.015955042093992233
image_11983,0.03513448312878609
image_11984,0.0066372607834637165
image_11985,0.0002052519703283906
image_11986,0.0003837709373328835
image_11987,0.012949604541063309
image_11988,0.0041650948114693165
image_11989,0.03202260285615921
image_1199,0.0018794906791299582
image_11990,0.006636665668338537
image_11991,0.0014869750011712313
image_11992,0.002038179663941264
image_11993,0.017281880602240562
image_11994,0.9864181876182556
image_11995,0.00401778519153595
image_11996,0.007104520220309496
image_11997,0.0007384070195257664
image_11998,0.01833256334066391
image_11999,0.0031666848808526993
image_12,0.0002838741638697684
image_120,0.03370717167854309
image_1200,0.0017542452551424503
image_12000,0.0006013488164171576
image_12001,0.788934588432312
image_12002,0.00036303745582699776
image_12003,0.0006971844122745097
image_12004,0.027077894657850266
image_12005,0.0007874006405472755
image_12006,0.000549070246051997
image_12007,0.00919091422110796
image_12008,0.015189584344625473
image_12009,0.8153465390205383
image_1201,0.0009271468734368682
image_12010,0.005155574064701796
image_12011,0.007980803959071636
image_12012,0.007319396361708641
image_12013,0.023709988221526146
image_12014,0.6603367924690247
image_12015,0.005709392484277487
image_12016,0.8495510220527649
image_12017,0.007912136614322662
image_12018,0.8485041260719299
image_12019,0.007749800104647875
image_1202,0.007365194149315357
image_12020,0.002219224814325571
image_12021,0.0033752950839698315
image_12022,0.003266019280999899
image_12023,0.0017665488412603736
image_12024,0.7805397510528564
image_12025,0.013472463935613632
image_12026,0.0005903434939682484
image_12027,0.007975350134074688
image_12028,0.03602244704961777
image_12029,0.0005857088253833354
image_1203,0.0008876586216501892
image_12030,3.763745189644396e-05
image_12031,0.0028741182759404182
image_12032,0.0006095794378779829
image_12033,0.42607271671295166
image_12034,0.09008786082267761
image_12035,0.0022190117742866278
image_12036,0.038422584533691406
image_12037,0.0009926878847181797
image_12038,0.0014205538900569081
image_12039,0.0022089865524321795
image_1204,0.8254698514938354
image_12040,0.00026031522429548204
image_12041,0.006854458712041378
image_12042,0.003790105227380991
image_12043,0.0010572250466793776
image_12044,0.004571828525513411
image_12045,0.00039746591937728226
image_12046,0.005557179916650057
image_12047,0.0004737748531624675
image_12048,0.04008764401078224
image_12049,0.014588006772100925
image_1205,0.0026844290550798178
image_12050,0.0009773480705916882
image_12051,0.0008025213610380888
image_12052,0.004515786189585924
image_12053,0.0010046485112980008
image_12054,0.00032302294857800007
image_12055,0.0008895267965272069
image_12056,0.000585324305575341
image_12057,0.004008638672530651
image_12058,0.0004226432356517762
image_12059,0.011047136969864368
image_1206,0.00020635378314182162
image_12060,0.9803963899612427
image_12061,0.004784958437085152
image_12062,0.034605972468853
image_12063,0.020566191524267197
image_12064,0.0231686532497406
image_12065,0.0537513867020607
image_12066,0.033310528844594955
image_12067,0.0467781238257885
image_12068,0.07367590069770813
image_12069,0.0005498878890648484
image_1207,0.013470861129462719
image_12070,0.7476438879966736
image_12071,4.820578033104539e-05
image_12072,0.003120905952528119
image_12073,0.0013135155895724893
image_12074,0.0281967855989933
image_12075,0.0015527450013905764
image_12076,0.006491534411907196
image_12077,0.00018897917470894754
image_12078,0.952033519744873
image_12079,0.0019045369699597359
image_1208,0.030087051913142204
image_12080,0.011407338082790375
image_12081,0.005201014690101147
image_12082,0.006764222402125597
image_12083,0.0013449294492602348
image_12084,0.005085332319140434
image_12085,0.02586153708398342
image_12086,0.8521538972854614
image_12087,0.016171010211110115
image_12088,0.010803732089698315
image_12089,0.00847863033413887
image_1209,0.008089681155979633
image_12090,0.00448361411690712
image_12091,0.0003405861498322338
image_12092,0.0004947340930812061
image_12093,0.0012218812480568886
image_12094,0.0007103561656549573
image_12095,0.001194500713609159
image_12096,0.0008342826040461659
image_12097,0.0010880677727982402
image_12098,0.007799886167049408
image_12099,0.00025190989254042506
image_121,0.34664398431777954
image_1210,0.004112662747502327
image_12100,0.5041112303733826
image_12101,0.6726694703102112
image_12102,0.001257208175957203
image_12103,0.0021945438347756863
image_12104,0.003002122975885868
image_12105,0.002200635615736246
image_12106,0.002503132214769721
image_12107,0.002310018055140972
image_12108,0.5297078490257263
image_12109,0.001786618959158659
image_1211,0.8164631724357605
image_12110,0.0004438498872332275
image_12111,0.0026673031970858574
image_12112,0.0018942594761028886
image_12113,0.9876980185508728
image_12114,0.8528507351875305
image_12115,0.004128159023821354
image_12116,0.00038242441951297224
image_12117,0.008650791831314564
image_12118,0.008346285670995712
image_12119,0.9545453786849976
image_1212,0.9769291281700134
image_12120,0.00796494074165821
image_12121,0.004564724862575531
image_12122,7.544198160758242e-05
image_12123,0.0003323031705804169
image_12124,0.0007028884720057249
image_12125,9.228717681253329e-05
image_12126,0.005266167223453522
image_12127,0.0080919424071908
image_12128,0.16445045173168182
image_12129,0.001038688002154231
image_1213,0.0001648686738917604
image_12130,0.005402665119618177
image_12131,0.0012473317328840494
image_12132,0.00015323753177653998
image_12133,0.7698056101799011
image_12134,4.597014412865974e-05
image_12135,0.00019998353673145175
image_12136,0.0002309653937118128
image_12137,0.013855330646038055
image_12138,0.9523651003837585
image_12139,0.9550446271896362
image_1214,0.0001377666339976713
image_12140,0.009304736740887165
image_12141,0.5964468121528625
image_12142,0.0015998847084119916
image_12143,0.0010198097443208098
image_12144,0.0030676210299134254
image_12145,0.011538625694811344
image_12146,0.020487627014517784
image_12147,0.0017311729025095701
image_12148,0.016242505982518196
image_12149,0.004098613280802965
image_1215,0.0006682993844151497
image_12150,0.008608948439359665
image_12151,0.013193542137742043
image_12152,0.9374978542327881
image_12153,0.03000606968998909
image_12154,0.00903048925101757
image_12155,0.0012755012139678001
image_12156,0.0008420575759373605
image_12157,0.0028746635653078556
image_12158,0.000277517712675035
image_12159,0.0009449697099626064
image_1216,0.8404823541641235
image_12160,0.9922979474067688
image_12161,0.0014893392799422145
image_12162,0.9970864653587341
image_12163,0.0009906924096867442
image_12164,0.0027036115061491728
image_12165,0.0031111533753573895
image_12166,0.32440343499183655
image_12167,0.022929495200514793
image_12168,0.010010083205997944
image_12169,0.9642258882522583
image_1217,0.0021579228341579437
image_12170,0.001437098952010274
image_12171,0.005850316025316715
image_12172,0.019228151068091393
image_12173,0.0021432186476886272
image_12174,0.9600589275360107
image_12175,0.004604947287589312
image_12176,0.0012342669069766998
image_12177,0.0008208225481212139
image_12178,0.003379519795998931
image_12179,5.742634675698355e-05
image_1218,0.8723316192626953
image_12180,0.013516612350940704
image_12181,0.0036772124003618956
image_12182,0.0017701057950034738
image_12183,0.00022588943829759955
image_12184,0.0036171679385006428
image_12185,0.0022518772166222334
image_12186,0.0004350819217506796
image_12187,0.8120557069778442
image_12188,0.0005901848198845983
image_12189,0.007459972519427538
image_1219,0.007403693627566099
image_12190,3.2945295970421284e-05
image_12191,0.0025423369370400906
image_12192,6.007118645356968e-05
image_12193,0.24421757459640503
image_12194,0.006810472812503576
image_12195,0.017039373517036438
image_12196,0.05888761579990387
image_12197,0.8315865993499756
image_12198,0.0036252387799322605
image_12199,0.000452941661933437
image_122,0.07702420651912689
image_1220,0.0006170380511321127
image_12200,0.0002213268744526431
image_12201,0.001546894432976842
image_12202,0.01630641520023346
image_12203,0.002350468188524246
image_12204,0.012480511330068111
image_12205,0.0007519222563132644
image_12206,0.053719718009233475
image_12207,0.0003102331538684666
image_12208,0.00021681674115825444
image_12209,0.006650663912296295
image_1221,0.005125061143189669
image_12210,0.0031559935305267572
image_12211,0.9981772899627686
image_12212,0.07299156486988068
image_12213,0.0004831777769140899
image_12214,0.01132129319012165
image_12215,0.011078155599534512
image_12216,0.005949264392256737
image_12217,0.004287198185920715
image_12218,0.0023312366101890802
image_12219,0.007361064665019512
image_1222,8.603428432252258e-05
image_12220,0.1538628190755844
image_12221,0.19256164133548737
image_12222,0.0004837895685341209
image_12223,0.0026286907959729433
image_12224,0.005450778640806675
image_12225,0.00011142664880026132
image_12226,0.00021059169375803322
image_12227,0.0007481890497729182
image_12228,0.0005993542145006359
image_12229,0.001894837711006403
image_1223,0.003766966750845313
image_12230,0.03622385859489441
image_12231,0.0027013677172362804
image_12232,0.052023351192474365
image_12233,0.0014259889721870422
image_12234,4.796467692358419e-05
image_12235,0.0033214048016816378
image_12236,0.004587966948747635
image_12237,0.0012540741590783
image_12238,0.0028429152444005013
image_12239,0.0009529414237476885
image_1224,0.027521688491106033
image_12240,0.0013406503712758422
image_12241,0.001974650891497731
image_12242,0.0050428034737706184
image_12243,0.004900696687400341
image_12244,0.023671016097068787
image_12245,0.0061442675068974495
image_12246,0.06009909138083458
image_12247,0.7394904494285583
image_12248,0.00722207548096776
image_12249,0.6300964951515198
image_1225,0.0024126295465976
image_12250,0.09064679592847824
image_12251,0.012827721424400806
image_12252,0.0040604653768241405
image_12253,0.008328430354595184
image_12254,0.0004851394041907042
image_12255,0.003918162547051907
image_12256,0.0094260573387146
image_12257,0.0021539446897804737
image_12258,0.7575283050537109
image_12259,0.002230251207947731
image_1226,0.00031844977638684213
image_12260,0.002197840716689825
image_12261,0.008097064681351185
image_12262,0.00012523596524260938
image_12263,0.004277838859707117
image_12264,0.001073097693733871
image_12265,0.7867311239242554
image_12266,0.03979155048727989
image_12267,0.09946078062057495
image_12268,0.00170066487044096
image_12269,0.0037867201026529074
image_1227,0.01020713709294796
image_12270,0.0018843307625502348
image_12271,0.821540117263794
image_12272,0.463715523481369
image_12273,0.0005058850510977209
image_12274,0.0002597197308205068
image_12275,0.002105053048580885
image_12276,0.021271008998155594
image_12277,0.009222105145454407
image_12278,0.005343735218048096
image_12279,0.2919697165489197
image_1228,0.030993813648819923
image_12280,0.00023220125876832753
image_12281,0.00832465011626482
image_12282,0.02066992223262787
image_12283,0.0001873297442216426
image_12284,0.00048583056195639074
image_12285,0.011533943936228752
image_12286,0.0025711199268698692
image_12287,0.012364682741463184
image_12288,4.199015165795572e-05
image_12289,0.003128727898001671
image_1229,0.008917775005102158
image_12290,0.00046103267231956124
image_12291,0.000920559570658952
image_12292,0.9368669986724854
image_12293,0.7469725608825684
image_12294,0.9360863566398621
image_12295,0.0004954660544171929
image_12296,0.046816881746053696
image_12297,0.008283819071948528
image_12298,0.007877984084188938
image_12299,0.006412574555724859
image_123,0.0035856617614626884
image_1230,0.002385730156674981
image_12300,0.026416882872581482
image_12301,0.031138917431235313
image_12302,0.010827412828803062
image_12303,0.00021410912449937314
image_12304,0.4953911006450653
image_12305,0.008475860580801964
image_12306,0.019325049594044685
image_12307,0.011825451627373695
image_12308,0.0017642530146986246
image_12309,0.0024137143045663834
image_1231,0.013847261667251587
image_12310,0.020529264584183693
image_12311,0.001446447568014264
image_12312,0.0011996723478659987
image_12313,5.323292134562507e-05
image_12314,0.9034311771392822
image_12315,0.004603172652423382
image_12316,0.030493149533867836
image_12317,0.001746455323882401
image_12318,0.006192138884216547
image_12319,0.0017097920645028353
image_1232,0.03160055726766586
image_12320,0.007633196655660868
image_12321,0.2656264901161194
image_12322,0.0005938196554780006
image_12323,9.287966531701386e-05
image_12324,0.0034465377684682608
image_12325,0.39549747109413147
image_12326,0.03296801447868347
image_12327,0.9129279255867004
image_12328,0.7968882322311401
image_12329,0.0016606197459623218
image_1233,0.04453452304005623
image_12330,0.006401813123375177
image_12331,0.5883963704109192
image_12332,0.0005534031079150736
image_12333,0.0038218304980546236
image_12334,0.0010232925415039062
image_12335,0.9078658819198608
image_12336,0.9520302414894104
image_12337,0.018339842557907104
image_12338,0.8159470558166504
image_12339,0.00032940099481493235
image_1234,0.031155358999967575
image_12340,0.8557682037353516
image_12341,0.001210448332130909
image_12342,0.003804277628660202
image_12343,0.009238994680345058
image_12344,0.005181231070309877
image_12345,0.001616008928976953
image_12346,0.005290670786052942
image_12347,0.00019377311400603503
image_12348,0.0005946056917309761
image_12349,0.9332687854766846
image_1235,0.003437603823840618
image_12350,0.0025613263715058565
image_12351,0.0008390392758883536
image_12352,0.9539487957954407
image_12353,0.0006944487686268985
image_12354,0.0029807649552822113
image_12355,0.0022086715325713158
image_12356,0.07895784825086594
image_12357,0.005342680960893631
image_12358,0.0029716119170188904
image_12359,0.003552147885784507
image_1236,0.9459741115570068
image_12360,0.0005134056555107236
image_12361,0.016362078487873077
image_12362,0.0021549987141042948
image_12363,0.005678667686879635
image_12364,0.00016671793127898127
image_12365,0.0003761224797926843
image_12366,0.0017149713821709156
image_12367,0.0008739245240576565
image_12368,0.8755196928977966
image_12369,0.004576387349516153
image_1237,0.001024704659357667
image_12370,0.004003104288130999
image_12371,0.003912046551704407
image_12372,0.003256121650338173
image_12373,0.004873883910477161
image_12374,0.015443181619048119
image_12375,0.9510964751243591
image_12376,0.2830883860588074
image_12377,0.007460360415279865
image_12378,0.0085301473736763
image_12379,0.09573915600776672
image_1238,0.0036738631315529346
image_12380,0.958085298538208
image_12381,0.001989460550248623
image_12382,0.0005607267958112061
image_12383,0.0008183011668734252
image_12384,0.0001321407180512324
image_12385,0.0032334651332348585
image_12386,0.0067863501608371735
image_12387,0.001899060094729066
image_12388,0.004388451110571623
image_12389,0.0001794969866750762
image_1239,0.022236766293644905
image_12390,0.0038235755637288094
image_12391,0.39393728971481323
image_12392,0.00013638974633067846
image_12393,0.0014080314431339502
image_12394,0.00843625608831644
image_12395,0.9650800228118896
image_12396,0.5088344216346741
image_12397,0.7657454609870911
image_12398,0.0025762461591511965
image_12399,0.010198011063039303
image_124,0.018022891134023666
image_1240,0.7918997406959534
image_12400,0.9940040707588196
image_12401,0.0001760266604833305
image_12402,0.018770840018987656
image_12403,0.0176011323928833
image_12404,0.0013516632607206702
image_12405,0.0015169400721788406
image_12406,0.9444767236709595
image_12407,0.0680299773812294
image_12408,0.001404119422659278
image_12409,0.00344669702462852
image_1241,0.0012382293352857232
image_12410,0.0013238820247352123
image_12411,0.0021347294095903635
image_12412,3.910760278813541e-05
image_12413,0.0003550449328031391
image_12414,0.008375287987291813
image_12415,0.008961173705756664
image_12416,0.0032101839315146208
image_12417,0.00291432929225266
image_12418,0.8853276371955872
image_12419,0.0013050242559984326
image_1242,0.9407669305801392
image_12420,0.03538694232702255
image_12421,0.924548327922821
image_12422,0.004342738538980484
image_12423,0.166465625166893
image_12424,0.009224680252373219
image_12425,0.0010213858913630247
image_12426,0.01189614087343216
image_12427,0.0013238554820418358
image_12428,0.0004480323405005038
image_12429,0.0035348229575902224
image_1243,0.6143855452537537
image_12430,0.0010454888688400388
image_12431,0.0007316741975955665
image_12432,0.00036775553598999977
image_12433,0.002319073537364602
image_12434,0.0037750438787043095
image_12435,0.001396802137605846
image_12436,0.551819384098053
image_12437,0.0022219729144126177
image_12438,0.028228318318724632
image_12439,0.00031276041409000754
image_1244,0.5665605068206787
image_12440,0.8121644854545593
image_12441,0.0017052637413144112
image_12442,0.0005929619655944407
image_12443,0.007647393736988306
image_12444,0.0009258138597942889
image_12445,0.015246478840708733
image_12446,0.0014470902970060706
image_12447,0.9964103102684021
image_12448,0.0008508652099408209
image_12449,0.9326779246330261
image_1245,0.0014997049001976848
image_12450,0.017657412216067314
image_12451,0.993470311164856
image_12452,0.00119039008859545
image_12453,0.0011140163987874985
image_12454,0.00022725691087543964
image_12455,0.003916560672223568
image_12456,0.9412025809288025
image_12457,0.0001583894045324996
image_12458,0.5798782706260681
image_12459,0.0003501444007270038
image_1246,0.000572968041524291
image_12460,0.006906702183187008
image_12461,0.00020218515419401228
image_12462,0.5577573180198669
image_12463,0.0030809331219643354
image_12464,0.054839398711919785
image_12465,0.005836661905050278
image_12466,0.15358713269233704
image_12467,0.001387371914461255
image_12468,0.0002980073040816933
image_12469,0.13816291093826294
image_1247,0.09584395587444305
image_12470,0.005311083979904652
image_12471,0.00045502284774556756
image_12472,0.8185434341430664
image_12473,0.9851487874984741
image_12474,0.008562377654016018
image_12475,0.03505571559071541
image_12476,0.0006707460852339864
image_12477,0.9985937476158142
image_12478,0.011586910113692284
image_12479,0.05440695583820343
image_1248,0.006526600569486618
image_12480,0.010275393724441528
image_12481,0.9405205249786377
image_12482,0.0010063444497063756
image_12483,0.00148098380304873
image_12484,0.0025501190684735775
image_12485,0.029112480580806732
image_12486,0.006810920778661966
image_12487,0.3868996500968933
image_12488,0.02072693035006523
image_12489,0.002845311537384987
image_1249,0.02376396209001541
image_12490,0.9738807082176208
image_12491,0.0055136047303676605
image_12492,0.995412290096283
image_12493,0.8749162554740906
image_12494,0.0005565441097132862
image_12495,0.006864843890070915
image_12496,7.769345393171534e-05
image_12497,0.00519539276137948
image_12498,0.0002712831483222544
image_12499,0.0026368945837020874
image_125,0.9955390095710754
image_1250,0.007528388407081366
image_12500,0.8654484748840332
image_12501,0.02128896489739418
image_12502,0.010066481307148933
image_12503,0.0011274924036115408
image_12504,0.01795399934053421
image_12505,0.00026550100301392376
image_12506,0.8330014944076538
image_12507,0.003638971596956253
image_12508,0.00209640059620142
image_12509,0.005126541946083307
image_1251,0.024178242310881615
image_12510,0.0003851956280414015
image_12511,0.0019648035522550344
image_12512,0.0023233636748045683
image_12513,0.0010702416766434908
image_12514,0.002243369584903121
image_12515,0.3963167369365692
image_12516,0.001380127272568643
image_12517,0.01902853697538376
image_12518,0.08876951783895493
image_12519,0.0038928270805627108
image_1252,0.009112417697906494
image_12520,6.535260763484985e-05
image_12521,0.7138358950614929
image_12522,0.0012012560619041324
image_12523,0.011362859979271889
image_12524,0.005083144176751375
image_12525,0.013043961487710476
image_12526,0.7656524181365967
image_12527,0.012464453466236591
image_12528,0.9692082405090332
image_12529,0.002872573211789131
image_1253,0.0024906264152377844
image_12530,0.008752083405852318
image_12531,0.029488781467080116
image_12532,0.0011946645099669695
image_12533,0.025256812572479248
image_12534,0.024575114250183105
image_12535,0.026360150426626205
image_12536,0.0013067711843177676
image_12537,0.009680158458650112
image_12538,0.021689949557185173
image_12539,0.0003687100252136588
image_1254,0.010433963499963284
image_12540,0.0012834606459364295
image_12541,0.000399359647417441
image_12542,0.0011299519101157784
image_12543,0.002493421547114849
image_12544,3.684272087411955e-05
image_12545,0.005760101601481438
image_12546,0.0024522917810827494
image_12547,0.0008957394165918231
image_12548,0.010669213719666004
image_12549,0.0010439915349707007
image_1255,0.0003931772953364998
image_12550,0.00022356891713570803
image_12551,0.0027890163473784924
image_12552,0.8837197422981262
image_12553,0.0008375926408916712
image_12554,0.00036843749694526196
image_12555,0.016955193132162094
image_12556,0.0008324588998220861
image_12557,0.005007363855838776
image_12558,0.000764171127229929
image_12559,0.003626692807301879
image_1256,0.06593725085258484
image_12560,0.0015771001344546676
image_12561,0.007463623769581318
image_12562,0.0007879373151808977
image_12563,0.0031473059207201004
image_12564,0.0004204894066788256
image_12565,0.0008481498225592077
image_12566,0.27410462498664856
image_12567,0.9017610549926758
image_12568,0.5249000787734985
image_12569,0.0016323328018188477
image_1257,0.010617155581712723
image_12570,0.08029050379991531
image_12571,0.043000563979148865
image_12572,0.00600444944575429
image_12573,0.0048201740719377995
image_12574,0.00014029658632352948
image_12575,0.0012659903150051832
image_12576,0.0003009326464962214
image_12577,0.03306101635098457
image_12578,0.02130238711833954
image_12579,0.015664929524064064
image_1258,0.9841073751449585
image_12580,0.007966538891196251
image_12581,0.000192389969015494
image_12582,0.05606184899806976
image_12583,0.00316178472712636
image_12584,0.0005214029224589467
image_12585,0.5230184197425842
image_12586,0.008608464151620865
image_12587,0.006753386929631233
image_12588,0.005928744561970234
image_12589,0.0020054031629115343
image_1259,0.010349713265895844
image_12590,0.002269600285217166
image_12591,0.03639712929725647
image_12592,0.0014121070271357894
image_12593,0.004051862750202417
image_12594,0.0010980425868183374
image_12595,0.0017281158361583948
image_12596,0.9667387008666992
image_12597,0.004547851160168648
image_12598,0.0018035045359283686
image_12599,0.0892157256603241
image_126,0.00023946116562001407
image_1260,0.01320667378604412
image_12600,0.003467708360403776
image_12601,0.016056334599852562
image_12602,0.8501552939414978
image_12603,0.0034405176993459463
image_12604,0.002002038061618805
image_12605,0.002208648482337594
image_12606,0.0004567480937112123
image_12607,0.055906008929014206
image_12608,0.001722205663099885
image_12609,0.0100682582706213
image_1261,0.0028593481983989477
image_12610,0.004410764668136835
image_12611,0.012173742055892944
image_12612,0.00047278639976866543
image_12613,0.01375023927539587
image_12614,0.0043527125380933285
image_12615,0.9007678031921387
image_12616,0.9977114200592041
image_12617,0.002798772882670164
image_12618,0.00257394858635962
image_12619,0.3818776309490204
image_1262,0.007761565037071705
image_12620,0.0017398999771103263
image_12621,0.8412050008773804
image_12622,0.9815055727958679
image_12623,0.006992952432483435
image_12624,0.001098175416700542
image_12625,0.002271616132929921
image_12626,0.00026374051230959594
image_12627,0.00028000265592709184
image_12628,0.9906920790672302
image_12629,0.0008063003187999129
image_1263,0.00033765993430279195
image_12630,0.9722068309783936
image_12631,0.0005784141831099987
image_12632,0.029427653178572655
image_12633,0.002705333521589637
image_12634,0.016473017632961273
image_12635,0.012566586956381798
image_12636,0.009159451350569725
image_12637,0.02622959390282631
image_12638,0.013033351860940456
image_12639,0.001556027797050774
image_1264,0.0024865202140063047
image_12640,0.008381507359445095
image_12641,0.0139897670596838
image_12642,0.0005378500209189951
image_12643,0.00239920848980546
image_12644,0.00879011582583189
image_12645,0.0011835210025310516
image_12646,0.0008874425548128784
image_12647,0.00727565074339509
image_12648,0.5014923214912415
image_12649,0.17612455785274506
image_1265,0.48625361919403076
image_12650,0.0007704803720116615
image_12651,4.3273044866509736e-05
image_12652,0.007926391437649727
image_12653,0.004022050183266401
image_12654,0.04531935229897499
image_12655,0.0006662548403255641
image_12656,0.0026200662832707167
image_12657,0.909310519695282
image_12658,0.00025383211323060095
image_12659,0.6882057189941406
image_1266,0.00011097364767920226
image_12660,0.002260296605527401
image_12661,0.0027356056962162256
image_12662,0.0030657288152724504
image_12663,0.0008931225747801363
image_12664,0.8026967644691467
image_12665,0.002218605251982808
image_12666,0.9764472842216492
image_12667,0.8698132038116455
image_12668,0.0027030943892896175
image_12669,0.0036766636185348034
image_1267,0.9708284139633179
image_12670,0.9861677289009094
image_12671,0.024990955367684364
image_12672,0.0012152941199019551
image_12673,0.6557501554489136
image_12674,0.00013428498641587794
image_12675,0.9537738561630249
image_12676,0.00048341689398512244
image_12677,0.00486628757789731
image_12678,0.0017334892181679606
image_12679,0.00492340512573719
image_1268,0.006721664685755968
image_12680,0.9791010618209839
image_12681,0.012751861475408077
image_12682,0.31051674485206604
image_12683,0.002155487658455968
image_12684,0.0005026341532357037
image_12685,0.0007596021750941873
image_12686,0.0024831814225763083
image_12687,0.02133754827082157
image_12688,0.0002053228090517223
image_12689,0.8895187377929688
image_1269,0.0035913530737161636
image_12690,0.9919191598892212
image_12691,0.00027761244564317167
image_12692,0.007849487476050854
image_12693,0.004349093418568373
image_12694,0.0011293046409264207
image_12695,0.0020660795271396637
image_12696,0.026598917320370674
image_12697,0.012117784470319748
image_12698,0.0005659377202391624
image_12699,0.002582813613116741
image_127,0.0018167737871408463
image_1270,0.00037486193468794227
image_12700,0.02291259914636612
image_12701,0.007409159559756517
image_12702,0.0008521438576281071
image_12703,0.03276549279689789
image_12704,0.00041008315747603774
image_12705,0.548495888710022
image_12706,0.9374809861183167
image_12707,0.0014745071530342102
image_12708,0.3218884766101837
image_12709,0.9437762498855591
image_1271,0.0010145410196855664
image_12710,0.3363993763923645
image_12711,0.002672463422641158
image_12712,0.008438458666205406
image_12713,0.026568466797471046
image_12714,0.0024982579052448273
image_12715,0.0005335153546184301
image_12716,0.0008028058218769729
image_12717,0.006991645321249962
image_12718,0.2854718565940857
image_12719,0.00020027643768116832
image_1272,0.005946075543761253
image_12720,0.0010552698513492942
image_12721,0.00864842813462019
image_12722,0.0008247087826021016
image_12723,0.0017530173063278198
image_12724,0.0004080575308762491
image_12725,0.9952589869499207
image_12726,0.002275917213410139
image_12727,0.09873256832361221
image_12728,0.005453881807625294
image_12729,0.05721504986286163
image_1273,0.004018845967948437
image_12730,0.02530241571366787
image_12731,0.0006654463359154761
image_12732,0.0443689338862896
image_12733,0.0059867254458367825
image_12734,0.001057045767083764
image_12735,0.0010496630566194654
image_12736,0.001580705982632935
image_12737,0.01740671880543232
image_12738,0.051546938717365265
image_12739,0.9777244925498962
image_1274,0.0008178307325579226
image_12740,0.18526743352413177
image_12741,0.0003274494083598256
image_12742,0.031029708683490753
image_12743,0.011114316061139107
image_12744,0.0013582820538431406
image_12745,0.00017288283561356366
image_12746,0.09481100738048553
image_12747,0.0008045817958191037
image_12748,0.09444452822208405
image_12749,0.00014157392433844507
image_1275,0.9453034996986389
image_12750,0.0063275182619690895
image_12751,0.08159272372722626
image_12752,0.001951885293237865
image_12753,0.9851893782615662
image_12754,0.8443058729171753
image_12755,0.005959554575383663
image_12756,0.2548085153102875
image_12757,0.006593877449631691
image_12758,0.00048039245302788913
image_12759,0.0027833657804876566
image_1276,0.08917436003684998
image_12760,0.03463049232959747
image_12761,0.00024083731113933027
image_12762,0.0004389189416542649
image_12763,0.00018827684107236564
image_12764,0.0012377399252727628
image_12765,0.0037299212999641895
image_12766,0.991351842880249
image_12767,0.00023432652233168483
image_12768,0.0007525437977164984
image_12769,0.9815050959587097
image_1277,0.00024723639944568276
image_12770,0.0008972923387773335
image_12771,0.0007229041657410562
image_12772,0.017297428101301193
image_12773,0.11999514698982239
image_12774,0.003685225732624531
image_12775,0.022545788437128067
image_12776,0.0002753633598331362
image_12777,0.0005788843845948577
image_12778,0.05564510449767113
image_12779,0.04082281142473221
image_1278,0.005701823625713587
image_12780,0.0017810565186664462
image_12781,0.5431526303291321
image_12782,0.006943847518414259
image_12783,0.0016170687740668654
image_12784,0.0518595427274704
image_12785,0.9589416980743408
image_12786,0.008335104212164879
image_12787,0.0002903803251683712
image_12788,0.4699625074863434
image_12789,0.0009703669929876924
image_1279,0.9623693823814392
image_12790,0.9133310914039612
image_12791,0.002174906199797988
image_12792,0.001110194018110633
image_12793,2.2236617951421067e-05
image_12794,0.0026163591537624598
image_12795,0.0026276118587702513
image_12796,0.022431112825870514
image_12797,0.0017238418804481626
image_12798,0.0003274091286584735
image_12799,0.5629734396934509
image_128,0.0013370132073760033
image_1280,0.6552949547767639
image_12800,0.02505614422261715
image_12801,0.004610355477780104
image_12802,0.000675782619509846
image_12803,0.013425449840724468
image_12804,0.1963309347629547
image_12805,0.012497677467763424
image_12806,0.0006087590008974075
image_12807,0.002066540764644742
image_12808,0.02135184220969677
image_12809,0.0018014077795669436
image_1281,0.00032475058105774224
image_12810,0.9988502264022827
image_12811,0.002080041915178299
image_12812,0.9805168509483337
image_12813,0.9031742811203003
image_12814,0.9618161916732788
image_12815,0.0027808258309960365
image_12816,0.007872969843447208
image_12817,0.03016081266105175
image_12818,0.003089815378189087
image_12819,0.0033358128275722265
image_1282,0.00038814565050415695
image_12820,0.00014581654977519065
image_12821,0.028988802805542946
image_12822,0.003047946374863386
image_12823,0.9514297842979431
image_12824,5.7252524129580706e-05
image_12825,0.02801041677594185
image_12826,0.0002867395232897252
image_12827,0.0007969702710397542
image_12828,0.8396620154380798
image_12829,0.00128016562666744
image_1283,0.026976533234119415
image_12830,0.003190374467521906
image_12831,0.007557580713182688
image_12832,0.4595144987106323
image_12833,0.010898306965827942
image_12834,0.004375671502202749
image_12835,0.0532899834215641
image_12836,0.0012756189098581672
image_12837,0.47239840030670166
image_12838,0.00364092574454844
image_12839,0.07352418452501297
image_1284,0.003947487100958824
image_12840,0.015474257059395313
image_12841,0.03464125096797943
image_12842,0.005523258354514837
image_12843,0.006628566887229681
image_12844,0.0010671919444575906
image_12845,0.0004605027206707746
image_12846,0.9926636219024658
image_12847,0.001487652538344264
image_12848,0.01090722344815731
image_12849,0.9962776303291321
image_1285,0.00350486533716321
image_12850,0.2727054953575134
image_12851,0.018327683210372925
image_12852,0.14614619314670563
image_12853,0.002275833860039711
image_12854,0.01731627620756626
image_12855,8.544178126612678e-05
image_12856,0.002157904440537095
image_12857,0.0004237449320498854
image_12858,0.9099220633506775
image_12859,0.006113529205322266
image_1286,0.004525631666183472
image_12860,0.006031692028045654
image_12861,0.0014603233430534601
image_12862,0.0744858905673027
image_12863,0.8922306299209595
image_12864,0.011883423663675785
image_12865,0.09610936045646667
image_12866,0.023810556158423424
image_12867,1.0196013136010151e-05
image_12868,0.03550853207707405
image_12869,0.011907299049198627
image_1287,0.3078044354915619
image_12870,0.0005153568345122039
image_12871,0.00481056934222579
image_12872,0.020859941840171814
image_12873,0.00416242191568017
image_12874,0.0015468981582671404
image_12875,0.0054394761100411415
image_12876,0.001371275749988854
image_12877,0.0016580099472776055
image_12878,0.7902475595474243
image_12879,0.9539780020713806
image_1288,0.0021023042500019073
image_12880,0.0001382875780109316
image_12881,0.0011353271547704935
image_12882,0.0025539679918438196
image_12883,0.8906769156455994
image_12884,0.03360240161418915
image_12885,0.0021601079497486353
image_12886,0.02259991690516472
image_12887,0.00045167363714426756
image_12888,0.06046203896403313
image_12889,0.00035762021434493363
image_1289,0.00046144239604473114
image_12890,0.0034488248638808727
image_12891,0.974431037902832
image_12892,0.029632141813635826
image_12893,0.0002173414541175589
image_12894,0.006664592307060957
image_12895,0.0024631815031170845
image_12896,0.043988220393657684
image_12897,2.325135938008316e-05
image_12898,0.005598930642008781
image_12899,0.0008650169475004077
image_129,0.801724374294281
image_1290,0.005568007472902536
image_12900,0.9118862152099609
image_12901,0.00862981379032135
image_12902,0.0001861403725342825
image_12903,0.00034198942012153566
image_12904,0.016302401199936867
image_12905,0.016113432124257088
image_12906,0.00039416903746314347
image_12907,0.06674672663211823
image_12908,0.0005384958349168301
image_12909,0.0004332100215833634
image_1291,0.02316456474363804
image_12910,0.027102621272206306
image_12911,0.012139345519244671
image_12912,0.951644241809845
image_12913,0.025187844410538673
image_12914,0.9889771342277527
image_12915,0.883728563785553
image_12916,0.0037013168912380934
image_12917,0.012292725034058094
image_12918,0.0007983878604136407
image_12919,0.0021058344282209873
image_1292,0.004685358610004187
image_12920,0.03786696866154671
image_12921,0.00226266379468143
image_12922,0.003941275179386139
image_12923,0.0003847455664072186
image_12924,0.6269306540489197
image_12925,0.02477923408150673
image_12926,0.0016977424966171384
image_12927,0.0001512742746854201
image_12928,0.008261985145509243
image_12929,0.02603784017264843
image_1293,0.45803356170654297
image_12930,0.008301830850541592
image_12931,0.0009099104208871722
image_12932,0.009550148621201515
image_12933,0.054561518132686615
image_12934,0.002208082005381584
image_12935,0.0063372040167450905
image_12936,0.000840754306409508
image_12937,0.0011486028088256717
image_12938,0.0027262591756880283
image_12939,0.029737412929534912
image_1294,0.983393132686615
image_12940,0.0004677233227994293
image_12941,0.00031801743898540735
image_12942,0.001672018552199006
image_12943,0.03349609300494194
image_12944,0.004891452845185995
image_12945,0.00375345372594893
image_12946,0.0019496146123856306
image_12947,0.00020405405666679144
image_12948,0.016453243792057037
image_12949,5.912729830015451e-05
image_1295,0.9862005710601807
image_12950,0.0038384469226002693
image_12951,0.0005097086541354656
image_12952,0.0036659562028944492
image_12953,0.00039394982741214335
image_12954,0.015081005170941353
image_12955,0.011124526150524616
image_12956,0.005477918311953545
image_12957,0.006594624370336533
image_12958,0.0008369770366698503
image_12959,0.0004729556094389409
image_1296,0.002621470717713237
image_12960,0.007345555350184441
image_12961,5.2147035603411496e-05
image_12962,0.001442630309611559
image_12963,0.009089318104088306
image_12964,0.014015646651387215
image_12965,0.07442230731248856
image_12966,0.003599863965064287
image_12967,0.0045223720371723175
image_12968,0.9982851147651672
image_12969,0.0005490179755724967
image_1297,0.0001413506834069267
image_12970,0.0010284704621881247
image_12971,0.0003503412299323827
image_12972,0.9193794131278992
image_12973,5.925697223574389e-06
image_12974,0.0003063067269977182
image_12975,0.007928398437798023
image_12976,0.005812270101159811
image_12977,0.0169709213078022
image_12978,8.590909419581294e-05
image_12979,6.86435669194907e-05
image_1298,0.000891438452526927
image_12980,0.038544002920389175
image_12981,0.01434265822172165
image_12982,0.00018880321295000613
image_12983,0.011144381016492844
image_12984,0.8620232939720154
image_12985,0.9949010610580444
image_12986,0.10833409428596497
image_12987,0.02539648674428463
image_12988,0.010495616123080254
image_12989,0.002067430643364787
image_1299,0.0032494182232767344
image_12990,0.021364837884902954
image_12991,0.002369274152442813
image_12992,0.9286470413208008
image_12993,7.760194421280175e-05
image_12994,0.9664806127548218
image_12995,0.000706231570802629
image_12996,0.0001199838807224296
image_12997,0.0016714408993721008
image_12998,0.0008102502906695008
image_12999,0.001465072389692068
image_13,0.0005774284363724291
image_130,0.018110454082489014
image_1300,0.0013771867379546165
image_13000,0.0011970982886850834
image_13001,0.000732016924303025
image_13002,0.005068361759185791
image_13003,0.001390105695463717
image_13004,0.059505295008420944
image_13005,0.001300102099776268
image_13006,0.003233721712604165
image_13007,0.009073758497834206
image_13008,0.24066418409347534
image_13009,0.000498470792081207
image_1301,0.009161269292235374
image_13010,0.0020739862229675055
image_13011,0.00256287376396358
image_13012,0.02164245769381523
image_13013,0.011298615485429764
image_13014,0.0013763614697381854
image_13015,0.002288599032908678
image_13016,0.5200892090797424
image_13017,0.8266762495040894
image_13018,0.0006553118000738323
image_13019,0.022137615829706192
image_1302,0.014904724434018135
image_13020,0.00025537575129419565
image_13021,0.0008459544042125344
image_13022,0.0004939154023304582
image_13023,0.00147767283488065
image_13024,0.9854281544685364
image_13025,0.00045565172331407666
image_13026,0.0016519954660907388
image_13027,0.00988050363957882
image_13028,0.0011701838811859488
image_13029,0.0007558984798379242
image_1303,0.00010748201020760462
image_13030,0.001693691941909492
image_13031,0.005570936482399702
image_13032,0.0009897358249872923
image_13033,0.9928376078605652
image_13034,0.017499396577477455
image_13035,0.006169029977172613
image_13036,0.00015410527703352273
image_13037,0.000340356957167387
image_13038,0.00406029773876071
image_13039,0.005206055473536253
image_1304,0.2379397600889206
image_13040,0.001344363554380834
image_13041,0.9960775971412659
image_13042,0.00039460419793613255
image_13043,0.00024339780793525279
image_13044,0.0025601533707231283
image_13045,0.09677816927433014
image_13046,0.00022328838531393558
image_13047,0.01106487400829792
image_13048,5.275475268717855e-05
image_13049,0.00045497447717934847
image_1305,0.000558528583496809
image_13050,0.09589378535747528
image_13051,0.9663076996803284
image_13052,0.021421760320663452
image_13053,0.0019143505487591028
image_13054,0.02725760079920292
image_13055,0.017645835876464844
image_13056,0.00775890564545989
image_13057,0.9548496603965759
image_13058,0.006770443171262741
image_13059,0.0006939799641259015
image_1306,0.003909524064511061
image_13060,0.004076190292835236
image_13061,0.005576394498348236
image_13062,0.10359913855791092
image_13063,0.0007549767033196986
image_13064,0.0016891869017854333
image_13065,0.0016962690278887749
image_13066,0.0025728545151650906
image_13067,0.005675897933542728
image_13068,0.017694709822535515
image_13069,0.0018537614960223436
image_1307,0.005708372686058283
image_13070,0.00017854176985565573
image_13071,0.00018341746181249619
image_13072,0.050140734761953354
image_13073,0.9883801937103271
image_13074,0.0038244659081101418
image_13075,0.03311103582382202
image_13076,0.445767879486084
image_13077,0.043893568217754364
image_13078,0.3756263554096222
image_13079,0.0015242767985910177
image_1308,0.0018889072816818953
image_13080,0.000374877592548728
image_13081,0.004008059855550528
image_13082,0.00036121552693657577
image_13083,0.0031148011330515146
image_13084,0.014359823428094387
image_13085,0.36351850628852844
image_13086,0.00021944935724604875
image_13087,0.00022952619474381208
image_13088,0.5740442872047424
image_13089,0.0003729707095772028
image_1309,0.026226459071040154
image_13090,0.0028684348799288273
image_13091,0.006682980339974165
image_13092,0.00045584572944790125
image_13093,0.005021602381020784
image_13094,0.008961147628724575
image_13095,0.09470662474632263
image_13096,0.000771020189858973
image_13097,0.0005660550086759031
image_13098,0.04214547574520111
image_13099,0.002667643129825592
image_131,0.020614514127373695
image_1310,0.004311509896069765
image_13100,0.1969337910413742
image_13101,0.9348286986351013
image_13102,0.8057737946510315
image_13103,0.0024553905241191387
image_13104,0.006879270076751709
image_13105,0.006888209376484156
image_13106,0.997669517993927
image_13107,0.008755752816796303
image_13108,0.6742516160011292
image_13109,0.0010356451384723186
image_1311,0.014744004234671593
image_13110,0.06234145164489746
image_13111,0.05693396180868149
image_13112,0.020945487543940544
image_13113,0.0012379781110212207
image_13114,0.00010317892883904278
image_13115,0.013296765275299549
image_13116,0.0008803876698948443
image_13117,0.0007954149623401463
image_13118,0.008106080815196037
image_13119,0.00020732467237394303
image_1312,0.002330180024728179
image_13120,0.0006883915630169213
image_13121,0.6201607584953308
image_13122,0.2778700888156891
image_13123,0.01334383711218834
image_13124,0.010894165374338627
image_13125,0.0014757168246433139
image_13126,0.0036776214838027954
image_13127,0.00040674154297448695
image_13128,0.9911683797836304
image_13129,0.006156772840768099
image_1313,0.023286499083042145
image_13130,0.009903930127620697
image_13131,0.0009107313235290349
image_13132,0.9987568855285645
image_13133,0.005767771974205971
image_13134,0.010634379461407661
image_13135,0.008715984411537647
image_13136,0.9228457808494568
image_13137,0.014339368790388107
image_13138,0.9899232983589172
image_13139,0.0018411390483379364
image_1314,0.0008816830231808126
image_13140,0.003223448060452938
image_13141,0.001635268097743392
image_13142,0.0007780244341120124
image_13143,0.004416243638843298
image_13144,0.0030244297813624144
image_13145,0.012459887191653252
image_13146,0.0002249482786282897
image_13147,0.005876706913113594
image_13148,0.0017941342666745186
image_13149,0.050842415541410446
image_1315,0.0126253766939044
image_13150,0.005759913474321365
image_13151,0.02891579456627369
image_13152,0.000948819681070745
image_13153,0.0008976775570772588
image_13154,0.0056846910156309605
image_13155,0.0021363827399909496
image_13156,0.0023028661962598562
image_13157,0.007512305397540331
image_13158,0.016130313277244568
image_13159,0.4315797984600067
image_1316,0.002064082771539688
image_13160,0.0038759633898735046
image_13161,0.9935123324394226
image_13162,0.007777624763548374
image_13163,0.0025558939669281244
image_13164,0.00467716297134757
image_13165,0.8814554810523987
image_13166,0.9962526559829712
image_13167,0.0010731698712334037
image_13168,0.004917108919471502
image_13169,0.000248985510552302
image_1317,0.0001395084400428459
image_13170,0.05906585231423378
image_13171,0.16206777095794678
image_13172,0.006812398321926594
image_13173,0.0005107579054310918
image_13174,0.9894163012504578
image_13175,0.0018381410045549273
image_13176,0.050967566668987274
image_13177,0.07159512490034103
image_13178,0.0015388524625450373
image_13179,0.0007223509019240737
image_1318,0.003826455445960164
image_13180,0.9793580174446106
image_13181,0.004951433278620243
image_13182,0.0003046696074306965
image_13183,0.002318954560905695
image_13184,0.024790741503238678
image_13185,0.000703842262737453
image_13186,0.041169725358486176
image_13187,0.16273754835128784
image_13188,0.000632220646366477
image_13189,0.0032284390181303024
image_1319,0.04762658476829529
image_13190,0.012177985161542892
image_13191,0.05528286471962929
image_13192,0.00454609002918005
image_13193,0.0015300826635211706
image_13194,0.9512109756469727
image_13195,0.9855669736862183
image_13196,0.0009153852006420493
image_13197,0.00615746108815074
image_13198,0.00032830744748935103
image_13199,0.01461862400174141
image_132,0.0009931651875376701
image_1320,0.0082590002566576
image_13200,0.0002464766730554402
image_13201,0.0036484075244516134
image_13202,0.0016038448084145784
image_13203,0.7711365222930908
image_13204,0.8794993758201599
image_13205,0.001987745752558112
image_13206,0.003334220265969634
image_13207,0.0005077458918094635
image_13208,0.024572014808654785
image_13209,0.0019543764647096395
image_1321,0.0037091344129294157
image_13210,0.00043846771586686373
image_13211,0.9872226715087891
image_13212,0.00020243707695044577
image_13213,0.0008645385387353599
image_13214,0.00127406045794487
image_13215,0.00012356341176200658
image_13216,0.00219465559348464
image_13217,0.00034521191264502704
image_13218,0.08044146001338959
image_13219,0.962911069393158
image_1322,0.0013177244691178203
image_13220,0.0020076422952115536
image_13221,0.005583207122981548
image_13222,0.972969114780426
image_13223,0.020280340686440468
image_13224,7.653520879102871e-05
image_13225,0.21877960860729218
image_13226,0.0017935894429683685
image_13227,0.0006476126727648079
image_13228,0.053677432239055634
image_13229,0.005167640279978514
image_1323,4.79334921692498e-05
image_13230,4.305619586375542e-05
image_13231,0.06526216864585876
image_13232,0.017988312989473343
image_13233,0.5146815776824951
image_13234,0.9714104533195496
image_13235,0.0011558214901015162
image_13236,0.029124118387699127
image_13237,0.06141036003828049
image_13238,0.0017205446492880583
image_13239,0.1398678570985794
image_1324,0.003597355680540204
image_13240,0.000894622877240181
image_13241,0.005787120200693607
image_13242,0.0004093291936442256
image_13243,0.8724269866943359
image_13244,0.004535947926342487
image_13245,0.002375636249780655
image_13246,0.040847428143024445
image_13247,0.008199232630431652
image_13248,0.00012908241478726268
image_13249,0.00046838767593726516
image_1325,0.013536935672163963
image_13250,0.0002732043794821948
image_13251,0.004389801528304815
image_13252,0.003711880650371313
image_13253,0.0258049163967371
image_13254,0.002318813232704997
image_13255,0.000506440585013479
image_13256,0.00019376036652829498
image_13257,0.0029374731238931417
image_13258,0.0031223956029862165
image_13259,0.0019899578765034676
image_1326,0.0007408416131511331
image_13260,0.00082242744974792
image_13261,0.009320049546658993
image_13262,0.00033998824073933065
image_13263,0.000571504991967231
image_13264,0.0044615864753723145
image_13265,0.3802304267883301
image_13266,0.0023426832631230354
image_13267,0.0027640683110803366
image_13268,0.04244977980852127
image_13269,0.00036116872797720134
image_1327,0.9820943474769592
image_13270,0.0008012498146854341
image_13271,0.013832482509315014
image_13272,0.0003348708851262927
image_13273,0.0038796011358499527
image_13274,0.001192679861560464
image_13275,0.0009446640615351498
image_13276,0.08675798028707504
image_13277,0.001920231617987156
image_13278,0.0010065947426483035
image_13279,0.0022742925211787224
image_1328,0.0018940845038741827
image_13280,0.00035533003392629325
image_13281,0.005188474431633949
image_13282,0.014883548952639103
image_13283,0.0010424923384562135
image_13284,0.0025337431579828262
image_13285,0.009192734025418758
image_13286,0.0013978959759697318
image_13287,0.05237974599003792
image_13288,0.0016378852305933833
image_13289,0.9400179982185364
image_1329,0.013376414775848389
image_13290,0.001105857896618545
image_13291,0.0034742068964987993
image_13292,0.0026635397225618362
image_13293,0.00026595068629831076
image_13294,0.024607524275779724
image_13295,0.0005120165296830237
image_13296,0.0007226731395348907
image_13297,0.99760901927948
image_13298,0.0031883581541478634
image_13299,0.9963099360466003
image_133,0.00019194764900021255
image_1330,0.0006853299564681947
image_13300,0.0001320972660323605
image_13301,0.0041223433800041676
image_13302,0.00025277023087255657
image_13303,0.003077008994296193
image_13304,0.01134155597537756
image_13305,0.0005600447184406221
image_13306,0.17314325273036957
image_13307,0.0004631791671272367
image_13308,0.013973943889141083
image_13309,0.00445707980543375
image_1331,0.4056636393070221
image_13310,0.0014228704385459423
image_13311,0.21844537556171417
image_13312,0.2646692991256714
image_13313,0.010599208995699883
image_13314,0.005069166887551546
image_13315,0.004798870533704758
image_13316,0.001345563679933548
image_13317,0.0010737921111285686
image_13318,0.00223594275303185
image_13319,0.04612724483013153
image_1332,0.954561710357666
image_13320,0.00037209742004051805
image_13321,0.008009383454918861
image_13322,0.004867089446634054
image_13323,0.0035545150749385357
image_13324,0.05065371096134186
image_13325,0.0007179586682468653
image_13326,0.0011606385232880712
image_13327,0.06472421437501907
image_13328,0.012987337075173855
image_13329,0.015638569369912148
image_1333,0.1370578408241272
image_13330,0.0006331389886327088
image_13331,0.005591595079749823
image_13332,0.0024183690547943115
image_13333,0.002092242008075118
image_13334,0.0009432377410121262
image_13335,0.9925744533538818
image_13336,0.0066812047734856606
image_13337,0.0010651686461642385
image_13338,0.0007651515188626945
image_13339,0.009032392874360085
image_1334,5.8532346884021536e-05
image_13340,0.0314435251057148
image_13341,0.01548689417541027
image_13342,0.05854601040482521
image_13343,0.01611318252980709
image_13344,0.008855311200022697
image_13345,0.006273034960031509
image_13346,0.0007567583816125989
image_13347,0.03546430543065071
image_13348,0.0016530825523659587
image_13349,0.016235116869211197
image_1335,0.011042449623346329
image_13350,0.001305354991927743
image_13351,2.340089122299105e-05
image_13352,0.8794575929641724
image_13353,0.0038275897968560457
image_13354,0.017400944605469704
image_13355,0.0001272695226361975
image_13356,0.0021075026597827673
image_13357,0.000903433421626687
image_13358,0.0005446787690743804
image_13359,0.0016114478930830956
image_1336,0.00023640861036255956
image_13360,0.009490562602877617
image_13361,0.10829730331897736
image_13362,0.15580874681472778
image_13363,0.0016972075682133436
image_13364,0.003191484836861491
image_13365,0.0015846723690629005
image_13366,0.058807212859392166
image_13367,0.010464108549058437
image_13368,0.00038552939076907933
image_13369,0.00015015075041446835
image_1337,0.007584771607071161
image_13370,0.0014322528149932623
image_13371,0.001303262310102582
image_13372,0.000705466722138226
image_13373,0.0013153377221897244
image_13374,0.013457628898322582
image_13375,0.0013517823535948992
image_13376,0.0005125202005729079
image_13377,0.40465039014816284
image_13378,0.0005504285218194127
image_13379,0.031217148527503014
image_1338,0.3744961619377136
image_13380,0.0012083068722859025
image_13381,0.05264955386519432
image_13382,0.8440132737159729
image_13383,0.056959085166454315
image_13384,0.03747468814253807
image_13385,0.0011318587930873036
image_13386,0.006160753313452005
image_13387,0.24714423716068268
image_13388,0.004117581062018871
image_13389,0.00032359809847548604
image_1339,0.02377832494676113
image_13390,0.0003520507598295808
image_13391,0.004998230375349522
image_13392,0.009620195254683495
image_13393,0.00015852748765610158
image_13394,1.6686837625456974e-05
image_13395,0.005051289219409227
image_13396,0.0003441237786319107
image_13397,0.010951537638902664
image_13398,0.022876253351569176
image_13399,0.019991613924503326
image_134,0.0065392497926950455
image_1340,0.0005393518949858844
image_13400,0.0011258620070293546
image_13401,0.0007926539401523769
image_13402,0.001182945678010583
image_13403,3.093431223533116e-05
image_13404,0.20420707762241364
image_13405,0.024167241528630257
image_13406,0.08768123388290405
image_13407,0.033946387469768524
image_13408,0.0010956628248095512
image_13409,9.95122900349088e-05
image_1341,0.004037350881844759
image_13410,0.0032243705354630947
image_13411,0.000980591168627143
image_13412,0.0018777791410684586
image_13413,0.010387128219008446
image_13414,0.9315811395645142
image_13415,0.004291589371860027
image_13416,0.1487601101398468
image_13417,0.008104176260530949
image_13418,0.0018293895991519094
image_13419,0.0010010135592892766
image_1342,0.0032619552221149206
image_13420,0.0023027139250189066
image_13421,0.009281188249588013
image_13422,0.9640401601791382
image_13423,0.00042142823804169893
image_13424,0.006637574639171362
image_13425,0.0005931349587626755
image_13426,0.0010456324089318514
image_13427,0.8708207011222839
image_13428,0.8175236582756042
image_13429,0.002003818517550826
image_1343,0.0027503122109919786
image_13430,0.0012437956174835563
image_13431,0.009209631010890007
image_13432,0.9929816722869873
image_13433,0.9847539663314819
image_13434,0.0023511918261647224
image_13435,0.0014131213538348675
image_13436,0.00011588430788833648
image_13437,0.005268070846796036
image_13438,0.006340465974062681
image_13439,0.9778240919113159
image_1344,0.9327293634414673
image_13440,0.004957197699695826
image_13441,0.004943168256431818
image_13442,0.0011137042893096805
image_13443,0.763321042060852
image_13444,0.010189255699515343
image_13445,0.011144744232296944
image_13446,0.955765426158905
image_13447,0.007802107371389866
image_13448,9.225902613252401e-05
image_13449,0.0015516793355345726
image_1345,0.042500123381614685
image_13450,0.9681448340415955
image_13451,0.027452442795038223
image_13452,0.004881204571574926
image_13453,0.014428074471652508
image_13454,0.006323523819446564
image_13455,0.0003723337431438267
image_13456,0.0007317087147384882
image_13457,0.008073638193309307
image_13458,0.0006642228690907359
image_13459,0.9592413902282715
image_1346,0.007587689906358719
image_13460,0.00038951661554165184
image_13461,0.23752856254577637
image_13462,0.0025811372324824333
image_13463,0.003875346854329109
image_13464,0.021080708131194115
image_13465,0.0009307619766332209
image_13466,0.17691805958747864
image_13467,0.0005613653338514268
image_13468,0.008676095865666866
image_13469,0.00645939726382494
image_1347,0.0031188935972750187
image_13470,0.9588785171508789
image_13471,0.0004776422865688801
image_13472,0.050170786678791046
image_13473,0.9870022535324097
image_13474,0.9002524614334106
image_13475,0.003909796942025423
image_13476,0.0004349811642896384
image_13477,0.006515976972877979
image_13478,0.011128413490951061
image_13479,0.0017327540554106236
image_1348,0.0036491078790277243
image_13480,0.03608738258481026
image_13481,0.0019209673628211021
image_13482,0.11126136034727097
image_13483,0.12673819065093994
image_13484,0.0020402593072503805
image_13485,0.0008516451343894005
image_13486,0.13086076080799103
image_13487,0.0025358081329613924
image_13488,7.254354568431154e-05
image_13489,0.016901716589927673
image_1349,0.0006121201440691948
image_13490,0.03692023828625679
image_13491,0.4856659173965454
image_13492,0.01177871972322464
image_13493,0.000970134511590004
image_13494,0.21733726561069489
image_13495,0.9704412817955017
image_13496,0.018492121249437332
image_13497,0.1012958437204361
image_13498,0.01825319230556488
image_13499,0.040105078369379044
image_135,0.0005298490868881345
image_1350,0.0005865191342309117
image_13500,0.01218501478433609
image_13501,0.015284722670912743
image_13502,0.00511189503595233
image_13503,0.0023211396764963865
image_13504,0.30553138256073
image_13505,0.0018651080317795277
image_13506,6.75686533213593e-05
image_13507,0.9112941026687622
image_13508,0.005990117322653532
image_13509,0.0022752697113901377
image_1351,0.0001884458470158279
image_13510,0.9801149964332581
image_13511,0.0004558732907753438
image_13512,0.0008249760721810162
image_13513,0.005164456553757191
image_13514,0.026462774723768234
image_13515,0.038994111120700836
image_13516,0.8580604195594788
image_13517,0.006538428831845522
image_13518,0.004766082391142845
image_13519,0.00044192816130816936
image_1352,0.06927120685577393
image_13520,0.011685842648148537
image_13521,0.0009910454973578453
image_13522,0.00015607831301167607
image_13523,0.00015415303641930223
image_13524,0.02403303235769272
image_13525,0.00045083355507813394
image_13526,0.00035466975532472134
image_13527,0.15511168539524078
image_13528,0.017357787117362022
image_13529,0.001232498325407505
image_1353,0.042087994515895844
image_13530,0.6532875299453735
image_13531,0.0022832874674350023
image_13532,4.9551053962204605e-05
image_13533,0.0008964778971858323
image_13534,0.015699876472353935
image_13535,0.0010631168261170387
image_13536,0.024609142914414406
image_13537,0.9706339836120605
image_13538,0.0009727241704240441
image_13539,0.0012152448762208223
image_1354,0.003200395731255412
image_13540,0.0040995460003614426
image_13541,0.002433039015159011
image_13542,0.037472765892744064
image_13543,0.9909127950668335
image_13544,3.032614040421322e-05
image_13545,0.0027663945220410824
image_13546,0.0032655661925673485
image_13547,0.013839678838849068
image_13548,0.0004052186559420079
image_13549,0.003497488796710968
image_1355,0.0023469901643693447
image_13550,0.00020700982713606209
image_13551,0.0004012929857708514
image_13552,0.003063322277739644
image_13553,0.00039209696114994586
image_13554,0.003160047810524702
image_13555,0.0006633586599491537
image_13556,0.002194827888160944
image_13557,0.0005673668347299099
image_13558,0.5616980791091919
image_13559,0.002024143235757947
image_1356,0.0010133219184353948
image_13560,0.00019906673696823418
image_13561,0.0007629494066350162
image_13562,0.0011757491156458855
image_13563,0.00023696805874351412
image_13564,0.004845970310270786
image_13565,0.0006235375185497105
image_13566,0.007641610223799944
image_13567,0.0003617444890551269
image_13568,0.013570918701589108
image_13569,0.011230630800127983
image_1357,0.7249149084091187
image_13570,0.04934713989496231
image_13571,0.015129279345273972
image_13572,0.0003150032425764948
image_13573,0.011671148240566254
image_13574,0.00235077366232872
image_13575,0.003344940720126033
image_13576,0.008227692916989326
image_13577,0.00341563462279737
image_13578,0.0016154152108356357
image_13579,0.006101774051785469
image_1358,0.0008698446326889098
image_13580,0.014703945256769657
image_13581,0.00025654054479673505
image_13582,0.001649394165724516
image_13583,0.0036588693037629128
image_13584,0.0005583141464740038
image_13585,0.020921016111969948
image_13586,0.009030037559568882
image_13587,0.002357336925342679
image_13588,0.9333677291870117
image_13589,0.8792076110839844
image_1359,0.0018067805794999003
image_13590,0.01411405112594366
image_13591,0.000308263988699764
image_13592,0.0012243312085047364
image_13593,3.7016241549281403e-05
image_13594,0.00247310777194798
image_13595,0.0004152314504608512
image_13596,0.00010881863272516057
image_13597,0.980006992816925
image_13598,0.014668658375740051
image_13599,0.0038047218695282936
image_136,0.0010152215836569667
image_1360,0.06074850261211395
image_13600,9.097105066757649e-05
image_13601,0.0027309367433190346
image_13602,0.005895870737731457
image_13603,7.085259130690247e-05
image_13604,0.017120443284511566
image_13605,0.002077978104352951
image_13606,0.05042276531457901
image_13607,0.004291291814297438
image_13608,0.002359077101573348
image_13609,0.7968764305114746
image_1361,0.009398257359862328
image_13610,0.00025994147290475667
image_13611,0.0008196316775865853
image_13612,0.0006118894089013338
image_13613,0.000971500703599304
image_13614,0.03614065796136856
image_13615,0.002590576419606805
image_13616,0.0033822606783360243
image_13617,0.055388759821653366
image_13618,0.0071615371853113174
image_13619,0.04660201072692871
image_1362,0.00013549532741308212
image_13620,0.006804256699979305
image_13621,0.006896688137203455
image_13622,0.0009828368201851845
image_13623,0.0029112258926033974
image_13624,0.9511324763298035
image_13625,0.09061162173748016
image_13626,0.0014779478078708053
image_13627,4.8678364692023024e-05
image_13628,0.004864796530455351
image_13629,0.003851651679724455
image_1363,0.9657012224197388
image_13630,0.006036242004483938
image_13631,0.964263916015625
image_13632,0.00511565338820219
image_13633,0.0025616029743105173
image_13634,0.005911904387176037
image_13635,0.00292014773003757
image_13636,0.009747525677084923
image_13637,0.005202342290431261
image_13638,0.0051948134787380695
image_13639,0.0007564285187982023
image_1364,0.024074478074908257
image_13640,0.0056109377183020115
image_13641,0.0007770934025757015
image_13642,0.09117016941308975
image_13643,0.00044382899068295956
image_13644,0.00275816535577178
image_13645,0.006958215497434139
image_13646,0.010322149842977524
image_13647,0.9906705617904663
image_13648,0.0006128731765784323
image_13649,0.0021367091685533524
image_1365,0.012878050096333027
image_13650,0.004451258573681116
image_13651,0.040319398045539856
image_13652,0.8144047260284424
image_13653,0.012935576029121876
image_13654,0.005457656923681498
image_13655,0.9042138457298279
image_13656,0.015264824964106083
image_13657,0.001520990626886487
image_13658,0.0010941362706944346
image_13659,0.006133814807981253
image_1366,0.0007445644587278366
image_13660,0.0017433379543945193
image_13661,0.001529911532998085
image_13662,0.0016645636642351747
image_13663,0.020162759348750114
image_13664,0.0002900419058278203
image_13665,0.004724244121462107
image_13666,0.00026903528487309813
image_13667,0.0014831129228696227
image_13668,0.00039665328222326934
image_13669,0.00013191273319534957
image_1367,0.011923300102353096
image_13670,0.00019371032249182463
image_13671,0.001936312997713685
image_13672,0.0006394284428097308
image_13673,0.03621774911880493
image_13674,0.06402147561311722
image_13675,0.004902596585452557
image_13676,0.013044876977801323
image_13677,0.00029737327713519335
image_13678,0.005239696241915226
image_13679,0.001986998599022627
image_1368,0.959409773349762
image_13680,0.26809751987457275
image_13681,0.00013004211359657347
image_13682,0.0016564587131142616
image_13683,0.0022538022603839636
image_13684,0.0011146531905978918
image_13685,0.0004984620027244091
image_13686,6.51852460578084e-05
image_13687,0.9923420548439026
image_13688,0.0006033084355294704
image_13689,4.432606874615885e-05
image_1369,0.014302060008049011
image_13690,0.009149844758212566
image_13691,0.005167549476027489
image_13692,0.002425810554996133
image_13693,0.9976755976676941
image_13694,0.0008374202298000455
image_13695,1.2838170732720755e-05
image_13696,0.006004597060382366
image_13697,0.0005655888235196471
image_13698,0.0037729444447904825
image_13699,0.0001428246177965775
image_137,0.008060706779360771
image_1370,0.000351890514139086
image_13700,0.011341593228280544
image_13701,0.004301985260099173
image_13702,0.001499505015090108
image_13703,0.0015068951761350036
image_13704,0.03374502435326576
image_13705,0.011448601260781288
image_13706,0.5717505812644958
image_13707,0.9574621319770813
image_13708,0.0004966879496350884
image_13709,0.0001668483455432579
image_1371,0.018338941037654877
image_13710,0.0006910506635904312
image_13711,0.0010357635328546166
image_13712,0.001993565121665597
image_13713,0.040030673146247864
image_13714,0.014721743762493134
image_13715,0.0016370144439861178
image_13716,0.0003170949639752507
image_13717,0.005322717130184174
image_13718,0.001899746130220592
image_13719,0.8669369220733643
image_1372,0.04774757847189903
image_13720,0.0006032866076566279
image_13721,0.7406824231147766
image_13722,0.004185376688838005
image_13723,0.867313027381897
image_13724,0.005886214319616556
image_13725,4.385456850286573e-05
image_13726,0.0022565992549061775
image_13727,0.06494952738285065
image_13728,0.000801313144620508
image_13729,0.002093740738928318
image_1373,7.359877781709656e-05
image_13730,0.002599771600216627
image_13731,0.9759889841079712
image_13732,0.019787494093179703
image_13733,0.00229728315025568
image_13734,0.03209584578871727
image_13735,0.007741597946733236
image_13736,0.0008714250288903713
image_13737,2.9280387025210075e-05
image_13738,0.015303200110793114
image_13739,0.00392287177965045
image_1374,0.0006491990061476827
image_13740,0.0005962841678410769
image_13741,0.001268899068236351
image_13742,0.000745316268876195
image_13743,0.9895485639572144
image_13744,0.008526070974767208
image_13745,0.004899980500340462
image_13746,0.0024915284011512995
image_13747,0.0035422390792518854
image_13748,0.0029711455572396517
image_13749,0.003972473554313183
image_1375,0.03612002357840538
image_13750,0.9912989735603333
image_13751,0.00024602608755230904
image_13752,0.004915704485028982
image_13753,0.9419494271278381
image_13754,0.7847875356674194
image_13755,0.04299090430140495
image_13756,0.0018222139915451407
image_13757,0.0041680606082081795
image_13758,3.9686623495072126e-05
image_13759,0.00018112787802238017
image_1376,0.001930848928168416
image_13760,0.0007798385922797024
image_13761,0.001230610185302794
image_13762,0.001369937788695097
image_13763,0.004741647280752659
image_13764,0.01041982788592577
image_13765,0.004640711471438408
image_13766,0.0042237346060574055
image_13767,0.9861933588981628
image_13768,0.000700554228387773
image_13769,0.009095028042793274
image_1377,0.002035236218944192
image_13770,0.008036574348807335
image_13771,0.000428862840635702
image_13772,0.006602904759347439
image_13773,0.0016695393715053797
image_13774,0.9196374416351318
image_13775,0.995074450969696
image_13776,0.023978322744369507
image_13777,0.0006708921864628792
image_13778,0.0008885831339284778
image_13779,0.0006414356757886708
image_1378,0.003185281762853265
image_13780,0.00016577223141212016
image_13781,0.0009258491918444633
image_13782,0.001091296668164432
image_13783,0.0006652821321040392
image_13784,0.00833158940076828
image_13785,9.106304787565023e-05
image_13786,0.04895426332950592
image_13787,0.005731200333684683
image_13788,0.0017103528371080756
image_13789,0.00010537277557887137
image_1379,0.8884264826774597
image_13790,0.0009753359481692314
image_13791,0.07227107882499695
image_13792,0.0023360427003353834
image_13793,0.010648361407220364
image_13794,0.0005898178787901998
image_13795,0.0026944060809910297
image_13796,0.010923156514763832
image_13797,0.001617668429389596
image_13798,0.00920126773416996
image_13799,0.030412886291742325
image_138,0.004671729635447264
image_1380,0.0011681074975058436
image_13800,0.005890252999961376
image_13801,0.00165802170522511
image_13802,0.031053027138113976
image_13803,0.0422787219285965
image_13804,0.008109037764370441
image_13805,0.04396827146410942
image_13806,0.0008889463497325778
image_13807,0.00033519446151331067
image_13808,0.002660001628100872
image_13809,0.002493581734597683
image_1381,0.07379034906625748
image_13810,0.011250723153352737
image_13811,0.9165474772453308
image_13812,0.9811776876449585
image_13813,0.062345054000616074
image_13814,0.003245741594582796
image_13815,0.10120135545730591
image_13816,0.013241748325526714
image_13817,0.00011677393922582269
image_13818,0.02114986628293991
image_13819,0.003146861679852009
image_1382,0.25955066084861755
image_13820,0.004683237988501787
image_13821,0.00014671290409751236
image_13822,0.0073711685836315155
image_13823,0.0014454755000770092
image_13824,0.00912513304501772
image_13825,0.0016876783920451999
image_13826,0.00369355664588511
image_13827,0.04390644282102585
image_13828,0.0004859794571530074
image_13829,0.014945674687623978
image_1383,0.0009102117037400603
image_13830,0.007946672849357128
image_13831,0.0022566819097846746
image_13832,6.435598334064707e-05
image_13833,0.0002452810585964471
image_13834,0.015634628012776375
image_13835,0.004049211740493774
image_13836,0.06397554278373718
image_13837,0.00020160090934950858
image_13838,0.9346703290939331
image_13839,0.020289059728384018
image_1384,0.9976987242698669
image_13840,0.0020569332409650087
image_13841,0.002955534029752016
image_13842,0.0003536227741278708
image_13843,0.004954265430569649
image_13844,0.00014338655455503613
image_13845,0.06194382905960083
image_13846,0.001601699274033308
image_13847,0.0017244269838556647
image_13848,0.604161262512207
image_13849,2.6088762751896866e-05
image_1385,0.034031279385089874
image_13850,0.002175332512706518
image_13851,0.009936193004250526
image_13852,0.011197051964700222
image_13853,0.0150468610227108
image_13854,0.021542543545365334
image_13855,0.9134242534637451
image_13856,0.0005209918017499149
image_13857,0.0031258335802704096
image_13858,0.003637776942923665
image_13859,0.004405957646667957
image_1386,0.00462059210985899
image_13860,0.01164777297526598
image_13861,0.07491427659988403
image_13862,0.021466728299856186
image_13863,0.0016564555699005723
image_13864,0.3302351236343384
image_13865,0.0006138330791145563
image_13866,0.00020769507682416588
image_13867,0.0010592574253678322
image_13868,0.0007091278093867004
image_13869,0.005026639439165592
image_1387,0.003558262949809432
image_13870,0.002686292165890336
image_13871,0.001121744280681014
image_13872,0.0010305970208719373
image_13873,0.0063069043681025505
image_13874,0.0018232794245705009
image_13875,0.066106878221035
image_13876,0.0009318787488155067
image_13877,0.0003448788193054497
image_13878,0.0015497863059863448
image_13879,0.004108128137886524
image_1388,0.0011386697879061103
image_13880,0.9093999266624451
image_13881,0.0004735456604976207
image_13882,0.9688448905944824
image_13883,0.0017359680496156216
image_13884,3.609677514759824e-05
image_13885,0.0029216560069471598
image_13886,0.002009720541536808
image_13887,0.0006304339040070772
image_13888,0.005313114728778601
image_13889,0.00479311915114522
image_1389,0.0016427579103037715
image_13890,0.004341099876910448
image_13891,0.019919663667678833
image_13892,0.012688702903687954
image_13893,0.0003756387159228325
image_13894,0.0017949765315279365
image_13895,0.00036147734499536455
image_13896,0.07152719050645828
image_13897,0.8980283141136169
image_13898,0.0008012780454009771
image_13899,0.0015155727742239833
image_139,0.000653953873552382
image_1390,0.002373239491134882
image_13900,0.029322991147637367
image_13901,0.7220553159713745
image_13902,0.00010608457523630932
image_13903,0.0015090679517015815
image_13904,0.001309231505729258
image_13905,0.002326699672266841
image_13906,0.9857025742530823
image_13907,0.010172990150749683
image_13908,0.014118370600044727
image_13909,0.8166547417640686
image_1391,0.0028881316538900137
image_13910,0.029714174568653107
image_13911,0.0003560378681868315
image_13912,0.0003685609844978899
image_13913,0.0005147865740582347
image_13914,0.00018346642900723964
image_13915,0.0014410170260816813
image_13916,0.005061618983745575
image_13917,0.004956139251589775
image_13918,0.0017411320004612207
image_13919,0.9639373421669006
image_1392,0.002303180517628789
image_13920,0.34662312269210815
image_13921,0.00023802940268069506
image_13922,0.033127278089523315
image_13923,0.007203132379800081
image_13924,0.010591620579361916
image_13925,0.012228960171341896
image_13926,0.00015114969573915005
image_13927,0.009455162100493908
image_13928,0.04042451083660126
image_13929,0.01683368906378746
image_1393,0.0034578568302094936
image_13930,0.0027435654774308205
image_13931,0.0020293109118938446
image_13932,0.024454275146126747
image_13933,0.0049531771801412106
image_13934,0.0007734435494057834
image_13935,0.0002438319061184302
image_13936,0.010800180956721306
image_13937,0.00022675390937365592
image_13938,0.00015810375043656677
image_13939,0.0012811548076570034
image_1394,0.00014145681052468717
image_13940,0.0025181618984788656
image_13941,0.002927732653915882
image_13942,0.0013089497806504369
image_13943,0.012061385437846184
image_13944,0.0027123023755848408
image_13945,0.7176286578178406
image_13946,0.0017337267054244876
image_13947,0.04808584600687027
image_13948,0.006253242492675781
image_13949,0.0030525822658091784
image_1395,0.9242940545082092
image_13950,0.0012965273344889283
image_13951,0.006063562352210283
image_13952,0.004231647588312626
image_13953,0.0014393272576853633
image_13954,0.0010846524965018034
image_13955,0.007475686259567738
image_13956,0.03407147526741028
image_13957,0.0004652485076803714
image_13958,0.002199453767389059
image_13959,0.0022624582052230835
image_1396,0.011215641163289547
image_13960,0.9506019949913025
image_13961,0.00045557162957265973
image_13962,0.03664493188261986
image_13963,0.005329687148332596
image_13964,0.04899277165532112
image_13965,0.9769734740257263
image_13966,0.007302179466933012
image_13967,0.008206533268094063
image_13968,0.29161012172698975
image_13969,0.009757435880601406
image_1397,0.00026371158310212195
image_13970,0.0018366421572864056
image_13971,0.028323987498879433
image_13972,0.0058915321715176105
image_13973,0.0075196330435574055
image_13974,0.008515392430126667
image_13975,0.00031475588912144303
image_13976,0.001011110725812614
image_13977,0.004161573946475983
image_13978,0.005049185361713171
image_13979,0.0006179128540679812
image_1398,0.9671208262443542
image_13980,0.0006325822905637324
image_13981,0.002249480690807104
image_13982,0.010832730680704117
image_13983,0.0024157946463674307
image_13984,0.003194731194525957
image_13985,0.014012880623340607
image_13986,0.004599147941917181
image_13987,0.0046057929284870625
image_13988,0.7994529008865356
image_13989,0.0012257169000804424
image_1399,0.0004298865096643567
image_13990,0.002755067776888609
image_13991,0.018311675637960434
image_13992,0.001229969784617424
image_13993,0.01339771505445242
image_13994,0.001199097721837461
image_13995,0.12378010153770447
image_13996,0.00048729151603765786
image_13997,0.016556087881326675
image_13998,0.9626924991607666
image_13999,0.9439408779144287
image_14,0.00018808343156706542
image_140,0.0013195248320698738
image_1400,0.962611973285675
image_14000,0.00728869391605258
image_14001,0.002973792375996709
image_14002,0.041532497853040695
image_14003,0.9806104898452759
image_14004,0.0005711104604415596
image_14005,0.0007277881377376616
image_14006,0.04143749922513962
image_14007,0.0807347223162651
image_14008,0.0012351430486887693
image_14009,0.03415745124220848
image_1401,0.00534629775211215
image_14010,0.19390463829040527
image_14011,0.0026869589928537607
image_14012,0.017649373039603233
image_14013,0.0020169569179415703
image_14014,0.04509725049138069
image_14015,7.904052472440526e-05
image_14016,0.009039484895765781
image_14017,0.6557881236076355
image_14018,0.0005076808156445622
image_14019,0.017908839508891106
image_1402,0.0006474775145761669
image_14020,0.0007658843533135951
image_14021,0.0006293239421211183
image_14022,0.001004607300274074
image_14023,0.7566058039665222
image_14024,0.011243283748626709
image_14025,0.6748399138450623
image_14026,2.0402390873641707e-05
image_14027,0.0014079356333240867
image_14028,7.123237446649e-05
image_14029,0.00871865451335907
image_1403,0.012455987744033337
image_14030,0.03811924159526825
image_14031,0.0036511749494820833
image_14032,0.063541479408741
image_14033,0.020783275365829468
image_14034,0.010862753726541996
image_14035,0.8771541714668274
image_14036,0.0013598332880064845
image_14037,0.0044730110093951225
image_14038,0.8929782509803772
image_14039,0.002944757929071784
image_1404,0.9932622313499451
image_14040,0.0939863845705986
image_14041,0.977993369102478
image_14042,0.0005412563332356513
image_14043,0.005194547586143017
image_14044,0.00044137114309705794
image_14045,0.006173094734549522
image_14046,0.0008660547900944948
image_14047,0.014073766767978668
image_14048,0.0009915389819070697
image_14049,0.8549821972846985
image_1405,0.020301366224884987
image_14050,0.01041564904153347
image_14051,0.006573397666215897
image_14052,0.0038067754358053207
image_14053,0.005607392638921738
image_14054,0.926661491394043
image_14055,0.02003454975783825
image_14056,0.7889763712882996
image_14057,0.0035421131178736687
image_14058,0.9572537541389465
image_14059,0.011823266744613647
image_1406,0.9145909547805786
image_14060,0.0027074350509792566
image_14061,0.9967579245567322
image_14062,0.0008060410036705434
image_14063,0.004194736015051603
image_14064,0.00011605948384385556
image_14065,0.0001694314123596996
image_14066,0.003486063564196229
image_14067,0.0663178563117981
image_14068,0.6545092463493347
image_14069,0.0013139816001057625
image_1407,0.007375339046120644
image_14070,0.008477400057017803
image_14071,0.002621654188260436
image_14072,0.06753908842802048
image_14073,0.0004273363738320768
image_14074,0.0014863945543766022
image_14075,0.00014241405006032437
image_14076,0.00031146244145929813
image_14077,0.12365062534809113
image_14078,0.753092885017395
image_14079,0.0006736089126206934
image_1408,0.011301898397505283
image_14080,0.018933000043034554
image_14081,0.011284243315458298
image_14082,0.0057311756536364555
image_14083,0.00011815410107374191
image_14084,0.00020130586926825345
image_14085,0.0023309316020458937
image_14086,0.0003624623641371727
image_14087,0.0020688686054199934
image_14088,0.010042925365269184
image_14089,0.002544341143220663
image_1409,0.01180571410804987
image_14090,0.39725229144096375
image_14091,0.6114012002944946
image_14092,0.00034780523856170475
image_14093,0.00037182701635174453
image_14094,0.004350578412413597
image_14095,0.030981356278061867
image_14096,0.009545693174004555
image_14097,0.9876682162284851
image_14098,0.004115989897400141
image_14099,0.012058135122060776
image_141,0.5602343082427979
image_1410,0.0001417902240063995
image_14100,0.005950767081230879
image_14101,7.469329284504056e-05
image_14102,0.0014085745206102729
image_14103,0.0007332835230045021
image_14104,0.0001207234090543352
image_14105,0.01784798689186573
image_14106,0.9295134544372559
image_14107,0.7751720547676086
image_14108,3.386305979802273e-05
image_14109,0.00017596222460269928
image_1411,0.0002215756248915568
image_14110,0.0021693201269954443
image_14111,0.00030571038951165974
image_14112,0.002978024072945118
image_14113,0.0044969599694013596
image_14114,0.0003274141054134816
image_14115,0.0032150596380233765
image_14116,0.00030037196120247245
image_14117,0.0015408649342134595
image_14118,0.006314962636679411
image_14119,0.08559028804302216
image_1412,0.0038707805797457695
image_14120,0.0022742568980902433
image_14121,0.019188256934285164
image_14122,0.0004022648499812931
image_14123,0.9936866164207458
image_14124,0.8571320176124573
image_14125,0.7829759120941162
image_14126,0.026535997167229652
image_14127,0.02558821067214012
image_14128,0.0007397265871986747
image_14129,0.001817988115362823
image_1413,0.753451406955719
image_14130,0.07555517554283142
image_14131,0.00839681550860405
image_14132,0.0003592580324038863
image_14133,0.00028854236006736755
image_14134,0.003935194108635187
image_14135,0.0009523237240500748
image_14136,0.0033564125187695026
image_14137,0.00041980636888183653
image_14138,0.003969135694205761
image_14139,0.0025677664671093225
image_1414,0.014130150899291039
image_14140,0.006080671679228544
image_14141,0.012641502544283867
image_14142,0.011839963495731354
image_14143,0.0021787320729345083
image_14144,0.0016264646546915174
image_14145,0.0034116616006940603
image_14146,0.0006572923739440739
image_14147,0.0003796611854340881
image_14148,0.0016146739944815636
image_14149,0.0054928576573729515
image_1415,0.0027177263982594013
image_14150,0.0001048643680405803
image_14151,0.00610559806227684
image_14152,0.0003085050848312676
image_14153,0.12568655610084534
image_14154,0.00014071486657485366
image_14155,0.0011234238045290112
image_14156,0.006112731993198395
image_14157,0.5119441747665405
image_14158,6.609656702494249e-05
image_14159,0.0024790980387479067
image_1416,0.002673256443813443
image_14160,0.9982823133468628
image_14161,5.780502760899253e-05
image_14162,0.004095898941159248
image_14163,0.005252409726381302
image_14164,0.0018871371867135167
image_14165,0.07394567877054214
image_14166,0.01892462559044361
image_14167,0.0029487493447959423
image_14168,0.9783398509025574
image_14169,0.007146692369133234
image_1417,0.9674709439277649
image_14170,0.003994964063167572
image_14171,0.0003440975269768387
image_14172,0.0030356296338140965
image_14173,0.008227143436670303
image_14174,0.002846282906830311
image_14175,0.00040804705349728465
image_14176,0.15901075303554535
image_14177,0.009554227814078331
image_14178,0.006730644963681698
image_14179,0.015128560364246368
image_1418,0.0014764202060177922
image_14180,0.0016728792106732726
image_14181,0.9305551052093506
image_14182,0.0018177684396505356
image_14183,0.18164916336536407
image_14184,0.00013628652959596366
image_14185,0.008513938635587692
image_14186,0.001164018758572638
image_14187,0.0009809222538024187
image_14188,0.0006185371312312782
image_14189,0.0008564113522879779
image_1419,0.001287468010559678
image_14190,0.0985829159617424
image_14191,0.0236686822026968
image_14192,0.9868287444114685
image_14193,0.033179424703121185
image_14194,0.0011556927347555757
image_14195,0.0022639352828264236
image_14196,0.0058828555047512054
image_14197,0.0008561693830415606
image_14198,0.0007646082085557282
image_14199,0.0023450693115592003
image_142,0.003390952944755554
image_1420,0.021885573863983154
image_14200,0.018471695482730865
image_14201,0.011040481738746166
image_14202,0.00926698837429285
image_14203,0.0010177424410358071
image_14204,0.0035113899502903223
image_14205,0.006024595350027084
image_14206,0.04248776286840439
image_14207,0.07837428897619247
image_14208,0.9064266681671143
image_14209,0.0008742502541281283
image_1421,0.00044558776426129043
image_14210,0.0012600176269188523
image_14211,0.0054242308251559734
image_14212,0.0010337760904803872
image_14213,0.10010682046413422
image_14214,0.05897437036037445
image_14215,0.007182612083852291
image_14216,0.18753768503665924
image_14217,0.004146270919591188
image_14218,0.0007038962794467807
image_14219,0.002834178740158677
image_1422,0.0006797058740630746
image_14220,0.0009143702336587012
image_14221,0.0015179768670350313
image_14222,7.413511048071086e-05
image_14223,0.008970359340310097
image_14224,0.9651193618774414
image_14225,0.8841807246208191
image_14226,0.000881053099874407
image_14227,0.9946140646934509
image_14228,0.001647514058277011
image_14229,0.004214515443891287
image_1423,0.0005851558526046574
image_14230,0.01343908067792654
image_14231,2.9639004424097948e-05
image_14232,0.0020962038543075323
image_14233,0.0001067685880116187
image_14234,0.6109009981155396
image_14235,0.9721058011054993
image_14236,0.0018524781335145235
image_14237,0.002106879837810993
image_14238,0.0005365297547541559
image_14239,0.0003341756819281727
image_1424,0.005256439559161663
image_14240,0.0006529372185468674
image_14241,0.008425433188676834
image_14242,0.0001727916969684884
image_14243,0.9902448654174805
image_14244,0.0064939213916659355
image_14245,0.006770148407667875
image_14246,0.00017172472144011408
image_14247,0.005123539362102747
image_14248,0.00048432781477458775
image_14249,0.015800518915057182
image_1425,0.0010718104895204306
image_14250,0.001422508736141026
image_14251,0.0025860625319182873
image_14252,0.5530596971511841
image_14253,0.017956899479031563
image_14254,0.007792111020535231
image_14255,0.17711970210075378
image_14256,0.0006438423879444599
image_14257,0.00019192020408809185
image_14258,0.00019352107483427972
image_14259,0.7433661818504333
image_1426,0.0007240390405058861
image_14260,0.9855917692184448
image_14261,0.0032459080684930086
image_14262,0.00022726839233655483
image_14263,0.0022323094308376312
image_14264,0.9830154776573181
image_14265,0.020411474630236626
image_14266,0.0022893929854035378
image_14267,0.0018204733496531844
image_14268,0.25417253375053406
image_14269,0.06701524555683136
image_1427,0.9390460252761841
image_14270,0.9568693041801453
image_14271,0.0007261289283633232
image_14272,1.1436482054705266e-05
image_14273,0.00046883392496965826
image_14274,0.0010835924185812473
image_14275,0.029876837506890297
image_14276,0.013720178045332432
image_14277,0.006187635939568281
image_14278,0.0005850688321515918
image_14279,0.8893287777900696
image_1428,0.13018769025802612
image_14280,0.6198112964630127
image_14281,0.008460653945803642
image_14282,0.49507954716682434
image_14283,0.04535749554634094
image_14284,0.0027843413408845663
image_14285,0.0031687445007264614
image_14286,0.0020792444702237844
image_14287,0.003849199041724205
image_14288,0.0009548230445943773
image_14289,0.6798519492149353
image_1429,0.00379026192240417
image_14290,0.00062912906287238
image_14291,0.0005363246891647577
image_14292,0.002283846028149128
image_14293,0.0024905281607061625
image_14294,0.0020834426395595074
image_14295,0.0022789782378822565
image_14296,0.0016458631725981832
image_14297,0.005280292127281427
image_14298,0.007471212185919285
image_14299,0.629989743232727
image_143,0.001033842097967863
image_1430,0.30648690462112427
image_14300,0.0006072118412703276
image_14301,0.0008857626817189157
image_14302,0.005217986647039652
image_14303,0.002212968422099948
image_14304,0.0023608014453202486
image_14305,0.0117340674623847
image_14306,0.02064899355173111
image_14307,0.0010597585933282971
image_14308,0.0008486275328323245
image_14309,0.00569868041202426
image_1431,0.0345335379242897
image_14310,0.0025969836860895157
image_14311,0.00327887712046504
image_14312,0.0002152765664504841
image_14313,0.0009366556769236922
image_14314,0.997980535030365
image_14315,0.01824280433356762
image_14316,0.00038718775613233447
image_14317,0.04890459030866623
image_14318,0.002039802959188819
image_14319,0.0024316669441759586
image_1432,0.0012642353540286422
image_14320,0.9992223978042603
image_14321,0.009154532104730606
image_14322,0.003051186678931117
image_14323,0.03545120730996132
image_14324,0.0038998390082269907
image_14325,0.003117569722235203
image_14326,0.0010043244110420346
image_14327,0.040690142661333084
image_14328,0.029739556834101677
image_14329,0.0009242143132723868
image_1433,0.03531908243894577
image_14330,0.012029029428958893
image_14331,0.0007056220201775432
image_14332,0.0007241012062877417
image_14333,0.006197620648890734
image_14334,0.021542789414525032
image_14335,0.018454542383551598
image_14336,6.71206580591388e-05
image_14337,0.1890510618686676
image_14338,0.0008506207377649844
image_14339,0.0035836927127093077
image_1434,0.0075556430965662
image_14340,0.9940540194511414
image_14341,0.0025892816483974457
image_14342,0.00016545355902053416
image_14343,0.004533085506409407
image_14344,0.02426866441965103
image_14345,0.9674512147903442
image_14346,0.07537678629159927
image_14347,0.884935200214386
image_14348,0.026538437232375145
image_14349,0.0064701782539486885
image_1435,0.0025266623124480247
image_14350,0.017412494868040085
image_14351,0.979373574256897
image_14352,0.004208200145512819
image_14353,0.960869312286377
image_14354,0.0006184525554999709
image_14355,0.013233675621449947
image_14356,0.0008761991048231721
image_14357,0.08900006115436554
image_14358,0.00191205320879817
image_14359,0.026176370680332184
image_1436,0.00010391829709988087
image_14360,0.0008300485787913203
image_14361,0.0003500397433526814
image_14362,0.0005843805847689509
image_14363,0.9830334782600403
image_14364,0.029358714818954468
image_14365,0.000364362116670236
image_14366,0.0017784058582037687
image_14367,0.014187263324856758
image_14368,8.675076242070645e-05
image_14369,0.009195253252983093
image_1437,0.025881409645080566
image_14370,0.002985043451189995
image_14371,0.8930580615997314
image_14372,0.0007648366154171526
image_14373,0.014955499209463596
image_14374,0.011292694136500359
image_14375,0.011021358892321587
image_14376,0.00900869257748127
image_14377,0.0005983833107165992
image_14378,0.018575290217995644
image_14379,0.0005092152860015631
image_1438,0.7936681509017944
image_14380,0.00020807425607927144
image_14381,0.0010215581860393286
image_14382,0.7827005386352539
image_14383,0.0015318066580221057
image_14384,0.00040901810280047357
image_14385,0.00013786309864372015
image_14386,0.7707775831222534
image_14387,5.583421625487972e-06
image_14388,0.001992097357288003
image_14389,0.19077381491661072
image_1439,0.0010824238415807486
image_14390,0.9829493761062622
image_14391,0.0016043796204030514
image_14392,0.001309154205955565
image_14393,0.003775800811126828
image_14394,0.004272261168807745
image_14395,0.0012105053756386042
image_14396,0.0010991288581863046
image_14397,0.9720184803009033
image_14398,0.0259939506649971
image_14399,0.014203798957169056
image_144,0.012099001556634903
image_1440,0.01652679592370987
image_14400,0.02344011329114437
image_14401,0.01487151999026537
image_14402,6.36589975329116e-05
image_14403,0.009308846667408943
image_14404,0.0001456510362913832
image_14405,0.00747070973739028
image_14406,0.019398828968405724
image_14407,0.00024572579422965646
image_14408,0.0017033206531777978
image_14409,0.08997798711061478
image_1441,0.0020896103233098984
image_14410,0.004958166740834713
image_14411,0.0025319349952042103
image_14412,0.011477626860141754
image_14413,0.0003375186352059245
image_14414,0.00797914620488882
image_14415,0.001543404534459114
image_14416,0.0003959083405788988
image_14417,0.010014492087066174
image_14418,0.9892983436584473
image_14419,0.01287893671542406
image_1442,0.00012940580199938267
image_14420,0.01345540676265955
image_14421,0.004215715918689966
image_14422,0.012573565356433392
image_14423,0.00023524346761405468
image_14424,0.00534473592415452
image_14425,0.005637183785438538
image_14426,0.00011777368490584195
image_14427,0.1130337342619896
image_14428,0.0024779601953923702
image_14429,0.0071185571141541
image_1443,0.0011222738539800048
image_14430,0.03170729801058769
image_14431,0.0004107931163161993
image_14432,0.0026166315656155348
image_14433,0.0017407109262421727
image_14434,0.015077570453286171
image_14435,0.0009243353852070868
image_14436,0.012408723123371601
image_14437,0.00020292503177188337
image_14438,0.0002972519723698497
image_14439,0.01393988635390997
image_1444,0.0002205888886237517
image_14440,0.02023717761039734
image_14441,0.011155564337968826
image_14442,0.792795717716217
image_14443,0.0007316487026400864
image_14444,0.05118640884757042
image_14445,0.0022869568783789873
image_14446,0.006784567143768072
image_14447,0.7274392247200012
image_14448,0.08046985417604446
image_14449,0.002660225611180067
image_1445,0.0014007824938744307
image_14450,0.0012193007860332727
image_14451,0.00018877854745369405
image_14452,0.018417377024888992
image_14453,0.001100588939152658
image_14454,0.6809366345405579
image_14455,0.011485561728477478
image_14456,0.010899166576564312
image_14457,1.3951538676337805e-05
image_14458,0.018862128257751465
image_14459,0.003097356529906392
image_1446,0.006482911761850119
image_14460,0.9800627827644348
image_14461,0.00047035407624207437
image_14462,0.012354100123047829
image_14463,0.03576158359646797
image_14464,0.006403181701898575
image_14465,0.005034768953919411
image_14466,0.48418423533439636
image_14467,0.0026414692401885986
image_14468,0.0003528553352225572
image_14469,0.00094657763838768
image_1447,0.002357801189646125
image_14470,0.007528798654675484
image_14471,0.0012687183916568756
image_14472,0.0027069782372564077
image_14473,0.002426253631711006
image_14474,0.00032035078038461506
image_14475,0.13159719109535217
image_14476,0.002804605523124337
image_14477,0.002961523365229368
image_14478,0.03164470195770264
image_14479,0.003605456091463566
image_1448,0.0034112094435840845
image_14480,0.0023728124797344208
image_14481,0.006222702097147703
image_14482,0.005849716253578663
image_14483,0.0003764135472010821
image_14484,0.006532084662467241
image_14485,0.7218389511108398
image_14486,0.001964252907782793
image_14487,0.855295717716217
image_14488,0.027166306972503662
image_14489,0.015423530712723732
image_1449,0.0017595089739188552
image_14490,0.0006530626560561359
image_14491,0.035721033811569214
image_14492,0.8155748248100281
image_14493,0.0030764767434448004
image_14494,0.00065251300111413
image_14495,1.2249119208718184e-05
image_14496,0.12276718020439148
image_14497,0.014483874663710594
image_14498,0.00039230368565768003
image_14499,0.36711812019348145
image_145,0.008808556012809277
image_1450,0.012328306213021278
image_14500,0.0006063972250558436
image_14501,1.7728571037878282e-05
image_14502,0.0002524889132473618
image_14503,0.0005315651651471853
image_14504,0.011383110657334328
image_14505,0.0016657852102071047
image_14506,0.003218030324205756
image_14507,0.00019180896924808621
image_14508,0.0002247141965199262
image_14509,0.0016986073460429907
image_1451,0.00012049076030962169
image_14510,0.0006701480015181005
image_14511,0.0018575257854536176
image_14512,0.001938784378580749
image_14513,0.0052693928591907024
image_14514,0.9844374656677246
image_14515,0.0016227206215262413
image_14516,0.9893688559532166
image_14517,0.0002223658811999485
image_14518,0.6427320241928101
image_14519,0.000837287399917841
image_1452,0.0012809144100174308
image_14520,0.00011216669372515753
image_14521,0.9225465655326843
image_14522,0.001118386397138238
image_14523,3.189545896020718e-05
image_14524,0.020449107512831688
image_14525,0.0052255140617489815
image_14526,0.016906842589378357
image_14527,0.0015660215867683291
image_14528,9.200326894642785e-05
image_14529,0.03727142885327339
image_1453,0.0057767038233578205
image_14530,0.00019546716066543013
image_14531,0.0017095518996939063
image_14532,0.00014617432316299528
image_14533,0.002367161912843585
image_14534,0.0008290059631690383
image_14535,0.9415877461433411
image_14536,0.0063192700035870075
image_14537,0.01566261239349842
image_14538,0.0011522273998707533
image_14539,0.00041815085569396615
image_1454,0.09622995555400848
image_14540,0.015919938683509827
image_14541,0.0004268431512173265
image_14542,0.004735860973596573
image_14543,0.005194057710468769
image_14544,5.041886106482707e-05
image_14545,0.00015120145690161735
image_14546,0.0005848472355864942
image_14547,0.8545642495155334
image_14548,0.003234799252822995
image_14549,0.0013468649704009295
image_1455,0.010369179770350456
image_14550,0.002027098787948489
image_14551,0.001468683360144496
image_14552,0.9751496911048889
image_14553,0.002698242664337158
image_14554,0.714214026927948
image_14555,0.020946646109223366
image_14556,0.004832467995584011
image_14557,0.0021235086023807526
image_14558,0.0006456455448642373
image_14559,0.0014095213264226913
image_1456,0.000285530200926587
image_14560,0.0003032970707863569
image_14561,0.007576818112283945
image_14562,0.0019094505114480853
image_14563,0.021880002692341805
image_14564,0.15043121576309204
image_14565,0.0011130922939628363
image_14566,0.9448768496513367
image_14567,0.0014994693920016289
image_14568,0.0028293852228671312
image_14569,0.003960616420954466
image_1457,0.05989871546626091
image_14570,0.8924621939659119
image_14571,0.0001383222552249208
image_14572,0.004125115927308798
image_14573,0.003082524286583066
image_14574,0.06128201633691788
image_14575,0.1292058378458023
image_14576,0.003856757190078497
image_14577,0.009351869113743305
image_14578,0.01770070381462574
image_14579,0.009790780954062939
image_1458,0.002056670607998967
image_14580,0.00045544328168034554
image_14581,0.0007570328307338059
image_14582,0.004266512114554644
image_14583,0.00824933871626854
image_14584,0.060509517788887024
image_14585,0.9415268898010254
image_14586,0.01049758680164814
image_14587,0.029726257547736168
image_14588,0.012583987787365913
image_14589,0.0010009300895035267
image_1459,0.09986920654773712
image_14590,0.0008400328224524856
image_14591,0.01254985947161913
image_14592,0.005026706028729677
image_14593,0.00153962557669729
image_14594,0.0017497718799859285
image_14595,0.022987980395555496
image_14596,0.0006137520540505648
image_14597,0.0015895813703536987
image_14598,0.0015239641070365906
image_14599,0.08172739297151566
image_146,0.005595870781689882
image_1460,0.0016228650929406285
image_14600,0.0009864235762506723
image_14601,0.015329773537814617
image_14602,0.0024391307961195707
image_14603,0.05152060091495514
image_14604,0.021106993779540062
image_14605,0.0369713269174099
image_14606,0.9812104105949402
image_14607,0.008143151178956032
image_14608,0.00036560953594744205
image_14609,0.0004052331205457449
image_1461,0.0011402831878513098
image_14610,0.00017853786994237453
image_14611,0.0017478972440585494
image_14612,0.0127975232899189
image_14613,0.004760808777064085
image_14614,0.003946870565414429
image_14615,0.000625475135166198
image_14616,7.049586565699428e-05
image_14617,0.06885474920272827
image_14618,0.0037724983412772417
image_14619,0.7689494490623474
image_1462,0.0019899539183825254
image_14620,0.00047045230166986585
image_14621,0.981033444404602
image_14622,0.002658031415194273
image_14623,0.007605629041790962
image_14624,0.00206074514426291
image_14625,0.004808417055755854
image_14626,0.0004551108577288687
image_14627,0.09752238541841507
image_14628,0.017183294519782066
image_14629,0.001265779952518642
image_1463,0.006734819151461124
image_14630,0.00441100774332881
image_14631,0.004685016814619303
image_14632,0.0019577520433813334
image_14633,0.8934654593467712
image_14634,0.003593020373955369
image_14635,0.04030154272913933
image_14636,0.0009494251571595669
image_14637,0.004948967136442661
image_14638,0.6483815908432007
image_14639,0.002222735434770584
image_1464,0.0007424551295116544
image_14640,0.011744428426027298
image_14641,0.0022450843825936317
image_14642,0.009381878189742565
image_14643,0.00036588884540833533
image_14644,0.03176324442028999
image_14645,0.004058205988258123
image_14646,0.0012645454844459891
image_14647,0.0008367522386834025
image_14648,0.03499854728579521
image_14649,0.0010213402565568686
image_1465,0.012658731080591679
image_14650,0.0014664591290056705
image_14651,0.9910248517990112
image_14652,0.001549098058603704
image_14653,0.018944626674056053
image_14654,0.002594616962596774
image_14655,0.0007323979516513646
image_14656,0.011518829502165318
image_14657,0.0004684379091486335
image_14658,0.006142119877040386
image_14659,0.0008811875013634562
image_1466,0.0022634270135313272
image_14660,0.0038973093032836914
image_14661,0.02153884433209896
image_14662,0.9860976934432983
image_14663,0.028836246579885483
image_14664,0.00189992506057024
image_14665,0.00021165738871786743
image_14666,0.8153057098388672
image_14667,0.004819115158170462
image_14668,0.055620718747377396
image_14669,0.0001193154021166265
image_1467,1.2237175042173476e-06
image_14670,0.01682409457862377
image_14671,0.0006064556655474007
image_14672,0.1486857533454895
image_14673,0.0007106825360096991
image_14674,0.0006900763837620616
image_14675,3.849448694381863e-05
image_14676,0.009000727906823158
image_14677,0.006522020325064659
image_14678,0.014426427893340588
image_14679,0.00035125453723594546
image_1468,0.9288328289985657
image_14680,0.0004035415768157691
image_14681,0.026572367176413536
image_14682,0.5291579365730286
image_14683,0.9415876269340515
image_14684,0.00178435817360878
image_14685,0.0358395129442215
image_14686,0.012533685192465782
image_14687,0.002783958800137043
image_14688,0.5050695538520813
image_14689,0.9812829494476318
image_1469,0.00384166045114398
image_14690,0.8656938672065735
image_14691,0.001724317902699113
image_14692,0.0007558671641163528
image_14693,0.00039423853741027415
image_14694,0.0028256287332624197
image_14695,0.0011597797274589539
image_14696,0.008955664932727814
image_14697,0.5603191256523132
image_14698,0.9282183647155762
image_14699,0.002153166104108095
image_147,0.003398735309019685
image_1470,0.0002705389924813062
image_14700,0.009041971527040005
image_14701,0.012657170183956623
image_14702,0.028661483898758888
image_14703,0.9958741068840027
image_14704,0.00013306146138347685
image_14705,0.01931351236999035
image_14706,0.0020012923050671816
image_14707,0.0043909731321036816
image_14708,0.018925737589597702
image_14709,0.01977744698524475
image_1471,0.8846454620361328
image_14710,0.004588944837450981
image_14711,0.0018316756468266249
image_14712,0.04168888181447983
image_14713,0.00553008820861578
image_14714,0.005894747097045183
image_14715,0.11180178821086884
image_14716,0.012142753228545189
image_14717,0.04214806482195854
image_14718,0.001053104642778635
image_14719,0.0007286792970262468
image_1472,0.0016603099647909403
image_14720,0.0065148440189659595
image_14721,0.8869659304618835
image_14722,0.0022801277227699757
image_14723,0.003728105453774333
image_14724,0.016170570626854897
image_14725,0.08151868730783463
image_14726,0.004136948846280575
image_14727,0.17586246132850647
image_14728,0.00041250739013776183
image_14729,0.005796879529953003
image_1473,0.0068085892125964165
image_14730,0.005966558586806059
image_14731,0.0004736508708447218
image_14732,0.003020732430741191
image_14733,0.0062862965278327465
image_14734,0.000509772275108844
image_14735,0.002627104753628373
image_14736,0.21397621929645538
image_14737,0.011077027767896652
image_14738,0.6204708218574524
image_14739,0.003632683539763093
image_1474,0.008041330613195896
image_14740,0.0005647215293720365
image_14741,0.00013181226677261293
image_14742,0.002297458238899708
image_14743,0.9444676041603088
image_14744,0.9119867086410522
image_14745,0.8238084316253662
image_14746,0.0060897935181856155
image_14747,0.005143786780536175
image_14748,8.047376468311995e-05
image_14749,5.426296411314979e-05
image_1475,0.9235857725143433
image_14750,0.003310565371066332
image_14751,0.3430507183074951
image_14752,0.028258614242076874
image_14753,0.009324576705694199
image_14754,0.039399679750204086
image_14755,0.0029241517186164856
image_14756,0.0006247364217415452
image_14757,0.0033948097843676805
image_14758,4.2459781980142e-05
image_14759,0.016830705106258392
image_1476,0.0016481942730024457
image_14760,0.0003806071763392538
image_14761,0.08000189065933228
image_14762,0.007308864500373602
image_14763,0.0031172495801001787
image_14764,0.002364556537941098
image_14765,0.9937286376953125
image_14766,0.017875516787171364
image_14767,0.0015690438449382782
image_14768,2.7903552108909935e-05
image_14769,0.014000282622873783
image_1477,0.967499852180481
image_14770,0.013446314260363579
image_14771,0.0003416625550016761
image_14772,0.010673517361283302
image_14773,0.9551067352294922
image_14774,0.0038285204209387302
image_14775,0.0029876104090362787
image_14776,0.00016001274343580008
image_14777,0.00027109772781841457
image_14778,0.00024402912822552025
image_14779,0.03866267204284668
image_1478,0.0018865374149754643
image_14780,0.0053108748979866505
image_14781,7.130686572054401e-05
image_14782,0.0005469858879223466
image_14783,0.029521571472287178
image_14784,0.9948098659515381
image_14785,0.030687322840094566
image_14786,0.0011923953425139189
image_14787,0.004380892962217331
image_14788,0.0009910394437611103
image_14789,0.0002496061206329614
image_1479,0.005403469782322645
image_14790,7.627939339727163e-05
image_14791,0.9899954795837402
image_14792,0.008837324567139149
image_14793,0.005230828654021025
image_14794,0.0009906499180942774
image_14795,0.009294048883020878
image_14796,0.005570727866142988
image_14797,0.03629270941019058
image_14798,0.0011280854232609272
image_14799,0.003292608540505171
image_148,0.002138974377885461
image_1480,0.0004184393328614533
image_14800,0.0002167336642742157
image_14801,0.00027188280364498496
image_14802,0.00022560360957868397
image_14803,0.011534051969647408
image_14804,0.048868823796510696
image_14805,0.0057408735156059265
image_14806,0.000983645673841238
image_14807,0.00036084448220208287
image_14808,0.9901269674301147
image_14809,0.01020083762705326
image_1481,0.00319094629958272
image_14810,0.0025190964806824923
image_14811,0.026634138077497482
image_14812,0.6456385254859924
image_14813,0.047365423291921616
image_14814,0.00027366713038645685
image_14815,0.0001009596890071407
image_14816,0.002225525677204132
image_14817,0.00026478333165869117
image_14818,0.9609031677246094
image_14819,0.0007105298573151231
image_1482,0.005133843049407005
image_14820,0.006021431647241116
image_14821,0.00039658864261582494
image_14822,0.0004231967614032328
image_14823,0.002073206938803196
image_14824,0.005430006887763739
image_14825,0.005293368827551603
image_14826,0.9939184188842773
image_14827,0.021579351276159286
image_14828,0.003018824616447091
image_14829,0.004038825165480375
image_1483,7.345763151533902e-05
image_14830,0.003804831998422742
image_14831,0.0053690094500780106
image_14832,0.7446072101593018
image_14833,3.819136327365413e-05
image_14834,0.5308033227920532
image_14835,0.04683130979537964
image_14836,0.008745664730668068
image_14837,0.00596255250275135
image_14838,0.000211484293686226
image_14839,0.00025553867453709245
image_1484,0.021871326491236687
image_14840,0.0037607515696436167
image_14841,0.0017651863163337111
image_14842,0.04903963580727577
image_14843,0.006452637724578381
image_14844,0.00017051892064046115
image_14845,0.0024289453867822886
image_14846,0.0018764962442219257
image_14847,0.0033766701817512512
image_14848,0.12548357248306274
image_14849,0.0014500818215310574
image_1485,0.9141842722892761
image_14850,0.0032738675363361835
image_14851,0.0020695736166089773
image_14852,0.008013547398149967
image_14853,0.0012149468529969454
image_14854,0.016123520210385323
image_14855,0.0010243005817756057
image_14856,0.003241665195673704
image_14857,0.9943801760673523
image_14858,0.005072107072919607
image_14859,0.00045277137542143464
image_1486,0.0037722026463598013
image_14860,0.0003777365491259843
image_14861,0.0031794672831892967
image_14862,0.9778664708137512
image_14863,0.008234496228396893
image_14864,0.003103826893493533
image_14865,0.0003673496248666197
image_14866,0.01203372236341238
image_14867,0.058433886617422104
image_14868,0.883457362651825
image_14869,0.0015823798021301627
image_1487,0.8576340675354004
image_14870,0.0005931156920269132
image_14871,0.8158987164497375
image_14872,0.00011867519788211212
image_14873,0.011655882932245731
image_14874,0.009980672039091587
image_14875,0.6821374297142029
image_14876,0.5712485313415527
image_14877,0.0004316656559240073
image_14878,0.5863160490989685
image_14879,0.007935215719044209
image_1488,0.00278909457847476
image_14880,0.0011284362990409136
image_14881,0.021037641912698746
image_14882,9.925073391059414e-05
image_14883,0.001713292091153562
image_14884,0.009057330898940563
image_14885,0.0015754572814330459
image_14886,0.00029160905978642404
image_14887,0.022342989221215248
image_14888,0.036095719784498215
image_14889,0.02223144844174385
image_1489,0.00035470101283863187
image_14890,0.0068320357240736485
image_14891,0.0013590642483904958
image_14892,0.0009191016433760524
image_14893,0.031235255300998688
image_14894,0.0008291138801723719
image_14895,0.0003374060324858874
image_14896,0.007591655477881432
image_14897,0.832724392414093
image_14898,0.0008904634159989655
image_14899,0.0008412544266320765
image_149,0.003413609229028225
image_1490,0.001746582449413836
image_14900,0.14900989830493927
image_14901,0.41921693086624146
image_14902,0.6997798085212708
image_14903,0.2252037227153778
image_14904,0.0069112698547542095
image_14905,0.9435999393463135
image_14906,0.0035822901409119368
image_14907,0.0032360402401536703
image_14908,0.0019674478098750114
image_14909,0.005235751159489155
image_1491,0.9651092290878296
image_14910,0.0004142993129789829
image_14911,0.9988613128662109
image_14912,0.0043256101198494434
image_14913,0.25448083877563477
image_14914,0.03579763323068619
image_14915,0.002292980207130313
image_14916,0.012857119552791119
image_14917,0.010634776204824448
image_14918,0.16224202513694763
image_14919,0.8989171981811523
image_1492,0.013949203304946423
image_14920,0.004204545170068741
image_14921,0.033069074153900146
image_14922,0.0010069923009723425
image_14923,0.0002271072444273159
image_14924,0.5683289766311646
image_14925,0.01848224364221096
image_14926,0.19370245933532715
image_14927,0.09657837450504303
image_14928,0.04187207669019699
image_14929,0.003961227834224701
image_1493,0.005823828745633364
image_14930,0.08032815158367157
image_14931,0.024164525792002678
image_14932,0.008657152764499187
image_14933,0.018149880692362785
image_14934,0.02794724702835083
image_14935,0.05916406214237213
image_14936,0.938585102558136
image_14937,0.004958801902830601
image_14938,0.00403561582788825
image_14939,0.00036064558662474155
image_1494,0.030968423932790756
image_14940,0.7054840922355652
image_14941,0.0023273592814803123
image_14942,0.01180475763976574
image_14943,0.025943225249648094
image_14944,0.011939450167119503
image_14945,0.02138029783964157
image_14946,0.006715694908052683
image_14947,0.9975849390029907
image_14948,0.0005146099138073623
image_14949,0.8847730755805969
image_1495,0.037683408707380295
image_14950,0.01568293757736683
image_14951,0.0018115479033440351
image_14952,0.0002280369953950867
image_14953,0.00037745616282336414
image_14954,0.011574236676096916
image_14955,0.004264454357326031
image_14956,0.0006692550959996879
image_14957,0.006878488697111607
image_14958,0.0019860146567225456
image_14959,0.9638094305992126
image_1496,0.06689345836639404
image_14960,0.0008424560073763132
image_14961,0.00010997352364938706
image_14962,0.0005204346962273121
image_14963,0.00784152653068304
image_14964,0.9717584848403931
image_14965,0.8635210394859314
image_14966,0.051650941371917725
image_14967,0.001112165511585772
image_14968,0.003530966816470027
image_14969,0.032100170850753784
image_1497,0.00027940774452872574
image_14970,0.0006376291858032346
image_14971,0.000622518768068403
image_14972,0.0006229844875633717
image_14973,0.0007821882027201355
image_14974,0.0004366807988844812
image_14975,0.13103239238262177
image_14976,0.0007994579500518739
image_14977,0.00010486586688784882
image_14978,0.009162014350295067
image_14979,0.007124507334083319
image_1498,0.00027758756186813116
image_14980,0.1017926037311554
image_14981,0.0021119676530361176
image_14982,0.0002856870414689183
image_14983,0.9683816432952881
image_14984,0.803820788860321
image_14985,0.9784543514251709
image_14986,0.03227277100086212
image_14987,0.005001717247068882
image_14988,2.49632794293575e-05
image_14989,0.000933848787099123
image_1499,0.7006468772888184
image_14990,0.00637988792732358
image_14991,0.17919129133224487
image_14992,0.0011994335800409317
image_14993,0.02169279381632805
image_14994,0.004209449049085379
image_14995,0.00019385534687899053
image_14996,0.006403885316103697
image_14997,0.000740614952519536
image_14998,0.048303473740816116
image_14999,0.0002700599143281579
image_15,0.5518150329589844
image_150,0.009853805415332317
image_1500,0.038163620978593826
image_15000,0.0004577891668304801
image_15001,0.0007056644535623491
image_15002,0.26764383912086487
image_15003,0.06157079339027405
image_15004,0.00012786619481630623
image_15005,0.0016874197172001004
image_15006,0.0003079121233895421
image_15007,0.019289927557110786
image_15008,0.006304980255663395
image_15009,6.110078538767993e-05
image_1501,0.746223509311676
image_15010,0.0016021255869418383
image_15011,0.00021029511117376387
image_15012,0.00213057198561728
image_15013,0.8850899338722229
image_15014,0.0013383725890889764
image_15015,0.0037576481699943542
image_15016,0.0003615802270360291
image_15017,5.560138379223645e-05
image_15018,0.7508091926574707
image_15019,0.9499502778053284
image_1502,0.966632604598999
image_15020,0.8081843256950378
image_15021,0.06206842511892319
image_15022,0.040652040392160416
image_15023,0.9450113773345947
image_15024,0.01607999950647354
image_15025,0.0022962649818509817
image_15026,0.9476893544197083
image_15027,0.018293388187885284
image_15028,0.003444771282374859
image_15029,0.979671061038971
image_1503,0.000108915708551649
image_15030,0.7327620983123779
image_15031,0.0001549022999824956
image_15032,0.00537682231515646
image_15033,0.0009423578740097582
image_15034,0.026632511988282204
image_15035,0.005143254529684782
image_15036,0.024288835003972054
image_15037,0.00017244293121621013
image_15038,0.05380655825138092
image_15039,0.30425989627838135
image_1504,0.0005218100850470364
image_15040,0.004543876741081476
image_15041,0.9942751526832581
image_15042,0.009087849408388138
image_15043,0.008968350477516651
image_15044,0.004021332133561373
image_15045,0.000532961857970804
image_15046,0.9964156150817871
image_15047,0.0007316145347431302
image_15048,0.019120225682854652
image_15049,0.0008136727847158909
image_1505,0.027710573747754097
image_15050,0.0006271686870604753
image_15051,0.00020547027816064656
image_15052,0.0025141933001577854
image_15053,0.0046030133962631226
image_15054,0.0010256110690534115
image_15055,0.00016303367738146335
image_15056,0.0022715360391885042
image_15057,0.8729271292686462
image_15058,0.027372732758522034
image_15059,0.0029385036323219538
image_1506,0.0004606842703651637
image_15060,0.00011308525427011773
image_15061,0.7135927081108093
image_15062,0.024161966517567635
image_15063,0.005401924718171358
image_15064,0.0008256571600213647
image_15065,0.00028457597363740206
image_15066,0.8642345666885376
image_15067,0.00022540213831234723
image_15068,0.9834519624710083
image_15069,0.0011502885026857257
image_1507,0.0010360245360061526
image_15070,0.002985894912853837
image_15071,0.003235022071748972
image_15072,0.007482768967747688
image_15073,0.000613392039667815
image_15074,0.00029255557456053793
image_15075,0.007135400548577309
image_15076,0.0008484210702590644
image_15077,0.0015936580020934343
image_15078,0.020266521722078323
image_15079,0.9077884554862976
image_1508,0.00938083603978157
image_15080,0.01459342148154974
image_15081,0.0019244299037382007
image_15082,0.0029977757949382067
image_15083,0.005152921192348003
image_15084,0.0005366755067370832
image_15085,0.9454314112663269
image_15086,0.01296130008995533
image_15087,0.8820621967315674
image_15088,0.04707357659935951
image_15089,0.002167942700907588
image_1509,0.5279017686843872
image_15090,0.0031970066484063864
image_15091,0.007373294327408075
image_15092,0.9481001496315002
image_15093,0.0018490911461412907
image_15094,0.000711156812030822
image_15095,0.9958388805389404
image_15096,0.014299956150352955
image_15097,4.84261145174969e-05
image_15098,0.006900399457663298
image_15099,0.0007738907006569207
image_151,0.042174410074949265
image_1510,0.0009837946854531765
image_15100,0.0003796486707869917
image_15101,0.001468666479922831
image_15102,0.0002197207068093121
image_15103,0.9966570138931274
image_15104,0.010721766389906406
image_15105,0.0025530571583658457
image_15106,0.002373163588345051
image_15107,0.001214079326018691
image_15108,0.9313346147537231
image_15109,0.08687186241149902
image_1511,0.009886135347187519
image_15110,0.0003607770777307451
image_15111,0.0006090735550969839
image_15112,0.002569486852735281
image_15113,0.02326478809118271
image_15114,0.014751410111784935
image_15115,0.002026280853897333
image_15116,0.009612470865249634
image_15117,0.009342676028609276
image_15118,0.02386089228093624
image_15119,0.017558958381414413
image_1512,0.02784471958875656
image_15120,0.0009100886527448893
image_15121,0.01642690598964691
image_15122,0.0022539617493748665
image_15123,0.06378432363271713
image_15124,0.0001266110484721139
image_15125,0.04134597256779671
image_15126,0.0025475695729255676
image_15127,0.03020554967224598
image_15128,0.014842228032648563
image_15129,0.014410557225346565
image_1513,0.004815137945115566
image_15130,0.001025235396809876
image_15131,0.00038327829679474235
image_15132,0.00034523673821240664
image_15133,0.00018564212950877845
image_15134,0.0021047175396233797
image_15135,0.0012316667707636952
image_15136,0.0016403149347752333
image_15137,0.5205353498458862
image_15138,0.0003086171636823565
image_15139,0.9820542335510254
image_1514,0.003835381008684635
image_15140,0.0003937662404496223
image_15141,0.0003164151858072728
image_15142,0.029430797323584557
image_15143,0.009634356945753098
image_15144,0.0034541867207735777
image_15145,0.763189971446991
image_15146,0.006289449520409107
image_15147,0.010134189389646053
image_15148,0.0038330606184899807
image_15149,0.005204104818403721
image_1515,0.013836059719324112
image_15150,0.009511329233646393
image_15151,0.9856265187263489
image_15152,0.012787774205207825
image_15153,0.14181475341320038
image_15154,0.0003207254339940846
image_15155,0.006857020314782858
image_15156,0.046191953122615814
image_15157,0.0028103452641516924
image_15158,0.007205945439636707
image_15159,0.01780024543404579
image_1516,0.0003883266472257674
image_15160,0.0029621655121445656
image_15161,0.001616771682165563
image_15162,0.988983690738678
image_15163,0.0002233217965112999
image_15164,0.0017810972640290856
image_15165,0.00025115013704635203
image_15166,0.0056157237850129604
image_15167,2.2389889636542648e-05
image_15168,0.0011722244089469314
image_15169,0.004415157251060009
image_1517,0.0003498814767226577
image_15170,0.004709445405751467
image_15171,0.00045547590707428753
image_15172,0.0006655082106590271
image_15173,0.002635853597894311
image_15174,0.0024876417592167854
image_15175,0.008897088468074799
image_15176,0.0018626420060172677
image_15177,0.007159011904150248
image_15178,0.0029889740981161594
image_15179,0.010237493552267551
image_1518,0.001985811395570636
image_15180,0.0010975102195516229
image_15181,0.00590028241276741
image_15182,0.002085442189127207
image_15183,0.2526240646839142
image_15184,0.002273489721119404
image_15185,0.0024874641094356775
image_15186,0.010286393575370312
image_15187,0.008994401432573795
image_15188,0.9846129417419434
image_15189,0.008143906481564045
image_1519,0.018920643255114555
image_15190,2.0829063942073844e-05
image_15191,0.0072299703024327755
image_15192,0.8016965389251709
image_15193,0.00818346906453371
image_15194,0.0013979538343846798
image_15195,0.9638761281967163
image_15196,0.01131269708275795
image_15197,0.0007832820410840213
image_15198,0.0058840299025177956
image_15199,0.0005632209940813482
image_152,0.00031452460098080337
image_1520,0.0001633752544876188
image_15200,0.019991783425211906
image_15201,0.0005325507954694331
image_15202,8.918708772398531e-05
image_15203,0.015476043336093426
image_15204,0.002329984912648797
image_15205,0.0005000095115974545
image_15206,0.004467296414077282
image_15207,0.030068906024098396
image_15208,0.0004811509570572525
image_15209,0.004031882155686617
image_1521,0.011507997289299965
image_15210,0.00042251250124536455
image_15211,0.003383263945579529
image_15212,0.002312786877155304
image_15213,0.005245716776698828
image_15214,0.0011859546648338437
image_15215,0.0005017168004997075
image_15216,0.0005946485907770693
image_15217,0.0035719156730920076
image_15218,0.02258915826678276
image_15219,0.9924464821815491
image_1522,0.002986663021147251
image_15220,0.0037290637847036123
image_15221,0.8150423169136047
image_15222,0.11517922580242157
image_15223,0.014828869141638279
image_15224,0.0008696042350493371
image_15225,5.822326784254983e-05
image_15226,0.01619684509932995
image_15227,0.029335737228393555
image_15228,0.026636984199285507
image_15229,0.004275670275092125
image_1523,0.00010491949797142297
image_15230,0.0064649321138858795
image_15231,0.00414203992113471
image_15232,0.9884945750236511
image_15233,0.014513451606035233
image_15234,0.0002174695546273142
image_15235,0.0018824064172804356
image_15236,0.00047360232565551996
image_15237,0.0003825399908237159
image_15238,0.8800357580184937
image_15239,0.00413562310859561
image_1524,0.6566362380981445
image_15240,0.0008501584525220096
image_15241,0.0011141356080770493
image_15242,0.00043752623605541885
image_15243,0.0012370392214506865
image_15244,0.02203233726322651
image_15245,0.01763128489255905
image_15246,0.0006649433053098619
image_15247,0.001802886719815433
image_15248,0.0029969136230647564
image_15249,0.007591655477881432
image_1525,0.009122166782617569
image_15250,0.9984782338142395
image_15251,0.00024957064306363463
image_15252,0.9913105964660645
image_15253,0.9650589823722839
image_15254,0.9623588919639587
image_15255,0.003447297727689147
image_15256,0.023528940975666046
image_15257,0.012319240719079971
image_15258,0.0016677981475368142
image_15259,0.0232472475618124
image_1526,0.0010135617339983582
image_15260,0.028624221682548523
image_15261,0.005470029544085264
image_15262,0.0003064151096623391
image_15263,0.8632498383522034
image_15264,0.0015568571398034692
image_15265,0.007446046452969313
image_15266,0.6566019058227539
image_15267,0.0002629606460686773
image_15268,0.0009917926508933306
image_15269,0.12056845426559448
image_1527,0.006597091909497976
image_15270,0.0007087714620865881
image_15271,0.020459139719605446
image_15272,0.00036791368620470166
image_15273,9.885572217172012e-05
image_15274,0.004006396513432264
image_15275,0.0031366124749183655
image_15276,0.863866925239563
image_15277,0.010163204744458199
image_15278,0.03360718861222267
image_15279,0.00022945550153963268
image_1528,0.005483709275722504
image_15280,0.0034030377864837646
image_15281,0.03938578814268112
image_15282,0.002913097618147731
image_15283,0.013034837320446968
image_15284,2.5127748813247308e-05
image_15285,0.0015162179479375482
image_15286,0.0001719513238640502
image_15287,0.23997944593429565
image_15288,0.07839050889015198
image_15289,0.004652446135878563
image_1529,0.002230857964605093
image_15290,0.056115761399269104
image_15291,0.00555210979655385
image_15292,0.003578547388315201
image_15293,0.002950036432594061
image_15294,0.9606386423110962
image_15295,0.002421705052256584
image_15296,0.016016578301787376
image_15297,0.020396512001752853
image_15298,0.0025935573503375053
image_15299,0.021365268155932426
image_153,0.002546154661104083
image_1530,0.9810819625854492
image_15300,0.005355217959731817
image_15301,0.9360080361366272
image_15302,0.007007620297372341
image_15303,0.010705518536269665
image_15304,3.47223540302366e-05
image_15305,0.0011372382286936045
image_15306,0.0023758679162710905
image_15307,0.0005217081634327769
image_15308,0.016324684023857117
image_15309,0.12155057489871979
image_1531,0.004238305613398552
image_15310,0.9837011694908142
image_15311,0.0012429672060534358
image_15312,0.0012904303148388863
image_15313,0.7495775818824768
image_15314,0.0017790840938687325
image_15315,0.0004421150078997016
image_15316,0.0013423963682726026
image_15317,0.0019281802233308554
image_15318,0.025616373866796494
image_15319,0.03506963327527046
image_1532,0.005917536560446024
image_15320,0.009876245632767677
image_15321,0.0008200503652915359
image_15322,6.456603296101093e-05
image_15323,0.003121894085779786
image_15324,0.00026589949266053736
image_15325,0.9525339007377625
image_15326,0.8753144145011902
image_15327,0.9906156659126282
image_15328,0.027644803747534752
image_15329,0.014347430318593979
image_1533,0.0056317951530218124
image_15330,0.3051731586456299
image_15331,0.0017243827460333705
image_15332,0.05716530606150627
image_15333,0.8629422187805176
image_15334,0.0010140714002773166
image_15335,0.898114025592804
image_15336,0.0018719789804890752
image_15337,0.004039564169943333
image_15338,0.003419163404032588
image_15339,0.015871012583374977
image_1534,0.0006235105101950467
image_15340,0.006216064561158419
image_15341,0.0001550920569570735
image_15342,0.00046310454490594566
image_15343,0.0010797076392918825
image_15344,0.0011262454790994525
image_15345,0.980381429195404
image_15346,0.0003571186971385032
image_15347,0.0025268075987696648
image_15348,0.06233815476298332
image_15349,0.01996925286948681
image_1535,0.006774125620722771
image_15350,0.00738665834069252
image_15351,0.001752446056343615
image_15352,0.0011130478233098984
image_15353,0.9896378517150879
image_15354,0.0032250480726361275
image_15355,0.004386195447295904
image_15356,0.0002652727998793125
image_15357,0.02027793414890766
image_15358,0.004642445128411055
image_15359,0.00844415370374918
image_1536,0.007151390425860882
image_15360,0.2314944714307785
image_15361,0.5312845706939697
image_15362,0.0006236090557649732
image_15363,0.03401068598031998
image_15364,0.002916178200393915
image_15365,0.0030259257182478905
image_15366,0.0008510200423188508
image_15367,0.07735449820756912
image_15368,0.0012214093003422022
image_15369,0.0041472697630524635
image_1537,0.0002365161490160972
image_15370,0.047954216599464417
image_15371,0.0018479053396731615
image_15372,0.04336121305823326
image_15373,0.00026461019297130406
image_15374,5.710148980142549e-05
image_15375,0.00016181466344278306
image_15376,0.0018714722245931625
image_15377,0.001018740120343864
image_15378,0.9955995082855225
image_15379,0.39399799704551697
image_1538,0.001729982323013246
image_15380,0.0027522225864231586
image_15381,0.008120613172650337
image_15382,0.016785183921456337
image_15383,0.9957520961761475
image_15384,0.0006472878158092499
image_15385,0.005771237891167402
image_15386,0.0007446932722814381
image_15387,0.9295244812965393
image_15388,0.0006317270454019308
image_15389,0.1409316509962082
image_1539,0.01627483405172825
image_15390,0.006662231869995594
image_15391,0.00012049373617628589
image_15392,0.00918276235461235
image_15393,0.6011497974395752
image_15394,0.05188460275530815
image_15395,0.005940748378634453
image_15396,0.008005106821656227
image_15397,0.005020299460738897
image_15398,0.02591981180012226
image_15399,0.0008267186931334436
image_154,0.014252460561692715
image_1540,0.012903820723295212
image_15400,0.00013654316717293113
image_15401,0.0027644073124974966
image_15402,0.0012063507456332445
image_15403,0.005952748004347086
image_15404,2.5206494683516212e-05
image_15405,0.1758396178483963
image_15406,0.0006904111942276359
image_15407,0.24229192733764648
image_15408,0.0037662687245756388
image_15409,0.0002944951702374965
image_1541,0.0029353525023907423
image_15410,0.9129188656806946
image_15411,0.032174184918403625
image_15412,0.002327436814084649
image_15413,0.0011277705198153853
image_15414,0.010807431302964687
image_15415,0.000474874657811597
image_15416,0.003743458306416869
image_15417,0.0010041269706562161
image_15418,0.0028366486076265574
image_15419,0.0002366835396969691
image_1542,0.02854730188846588
image_15420,0.0004460544150788337
image_15421,0.9626621603965759
image_15422,0.9610313177108765
image_15423,0.017468392848968506
image_15424,0.001537565840408206
image_15425,0.005000060889869928
image_15426,0.0005396810011006892
image_15427,0.4015749394893646
image_15428,0.002435908652842045
image_15429,0.0016660636756569147
image_1543,0.008732347749173641
image_15430,0.0023230519145727158
image_15431,0.004246147349476814
image_15432,0.0008883486152626574
image_15433,0.001085327472537756
image_15434,0.01305012684315443
image_15435,0.0005487660528160632
image_15436,0.00043146510142832994
image_15437,0.3435353636741638
image_15438,0.00022208534937817603
image_15439,0.0007338676368817687
image_1544,0.014316708780825138
image_15440,0.0004814723215531558
image_15441,0.029438726603984833
image_15442,0.007060805801302195
image_15443,0.001025583129376173
image_15444,0.008521747775375843
image_15445,0.0011663734912872314
image_15446,0.0009074294357560575
image_15447,0.02211349457502365
image_15448,0.0005433422629721463
image_15449,0.005427619908004999
image_1545,0.0012389878975227475
image_15450,0.00024421719717793167
image_15451,0.0025813300162553787
image_15452,0.0015719487564638257
image_15453,0.002655050018802285
image_15454,0.0003539941390044987
image_15455,0.001956033520400524
image_15456,0.00136454903986305
image_15457,0.9937618374824524
image_15458,0.03101029433310032
image_15459,0.0015680553624406457
image_1546,0.007858951576054096
image_15460,0.007363117299973965
image_15461,0.9670791625976562
image_15462,0.009276616387069225
image_15463,0.006073289550840855
image_15464,0.00034184992546215653
image_15465,0.000319758546538651
image_15466,0.5236787796020508
image_15467,0.00029628121410496533
image_15468,0.0009136376902461052
image_15469,0.0013001776533201337
image_1547,0.019789546728134155
image_15470,0.004975142888724804
image_15471,0.00028400085284374654
image_15472,0.015805983915925026
image_15473,0.009729845449328423
image_15474,0.0002337107143830508
image_15475,0.0011468945303931832
image_15476,0.00040631022420711815
image_15477,8.331819117302075e-05
image_15478,0.00401341775432229
image_15479,0.0002170987136196345
image_1548,0.004766777157783508
image_15480,0.00163234060164541
image_15481,0.00025740073760971427
image_15482,0.042619943618774414
image_15483,0.014895368367433548
image_15484,0.005381876602768898
image_15485,0.05407577008008957
image_15486,9.24433334148489e-05
image_15487,0.036150988191366196
image_15488,0.9985536932945251
image_15489,0.013883043080568314
image_1549,0.0008851779857650399
image_15490,0.013930863700807095
image_15491,0.6614240407943726
image_15492,0.0010697019752115011
image_15493,0.03548530861735344
image_15494,0.0015960376476868987
image_15495,0.0019757403060793877
image_15496,0.001602587173692882
image_15497,0.0003738296509254724
image_15498,0.06992966681718826
image_15499,0.00019463099306449294
image_155,0.002148420549929142
image_1550,0.00046814707457087934
image_15500,0.5905686020851135
image_15501,0.002728781895712018
image_15502,0.000881386105902493
image_15503,0.004309447016566992
image_15504,0.004571862984448671
image_15505,0.017288222908973694
image_15506,0.001707385410554707
image_15507,0.0005158745916560292
image_15508,0.026277994737029076
image_15509,0.0011678282171487808
image_1551,0.028185080736875534
image_15510,0.00011511929187690839
image_15511,0.04294046014547348
image_15512,0.004355724435299635
image_15513,0.0005486386944539845
image_15514,0.005019099451601505
image_15515,0.9674527645111084
image_15516,0.0047673992812633514
image_15517,0.0164621751755476
image_15518,0.706622838973999
image_15519,0.006962486542761326
image_1552,0.0025852543767541647
image_15520,0.9471024870872498
image_15521,0.003236070740967989
image_15522,0.0055223205126821995
image_15523,0.006190939340740442
image_15524,0.9837872385978699
image_15525,0.004961946047842503
image_15526,0.0008577588596381247
image_15527,0.031360216438770294
image_15528,0.0012592923594638705
image_15529,0.0028075019363313913
image_1553,0.00013981567462906241
image_15530,0.001715340418741107
image_15531,0.002353681717067957
image_15532,0.0033969299402087927
image_15533,0.00044629129115492105
image_15534,0.4111524224281311
image_15535,0.97409588098526
image_15536,0.057195764034986496
image_15537,0.030358007177710533
image_15538,0.010355145670473576
image_15539,0.0016494712326675653
image_1554,0.018662935122847557
image_15540,0.035370856523513794
image_15541,0.026904450729489326
image_15542,0.0009504030458629131
image_15543,0.0001734466786729172
image_15544,0.004828383214771748
image_15545,0.0011745385127142072
image_15546,0.0017277892911806703
image_15547,0.001080759335309267
image_15548,0.9960047602653503
image_15549,8.734085713513196e-05
image_1555,0.8875391483306885
image_15550,0.00010746110638137907
image_15551,0.928374171257019
image_15552,0.0026539983227849007
image_15553,0.00017078383825719357
image_15554,0.0004871322016697377
image_15555,0.003780659520998597
image_15556,0.0019440831383690238
image_15557,0.0004298293497413397
image_15558,0.00012404909648466855
image_15559,0.0024700933136045933
image_1556,0.0004082289233338088
image_15560,0.0008341414504684508
image_15561,0.0020250962115824223
image_15562,0.005480844061821699
image_15563,0.011121011339128017
image_15564,0.02998995967209339
image_15565,0.0013107942650094628
image_15566,0.019154202193021774
image_15567,0.9430936574935913
image_15568,0.0030922559089958668
image_15569,0.07425056397914886
image_1557,0.00851358100771904
image_15570,0.0009936927817761898
image_15571,0.9941404461860657
image_15572,0.0032382281497120857
image_15573,0.007768426556140184
image_15574,0.007984201423823833
image_15575,0.0018940567970275879
image_15576,0.012359431013464928
image_15577,0.006469714920967817
image_15578,0.04844203591346741
image_15579,0.001478589721955359
image_1558,0.9940518736839294
image_15580,0.008120589889585972
image_15581,0.0005043196142651141
image_15582,0.0006379048572853208
image_15583,0.00432371674105525
image_15584,0.0023994059301912785
image_15585,0.9570174217224121
image_15586,0.0003551593399606645
image_15587,0.9776812791824341
image_15588,0.9819214344024658
image_15589,0.008722327649593353
image_1559,0.9389391541481018
image_15590,0.0011021516984328628
image_15591,0.0033652062993496656
image_15592,0.0009377442765980959
image_15593,0.49251702427864075
image_15594,0.014590349979698658
image_15595,0.0004026663664262742
image_15596,0.00020290046813897789
image_15597,0.010423683561384678
image_15598,0.000321323168464005
image_15599,0.05218925699591637
image_156,0.0004946256522089243
image_1560,0.021003374829888344
image_15600,0.00964525155723095
image_15601,0.0029458501376211643
image_15602,1.9857194274663925e-05
image_15603,0.01309368759393692
image_15604,0.0006927436334080994
image_15605,0.0019175722263753414
image_15606,0.003552993293851614
image_15607,0.0005494356737472117
image_15608,0.010947183705866337
image_15609,0.0014958702959120274
image_1561,0.0001680536661297083
image_15610,0.001050030579790473
image_15611,0.007945921272039413
image_15612,0.06592963635921478
image_15613,0.00022164639085531235
image_15614,0.0067383479326963425
image_15615,0.00549945468083024
image_15616,0.0008952500647865236
image_15617,0.0029131572227925062
image_15618,0.17899268865585327
image_15619,0.0034011269453912973
image_1562,0.006661486811935902
image_15620,0.04437476024031639
image_15621,0.6766008138656616
image_15622,0.006042047403752804
image_15623,0.8274162411689758
image_15624,0.019289249554276466
image_15625,0.7566294074058533
image_15626,0.016656454652547836
image_15627,0.0004257323162164539
image_15628,0.030599426478147507
image_15629,0.006019877269864082
image_1563,0.0007910177228040993
image_15630,0.9703495502471924
image_15631,0.02745797485113144
image_15632,0.006982659455388784
image_15633,0.00047763637849129736
image_15634,0.0015773163177073002
image_15635,0.010380200110375881
image_15636,0.9482399821281433
image_15637,0.010597992688417435
image_15638,0.9003702998161316
image_15639,0.002881770022213459
image_1564,0.9269483089447021
image_15640,0.07554994523525238
image_15641,0.14518742263317108
image_15642,0.4094334542751312
image_15643,0.004919526167213917
image_15644,0.008379560895264149
image_15645,0.008655781857669353
image_15646,0.00028279577963985503
image_15647,0.02046649344265461
image_15648,0.0057015130296349525
image_15649,0.9480665922164917
image_1565,0.000977971707470715
image_15650,0.9810091257095337
image_15651,0.020909875631332397
image_15652,0.009096527472138405
image_15653,0.0003653557214420289
image_15654,0.017030207440257072
image_15655,0.001885144505649805
image_15656,0.0005833618924953043
image_15657,0.0006251095910556614
image_15658,0.989349365234375
image_15659,0.0006902512977831066
image_1566,0.0018339072121307254
image_15660,0.000740928400773555
image_15661,0.07149304449558258
image_15662,0.0010718666017055511
image_15663,0.0012717618374153972
image_15664,0.0003944562340620905
image_15665,0.7091954350471497
image_15666,0.011722062714397907
image_15667,0.0056582181714475155
image_15668,0.012647169642150402
image_15669,0.007883170619606972
image_1567,0.6513165235519409
image_15670,0.9925722479820251
image_15671,0.9960103034973145
image_15672,0.00042722784564830363
image_15673,0.6260471343994141
image_15674,0.0021449439227581024
image_15675,0.0003997725434601307
image_15676,0.05590439960360527
image_15677,0.004297653213143349
image_15678,0.0004065901739522815
image_15679,0.002461432944983244
image_1568,0.9658145308494568
image_15680,0.0005300503689795732
image_15681,0.000839035667013377
image_15682,0.0005572099471464753
image_15683,0.003382439026609063
image_15684,0.0011262487387284636
image_15685,0.002520801965147257
image_15686,0.008141241036355495
image_15687,0.003916378598660231
image_15688,0.018178144469857216
image_15689,0.005387941841036081
image_1569,0.00025086128152906895
image_15690,0.0028608236461877823
image_15691,0.000788969686254859
image_15692,0.006510340142995119
image_15693,0.08055546134710312
image_15694,0.006819932721555233
image_15695,0.001486870925873518
image_15696,0.0017114417860284448
image_15697,0.026303047314286232
image_15698,0.00673774816095829
image_15699,0.0037948128301650286
image_157,0.002006187802180648
image_1570,0.00016993607277981937
image_15700,0.00043028342770412564
image_15701,0.0007766226190142334
image_15702,0.000192119216080755
image_15703,0.010342399589717388
image_15704,0.996057391166687
image_15705,0.0009681188385002315
image_15706,0.9802395701408386
image_15707,0.0005593083333224058
image_15708,0.06507120281457901
image_15709,0.0005181668675504625
image_1571,7.091044972185045e-05
image_15710,0.8176955580711365
image_15711,0.003077269531786442
image_15712,0.0010811630636453629
image_15713,0.06674373894929886
image_15714,0.0003881475131493062
image_15715,0.7621462345123291
image_15716,0.0012244964018464088
image_15717,0.00056146748829633
image_15718,0.0005384727264754474
image_15719,0.0009546716464683414
image_1572,0.9358181357383728
image_15720,0.002546100178733468
image_15721,0.004161787685006857
image_15722,0.0008393519092351198
image_15723,0.5746426582336426
image_15724,0.004319959785789251
image_15725,0.013603766448795795
image_15726,0.9040456414222717
image_15727,0.005259038880467415
image_15728,0.0021877309773117304
image_15729,0.015666678547859192
image_1573,0.003877248615026474
image_15730,0.005430503748357296
image_15731,0.002120196120813489
image_15732,0.006406701169908047
image_15733,0.004770372994244099
image_15734,0.015594586730003357
image_15735,0.0006436574039980769
image_15736,0.0032420565839856863
image_15737,0.0015333812916651368
image_15738,0.004525880794972181
image_15739,0.00035606828168965876
image_1574,0.0004315311089158058
image_15740,0.008485984988510609
image_15741,0.9860347509384155
image_15742,0.02529904991388321
image_15743,0.0007079573115333915
image_15744,0.5487666130065918
image_15745,0.0022097595501691103
image_15746,0.002339061815291643
image_15747,0.9082968235015869
image_15748,0.027275077998638153
image_15749,0.009330371394753456
image_1575,0.0076385801658034325
image_15750,0.9975335597991943
image_15751,0.0027924294117838144
image_15752,0.0009369480540044606
image_15753,0.0013628561282530427
image_15754,0.00041834061266854405
image_15755,0.0036129376385360956
image_15756,0.00022291527420748025
image_15757,0.0008518873364664614
image_15758,0.05206623673439026
image_15759,0.0017209297511726618
image_1576,0.009261850267648697
image_15760,0.0008520510164089501
image_15761,0.004866463132202625
image_15762,0.0005509019247256219
image_15763,0.019282521679997444
image_15764,0.027344204485416412
image_15765,0.0005390018923208117
image_15766,0.05233171954751015
image_15767,0.006770468782633543
image_15768,0.004866308532655239
image_15769,0.0009252499439753592
image_1577,0.0009294398478232324
image_15770,0.00010183035192312673
image_15771,0.008802858181297779
image_15772,1.7789541743695736e-05
image_15773,0.037210531532764435
image_15774,0.05743369832634926
image_15775,0.38612231612205505
image_15776,0.8506491780281067
image_15777,0.0019334567477926612
image_15778,0.008261964656412601
image_15779,0.5458059906959534
image_1578,0.00019927012908738106
image_15780,0.001447521848604083
image_15781,0.0040998030453920364
image_15782,1.5230554708978161e-05
image_15783,0.0010563808027654886
image_15784,0.0009348058374598622
image_15785,0.001340250251814723
image_15786,0.0014650701778009534
image_15787,0.0002863775007426739
image_15788,0.04581413418054581
image_15789,0.004531779792159796
image_1579,0.0014749019173905253
image_15790,0.0007928023696877062
image_15791,0.011337032541632652
image_15792,0.0013309713685885072
image_15793,0.0015371909830719233
image_15794,0.0019356902921572328
image_15795,0.009438678622245789
image_15796,0.14293131232261658
image_15797,0.0006742011173628271
image_15798,0.001685946248471737
image_15799,0.007968309335410595
image_158,0.014410191215574741
image_1580,0.0026848732959479094
image_15800,0.018086154013872147
image_15801,0.04825485497713089
image_15802,0.0011887929867953062
image_15803,0.004801866132766008
image_15804,0.003479420905932784
image_15805,0.004263579845428467
image_15806,0.9945905208587646
image_15807,0.9463551044464111
image_15808,0.005071721505373716
image_15809,0.0005362234660424292
image_1581,0.004986001178622246
image_15810,0.001283881370909512
image_15811,0.0005309268599376082
image_15812,0.7691961526870728
image_15813,0.0010702579747885466
image_15814,0.012136795558035374
image_15815,0.05884659290313721
image_15816,0.007988954894244671
image_15817,0.002848699688911438
image_15818,0.0008354209712706506
image_15819,0.0012679047649726272
image_1582,9.252456948161125e-05
image_15820,0.004274135455489159
image_15821,0.9975754618644714
image_15822,0.018507447093725204
image_15823,0.00043778694816865027
image_15824,0.004498302936553955
image_15825,0.010482876561582088
image_15826,2.8348387786536478e-05
image_15827,0.0014130298513919115
image_15828,0.0001343499170616269
image_15829,0.04215254262089729
image_1583,0.011825060471892357
image_15830,0.006879462860524654
image_15831,0.0001868370600277558
image_15832,0.0018208225956186652
image_15833,0.9830991625785828
image_15834,0.014919357374310493
image_15835,0.00030068313935771585
image_15836,0.9035034775733948
image_15837,0.05209476873278618
image_15838,0.004882100969552994
image_15839,0.0005489052273333073
image_1584,0.005560720339417458
image_15840,0.8396722674369812
image_15841,0.5566594004631042
image_15842,0.010637424886226654
image_15843,0.43109700083732605
image_15844,0.00029374309815466404
image_15845,0.0059430720284581184
image_15846,2.2381991584552452e-05
image_15847,0.007282641250640154
image_15848,0.0002449120511300862
image_15849,0.00039559821016155183
image_1585,0.004988658707588911
image_15850,0.0010603469563648105
image_15851,4.322989843785763e-05
image_15852,0.07494516670703888
image_15853,0.002490744926035404
image_15854,0.00430470472201705
image_15855,0.9138100147247314
image_15856,0.005064261145889759
image_15857,7.801120955264196e-05
image_15858,0.000744913297239691
image_15859,0.00014593185915146023
image_1586,0.05379880964756012
image_15860,0.0008416628697887063
image_15861,0.008847944438457489
image_15862,0.0009392890497110784
image_15863,0.000904724292922765
image_15864,0.009009850211441517
image_15865,0.005958800204098225
image_15866,0.0004635621444322169
image_15867,0.0030058000702410936
image_15868,0.000850873242598027
image_15869,0.00040399632416665554
image_1587,0.0017518970416858792
image_15870,0.0022803207393735647
image_15871,0.003671844257041812
image_15872,0.0006926037021912634
image_15873,0.002554856240749359
image_15874,0.0012730051530525088
image_15875,0.0004955654731020331
image_15876,0.004757380578666925
image_15877,0.006401509512215853
image_15878,0.5021291375160217
image_15879,0.0010863861534744501
image_1588,0.0021101797465234995
image_15880,0.003662362927570939
image_15881,0.0025300232227891684
image_15882,0.014040142297744751
image_15883,0.00038887711707502604
image_15884,0.012997468933463097
image_15885,0.0023360103368759155
image_15886,0.0016442373162135482
image_15887,0.9488420486450195
image_15888,0.0027633639983832836
image_15889,0.015639133751392365
image_1589,0.0006613148143514991
image_15890,0.06206091493368149
image_15891,0.005029332358390093
image_15892,0.0007614524220116436
image_15893,0.003056552493944764
image_15894,0.0029791228007525206
image_15895,0.02227398194372654
image_15896,0.0006440476281568408
image_15897,0.9748805165290833
image_15898,0.47671109437942505
image_15899,0.47738492488861084
image_159,0.8366740942001343
image_1590,0.9382850527763367
image_15900,0.0005827950080856681
image_15901,0.002293490571901202
image_15902,0.01036086492240429
image_15903,0.0025554040912538767
image_15904,0.0008065407746471465
image_15905,0.0007920397911220789
image_15906,0.0011739435140043497
image_15907,0.00440182164311409
image_15908,0.35636356472969055
image_15909,0.006475602742284536
image_1591,0.007536608260124922
image_15910,0.0013955023605376482
image_15911,0.0034069048706442118
image_15912,0.003671015612781048
image_15913,0.001398770255036652
image_15914,0.039348430931568146
image_15915,0.0020057219080626965
image_15916,0.0007763118483126163
image_15917,0.018217194825410843
image_15918,0.0036726207472383976
image_15919,0.00036484788870438933
image_1592,0.007141507230699062
image_15920,0.0017285519279539585
image_15921,0.03205525502562523
image_15922,0.869222104549408
image_15923,0.0005011573084630072
image_15924,0.0004980219528079033
image_15925,0.00042566232150420547
image_15926,0.004883708897978067
image_15927,0.8215238451957703
image_15928,0.9622736573219299
image_15929,0.0009624051162973046
image_1593,0.0006042004097253084
image_15930,0.001388204749673605
image_15931,0.8258898854255676
image_15932,0.11352355778217316
image_15933,0.006138612981885672
image_15934,0.989867091178894
image_15935,0.0037691739853471518
image_15936,0.7600396275520325
image_15937,0.010153901763260365
image_15938,0.014071312732994556
image_15939,0.011513633653521538
image_1594,0.04607934132218361
image_15940,0.014159400947391987
image_15941,0.006994943134486675
image_15942,0.008551320992410183
image_15943,2.3450196749763563e-05
image_15944,0.02258285880088806
image_15945,0.00010704576561693102
image_15946,0.9156940579414368
image_15947,0.00023484477424062788
image_15948,0.1269177794456482
image_15949,0.0010809102095663548
image_1595,4.226051169098355e-05
image_15950,0.002680100966244936
image_15951,0.0239629615098238
image_15952,0.2648257613182068
image_15953,0.0004550789890345186
image_15954,0.01204101461917162
image_15955,0.0027178956661373377
image_15956,0.0014758979668840766
image_15957,0.005921271163970232
image_15958,0.4862751364707947
image_15959,0.009188679046928883
image_1596,0.001380878733471036
image_15960,0.0003125508374068886
image_15961,0.00204999721609056
image_15962,0.006368599366396666
image_15963,0.0007327728671953082
image_15964,2.465356737957336e-05
image_15965,0.0019696042872965336
image_15966,0.0010167896980419755
image_15967,0.02447652816772461
image_15968,0.0037566465325653553
image_15969,0.002168037695810199
image_1597,0.002268227282911539
image_15970,0.8091930150985718
image_15971,0.0005394181935116649
image_15972,0.5788479447364807
image_15973,0.001330204657278955
image_15974,0.0006949310190975666
image_15975,0.953029990196228
image_15976,0.0030453060753643513
image_15977,0.0028096227906644344
image_15978,0.004287813324481249
image_15979,0.0003012578818015754
image_1598,0.0017101721605286002
image_15980,0.044350963085889816
image_15981,0.06911397725343704
image_15982,0.009483084082603455
image_15983,0.009737658314406872
image_15984,0.0031658783555030823
image_15985,0.005067308433353901
image_15986,0.000505986565258354
image_15987,0.0050133755430579185
image_15988,0.012030900456011295
image_15989,6.021302397130057e-05
image_1599,0.001657342305406928
image_15990,0.019526930525898933
image_15991,0.001335618318989873
image_15992,0.000939989578910172
image_15993,0.9932581186294556
image_15994,0.984916090965271
image_15995,0.97551029920578
image_15996,0.004536661319434643
image_15997,0.46360117197036743
image_15998,0.0007797568687237799
image_15999,0.009918642230331898
image_16,0.03288591280579567
image_160,0.06237450987100601
image_1600,0.0022371781524270773
image_16000,0.001526660518720746
image_16001,0.878166139125824
image_16002,0.6638314127922058
image_16003,0.011161909438669682
image_16004,0.007801436819136143
image_16005,0.042474791407585144
image_16006,0.002005634130910039
image_16007,0.013150942511856556
image_16008,0.0003772022027987987
image_16009,7.461276982212439e-05
image_1601,9.561757906340063e-05
image_16010,0.008363320492208004
image_16011,0.0022898679599165916
image_16012,0.0012159639736637473
image_16013,0.001088979304768145
image_16014,0.009350010193884373
image_16015,0.0005302797653712332
image_16016,0.0008357769111171365
image_16017,0.00046832425869069993
image_16018,0.0038763592019677162
image_16019,0.01351958978921175
image_1602,0.9778853058815002
image_16020,0.012984330765902996
image_16021,0.0021257621701806784
image_16022,0.02726920321583748
image_16023,0.0023345572408288717
image_16024,0.013856537640094757
image_16025,0.9043437838554382
image_16026,0.010961148887872696
image_16027,0.008283321745693684
image_16028,0.000541497312951833
image_16029,0.0005191729869693518
image_1603,0.006916075479239225
image_16030,0.0049422793090343475
image_16031,0.03659609705209732
image_16032,0.04795905947685242
image_16033,0.002207199577242136
image_16034,0.00010827460937434807
image_16035,0.9873730540275574
image_16036,0.040301382541656494
image_16037,0.0024965889751911163
image_16038,0.0036491912323981524
image_16039,0.002073707990348339
image_1604,0.01007078681141138
image_16040,0.0016917434986680746
image_16041,0.9773336052894592
image_16042,0.025435054674744606
image_16043,0.0077861156314611435
image_16044,0.00566590391099453
image_16045,0.00046836244291625917
image_16046,0.9927343130111694
image_16047,0.0032702689059078693
image_16048,0.05416049063205719
image_16049,0.010272140614688396
image_1605,7.243661093525589e-05
image_16050,6.711029709549621e-05
image_16051,0.0033480392303317785
image_16052,0.0008800371433608234
image_16053,0.0013695836532860994
image_16054,0.9986659288406372
image_16055,0.019171038642525673
image_16056,0.005726116243749857
image_16057,0.08094567805528641
image_16058,0.0001682540896581486
image_16059,0.0005411907914094627
image_1606,0.9945623278617859
image_16060,0.08415492624044418
image_16061,0.21400345861911774
image_16062,0.003889427985996008
image_16063,0.020616499707102776
image_16064,0.006430789362639189
image_16065,0.0010555871995165944
image_16066,0.0004520249494817108
image_16067,0.9579468965530396
image_16068,0.018511634320020676
image_16069,0.0007018994656391442
image_1607,0.0390310101211071
image_16070,0.000592615979257971
image_16071,0.0011418331414461136
image_16072,0.0011333752190694213
image_16073,0.7553279399871826
image_16074,0.012762953527271748
image_16075,0.00021883091540075839
image_16076,0.0009711716556921601
image_16077,0.0021482990123331547
image_16078,0.0032851211726665497
image_16079,0.019276391714811325
image_1608,0.0668526217341423
image_16080,0.03295838087797165
image_16081,0.0009390331106260419
image_16082,0.005748450290411711
image_16083,0.01140755694359541
image_16084,0.6081196665763855
image_16085,0.0017764201620593667
image_16086,0.001924788928590715
image_16087,0.00026278020231984556
image_16088,0.024165833368897438
image_16089,0.000267999479547143
image_1609,0.5761446356773376
image_16090,0.02851710468530655
image_16091,0.08455193787813187
image_16092,0.9732992053031921
image_16093,0.006997338496148586
image_16094,0.8434995412826538
image_16095,0.0001855080045061186
image_16096,0.029495639726519585
image_16097,0.03417850658297539
image_16098,0.0010765186743810773
image_16099,0.004228940233588219
image_161,0.002889317227527499
image_1610,0.000659854500554502
image_16100,0.004287831485271454
image_16101,0.0008619750733487308
image_16102,0.005294024012982845
image_16103,0.0018731259042397141
image_16104,0.014439361169934273
image_16105,0.00031245610443875194
image_16106,0.9940584897994995
image_16107,0.0070485505275428295
image_16108,0.009233296848833561
image_16109,0.00016464338114019483
image_1611,0.0004546143754851073
image_16110,0.9427528977394104
image_16111,0.003545003943145275
image_16112,0.0007057703332975507
image_16113,0.005292538087815046
image_16114,0.0004283580638002604
image_16115,0.001036210567690432
image_16116,0.0007690594648011029
image_16117,6.858153938082978e-05
image_16118,0.0006194721790961921
image_16119,0.07909294962882996
image_1612,0.0250979196280241
image_16120,0.005113935098052025
image_16121,0.000286887981928885
image_16122,0.9879895448684692
image_16123,6.662694067927077e-05
image_16124,0.9914242625236511
image_16125,0.15539954602718353
image_16126,0.00026055084890685976
image_16127,0.005933689419180155
image_16128,0.0005169939831830561
image_16129,0.0016524610109627247
image_1613,0.029598576948046684
image_16130,0.002406642772257328
image_16131,0.0005652619292959571
image_16132,0.023540770635008812
image_16133,0.9525505900382996
image_16134,0.04009128361940384
image_16135,0.010280201211571693
image_16136,0.16377469897270203
image_16137,0.000817806925624609
image_16138,0.7866541743278503
image_16139,0.9104875922203064
image_1614,0.00854951050132513
image_16140,0.0013433644780889153
image_16141,0.01861763745546341
image_16142,0.029567502439022064
image_16143,0.008561410009860992
image_16144,0.0011300864862278104
image_16145,1.0682716492738109e-05
image_16146,0.004946114961057901
image_16147,0.9419494271278381
image_16148,0.12483107298612595
image_16149,0.007379578426480293
image_1615,0.0003033844113815576
image_16150,0.0049271653406322
image_16151,0.0024298308417201042
image_16152,0.0006547156372107565
image_16153,0.005325820297002792
image_16154,0.01322336308658123
image_16155,0.00018399200052954257
image_16156,0.0016659992979839444
image_16157,0.0026806057430803776
image_16158,0.005752891302108765
image_16159,0.003311673179268837
image_1616,0.00013661257980857044
image_16160,0.8914704918861389
image_16161,0.007891879417002201
image_16162,0.0017576421378180385
image_16163,0.000492021266836673
image_16164,0.00035320600727573037
image_16165,0.41585981845855713
image_16166,0.015401056036353111
image_16167,0.0037938286550343037
image_16168,0.001112711732275784
image_16169,0.0006020214641466737
image_1617,0.02342238463461399
image_16170,0.00865497998893261
image_16171,0.8155915141105652
image_16172,0.0004637420061044395
image_16173,0.0006690080044791102
image_16174,0.02014659345149994
image_16175,0.0011935255024582148
image_16176,0.0011168182827532291
image_16177,0.05304596200585365
image_16178,0.013318239711225033
image_16179,0.5173863172531128
image_1618,0.0015926863998174667
image_16180,0.0016794030088931322
image_16181,0.0511927455663681
image_16182,0.0029320744797587395
image_16183,0.7066948413848877
image_16184,0.0014174586394801736
image_16185,0.0016130489530041814
image_16186,0.02615363895893097
image_16187,0.10535918176174164
image_16188,0.04756497964262962
image_16189,0.0038367058150470257
image_1619,0.0011911813635379076
image_16190,0.014773464761674404
image_16191,0.0038877567276358604
image_16192,0.0417204387485981
image_16193,0.005919290240854025
image_16194,0.006239704322069883
image_16195,0.0005623817560262978
image_16196,0.009935058653354645
image_16197,0.0011054835049435496
image_16198,0.0004623004933819175
image_16199,0.0029260169249027967
image_162,0.016431590542197227
image_1620,0.00023301939654629678
image_16200,0.0002356491022510454
image_16201,0.0006165339727886021
image_16202,0.001276487484574318
image_16203,0.7020009756088257
image_16204,0.008512039668858051
image_16205,0.00025699788238853216
image_16206,0.005625251214951277
image_16207,0.0013576903147622943
image_16208,0.02296251803636551
image_16209,9.52136906562373e-05
image_1621,0.0002840384840965271
image_16210,0.9914023280143738
image_16211,0.0015981033211573958
image_16212,0.0007391793769784272
image_16213,0.08359506726264954
image_16214,0.016757844015955925
image_16215,0.008909105323255062
image_16216,0.0017323853680863976
image_16217,0.9784144163131714
image_16218,0.004123657010495663
image_16219,0.9864658713340759
image_1622,0.004992709495127201
image_16220,0.002389994217082858
image_16221,0.0011059638345614076
image_16222,0.0021355238277465105
image_16223,0.001260952209122479
image_16224,0.0014899017987772822
image_16225,0.0063911909237504005
image_16226,0.5553322434425354
image_16227,0.0006090221577323973
image_16228,0.2359732687473297
image_16229,0.06853415817022324
image_1623,0.0018013374647125602
image_16230,0.03709257021546364
image_16231,0.00083814503159374
image_16232,0.0010121212108060718
image_16233,0.003912994172424078
image_16234,0.9892436265945435
image_16235,0.0033556341659277678
image_16236,0.013803157955408096
image_16237,0.026105212047696114
image_16238,0.00487283430993557
image_16239,0.00036615299177356064
image_1624,0.01604304276406765
image_16240,0.004418227355927229
image_16241,0.00020565511658787727
image_16242,0.002324491273611784
image_16243,0.4881875216960907
image_16244,0.007186435163021088
image_16245,0.0006786278099752963
image_16246,0.0009246837580576539
image_16247,0.01677783578634262
image_16248,0.6957777142524719
image_16249,0.8134148120880127
image_1625,0.0002795110922306776
image_16250,0.004641735926270485
image_16251,0.012381126172840595
image_16252,0.002413442125543952
image_16253,0.416169673204422
image_16254,0.047613464295864105
image_16255,0.7938700318336487
image_16256,0.7202342748641968
image_16257,0.0028962434735149145
image_16258,0.0057553877122700214
image_16259,0.0027929090429097414
image_1626,0.9904273748397827
image_16260,0.0014211105881258845
image_16261,0.0002492037892807275
image_16262,0.001589470193721354
image_16263,0.001082140952348709
image_16264,0.0010202893754467368
image_16265,0.0005992302321828902
image_16266,7.227067544590682e-05
image_16267,0.8903328776359558
image_16268,0.20021095871925354
image_16269,0.00654088519513607
image_1627,4.362066101748496e-05
image_16270,0.0005180639564059675
image_16271,0.008399026468396187
image_16272,0.007307573687285185
image_16273,0.02099347673356533
image_16274,0.00033300212817266583
image_16275,0.0002806245465762913
image_16276,0.0009611158748157322
image_16277,0.008520152419805527
image_16278,0.004566749092191458
image_16279,0.0014500865945592523
image_1628,0.0007790140807628632
image_16280,0.43913188576698303
image_16281,0.018199454993009567
image_16282,0.12737639248371124
image_16283,0.00032946158898994327
image_16284,0.027338305488228798
image_16285,0.00015562180487904698
image_16286,0.00578377116471529
image_16287,0.8188607096672058
image_16288,0.008325993083417416
image_16289,0.0053820377215743065
image_1629,0.03047015517950058
image_16290,0.0035910659935325384
image_16291,0.001142970402725041
image_16292,0.9787713885307312
image_16293,0.8599373698234558
image_16294,0.010921802371740341
image_16295,0.0009512541582807899
image_16296,0.0005087652825750411
image_16297,0.005178309977054596
image_16298,0.8472658395767212
image_16299,0.0006168237305246294
image_163,0.0002702662313822657
image_1630,0.029874756932258606
image_16300,6.917881546542048e-05
image_16301,0.0002901652769651264
image_16302,0.000640407030005008
image_16303,0.0020022429525852203
image_16304,0.00032358357566408813
image_16305,0.01570749096572399
image_16306,0.0005200062296353281
image_16307,0.48449307680130005
image_16308,0.0060719712637364864
image_16309,0.0009521259344182909
image_1631,0.000122326600831002
image_16310,0.0027259259950369596
image_16311,0.2989453375339508
image_16312,0.0010769760701805353
image_16313,0.042596474289894104
image_16314,0.0007176275830715895
image_16315,0.0012791003100574017
image_16316,0.891762375831604
image_16317,0.07006514817476273
image_16318,0.014604967087507248
image_16319,0.00016142139793373644
image_1632,0.001020451309159398
image_16320,0.0004869323456659913
image_16321,0.005590155720710754
image_16322,0.002418601419776678
image_16323,0.0021835078950971365
image_16324,0.004190754145383835
image_16325,0.034444134682416916
image_16326,0.0005743902293033898
image_16327,0.001198493060655892
image_16328,0.0007174148340709507
image_16329,0.001031253021210432
image_1633,0.00565166212618351
image_16330,0.08976498246192932
image_16331,0.003264351049438119
image_16332,0.0009996173903346062
image_16333,0.0002460831019561738
image_16334,0.00659869285300374
image_16335,0.0007280504214577377
image_16336,0.17484673857688904
image_16337,0.0001634893415030092
image_16338,0.052281029522418976
image_16339,0.9924855828285217
image_1634,0.04107712209224701
image_16340,0.0015642958460375667
image_16341,0.0014560692943632603
image_16342,0.005811944603919983
image_16343,0.00012549465463962406
image_16344,0.005357903428375721
image_16345,0.0008678743033669889
image_16346,0.00011758032633224502
image_16347,0.0008793858578428626
image_16348,0.001547086052596569
image_16349,0.05755460634827614
image_1635,0.8627139925956726
image_16350,0.0012323075206950307
image_16351,0.04218026623129845
image_16352,0.8813008069992065
image_16353,0.000474664440844208
image_16354,0.8685061931610107
image_16355,0.0034497396554797888
image_16356,0.0009038446005433798
image_16357,0.0002793411258608103
image_16358,0.00030730327125638723
image_16359,0.000956719450186938
image_1636,0.006829878315329552
image_16360,0.05891433730721474
image_16361,0.001089078257791698
image_16362,0.0012202640064060688
image_16363,0.0015384451253339648
image_16364,0.00372919999063015
image_16365,0.0010305022587999701
image_16366,0.00046714048949070275
image_16367,0.002839747117832303
image_16368,0.3407331109046936
image_16369,0.000173430162249133
image_1637,0.000658205768559128
image_16370,0.7563199996948242
image_16371,0.005352686624974012
image_16372,0.00030113180400803685
image_16373,0.009116346016526222
image_16374,0.0007798575097694993
image_16375,0.0003171642019879073
image_16376,0.0722934827208519
image_16377,0.0014391710283234715
image_16378,0.08265642076730728
image_16379,0.0006404478917829692
image_1638,0.0004243245639372617
image_16380,0.0003781092818826437
image_16381,0.039967842400074005
image_16382,0.037604186683893204
image_16383,0.0015050884103402495
image_16384,0.0012797024101018906
image_16385,0.0008673964766785502
image_16386,0.8252683877944946
image_16387,0.9808831810951233
image_16388,0.00022990004799794406
image_16389,0.0006135026342235506
image_1639,0.014011839404702187
image_16390,0.0084950290620327
image_16391,0.009891608729958534
image_16392,0.0008409918518736959
image_16393,0.017022347077727318
image_16394,0.002530408324673772
image_16395,0.011633853428065777
image_16396,0.023296557366847992
image_16397,6.506749195978045e-05
image_16398,0.0007461455534212291
image_16399,0.01616584323346615
image_164,0.006131820846349001
image_1640,0.002051715739071369
image_16400,0.008244062773883343
image_16401,0.0004234606749378145
image_16402,0.0620831660926342
image_16403,0.01020524837076664
image_16404,0.9963459372520447
image_16405,1.6986054106382653e-05
image_16406,0.0004336819110903889
image_16407,0.09657441824674606
image_16408,0.0019143689423799515
image_16409,0.0036900381091982126
image_1641,0.001231734873726964
image_16410,0.0012567808153107762
image_16411,0.0010230308398604393
image_16412,0.006179680582135916
image_16413,0.0005636514397338033
image_16414,0.17107339203357697
image_16415,0.05732880160212517
image_16416,0.004402332007884979
image_16417,0.0004110726295039058
image_16418,0.0050612445920705795
image_16419,0.0011569054331630468
image_1642,0.003974647726863623
image_16420,0.42270416021347046
image_16421,0.000190076490980573
image_16422,0.01073046401143074
image_16423,0.0009447229676879942
image_16424,0.0037398412823677063
image_16425,0.9180163145065308
image_16426,0.003305182559415698
image_16427,0.029773879796266556
image_16428,0.0026810914278030396
image_16429,0.00042388515430502594
image_1643,0.047851648181676865
image_16430,6.156559538794681e-05
image_16431,0.006228923797607422
image_16432,0.0072617121040821075
image_16433,0.4428824782371521
image_16434,0.01168921310454607
image_16435,0.08973987400531769
image_16436,0.00826082844287157
image_16437,0.9831404089927673
image_16438,0.13828106224536896
image_16439,0.04726151004433632
image_1644,0.0001460763596696779
image_16440,0.0066117774695158005
image_16441,0.0002011625183513388
image_16442,0.011051989160478115
image_16443,0.004378822166472673
image_16444,0.0020967128220945597
image_16445,0.0004975707270205021
image_16446,0.002986499574035406
image_16447,0.9575294256210327
image_16448,0.0020809941925108433
image_16449,0.6479932069778442
image_1645,0.0020553353242576122
image_16450,0.04092797264456749
image_16451,0.007022750098258257
image_16452,0.011861954815685749
image_16453,0.008072652854025364
image_16454,0.0027092949021607637
image_16455,0.07128994166851044
image_16456,0.005747608374804258
image_16457,0.002582042245194316
image_16458,0.0019109388813376427
image_16459,0.9049892425537109
image_1646,0.00018666718096937984
image_16460,0.008368691429495811
image_16461,0.002905523171648383
image_16462,7.918787014205009e-05
image_16463,0.00018228472617920488
image_16464,0.0026298349257558584
image_16465,0.000658271019347012
image_16466,0.001685762545093894
image_16467,0.005577647592872381
image_16468,0.0708114355802536
image_16469,0.0012643798254430294
image_1647,0.9569417834281921
image_16470,0.00026789522962644696
image_16471,0.003537760116159916
image_16472,0.6106659173965454
image_16473,0.012578853406012058
image_16474,0.001617939560674131
image_16475,0.011698642745614052
image_16476,0.9684264659881592
image_16477,0.9492274522781372
image_16478,0.8099591732025146
image_16479,0.0014163682935759425
image_1648,0.00995864998549223
image_16480,0.9990949630737305
image_16481,0.8877060413360596
image_16482,0.0008819712093099952
image_16483,0.010691286064684391
image_16484,0.000906585599295795
image_16485,0.0028131960425525904
image_16486,0.0010777751449495554
image_16487,0.0020379256457090378
image_16488,0.00013271806528791785
image_16489,0.0016752626979723573
image_1649,0.00016421894542872906
image_16490,0.0022604193072766066
image_16491,0.0003813341027125716
image_16492,0.004163164645433426
image_16493,0.00033748356509022415
image_16494,0.0002165058394894004
image_16495,0.0010527144186198711
image_16496,0.9532312750816345
image_16497,0.009194397367537022
image_16498,0.016865180805325508
image_16499,0.9931172132492065
image_165,0.0028568680863827467
image_1650,0.0018807530868798494
image_16500,0.009026935324072838
image_16501,0.008774803020060062
image_16502,0.0024666977114975452
image_16503,0.03765298053622246
image_16504,0.006047264207154512
image_16505,8.58145285747014e-05
image_16506,0.0035710809752345085
image_16507,0.0015800513792783022
image_16508,0.0024607328232377768
image_16509,0.0004542301467154175
image_1651,0.03247571364045143
image_16510,0.7902559041976929
image_16511,0.00014610869402531534
image_16512,0.007078093942254782
image_16513,0.07441619783639908
image_16514,0.8696277141571045
image_16515,0.0089010801166296
image_16516,0.7631873488426208
image_16517,0.00018199642363470048
image_16518,0.028866222128272057
image_16519,0.0007850601687096059
image_1652,0.1395205408334732
image_16520,0.9680774807929993
image_16521,0.0015887808986008167
image_16522,0.012039290741086006
image_16523,0.0004195007204543799
image_16524,0.0003715235216077417
image_16525,0.006781171541661024
image_16526,0.008939141407608986
image_16527,0.0032785343937575817
image_16528,0.0011675767600536346
image_16529,0.0015871722716838121
image_1653,0.058658450841903687
image_16530,0.0039656441658735275
image_16531,0.06768389046192169
image_16532,0.0016195871867239475
image_16533,0.39834582805633545
image_16534,0.01612919382750988
image_16535,0.05521247908473015
image_16536,0.05355561152100563
image_16537,0.0009895939147099853
image_16538,0.010550105944275856
image_16539,0.02456483617424965
image_1654,0.0008352837176062167
image_16540,7.050103886285797e-05
image_16541,0.0019326664041727781
image_16542,0.023746002465486526
image_16543,0.0059791505336761475
image_16544,0.0005909117753617465
image_16545,0.0003888422797899693
image_16546,0.018452953547239304
image_16547,0.001072080573067069
image_16548,0.016554759815335274
image_16549,0.003551978850737214
image_1655,0.019396040588617325
image_16550,0.0018253243761137128
image_16551,0.0007494893507100642
image_16552,0.003352775936946273
image_16553,0.003410237142816186
image_16554,0.9839770197868347
image_16555,0.8962119221687317
image_16556,0.0014279987663030624
image_16557,0.000207713499548845
image_16558,0.0004792636609636247
image_16559,0.0007920446805655956
image_1656,0.0005923265707679093
image_16560,0.0002822495298460126
image_16561,0.0004398131277412176
image_16562,0.01028757356107235
image_16563,0.003994614817202091
image_16564,0.004972297232598066
image_16565,0.011099898256361485
image_16566,0.001475385157391429
image_16567,0.8513432145118713
image_16568,0.0061278436332941055
image_16569,0.00856797769665718
image_1657,0.042026299983263016
image_16570,0.2965274751186371
image_16571,0.0005688255187124014
image_16572,0.9880174398422241
image_16573,0.0005620929296128452
image_16574,0.03965524956583977
image_16575,0.028606202453374863
image_16576,0.004018613137304783
image_16577,0.007299591321498156
image_1658,0.003441307693719864
image_1659,0.0044122557155787945
image_166,4.502273804973811e-05
image_1660,0.006629813462495804
image_1661,0.005417575128376484
image_1662,0.0010292880469933152
image_1663,0.00025483869831077754
image_1664,0.0037312435451895
image_1665,0.007101129740476608
image_1666,0.0040718563832342625
image_1667,0.000497284869197756
image_1668,0.008972911164164543
image_1669,4.5537402911577374e-05
image_167,0.0002626161149237305
image_1670,0.025426311418414116
image_1671,0.0011228967923671007
image_1672,0.001995764672756195
image_1673,0.2476794570684433
image_1674,0.0007071646978147328
image_1675,0.0006186391110531986
image_1676,6.936595309525728e-05
image_1677,0.6462217569351196
image_1678,0.9604702591896057
image_1679,0.013928603380918503
image_168,0.018838565796613693
image_1680,0.032489825040102005
image_1681,0.005693414248526096
image_1682,0.00023381214123219252
image_1683,0.001072266953997314
image_1684,0.005530919414013624
image_1685,0.0827278420329094
image_1686,0.005764325149357319
image_1687,0.0059036011807620525
image_1688,0.037460170686244965
image_1689,0.0012696594931185246
image_169,0.0009238541824743152
image_1690,0.0025766410399228334
image_1691,0.005005876533687115
image_1692,0.7977350950241089
image_1693,0.011937148869037628
image_1694,0.006048898678272963
image_1695,0.0028236450161784887
image_1696,0.28002434968948364
image_1697,0.021177703514695168
image_1698,0.023304542526602745
image_1699,0.017726050689816475
image_17,0.9736035466194153
image_170,0.008482403121888638
image_1700,0.002385438419878483
image_1701,0.001666341908276081
image_1702,0.006815583445131779
image_1703,0.0026053849142044783
image_1704,0.0031525897793471813
image_1705,0.0017786284442991018
image_1706,0.0038958534132689238
image_1707,0.123329296708107
image_1708,0.03585130348801613
image_1709,0.9583404660224915
image_171,0.0007348374929279089
image_1710,0.008796757087111473
image_1711,0.002261600224301219
image_1712,0.0021562129259109497
image_1713,0.0013544866815209389
image_1714,0.0015173684805631638
image_1715,0.020024433732032776
image_1716,0.004535573534667492
image_1717,0.9858574867248535
image_1718,0.0059380317106842995
image_1719,0.007794182747602463
image_172,0.9828874468803406
image_1720,0.005138767883181572
image_1721,0.0006041997694410384
image_1722,0.05104024335741997
image_1723,0.9903398156166077
image_1724,0.002443203004077077
image_1725,0.016029538586735725
image_1726,0.9720337986946106
image_1727,0.022915208712220192
image_1728,0.011727881617844105
image_1729,0.0013506434625014663
image_173,0.0018935204716399312
image_1730,0.0014241170138120651
image_1731,0.01566491462290287
image_1732,0.00884996447712183
image_1733,0.00010885392839554697
image_1734,0.00027884007431566715
image_1735,0.0030331655871123075
image_1736,0.8706759214401245
image_1737,0.9399719834327698
image_1738,0.0006592799909412861
image_1739,0.00027264413074590266
image_174,0.006795345805585384
image_1740,0.030279750004410744
image_1741,0.004339057952165604
image_1742,0.9275259971618652
image_1743,0.24151493608951569
image_1744,0.0006065117195248604
image_1745,0.001438144943676889
image_1746,0.001969242701306939
image_1747,0.0008375386823900044
image_1748,0.0015198801411315799
image_1749,0.008115260861814022
image_175,0.001338729402050376
image_1750,0.02867497317492962
image_1751,0.008036220446228981
image_1752,0.001492413692176342
image_1753,0.8841291069984436
image_1754,0.0009763601119630039
image_1755,0.7479386925697327
image_1756,0.20978358387947083
image_1757,0.006050905212759972
image_1758,0.0023738930467516184
image_1759,0.0020944701973348856
image_176,0.037678398191928864
image_1760,0.00037279987009242177
image_1761,0.007929733023047447
image_1762,0.000572207267396152
image_1763,0.007986143231391907
image_1764,0.019897574558854103
image_1765,0.009417103603482246
image_1766,0.015417464077472687
image_1767,4.0664977859705687e-05
image_1768,0.0006159260519780219
image_1769,0.0006646584952250123
image_177,0.00024843300343491137
image_1770,0.00042690883856266737
image_1771,0.00029926636489108205
image_1772,0.03623484447598457
image_1773,8.252674888353795e-05
image_1774,0.0005846922867931426
image_1775,0.018045758828520775
image_1776,0.0008024857379496098
image_1777,0.9840617775917053
image_1778,0.0022024959325790405
image_1779,0.001625088625587523
image_178,0.0007574405753985047
image_1780,0.002197613939642906
image_1781,0.0006500821909867227
image_1782,0.0001907918631331995
image_1783,0.00937565229833126
image_1784,0.7944458723068237
image_1785,0.02324603870511055
image_1786,0.008109440095722675
image_1787,0.0010828102240338922
image_1788,0.0031421787571161985
image_1789,0.0006067753420211375
image_179,0.00014742037456016988
image_1790,0.010702579282224178
image_1791,0.8719832301139832
image_1792,0.0014217414427548647
image_1793,0.001465091947466135
image_1794,0.00011329010158078745
image_1795,0.001973414560779929
image_1796,0.0003621245559770614
image_1797,4.3152795115020126e-05
image_1798,0.0008149780333042145
image_1799,0.015433548018336296
image_18,0.004503789357841015
image_180,0.006290075369179249
image_1800,0.004287949297577143
image_1801,0.007881838828325272
image_1802,0.0011649971129372716
image_1803,0.0019251417834311724
image_1804,0.14826001226902008
image_1805,0.007080497220158577
image_1806,0.0021184959914535284
image_1807,0.008057927712798119
image_1808,0.0005446606082841754
image_1809,0.0022734757512807846
image_181,0.0002449800376780331
image_1810,0.002741115167737007
image_1811,0.00986486580222845
image_1812,0.0006917063146829605
image_1813,0.0005017407238483429
image_1814,0.009067980572581291
image_1815,0.0025215200148522854
image_1816,0.0005615317495539784
image_1817,0.7601152062416077
image_1818,0.9951663017272949
image_1819,0.01650901883840561
image_182,0.004549775272607803
image_1820,0.0014688631054013968
image_1821,0.0004618076200131327
image_1822,0.7616128325462341
image_1823,0.09083227068185806
image_1824,0.00017854348698165268
image_1825,0.010756107047200203
image_1826,0.0006226419354788959
image_1827,0.0008572330116294324
image_1828,0.040180228650569916
image_1829,4.794121559825726e-05
image_183,0.011947264894843102
image_1830,0.00526722427457571
image_1831,0.8869929313659668
image_1832,0.03050125762820244
image_1833,0.0001065450269379653
image_1834,0.981639564037323
image_1835,0.0020067309960722923
image_1836,0.007557813543826342
image_1837,0.005091145168989897
image_1838,0.0015505148330703378
image_1839,0.0012092244578525424
image_184,1.9572324163164012e-05
image_1840,0.0014274108689278364
image_1841,0.007687949109822512
image_1842,0.0009023747988976538
image_1843,0.07285362482070923
image_1844,0.0007623021956533194
image_1845,0.0027560140006244183
image_1846,0.014467371627688408
image_1847,0.02185145765542984
image_1848,0.01592191681265831
image_1849,8.01063360995613e-05
image_185,0.0002266298542963341
image_1850,0.0036474373191595078
image_1851,0.004022031091153622
image_1852,0.000498114328365773
image_1853,0.01568647101521492
image_1854,0.0009020451689139009
image_1855,0.011226126924157143
image_1856,0.00549325393512845
image_1857,0.0014712309930473566
image_1858,3.942732291761786e-05
image_1859,0.009405824355781078
image_186,0.001976864179596305
image_1860,0.0008598987478762865
image_1861,8.62823217175901e-05
image_1862,0.0021624783985316753
image_1863,0.0144916707649827
image_1864,0.010249173268675804
image_1865,0.0011585623724386096
image_1866,0.0005122385919094086
image_1867,0.0013798144645988941
image_1868,0.918333888053894
image_1869,0.0005285741062834859
image_187,0.002225922653451562
image_1870,0.003664035815745592
image_1871,0.9805989265441895
image_1872,0.01832958683371544
image_1873,0.013199697248637676
image_1874,7.857698801672086e-05
image_1875,0.17114314436912537
image_1876,0.04190418869256973
image_1877,0.000480819697258994
image_1878,0.0002650829264894128
image_1879,0.00028472146368585527
image_188,0.004734236281365156
image_1880,0.005656329449266195
image_1881,0.009332041256129742
image_1882,0.05381631851196289
image_1883,0.006013207603245974
image_1884,0.0021781795658171177
image_1885,0.05211111903190613
image_1886,0.0006484916084446013
image_1887,0.0027353025507181883
image_1888,0.004863379057496786
image_1889,0.0009056281996890903
image_189,0.7844571471214294
image_1890,0.9184665083885193
image_1891,0.09238548576831818
image_1892,0.006245555356144905
image_1893,0.395974725484848
image_1894,0.0007685891469009221
image_1895,0.0017107517924159765
image_1896,0.5911681652069092
image_1897,0.280810683965683
image_1898,0.007706888951361179
image_1899,0.0007695510284975171
image_19,0.40861278772354126
image_190,0.0009216698817908764
image_1900,0.0012945615453645587
image_1901,0.005571961402893066
image_1902,0.0015612741699442267
image_1903,0.0030334480106830597
image_1904,0.003193862736225128
image_1905,0.9676832556724548
image_1906,0.00182782718911767
image_1907,0.034952010959386826
image_1908,0.0007021376513876021
image_1909,0.3340093791484833
image_191,0.0025579603388905525
image_1910,0.021581094712018967
image_1911,0.05488700792193413
image_1912,0.005400072783231735
image_1913,9.209913696395233e-05
image_1914,0.009762685745954514
image_1915,0.953491747379303
image_1916,0.00011327585525577888
image_1917,0.004338015336543322
image_1918,0.05758730322122574
image_1919,0.020932301878929138
image_192,0.023536192253232002
image_1920,0.002744793426245451
image_1921,0.0002141462900908664
image_1922,0.028272859752178192
image_1923,0.9910571575164795
image_1924,0.0003157410828862339
image_1925,0.9963237047195435
image_1926,0.9650287628173828
image_1927,0.0011306136148050427
image_1928,0.008601019158959389
image_1929,0.9879539012908936
image_193,0.0003913039981853217
image_1930,0.0022565543185919523
image_1931,0.6749371886253357
image_1932,0.0005553573719225824
image_1933,0.7061623334884644
image_1934,0.004481615964323282
image_1935,0.0010785043705254793
image_1936,0.013295088894665241
image_1937,0.0017347396351397038
image_1938,0.07278566807508469
image_1939,0.00580208096653223
image_194,0.0024563614279031754
image_1940,0.008101009763777256
image_1941,0.09472600370645523
image_1942,0.9548996090888977
image_1943,0.006776856258511543
image_1944,0.9805479049682617
image_1945,0.0004504654207266867
image_1946,0.006886254996061325
image_1947,0.006364997010678053
image_1948,0.005169854499399662
image_1949,0.006383147556334734
image_195,0.009892597794532776
image_1950,0.0006614969461224973
image_1951,0.0003421658475417644
image_1952,0.0005430305609479547
image_1953,0.8412019610404968
image_1954,0.0008804397075437009
image_1955,0.944585919380188
image_1956,0.014178575947880745
image_1957,0.9472625851631165
image_1958,0.0174332857131958
image_1959,0.005702218506485224
image_196,0.0007557573262602091
image_1960,0.001911465427838266
image_1961,0.0013782549649477005
image_1962,0.656379759311676
image_1963,0.03659718111157417
image_1964,0.0030289364513009787
image_1965,0.0014147526817396283
image_1966,0.017482778057456017
image_1967,0.7652881145477295
image_1968,7.784326589899138e-05
image_1969,0.019825028255581856
image_197,0.01567704975605011
image_1970,0.07498469203710556
image_1971,0.0010734801180660725
image_1972,0.0004407480591908097
image_1973,0.009923133067786694
image_1974,0.010932608507573605
image_1975,0.002237493172287941
image_1976,0.0034420695155858994
image_1977,0.000540764129254967
image_1978,0.0011330151464790106
image_1979,0.01638752967119217
image_198,0.0007798686274327338
image_1980,0.0002056757075479254
image_1981,0.0006701381062157452
image_1982,0.020810071378946304
image_1983,0.8857356905937195
image_1984,0.00034311055787838995
image_1985,0.007142417132854462
image_1986,0.0028688551392406225
image_1987,0.025604823604226112
image_1988,0.0004715529503300786
image_1989,0.006944804918020964
image_199,0.005473962984979153
image_1990,0.9507486820220947
image_1991,3.039024340978358e-05
image_1992,0.10110010206699371
image_1993,0.02636486105620861
image_1994,0.9896957874298096
image_1995,0.00029422238003462553
image_1996,0.00037202078965492547
image_1997,0.0064437114633619785
image_1998,0.0014444909757003188
image_1999,0.009284104220569134
image_2,0.010235285386443138
image_20,0.000967554107774049
image_200,0.0006543915369547904
image_2000,4.918698687106371e-05
image_2001,0.001793263596482575
image_2002,0.06580831110477448
image_2003,0.0034004608169198036
image_2004,0.02190432697534561
image_2005,0.0003392040962353349
image_2006,0.0010967676062136889
image_2007,0.01281741913408041
image_2008,0.0009981760522350669
image_2009,0.0013509889831766486
image_201,0.001905229757539928
image_2010,0.015221308916807175
image_2011,0.006128447595983744
image_2012,0.0015853431541472673
image_2013,0.014188351109623909
image_2014,0.0035506964195519686
image_2015,0.026429731398820877
image_2016,1.7829590433393605e-05
image_2017,0.004288933239877224
image_2018,0.001153989345766604
image_2019,0.00948277022689581
image_202,5.356927795219235e-05
image_2020,0.00030428357422351837
image_2021,0.0023368739057332277
image_2022,0.010396563448011875
image_2023,0.22745820879936218
image_2024,0.0002681738114915788
image_2025,0.008417231030762196
image_2026,0.0013771397061645985
image_2027,0.019921064376831055
image_2028,0.005475905723869801
image_2029,0.0002384296094533056
image_203,0.9556828141212463
image_2030,0.0028139264322817326
image_2031,0.3588869273662567
image_2032,0.0005617357091978192
image_2033,0.007764435838907957
image_2034,0.003977479878813028
image_2035,0.0072015430778265
image_2036,0.00021221530914772302
image_2037,0.0038189704064279795
image_2038,0.0011780692730098963
image_2039,0.01098669320344925
image_204,0.0004435371665749699
image_2040,0.009675852954387665
image_2041,0.0012937826104462147
image_2042,0.05447401478886604
image_2043,0.017280910164117813
image_2044,0.003562471829354763
image_2045,0.9597956538200378
image_2046,0.03067001700401306
image_2047,0.6839056015014648
image_2048,0.08128068596124649
image_2049,0.005179186817258596
image_205,0.013505377806723118
image_2050,0.03229009732604027
image_2051,0.00760440481826663
image_2052,0.03871877118945122
image_2053,0.06532198935747147
image_2054,0.00037498323945328593
image_2055,0.0037449742667376995
image_2056,0.6942083835601807
image_2057,0.001983374822884798
image_2058,0.003802441991865635
image_2059,0.6629998087882996
image_206,0.03172897920012474
image_2060,0.005228995345532894
image_2061,0.0038818316534161568
image_2062,0.002209498779848218
image_2063,0.003727228846400976
image_2064,0.001626772922463715
image_2065,0.9786252379417419
image_2066,0.007962348870933056
image_2067,0.047774698585271835
image_2068,0.0006206775433383882
image_2069,0.0012923047179356217
image_207,0.2420596182346344
image_2070,0.04158134385943413
image_2071,0.00018440771964378655
image_2072,0.00010362885223003104
image_2073,0.008095200173556805
image_2074,0.001264682738110423
image_2075,0.0004267180629540235
image_2076,0.001147173810750246
image_2077,0.0015137929003685713
image_2078,4.641672785510309e-05
image_2079,0.032736655324697495
image_208,0.00010254968947265297
image_2080,0.021498754620552063
image_2081,0.0017794050509110093
image_2082,0.008662192150950432
image_2083,0.0006164652295410633
image_2084,0.004037565551698208
image_2085,0.0016444394132122397
image_2086,0.002081772778183222
image_2087,0.038154955953359604
image_2088,0.018871136009693146
image_2089,0.002396814990788698
image_209,0.028167616575956345
image_2090,0.8643664121627808
image_2091,0.9067084193229675
image_2092,0.0011660446180030704
image_2093,0.024536991491913795
image_2094,0.0001681820722296834
image_2095,0.005098323337733746
image_2096,0.002667001448571682
image_2097,0.00037564014201052487
image_2098,0.023752326145768166
image_2099,0.014698612503707409
image_21,0.0017044157721102238
image_210,0.0006430038483813405
image_2100,0.008408380672335625
image_2101,0.023794500157237053
image_2102,0.0036986172199249268
image_2103,0.000872068339958787
image_2104,0.00377807579934597
image_2105,0.0009443581220693886
image_2106,0.0004653299110941589
image_2107,0.0011399752693250775
image_2108,0.00045980242430232465
image_2109,0.00023128186876419932
image_211,1.0636964589139097e-06
image_2110,0.00037746407906524837
image_2111,0.0003685263800434768
image_2112,0.0367397703230381
image_2113,0.0016872677952051163
image_2114,4.130261731916107e-05
image_2115,0.008916186168789864
image_2116,0.013967671431601048
image_2117,0.993622362613678
image_2118,0.9754326939582825
image_2119,0.557748019695282
image_212,0.020473599433898926
image_2120,0.31063875555992126
image_2121,0.007058670278638601
image_2122,0.0007883128710091114
image_2123,0.9480143189430237
image_2124,0.9141412377357483
image_2125,0.00036580231972038746
image_2126,0.015822824090719223
image_2127,7.256728713400662e-05
image_2128,0.0008028876618482172
image_2129,0.021360518410801888
image_213,0.8816654086112976
image_2130,0.007825486361980438
image_2131,0.0003618921327870339
image_2132,0.0014299089089035988
image_2133,0.028949258849024773
image_2134,0.06781221181154251
image_2135,0.0005200303276069462
image_2136,0.9754005670547485
image_2137,0.0029194036033004522
image_2138,0.00034400305594317615
image_2139,0.016944125294685364
image_214,0.00055463588796556
image_2140,0.7116676568984985
image_2141,0.002262631431221962
image_2142,0.9598865509033203
image_2143,0.002064785221591592
image_2144,0.8516690731048584
image_2145,0.0008990895003080368
image_2146,0.0009704881231300533
image_2147,0.002039416693150997
image_2148,0.006375999189913273
image_2149,0.0018565969076007605
image_215,0.9785462021827698
image_2150,7.541997183579952e-05
image_2151,0.0005161300650797784
image_2152,0.0005384599207900465
image_2153,0.0869288444519043
image_2154,0.003168695140630007
image_2155,0.9327542781829834
image_2156,0.010636226274073124
image_2157,0.00016623950796201825
image_2158,7.060087955323979e-05
image_2159,0.000671135843731463
image_216,0.0005677170702256262
image_2160,0.0008680628379806876
image_2161,0.0005139521090313792
image_2162,0.02053804136812687
image_2163,0.00039894680958241224
image_2164,0.005707473959773779
image_2165,0.00911291316151619
image_2166,0.6739548444747925
image_2167,0.005641373340040445
image_2168,0.004735964350402355
image_2169,0.005473670084029436
image_217,0.00489791389554739
image_2170,0.00024509357172064483
image_2171,0.951530933380127
image_2172,0.0004760700394399464
image_2173,0.0008225704659707844
image_2174,0.00021861318964511156
image_2175,0.002340522361919284
image_2176,0.0026216653641313314
image_2177,0.07871026545763016
image_2178,0.044212669134140015
image_2179,0.00590204494073987
image_218,0.6725698709487915
image_2180,0.01516884844750166
image_2181,0.0031624084804207087
image_2182,0.006837133783847094
image_2183,0.0009757892112247646
image_2184,0.02340695448219776
image_2185,0.04234781116247177
image_2186,0.004024012479931116
image_2187,0.00012966952635906637
image_2188,0.0073765856213867664
image_2189,0.004183187149465084
image_219,0.046955715864896774
image_2190,0.10335180908441544
image_2191,0.9255848526954651
image_2192,0.013718667440116405
image_2193,0.0015272152377292514
image_2194,0.004240843933075666
image_2195,0.11676836758852005
image_2196,0.0011733951978385448
image_2197,0.004511912353336811
image_2198,0.011825249530375004
image_2199,0.982479453086853
image_22,0.043419625610113144
image_220,0.006047662813216448
image_2200,0.18068373203277588
image_2201,0.9296681880950928
image_2202,0.00048578192945569754
image_2203,0.0065633198246359825
image_2204,0.0035620369017124176
image_2205,0.014473621733486652
image_2206,0.004561690613627434
image_2207,0.0015989878447726369
image_2208,0.0005603923345915973
image_2209,0.010500391013920307
image_221,0.001638632151298225
image_2210,0.9819658398628235
image_2211,0.08266624063253403
image_2212,0.0004917401820421219
image_2213,0.0018926591146737337
image_2214,0.007217226084321737
image_2215,0.0006497096619568765
image_2216,0.0026155419182032347
image_2217,0.00021258146443869919
image_2218,0.006477713584899902
image_2219,0.0037844202015548944
image_222,0.0010773737449198961
image_2220,0.9855480790138245
image_2221,0.3550206422805786
image_2222,0.9727044701576233
image_2223,0.0031442525796592236
image_2224,0.0016238566022366285
image_2225,0.18161197006702423
image_2226,0.0006703217513859272
image_2227,0.04248080030083656
image_2228,0.005914014298468828
image_2229,0.19826720654964447
image_223,4.6251341700553894e-05
image_2230,0.010031908750534058
image_2231,0.0006407302571460605
image_2232,0.001559488126076758
image_2233,0.03355226665735245
image_2234,0.01167264860123396
image_2235,3.0257160688051954e-05
image_2236,0.00530620152130723
image_2237,7.469984120689332e-05
image_2238,0.005631682928651571
image_2239,0.08766590058803558
image_224,0.11858011782169342
image_2240,0.0016975669423118234
image_2241,0.9061269760131836
image_2242,0.010612032376229763
image_2243,0.0003691897727549076
image_2244,0.005135065875947475
image_2245,0.013184409588575363
image_2246,0.0008883084519766271
image_2247,0.002976982155814767
image_2248,0.996489942073822
image_2249,0.9838432669639587
image_225,0.017702022567391396
image_2250,0.0002916518715210259
image_2251,0.005974408704787493
image_2252,0.021879808977246284
image_2253,0.12951640784740448
image_2254,0.0053842943161726
image_2255,0.003995436243712902
image_2256,0.014600411988794804
image_2257,0.002540997229516506
image_2258,0.20245343446731567
image_2259,0.734490692615509
image_226,0.9635795950889587
image_2260,0.0014319358160719275
image_2261,0.000261845561908558
image_2262,0.002129828091710806
image_2263,0.8522907495498657
image_2264,1.093821720132837e-05
image_2265,0.0010365976486355066
image_2266,4.7026729589561e-05
image_2267,0.967093288898468
image_2268,0.0006285665440373123
image_2269,0.005998890846967697
image_227,0.1387932002544403
image_2270,0.0026620961725711823
image_2271,0.9510643482208252
image_2272,0.0038016936741769314
image_2273,0.011694960296154022
image_2274,0.005292248912155628
image_2275,0.00010723109153332189
image_2276,3.829563138424419e-05
image_2277,0.0027381605468690395
image_2278,0.014598269946873188
image_2279,0.003646033350378275
image_228,0.006461092736572027
image_2280,0.001903398777358234
image_2281,0.03154987841844559
image_2282,0.005596037954092026
image_2283,0.00028671600739471614
image_2284,0.1687186360359192
image_2285,0.6437317132949829
image_2286,0.0010620366083458066
image_2287,0.005947149358689785
image_2288,0.9898680448532104
image_2289,0.0038070324808359146
image_229,0.9864481687545776
image_2290,0.0055684540420770645
image_2291,0.9050660133361816
image_2292,0.8522302508354187
image_2293,0.02625439316034317
image_2294,0.002935530850663781
image_2295,0.00606850441545248
image_2296,0.4985184669494629
image_2297,0.0009377812966704369
image_2298,0.1718512922525406
image_2299,0.018264859914779663
image_23,0.005548911634832621
image_230,0.000579460640437901
image_2300,0.004133029840886593
image_2301,0.0022234967909753323
image_2302,0.98423171043396
image_2303,0.004393237177282572
image_2304,0.0028194738551974297
image_2305,0.005721380468457937
image_2306,0.00509739201515913
image_2307,0.06660321354866028
image_2308,0.015471009537577629
image_2309,0.9498741030693054
image_231,0.4349091053009033
image_2310,0.03731099143624306
image_2311,0.0016394320409744978
image_2312,0.047978226095438004
image_2313,0.03616279736161232
image_2314,0.0009567792294546962
image_2315,0.00019182323012501001
image_2316,0.00033181722392328084
image_2317,0.06898397952318192
image_2318,0.0009646077523939312
image_2319,0.017696045339107513
image_232,0.010903721675276756
image_2320,0.007517501711845398
image_2321,0.006797180976718664
image_2322,0.9965062141418457
image_2323,0.0031776539981365204
image_2324,0.0007124029216356575
image_2325,0.003137357998639345
image_2326,0.0006491619278676808
image_2327,0.969732940196991
image_2328,0.00028271006885915995
image_2329,0.08895444124937057
image_233,0.00871292408555746
image_2330,0.0008173453388735652
image_2331,6.300823588389903e-05
image_2332,0.00048487240565009415
image_2333,0.011423932388424873
image_2334,0.001986562740057707
image_2335,0.006811246275901794
image_2336,0.009317325428128242
image_2337,0.003422012785449624
image_2338,0.0009530549286864698
image_2339,0.001398558379150927
image_234,0.03119596466422081
image_2340,0.0009705279371701181
image_2341,0.021566016599535942
image_2342,0.0156711433082819
image_2343,0.008397792465984821
image_2344,0.0004596854269038886
image_2345,0.9949786067008972
image_2346,0.0019542984664440155
image_2347,0.0006907971692271531
image_2348,0.0007251075585372746
image_2349,0.000620148261077702
image_235,0.00399441784247756
image_2350,0.008457270450890064
image_2351,5.031793989473954e-05
image_2352,0.00013751622464042157
image_2353,0.026038002222776413
image_2354,0.0015191343845799565
image_2355,0.00025895447470247746
image_2356,0.000645820633508265
image_2357,0.0028746826574206352
image_2358,0.9951974749565125
image_2359,0.00012911244994029403
image_236,0.010709105059504509
image_2360,0.021857619285583496
image_2361,0.004341054242104292
image_2362,0.0003639653150457889
image_2363,0.807149350643158
image_2364,0.015392402186989784
image_2365,0.15715783834457397
image_2366,0.0005743727087974548
image_2367,0.0007698546978645027
image_2368,0.019128307700157166
image_2369,0.580923318862915
image_237,0.010302858427166939
image_2370,0.002088638022542
image_2371,5.1535556849557906e-05
image_2372,0.1471683830022812
image_2373,0.0033626214135438204
image_2374,0.04123084619641304
image_2375,0.0017352559370920062
image_2376,0.0013553925091400743
image_2377,0.004650126211345196
image_2378,0.01642470434308052
image_2379,0.05059416592121124
image_238,0.02821764163672924
image_2380,0.01617632806301117
image_2381,0.0033592223189771175
image_2382,0.009104529395699501
image_2383,0.05973755940794945
image_2384,0.9349852204322815
image_2385,0.000976988230831921
image_2386,0.9285184741020203
image_2387,5.6558037613285705e-05
image_2388,0.0011791548458859324
image_2389,0.009064793586730957
image_239,0.08630461990833282
image_2390,0.0002064866421278566
image_2391,0.0038026494439691305
image_2392,0.004994484595954418
image_2393,0.00969038438051939
image_2394,0.0029036779887974262
image_2395,0.007103104144334793
image_2396,0.6928836703300476
image_2397,0.134752094745636
image_2398,0.00981257762759924
image_2399,0.6428901553153992
image_24,0.9725406169891357
image_240,0.018990345299243927
image_2400,0.0031571099534630775
image_2401,0.002505052136257291
image_2402,0.003425633069127798
image_2403,0.10356531292200089
image_2404,0.0003155238227918744
image_2405,0.6284458041191101
image_2406,0.5046093463897705
image_2407,0.8848084807395935
image_2408,0.017395786941051483
image_2409,0.1017097532749176
image_241,0.0006513631669804454
image_2410,0.026777096092700958
image_2411,0.0004585873684845865
image_2412,0.00023608404444530606
image_2413,0.0022694405633956194
image_2414,0.004082691855728626
image_2415,0.0006787364836782217
image_2416,0.0001776243298081681
image_2417,0.9537217020988464
image_2418,0.001880805124528706
image_2419,0.9830436110496521
image_242,0.7313901782035828
image_2420,0.0013636318035423756
image_2421,0.0643739253282547
image_2422,0.0028292976785451174
image_2423,0.0003469749353826046
image_2424,0.5133188962936401
image_2425,0.0008340171771124005
image_2426,0.002869770396500826
image_2427,0.005947186145931482
image_2428,0.8771042823791504
image_2429,0.0017942325212061405
image_243,0.0002655384596437216
image_2430,0.0038603937719017267
image_2431,0.9980853796005249
image_2432,0.0013423163909465075
image_2433,0.00015276351768989116
image_2434,0.002615097677335143
image_2435,0.0032998917158693075
image_2436,0.00019548466661944985
image_2437,0.00829161424189806
image_2438,0.0078126210719347
image_2439,0.00300052622333169
image_244,0.001157464925199747
image_2440,0.00047684667515568435
image_2441,0.0008919349638745189
image_2442,0.011992589570581913
image_2443,0.0014723333297297359
image_2444,0.0003624295350164175
image_2445,0.005608361214399338
image_2446,0.010777447372674942
image_2447,0.002942969324067235
image_2448,0.0013279926497489214
image_2449,0.00508116977289319
image_245,0.96222984790802
image_2450,0.0017765648663043976
image_2451,0.0004497949848882854
image_2452,0.010757531970739365
image_2453,0.0004888323601335287
image_2454,0.8617244362831116
image_2455,0.0019684836734086275
image_2456,5.9162601246498525e-05
image_2457,0.0005398908979259431
image_2458,0.8520482182502747
image_2459,0.0004226200398989022
image_246,0.0013190628960728645
image_2460,0.18989525735378265
image_2461,0.01771528460085392
image_2462,0.0022414554841816425
image_2463,0.00402243435382843
image_2464,0.0006161958444863558
image_2465,0.7813553810119629
image_2466,0.0021927966736257076
image_2467,0.00027682376094162464
image_2468,0.001558746094815433
image_2469,0.0072226254269480705
image_247,0.03540438786149025
image_2470,0.0007074491586536169
image_2471,0.004309052135795355
image_2472,0.0007477567996829748
image_2473,0.34226682782173157
image_2474,0.000959956378210336
image_2475,0.0007089903810992837
image_2476,0.056556336581707
image_2477,0.0012057825224474072
image_2478,0.00132942630443722
image_2479,0.0011768332915380597
image_248,0.004439464304596186
image_2480,0.581989586353302
image_2481,0.0021611617412418127
image_2482,0.002280635293573141
image_2483,0.00014423785614781082
image_2484,0.002700690645724535
image_2485,0.002768623875454068
image_2486,0.02420726604759693
image_2487,0.013531270436942577
image_2488,0.0013769561192020774
image_2489,0.004584921523928642
image_249,0.0017679063603281975
image_2490,0.02626842074096203
image_2491,0.007410817313939333
image_2492,0.01512398011982441
image_2493,0.0003449531504884362
image_2494,0.006190367043018341
image_2495,0.005048948340117931
image_2496,0.0027041835710406303
image_2497,0.004389703739434481
image_2498,0.0008466201834380627
image_2499,0.9741846919059753
image_25,0.02029632031917572
image_250,0.000525454874150455
image_2500,0.0016474277945235372
image_2501,0.004167245700955391
image_2502,0.004312784876674414
image_2503,0.004051115829497576
image_2504,0.0011671892134472728
image_2505,0.005101366434246302
image_2506,0.009465903975069523
image_2507,0.013531798496842384
image_2508,0.9625722169876099
image_2509,0.0005863998085260391
image_251,0.013445727527141571
image_2510,0.004508264362812042
image_2511,0.009286876767873764
image_2512,0.020121518522500992
image_2513,0.006280485540628433
image_2514,0.0049262866377830505
image_2515,0.000699499505572021
image_2516,0.00016737818077672273
image_2517,0.8884172439575195
image_2518,0.005054065026342869
image_2519,0.0019226503791287541
image_252,0.0002185973571613431
image_2520,0.00017521534755360335
image_2521,0.009064742363989353
image_2522,0.00017138398834504187
image_2523,0.0010525810066610575
image_2524,0.01960764080286026
image_2525,0.006682553328573704
image_2526,0.0005038986564613879
image_2527,0.00023163118748925626
image_2528,0.05390891805291176
image_2529,0.0011837916681542993
image_253,0.8252950310707092
image_2530,0.007026245817542076
image_2531,0.0003819646080955863
image_2532,0.010729785077273846
image_2533,0.0017458933871239424
image_2534,0.7820924520492554
image_2535,0.9935374855995178
image_2536,0.0005387358251027763
image_2537,0.004134788643568754
image_2538,0.0013284770539030433
image_2539,0.00013118631613906473
image_254,0.01386195421218872
image_2540,9.17735233088024e-05
image_2541,0.008228431455790997
image_2542,0.0004717305419035256
image_2543,0.33997851610183716
image_2544,0.5586919188499451
image_2545,0.0007910870481282473
image_2546,0.8739429712295532
image_2547,0.0006330150063149631
image_2548,0.9378339052200317
image_2549,5.594042522716336e-05
image_255,0.024082785472273827
image_2550,0.043038323521614075
image_2551,0.004908460192382336
image_2552,0.0011343916412442923
image_2553,0.03492390736937523
image_2554,0.03037337027490139
image_2555,0.0022626679856330156
image_2556,0.0017642596503719687
image_2557,0.004619381856173277
image_2558,0.9787017107009888
image_2559,0.0007554005132988095
image_256,0.9963517189025879
image_2560,0.020705778151750565
image_2561,0.0009264576947316527
image_2562,0.00768372742459178
image_2563,0.9925134778022766
image_2564,0.9897522926330566
image_2565,0.0005436191568151116
image_2566,9.643702651374042e-05
image_2567,0.8371857404708862
image_2568,0.13650482892990112
image_2569,0.2665516138076782
image_257,0.6154133081436157
image_2570,0.0035780288744717836
image_2571,0.0004478389455471188
image_2572,0.0017712614499032497
image_2573,0.0032385203521698713
image_2574,0.011109422892332077
image_2575,0.00010269922495353967
image_2576,0.004591206554323435
image_2577,0.005019684787839651
image_2578,0.0006163553334772587
image_2579,0.002955141942948103
image_258,0.010558686219155788
image_2580,0.0002483150747139007
image_2581,0.0001350120728602633
image_2582,0.0010940200882032514
image_2583,0.01179045345634222
image_2584,0.0019956754986196756
image_2585,0.9199076890945435
image_2586,0.008443466387689114
image_2587,0.320185124874115
image_2588,0.0038552863989025354
image_2589,0.0126850176602602
image_259,0.03848594054579735
image_2590,0.12919405102729797
image_2591,0.006281130947172642
image_2592,0.16795405745506287
image_2593,0.011882701888680458
image_2594,0.043044861406087875
image_2595,0.0018971359822899103
image_2596,0.02294551394879818
image_2597,0.0016192797338590026
image_2598,0.0019763363525271416
image_2599,0.0007962222443893552
image_26,0.002520895330235362
image_260,0.0036518708802759647
image_2600,0.016485894098877907
image_2601,0.007784829940646887
image_2602,0.004476209636777639
image_2603,0.8421024680137634
image_2604,0.00348897697404027
image_2605,0.8964759707450867
image_2606,0.0015839905245229602
image_2607,0.000650752626825124
image_2608,0.0006063155014999211
image_2609,0.0017786954995244741
image_261,0.017346151173114777
image_2610,0.006805958226323128
image_2611,0.0007943495875224471
image_2612,0.014074859209358692
image_2613,3.475007906672545e-05
image_2614,0.018076423555612564
image_2615,0.038735270500183105
image_2616,0.007083652075380087
image_2617,0.01427204255014658
image_2618,0.8120107054710388
image_2619,0.0021080251317471266
image_262,0.03217857703566551
image_2620,0.0044449130073189735
image_2621,6.204073724802583e-05
image_2622,0.0007943855598568916
image_2623,0.109986811876297
image_2624,0.8465601801872253
image_2625,0.9980626702308655
image_2626,0.008941959589719772
image_2627,0.0029489132575690746
image_2628,0.6316576600074768
image_2629,6.818590190960094e-05
image_263,0.0025956465397030115
image_2630,0.007186112459748983
image_2631,0.008518488146364689
image_2632,0.02610911801457405
image_2633,0.08791260421276093
image_2634,0.004648535046726465
image_2635,0.0006334809586405754
image_2636,0.0027025174349546432
image_2637,0.0016735864337533712
image_2638,0.012389582581818104
image_2639,0.005008418578654528
image_264,0.014530538581311703
image_2640,0.006635371595621109
image_2641,0.9460691809654236
image_2642,0.0021518655121326447
image_2643,0.0002743246441241354
image_2644,0.0014683336485177279
image_2645,0.024888575077056885
image_2646,0.0008282519411295652
image_2647,0.0018081993330270052
image_2648,0.0034148860722780228
image_2649,0.1589614450931549
image_265,0.03215280920267105
image_2650,0.03516962751746178
image_2651,0.023101091384887695
image_2652,0.6457164287567139
image_2653,0.002489865990355611
image_2654,0.0002940561098512262
image_2655,0.0016649734461680055
image_2656,0.018701061606407166
image_2657,0.0043458715081214905
image_2658,0.00012676023470703512
image_2659,0.9517322182655334
image_266,0.011400311253964901
image_2660,0.00022356850968208164
image_2661,0.00035970594035461545
image_2662,0.0010087835835292935
image_2663,0.009151042439043522
image_2664,0.012076746672391891
image_2665,0.006189105566591024
image_2666,0.011875989846885204
image_2667,0.0005138132255524397
image_2668,0.0006612432771362364
image_2669,0.027709921821951866
image_267,0.020758766680955887
image_2670,0.01472252607345581
image_2671,0.004366888664662838
image_2672,0.018338581547141075
image_2673,0.004600855056196451
image_2674,0.00015952876128721982
image_2675,0.00013782315363641828
image_2676,0.0010449427645653486
image_2677,0.00026456554769538343
image_2678,0.010551633313298225
image_2679,0.0006336853257380426
image_268,0.016928255558013916
image_2680,0.004552931524813175
image_2681,0.06139232590794563
image_2682,0.058241985738277435
image_2683,0.00013217651576269418
image_2684,0.00022896313748788089
image_2685,0.8175673484802246
image_2686,0.00525676878169179
image_2687,0.003441963577643037
image_2688,0.0005201911553740501
image_2689,0.053694382309913635
image_269,0.9950254559516907
image_2690,0.012684420682489872
image_2691,0.5568994879722595
image_2692,0.003331913845613599
image_2693,0.000610189454164356
image_2694,0.0006446869811043143
image_2695,0.009164546616375446
image_2696,0.002415203023701906
image_2697,0.9847632050514221
image_2698,0.026741990819573402
image_2699,0.002108887769281864
image_27,0.004415926523506641
image_270,0.0011318372562527657
image_2700,0.00020226035849191248
image_2701,0.001767964567989111
image_2702,0.001920224167406559
image_2703,9.938588482327759e-05
image_2704,0.007195787504315376
image_2705,0.002079976722598076
image_2706,0.01162757258862257
image_2707,0.9864571690559387
image_2708,0.00258240825496614
image_2709,0.0009378563845530152
image_271,0.011066637933254242
image_2710,0.004021378234028816
image_2711,0.00035278956056572497
image_2712,0.0006917774444445968
image_2713,0.0005005753482691944
image_2714,0.01758597418665886
image_2715,0.0022418778389692307
image_2716,0.0010099717183038592
image_2717,0.03473673388361931
image_2718,0.9673981070518494
image_2719,0.0005818748031742871
image_272,0.913972795009613
image_2720,0.02138211764395237
image_2721,0.0014264079509302974
image_2722,0.0011956829112023115
image_2723,0.0014678247971460223
image_2724,0.0003686031559482217
image_2725,0.9712196588516235
image_2726,0.0003455881087575108
image_2727,0.024582894518971443
image_2728,0.0010713612427935004
image_2729,0.047941796481609344
image_273,0.9267661571502686
image_2730,0.0008592521771788597
image_2731,0.004518589004874229
image_2732,0.0016964150127023458
image_2733,0.0004371018731035292
image_2734,0.05395834520459175
image_2735,0.003503929590806365
image_2736,0.00023058077204041183
image_2737,0.012475569732487202
image_2738,0.01726742461323738
image_2739,0.028601620346307755
image_274,0.0014528462197631598
image_2740,0.0013411050895228982
image_2741,0.0005428931908681989
image_2742,0.0027937842532992363
image_2743,0.0011014201445505023
image_2744,0.0020959158428013325
image_2745,8.389198046643287e-05
image_2746,0.0027800879906862974
image_2747,0.008161141537129879
image_2748,5.2842813602183014e-05
image_2749,0.0021126763895154
image_275,0.00012820583651773632
image_2750,0.47096794843673706
image_2751,0.0028259202372282743
image_2752,0.0032390037085860968
image_2753,0.0011657275026664138
image_2754,0.018027035519480705
image_2755,0.001863366225734353
image_2756,0.6280304789543152
image_2757,0.0012866448378190398
image_2758,0.004036959260702133
image_2759,0.022544583305716515
image_276,0.017311206087470055
image_2760,0.9262721538543701
image_2761,0.005028850398957729
image_2762,0.0037738948594778776
image_2763,0.019390160217881203
image_2764,0.0005606118938885629
image_2765,0.0010448740795254707
image_2766,0.0027195673901587725
image_2767,0.0017065468709915876
image_2768,0.0010919523192569613
image_2769,0.00022467691451311111
image_277,0.0002585705660749227
image_2770,0.0029044458642601967
image_2771,0.00029508848092518747
image_2772,0.0031031554099172354
image_2773,0.004539110232144594
image_2774,0.03884580358862877
image_2775,0.010270114988088608
image_2776,0.0006038129795342684
image_2777,0.0015963749028742313
image_2778,0.0017479072557762265
image_2779,0.9413973093032837
image_278,0.0030083819292485714
image_2780,0.8843558430671692
image_2781,0.5019640922546387
image_2782,0.8315737247467041
image_2783,0.00013284632586874068
image_2784,0.020456774160265923
image_2785,0.027176642790436745
image_2786,0.0011974951485171914
image_2787,0.001089021796360612
image_2788,0.0017159454291686416
image_2789,0.002183381002396345
image_279,0.00031069578835740685
image_2790,0.001164063112810254
image_2791,0.0009884528117254376
image_2792,0.0011964826844632626
image_2793,0.0016193004557862878
image_2794,0.9783687591552734
image_2795,0.000847925606649369
image_2796,0.001803151797503233
image_2797,0.015338094905018806
image_2798,0.13825386762619019
image_2799,0.07529130578041077
image_28,0.002868189476430416
image_280,0.0007579693919979036
image_2800,0.7361404299736023
image_2801,0.9831492304801941
image_2802,0.00047646521124988794
image_2803,0.00012608816905412823
image_2804,0.003301155986264348
image_2805,0.0001688469637883827
image_2806,0.002964488696306944
image_2807,7.199278479674831e-05
image_2808,0.007107658311724663
image_2809,0.33031904697418213
image_281,0.0038333777338266373
image_2810,0.0020816787146031857
image_2811,0.043004028499126434
image_2812,0.7142241597175598
image_2813,0.8619360327720642
image_2814,0.023591065779328346
image_2815,0.002184308832511306
image_2816,0.0004066909314133227
image_2817,0.009579225443303585
image_2818,0.10709106177091599
image_2819,0.0010946794645860791
image_282,0.29056090116500854
image_2820,0.000980293145403266
image_2821,0.003268713830038905
image_2822,0.9523497223854065
image_2823,0.009676720947027206
image_2824,0.0012869470519945025
image_2825,0.0023384655360132456
image_2826,0.011354009620845318
image_2827,0.0006146631785668433
image_2828,0.0002568070776760578
image_2829,0.0028109897393733263
image_283,0.00014028174336999655
image_2830,0.02191893197596073
image_2831,0.0002993205562233925
image_2832,0.0014065612340345979
image_2833,0.0079398974776268
image_2834,0.00721946032717824
image_2835,0.0005862779216840863
image_2836,0.014350499957799911
image_2837,0.00030089105712249875
image_2838,0.00031430518720299006
image_2839,0.0003048710059374571
image_284,0.0027996262069791555
image_2840,0.00020288904488552362
image_2841,0.00276371743530035
image_2842,7.045070378808305e-05
image_2843,0.7126277685165405
image_2844,0.0012380789266899228
image_2845,0.016695503145456314
image_2846,0.00048753077862784266
image_2847,0.9968468546867371
image_2848,0.00026675444678403437
image_2849,0.05729706212878227
image_285,0.00017058041703421623
image_2850,0.0065658506937325
image_2851,0.013212417252361774
image_2852,0.7026402354240417
image_2853,0.0012268323916941881
image_2854,0.0008418052457273006
image_2855,0.10030302405357361
image_2856,0.0011850653681904078
image_2857,0.7348210215568542
image_2858,0.8171810507774353
image_2859,0.00080358877312392
image_286,0.011367248371243477
image_2860,0.0014580722199752927
image_2861,0.016620878130197525
image_2862,0.004005182534456253
image_2863,0.0023920051753520966
image_2864,0.000672915659379214
image_2865,0.00439061876386404
image_2866,0.0074263447895646095
image_2867,0.0020447848364710808
image_2868,0.026759853586554527
image_2869,0.0010641716653481126
image_287,0.0004960426012985408
image_2870,0.5011495351791382
image_2871,0.00016551824228372425
image_2872,0.9767980575561523
image_2873,0.8925093412399292
image_2874,0.0019163633696734905
image_2875,0.010512889362871647
image_2876,0.012602565810084343
image_2877,0.00037195481127128005
image_2878,0.0013656814116984606
image_2879,0.07897432893514633
image_288,0.008726983331143856
image_2880,0.9913184642791748
image_2881,0.00013896090968046337
image_2882,0.005653015803545713
image_2883,0.00036415690556168556
image_2884,0.01684245839715004
image_2885,0.031541477888822556
image_2886,0.0011646448401734233
image_2887,0.8069387674331665
image_2888,0.2746052145957947
image_2889,0.42610013484954834
image_289,0.0003132127458229661
image_2890,0.00333294621668756
image_2891,0.00012196180614409968
image_2892,0.0011498507810756564
image_2893,0.25536465644836426
image_2894,0.0004826401418540627
image_2895,0.0008402674575336277
image_2896,0.0010860224720090628
image_2897,0.9544969797134399
image_2898,0.013120375573635101
image_2899,0.0009073862456716597
image_29,0.0012838519178330898
image_290,0.0011171810328960419
image_2900,0.0004867903480771929
image_2901,0.004951760172843933
image_2902,0.0007323906174860895
image_2903,0.0012529822997748852
image_2904,0.002418494550511241
image_2905,0.007372809108346701
image_2906,0.00021190980623941869
image_2907,0.9974802136421204
image_2908,0.004160474985837936
image_2909,0.9843756556510925
image_291,0.9957535266876221
image_2910,0.002301546512171626
image_2911,0.005624562967568636
image_2912,0.011236388236284256
image_2913,0.0007980862865224481
image_2914,0.0006529537495225668
image_2915,0.0008045442518778145
image_2916,0.0010954242898151278
image_2917,0.0011558932019397616
image_2918,0.0042039938271045685
image_2919,0.0007906544487923384
image_292,0.00034558415063656867
image_2920,0.008706576190888882
image_2921,0.005085008684545755
image_2922,0.00031351210782304406
image_2923,0.9722720980644226
image_2924,0.007373918779194355
image_2925,0.0005904394201934338
image_2926,0.00103392091114074
image_2927,0.005033409688621759
image_2928,0.008863726630806923
image_2929,0.007477519102394581
image_293,0.046842243522405624
image_2930,0.9658905863761902
image_2931,0.004459992051124573
image_2932,0.007414321880787611
image_2933,0.026070894673466682
image_2934,0.00025037312298081815
image_2935,0.0027669852133840322
image_2936,0.715277373790741
image_2937,0.008905881084501743
image_2938,0.007928119972348213
image_2939,0.02153967134654522
image_294,1.6178799342014827e-05
image_2940,0.0022197698708623648
image_2941,0.000856493366882205
image_2942,0.0007602963596582413
image_2943,0.0008288914687000215
image_2944,0.002046318957582116
image_2945,0.08312273025512695
image_2946,0.0031065132934600115
image_2947,0.006225680932402611
image_2948,0.00017134331574197859
image_2949,0.00041398510802537203
image_295,0.0010552136227488518
image_2950,0.009684260003268719
image_2951,0.0197430606931448
image_2952,0.0014985977904871106
image_2953,0.9025295972824097
image_2954,0.9586701989173889
image_2955,0.002569878939539194
image_2956,0.0036818552762269974
image_2957,0.018869712948799133
image_2958,0.006662524770945311
image_2959,0.0017965665319934487
image_296,0.002728987019509077
image_2960,1.8817436284734868e-05
image_2961,0.0022887340746819973
image_2962,0.5071862936019897
image_2963,5.114847226650454e-05
image_2964,0.0018005531746894121
image_2965,0.00011484220885904506
image_2966,0.011167831718921661
image_2967,0.0028769359923899174
image_2968,0.016177110373973846
image_2969,0.0019583473913371563
image_297,0.00904294103384018
image_2970,3.0095461625023745e-05
image_2971,0.023799661546945572
image_2972,0.1872781664133072
image_2973,0.16268078982830048
image_2974,0.0003429605858400464
image_2975,0.8863745331764221
image_2976,0.6905925869941711
image_2977,0.00022254064970184118
image_2978,0.03711841627955437
image_2979,0.004122335463762283
image_298,0.0034903965424746275
image_2980,0.011354581452906132
image_2981,0.0004168353043496609
image_2982,0.0005108789191581309
image_2983,0.03622962906956673
image_2984,0.9799156188964844
image_2985,0.0008354794699698687
image_2986,0.0009176767198368907
image_2987,0.003378205932676792
image_2988,0.9925724267959595
image_2989,0.001760438666678965
image_299,0.9540831446647644
image_2990,0.00041197764221578836
image_2991,0.00505419448018074
image_2992,0.06203538924455643
image_2993,0.003277064999565482
image_2994,0.003553039161488414
image_2995,0.7138843536376953
image_2996,0.009424155578017235
image_2997,0.0006303909467533231
image_2998,0.09575734287500381
image_2999,0.00031847163336351514
image_3,0.9465672969818115
image_30,0.02940661832690239
image_300,0.0031673822086304426
image_3000,0.6828981041908264
image_3001,0.02429753728210926
image_3002,0.03324587643146515
image_3003,0.0014410356525331736
image_3004,0.0006581016350537539
image_3005,0.006178558804094791
image_3006,0.0029399474151432514
image_3007,0.0006593497237190604
image_3008,0.7442297339439392
image_3009,0.06792192161083221
image_301,0.0015380599070340395
image_3010,0.002033368917182088
image_3011,0.0692262127995491
image_3012,0.0010773526737466455
image_3013,0.007520351093262434
image_3014,0.0015551286051049829
image_3015,0.00029409368289634585
image_3016,0.0003078252193517983
image_3017,0.0030184888746589422
image_3018,0.006200830917805433
image_3019,0.0018470691284164786
image_302,0.6038727760314941
image_3020,0.8594397306442261
image_3021,0.027606036514043808
image_3022,0.29595252871513367
image_3023,0.7403430342674255
image_3024,0.0014191942755132914
image_3025,8.170041837729514e-05
image_3026,0.0036532902158796787
image_3027,0.0009270519367419183
image_3028,0.2705293297767639
image_3029,0.00010329922952223569
image_303,0.0006649674032814801
image_3030,0.02163717709481716
image_3031,0.008533680811524391
image_3032,0.0017277554143220186
image_3033,0.0013434194261208177
image_3034,0.007837580516934395
image_3035,0.9455505013465881
image_3036,0.0008660906460136175
image_3037,0.998635470867157
image_3038,0.0008707800297997892
image_3039,0.005360084120184183
image_304,0.006728684529662132
image_3040,0.0004082301165908575
image_3041,0.00033391197212040424
image_3042,0.006776455324143171
image_3043,0.0005696596927009523
image_3044,0.006048961076885462
image_3045,0.001188681460916996
image_3046,0.004022864159196615
image_3047,0.0007160645327530801
image_3048,0.0004886441165581346
image_3049,0.004858954809606075
image_305,0.00018157780868932605
image_3050,0.0007175649516284466
image_3051,0.056060828268527985
image_3052,0.9381077289581299
image_3053,0.003744628746062517
image_3054,0.022947469726204872
image_3055,0.0006803814903832972
image_3056,0.0003296174400020391
image_3057,0.0203342717140913
image_3058,0.0028070241678506136
image_3059,0.009551730938255787
image_306,0.015395150519907475
image_3060,0.011204075999557972
image_3061,0.0003022161254193634
image_3062,0.8768807053565979
image_3063,0.0011108412872999907
image_3064,3.685319461510517e-05
image_3065,0.013237969018518925
image_3066,0.0015614147996529937
image_3067,0.0009085468482226133
image_3068,0.12606820464134216
image_3069,0.0024983801413327456
image_307,0.0003244856488890946
image_3070,0.9886522889137268
image_3071,0.0012821020791307092
image_3072,0.06576935946941376
image_3073,0.9761161804199219
image_3074,0.001110043260268867
image_3075,0.0006086507928557694
image_3076,0.014262976124882698
image_3077,0.00027966650668531656
image_3078,0.8140053749084473
image_3079,0.0060361591167747974
image_308,0.0006396786775439978
image_3080,0.004215279594063759
image_3081,0.0022132147569209337
image_3082,0.0003108270466327667
image_3083,0.026149684563279152
image_3084,0.0031899637542665005
image_3085,0.004493722692131996
image_3086,0.0010724635794758797
image_3087,0.00034252487239427865
image_3088,0.0029994037467986345
image_3089,0.001250130240805447
image_309,0.19376800954341888
image_3090,0.0008664249908179045
image_3091,0.00016011363186407834
image_3092,0.0004522613016888499
image_3093,0.00196061166934669
image_3094,0.01884596422314644
image_3095,0.02230251394212246
image_3096,0.005337273236364126
image_3097,0.0006973027484491467
image_3098,0.001042925869114697
image_3099,0.0010026944801211357
image_31,0.11913375556468964
image_310,0.005009359680116177
image_3100,0.007336750626564026
image_3101,0.09908973425626755
image_3102,0.0008126043248921633
image_3103,0.011071460321545601
image_3104,0.015032756142318249
image_3105,0.0027247248217463493
image_3106,0.00033262043143622577
image_3107,0.004342264030128717
image_3108,0.00015709945000708103
image_3109,0.0044230688363313675
image_311,0.06117621436715126
image_3110,0.001178685575723648
image_3111,0.0031099366024136543
image_3112,0.14407123625278473
image_3113,0.0010705930180847645
image_3114,0.005832582246512175
image_3115,0.865527868270874
image_3116,0.03990131989121437
image_3117,0.8606563210487366
image_3118,0.022730687633156776
image_3119,0.0009657001937739551
image_312,0.0053411126136779785
image_3120,0.007110008038580418
image_3121,0.0036641419865190983
image_3122,0.0017930089961737394
image_3123,0.19894661009311676
image_3124,0.0011501486878842115
image_3125,0.9032641649246216
image_3126,0.04130120202898979
image_3127,0.003732789307832718
image_3128,0.8034324049949646
image_3129,0.016034886240959167
image_313,5.198071448830888e-05
image_3130,0.1270310878753662
image_3131,0.0017858723876997828
image_3132,0.00023305961803998798
image_3133,0.0002157555427402258
image_3134,0.004059439525008202
image_3135,0.022590331733226776
image_3136,0.001898030866868794
image_3137,0.002195733366534114
image_3138,0.012040351517498493
image_3139,0.05333096906542778
image_314,0.0006927762879058719
image_3140,4.567060386762023e-05
image_3141,0.8689643144607544
image_3142,0.005449641030281782
image_3143,0.0008983890293166041
image_3144,0.000656777061522007
image_3145,0.0004347918729763478
image_3146,0.0035833909641951323
image_3147,0.009629499167203903
image_3148,0.0011916793882846832
image_3149,0.005990460515022278
image_315,0.003781769424676895
image_3150,0.01983366534113884
image_3151,0.0012326714349910617
image_3152,0.01451804768294096
image_3153,0.0050050546415150166
image_3154,0.001211074530147016
image_3155,0.005071502644568682
image_3156,0.001420896966010332
image_3157,0.011510931886732578
image_3158,0.024767452850937843
image_3159,0.015897691249847412
image_316,0.0017192274099215865
image_3160,0.00015985642676241696
image_3161,0.009408117271959782
image_3162,0.00040308997267857194
image_3163,0.01155493501573801
image_3164,0.004113961476832628
image_3165,0.02838943712413311
image_3166,8.894308120943606e-05
image_3167,0.004327625501900911
image_3168,0.9084232449531555
image_3169,0.0010087715927511454
image_317,0.0012382511049509048
image_3170,0.9894294142723083
image_3171,0.0013873183634132147
image_3172,0.005158494226634502
image_3173,0.0008902963018044829
image_3174,0.00338519224897027
image_3175,7.303366146516055e-05
image_3176,0.007949812337756157
image_3177,0.0982632115483284
image_3178,0.00861729122698307
image_3179,0.004537106957286596
image_318,0.0016450078692287207
image_3180,9.41864782362245e-05
image_3181,0.17588430643081665
image_3182,0.005794933531433344
image_3183,0.00272284634411335
image_3184,0.000638401776086539
image_3185,0.007147010415792465
image_3186,0.0009479238069616258
image_3187,0.0007688287296332419
image_3188,1.553490074002184e-05
image_3189,0.002882518107071519
image_319,0.0005595346447080374
image_3190,0.00022658079979009926
image_3191,0.002444782992824912
image_3192,0.013611356727778912
image_3193,0.017842043191194534
image_3194,0.003321262774989009
image_3195,0.051899898797273636
image_3196,0.02113218978047371
image_3197,0.015115977264940739
image_3198,0.00010576659406069666
image_3199,0.006567045580595732
image_32,0.00365658407099545
image_320,0.0005844254046678543
image_3200,0.0011520094703882933
image_3201,0.002580045023933053
image_3202,0.9599730968475342
image_3203,0.009161394089460373
image_3204,0.0017086472362279892
image_3205,0.014878829941153526
image_3206,0.011102081276476383
image_3207,0.006697543431073427
image_3208,0.004704494960606098
image_3209,0.2386961579322815
image_321,0.00039067555917426944
image_3210,0.000790907652117312
image_3211,0.014051650650799274
image_3212,0.00012881548900622874
image_3213,0.9683228731155396
image_3214,0.006636807695031166
image_3215,0.0007933960878290236
image_3216,0.9935046434402466
image_3217,0.0006638991762883961
image_3218,0.0033224087674170732
image_3219,0.00025643734261393547
image_322,0.01216659415513277
image_3220,0.019419146701693535
image_3221,0.00032595093944109976
image_3222,0.001339149079285562
image_3223,0.02669709362089634
image_3224,0.004246794153004885
image_3225,0.0424712710082531
image_3226,0.0005718942848034203
image_3227,0.0018053236417472363
image_3228,0.0031653663609176874
image_3229,0.0009502640459686518
image_323,0.00035928780562244356
image_3230,0.006674752105027437
image_3231,0.001261389465071261
image_3232,0.0011601957958191633
image_3233,0.9950345754623413
image_3234,0.676356852054596
image_3235,0.07555637508630753
image_3236,0.00041098386282101274
image_3237,0.006127149797976017
image_3238,0.01443016342818737
image_3239,0.0010736453114077449
image_324,0.002831588266417384
image_3240,0.005016265902668238
image_3241,0.0004334975965321064
image_3242,0.0031273779459297657
image_3243,0.0016442537307739258
image_3244,0.013581465929746628
image_3245,0.0005623565521091223
image_3246,0.0012084472691640258
image_3247,0.06492843478918076
image_3248,0.0006644042441621423
image_3249,0.0009489693911746144
image_325,0.0005428491858765483
image_3250,0.003743091830983758
image_3251,0.000616208475548774
image_3252,0.0011712996056303382
image_3253,0.0022719295229762793
image_3254,0.9878601431846619
image_3255,0.001621428644284606
image_3256,0.0026750434190034866
image_3257,0.005366537719964981
image_3258,0.01324166264384985
image_3259,0.007806313689798117
image_326,0.00032063527032732964
image_3260,0.022252054885029793
image_3261,0.02037312090396881
image_3262,0.002809876576066017
image_3263,0.028751520439982414
image_3264,0.0019499837653711438
image_3265,0.006639725994318724
image_3266,0.04798261821269989
image_3267,0.003930722363293171
image_3268,0.0021244757808744907
image_3269,0.007155945058912039
image_327,0.03362952545285225
image_3270,0.03292706608772278
image_3271,0.02514893189072609
image_3272,0.008727392181754112
image_3273,0.040135711431503296
image_3274,0.0016084404196590185
image_3275,0.006314615719020367
image_3276,0.0015151103725656867
image_3277,2.0872530512860976e-05
image_3278,0.0005321440403349698
image_3279,0.988477349281311
image_328,0.0023995176889002323
image_3280,0.018474599346518517
image_3281,0.6042054295539856
image_3282,0.003735425416380167
image_3283,0.0017209738725796342
image_3284,0.005367738660424948
image_3285,8.69372597662732e-05
image_3286,0.0004342033062130213
image_3287,0.0037464313209056854
image_3288,0.00025984604144468904
image_3289,0.001718469662591815
image_329,0.0004000964399892837
image_3290,0.0002147701452486217
image_3291,0.0009994173888117075
image_3292,0.7798107266426086
image_3293,0.004875061102211475
image_3294,0.8895081281661987
image_3295,0.010884628631174564
image_3296,0.023197263479232788
image_3297,0.06013115495443344
image_3298,0.004252306651324034
image_3299,2.504764597688336e-05
image_33,0.0007176761282607913
image_330,0.0023851480800658464
image_3300,0.8362547159194946
image_3301,0.0010773506946861744
image_3302,0.014036090113222599
image_3303,0.0890931785106659
image_3304,0.0005947066238150001
image_3305,0.001366857555694878
image_3306,0.0716300755739212
image_3307,0.0002989834174513817
image_3308,0.00036700390046462417
image_3309,0.0030948694329708815
image_331,0.0037835126277059317
image_3310,0.0005083405994810164
image_3311,0.00016708701150491834
image_3312,0.0030194877181202173
image_3313,0.00034828603384085
image_3314,0.04402569308876991
image_3315,0.0002569870848674327
image_3316,0.5429345965385437
image_3317,0.015314017422497272
image_3318,0.002535743173211813
image_3319,0.018781160935759544
image_332,0.001254373462870717
image_3320,0.005397540517151356
image_3321,0.008102190680801868
image_3322,0.0029073264449834824
image_3323,0.0008633906836621463
image_3324,0.00019123281526844949
image_3325,0.00025811244267970324
image_3326,0.0037328654434531927
image_3327,0.006333481520414352
image_3328,0.11780191957950592
image_3329,0.00064441206632182
image_333,0.0008907901355996728
image_3330,0.012608624994754791
image_3331,0.004597370978444815
image_3332,0.01647714339196682
image_3333,0.00013846596993971616
image_3334,0.989012598991394
image_3335,0.0024086253251880407
image_3336,0.0008239790913648903
image_3337,0.7153088450431824
image_3338,0.0035646746400743723
image_3339,0.0005129791097715497
image_334,0.005730577744543552
image_3340,3.0395140129257925e-05
image_3341,0.00670420890673995
image_3342,0.00010293668310623616
image_3343,0.0026300735771656036
image_3344,5.6300388678209856e-05
image_3345,0.6169852614402771
image_3346,0.01641351543366909
image_3347,0.049094267189502716
image_3348,0.003914959728717804
image_3349,0.0023377470206469297
image_335,0.00088618224253878
image_3350,0.00108380860183388
image_3351,0.0025526382960379124
image_3352,0.9644629955291748
image_3353,0.007714279927313328
image_3354,0.00027456486714072526
image_3355,0.0013713495573028922
image_3356,0.00025633786572143435
image_3357,0.0005794153548777103
image_3358,0.04158567637205124
image_3359,0.00016191437316592783
image_336,0.0010942849330604076
image_3360,0.9031208157539368
image_3361,0.012257649563252926
image_3362,0.005612766370177269
image_3363,0.004427161067724228
image_3364,8.750750566832721e-05
image_3365,0.94426429271698
image_3366,0.004667853470891714
image_3367,0.0017662957543507218
image_3368,0.0015581636689603329
image_3369,0.00044311874080449343
image_337,0.003449993906542659
image_3370,0.0020912594627588987
image_3371,0.9826756715774536
image_3372,0.023728637024760246
image_3373,0.03101191855967045
image_3374,0.0010641691042110324
image_3375,0.0011852403404191136
image_3376,0.01445505116134882
image_3377,0.9710071086883545
image_3378,3.094652856816538e-05
image_3379,0.0010281795402988791
image_338,0.0003876623813994229
image_3380,9.899307769956067e-05
image_3381,0.00613939855247736
image_3382,0.15242958068847656
image_3383,0.00521569000557065
image_3384,0.005362052470445633
image_3385,0.0009695163462311029
image_3386,0.004657405894249678
image_3387,0.9438639879226685
image_3388,0.0039363945834338665
image_3389,0.0007112429011613131
image_339,0.35238832235336304
image_3390,0.891628623008728
image_3391,0.0004794238193426281
image_3392,0.9100692868232727
image_3393,0.0009007859625853598
image_3394,0.004934670869261026
image_3395,0.0007652901113033295
image_3396,0.00022903014905750751
image_3397,0.0007490341085940599
image_3398,1.814365532482043e-05
image_3399,0.019926344975829124
image_34,0.00035208885674364865
image_340,0.015896057710051537
image_3400,0.00447347154840827
image_3401,0.0017480113310739398
image_3402,0.05548425763845444
image_3403,0.022508203983306885
image_3404,0.0007990828598849475
image_3405,0.0007230223855003715
image_3406,0.0009648366831243038
image_3407,0.004027760121971369
image_3408,0.35690414905548096
image_3409,0.004813170526176691
image_341,0.10264338552951813
image_3410,0.032706018537282944
image_3411,7.952241139719263e-05
image_3412,0.8827624320983887
image_3413,0.0015823646681383252
image_3414,0.9964717626571655
image_3415,3.51317721651867e-05
image_3416,0.00029304969939403236
image_3417,0.00031638803193345666
image_3418,0.00032662131707184017
image_3419,0.9514225721359253
image_342,0.003774479031562805
image_3420,0.019622789695858955
image_3421,0.00012813189823646098
image_3422,0.010239879600703716
image_3423,0.004182504024356604
image_3424,0.0012075768318027258
image_3425,0.0024601465556770563
image_3426,0.0055063096806406975
image_3427,0.0005158440908417106
image_3428,0.44182416796684265
image_3429,0.8447532653808594
image_343,0.0204591304063797
image_3430,0.0038920799270272255
image_3431,0.010612012818455696
image_3432,0.8678414225578308
image_3433,0.005733762867748737
image_3434,0.002466937294229865
image_3435,7.232948701130226e-05
image_3436,0.0001331137609668076
image_3437,0.0015536774881184101
image_3438,0.0020798586774617434
image_3439,0.0016997010679915547
image_344,0.6945116519927979
image_3440,0.02912863902747631
image_3441,0.004741321317851543
image_3442,0.016612960025668144
image_3443,0.0036944132298231125
image_3444,0.0022318668197840452
image_3445,0.0002436645736452192
image_3446,0.004124471917748451
image_3447,0.0024732535239309072
image_3448,0.7687293887138367
image_3449,0.020008951425552368
image_345,0.8118020296096802
image_3450,0.00364892790094018
image_3451,0.0004132540780119598
image_3452,0.0276153814047575
image_3453,0.005129875149577856
image_3454,0.007089970633387566
image_3455,0.021168166771531105
image_3456,0.0020282750483602285
image_3457,0.0007696496322751045
image_3458,0.0007384021300822496
image_3459,0.0007748389034532011
image_346,0.008424210362136364
image_3460,0.0007394358981400728
image_3461,0.001135795610025525
image_3462,0.5812881588935852
image_3463,0.005471100565046072
image_3464,0.008157467469573021
image_3465,0.0001959538203664124
image_3466,0.9713441729545593
image_3467,0.0063034179620444775
image_3468,0.916863739490509
image_3469,0.0008243233896791935
image_347,0.0038066559936851263
image_3470,0.991716206073761
image_3471,9.699323709355667e-05
image_3472,0.6705519556999207
image_3473,0.0009736008360050619
image_3474,0.003867850871756673
image_3475,0.0008385289111174643
image_3476,0.003884886158630252
image_3477,0.15200559794902802
image_3478,0.18660728633403778
image_3479,0.005558921955525875
image_348,0.005019110627472401
image_3480,0.11195847392082214
image_3481,0.8733431100845337
image_3482,0.0017026601126417518
image_3483,0.001302765915170312
image_3484,0.0001877372560556978
image_3485,0.0031272899359464645
image_3486,0.0012468891218304634
image_3487,0.0004244358278810978
image_3488,6.412093352992088e-05
image_3489,0.014127208851277828
image_349,0.00043348022154532373
image_3490,0.0020797569304704666
image_3491,0.8003913760185242
image_3492,0.96903395652771
image_3493,0.00018540103337727487
image_3494,0.8834854960441589
image_3495,0.0010979154612869024
image_3496,0.017208978533744812
image_3497,0.009065033867955208
image_3498,0.004605436697602272
image_3499,0.2822282016277313
image_35,0.9931671023368835
image_350,6.660350481979549e-05
image_3500,0.009112883359193802
image_3501,0.0018179839244112372
image_3502,0.0010189162567257881
image_3503,0.0001534583279863
image_3504,0.002563995774835348
image_3505,0.006660542916506529
image_3506,0.0006757472292520106
image_3507,0.0021327720023691654
image_3508,0.0006128389504738152
image_3509,0.04530348256230354
image_351,0.0070422254502773285
image_3510,0.0006263756658881903
image_3511,0.0014784601517021656
image_3512,0.0008573821396566927
image_3513,3.398982516955584e-05
image_3514,0.003063349984586239
image_3515,0.012182324193418026
image_3516,0.01824280433356762
image_3517,0.0006954146665520966
image_3518,0.0017286899965256453
image_3519,0.9902324676513672
image_352,0.5229490995407104
image_3520,3.602308424888179e-05
image_3521,0.8863771557807922
image_3522,0.005707654636353254
image_3523,0.003844201797619462
image_3524,0.0008075998048298061
image_3525,2.0294923160690814e-05
image_3526,0.0012423333246260881
image_3527,0.5569228529930115
image_3528,0.0006311736651696265
image_3529,0.002617242746055126
image_353,0.0001904492819448933
image_3530,0.0028310674242675304
image_3531,0.021741151809692383
image_3532,0.00020527740707620978
image_3533,0.003006884828209877
image_3534,0.002155825262889266
image_3535,0.008594062179327011
image_3536,0.002143003512173891
image_3537,0.001370418001897633
image_3538,0.01200264971703291
image_3539,0.9480661749839783
image_354,0.00014876853674650192
image_3540,0.587226390838623
image_3541,0.7777122259140015
image_3542,0.00012320645328145474
image_3543,0.9227468967437744
image_3544,0.01662564091384411
image_3545,0.0003678266948554665
image_3546,0.007827375084161758
image_3547,0.002670664107427001
image_3548,0.01498421374708414
image_3549,8.438387885689735e-05
image_355,0.0011339210905134678
image_3550,0.8668199777603149
image_3551,0.0012348649324849248
image_3552,0.002021250780671835
image_3553,0.01773964799940586
image_3554,7.550100417574868e-05
image_3555,0.017909342423081398
image_3556,0.04559897258877754
image_3557,0.025138219818472862
image_3558,0.0014267524238675833
image_3559,0.0021911675576120615
image_356,0.6466199159622192
image_3560,0.0052045490592718124
image_3561,0.0006666654371656477
image_3562,0.0009316217619925737
image_3563,0.00019876669102814049
image_3564,0.005389572586864233
image_3565,0.9463649392127991
image_3566,0.010219091549515724
image_3567,0.007535064592957497
image_3568,0.9977678060531616
image_3569,0.002422414720058441
image_357,0.00026146636810153723
image_3570,0.002597931306809187
image_3571,0.0001868566614575684
image_3572,0.01404154859483242
image_3573,0.6463027000427246
image_3574,0.0008507480379194021
image_3575,0.0012240601936355233
image_3576,0.6882678866386414
image_3577,0.9884099960327148
image_3578,0.9540753364562988
image_3579,0.00011964317673118785
image_358,5.556798350880854e-05
image_3580,0.6962505578994751
image_3581,0.003405740950256586
image_3582,0.0017882994143292308
image_3583,0.000791307189501822
image_3584,0.0990908220410347
image_3585,0.0002797665074467659
image_3586,0.09441421180963516
image_3587,0.009567520581185818
image_3588,0.0011915579671040177
image_3589,1.6978328858385794e-05
image_359,0.8313559889793396
image_3590,0.004881272092461586
image_3591,0.0009546556975692511
image_3592,0.007519052363932133
image_3593,0.00016032170969992876
image_3594,0.0002949394111055881
image_3595,0.00030751252779737115
image_3596,0.03889232128858566
image_3597,0.06834222376346588
image_3598,0.0007157898508012295
image_3599,0.014897242188453674
image_36,4.190222898614593e-05
image_360,0.00025127778644673526
image_3600,4.4906748371431604e-05
image_3601,0.00144345557782799
image_3602,0.006837733089923859
image_3603,0.019699908792972565
image_3604,0.01066507212817669
image_3605,0.08067044615745544
image_3606,0.00017180514987558126
image_3607,0.0003364321601111442
image_3608,0.003966210875660181
image_3609,0.00025597590138204396
image_361,0.00044668075861409307
image_3610,0.0005298672476783395
image_3611,0.10004246234893799
image_3612,0.7659837007522583
image_3613,0.04320913925766945
image_3614,0.02685883827507496
image_3615,0.001401806715875864
image_3616,0.001475245226174593
image_3617,0.001334390020929277
image_3618,0.004414044786244631
image_3619,0.0005024099955335259
image_362,0.0010491827270016074
image_3620,0.00020397470507305115
image_3621,0.000799233210273087
image_3622,0.003986366558820009
image_3623,0.0003617233014665544
image_3624,0.0018230313435196877
image_3625,0.005352980922907591
image_3626,0.006778230424970388
image_3627,0.0010207020677626133
image_3628,0.0027849264442920685
image_3629,0.8429592847824097
image_363,0.0037003327161073685
image_3630,0.0006250812439247966
image_3631,0.0006101635517552495
image_3632,0.6960737109184265
image_3633,0.0003124814247712493
image_3634,0.0007639792747795582
image_3635,0.0018573914421722293
image_3636,0.004659148398786783
image_3637,0.9570363163948059
image_3638,0.004414998460561037
image_3639,0.0013317626435309649
image_364,0.002132951747626066
image_3640,0.0022581685334444046
image_3641,0.00498525844886899
image_3642,0.0006502926698885858
image_3643,0.10370053350925446
image_3644,0.00990232639014721
image_3645,0.0012674654135480523
image_3646,0.0020085442811250687
image_3647,0.1584162563085556
image_3648,0.003089478937909007
image_3649,0.45610734820365906
image_365,0.9720730185508728
image_3650,0.8756245374679565
image_3651,0.0028860808815807104
image_3652,0.9502323865890503
image_3653,0.004860555287450552
image_3654,0.02717127464711666
image_3655,0.008935108780860901
image_3656,0.0004475572786759585
image_3657,0.00032993213972076774
image_3658,0.008351283147931099
image_3659,5.521734419744462e-05
image_366,0.0998569056391716
image_3660,0.006240029353648424
image_3661,0.009902055375277996
image_3662,0.9941498041152954
image_3663,0.0012621593195945024
image_3664,0.0032812641002237797
image_3665,0.6712527275085449
image_3666,0.020429566502571106
image_3667,0.00012491906818468124
image_3668,0.2980435788631439
image_3669,0.001138248830102384
image_367,0.9808171987533569
image_3670,0.005376256536692381
image_3671,0.000891392061021179
image_3672,0.0021542739123106003
image_3673,0.0012202512007206678
image_3674,0.024470502510666847
image_3675,0.0014374788152053952
image_3676,0.013440413400530815
image_3677,0.9849547147750854
image_3678,0.005839531775563955
image_3679,0.010948650538921356
image_368,0.0003493698313832283
image_3680,0.10821167379617691
image_3681,0.0006177968461997807
image_3682,0.0002506461169105023
image_3683,0.00011288109089946374
image_3684,0.08630725741386414
image_3685,0.0004450505948625505
image_3686,0.00033483546576462686
image_3687,0.0004476185131352395
image_3688,0.004202732816338539
image_3689,0.007085732184350491
image_369,0.8386389017105103
image_3690,0.9967595934867859
image_3691,0.0012134324060752988
image_3692,0.012143909931182861
image_3693,0.09941980242729187
image_3694,0.0003115833387710154
image_3695,0.002406727522611618
image_3696,0.0008787049446254969
image_3697,0.0008674204000271857
image_3698,0.015153070911765099
image_3699,0.01683223620057106
image_37,0.00026217332924716175
image_370,0.002716244198381901
image_3700,0.020150966942310333
image_3701,0.0012636977480724454
image_3702,0.2033189833164215
image_3703,0.00022309579071588814
image_3704,0.9975110292434692
image_3705,0.0010174608323723078
image_3706,0.7262879014015198
image_3707,0.004187203478068113
image_3708,0.005551630165427923
image_3709,0.0011000244412571192
image_371,0.0005235293647274375
image_3710,0.991915762424469
image_3711,4.802444891538471e-05
image_3712,0.9893633723258972
image_3713,0.007631282787770033
image_3714,0.0029142876155674458
image_3715,0.00010237822425551713
image_3716,0.0020178286358714104
image_3717,4.7550238377880305e-05
image_3718,0.007157564628869295
image_3719,0.0031992034055292606
image_372,0.9336232542991638
image_3720,0.004589371848851442
image_3721,0.2131747305393219
image_3722,0.0002559236891102046
image_3723,0.8704736828804016
image_3724,0.009478780440986156
image_3725,0.8155848383903503
image_3726,0.023072561249136925
image_3727,0.6932048201560974
image_3728,0.001382805872708559
image_3729,0.0002563745074439794
image_373,0.0013204279821366072
image_3730,0.1164589524269104
image_3731,0.0032487972639501095
image_3732,0.016824590042233467
image_3733,0.0013560658553615212
image_3734,0.9477565884590149
image_3735,0.006217219401150942
image_3736,0.0003976842272095382
image_3737,0.0040926034562289715
image_3738,0.001972771482542157
image_3739,0.001724615111015737
image_374,0.003257613629102707
image_3740,0.019543610513210297
image_3741,0.9901788234710693
image_3742,0.001262637204490602
image_3743,0.0005829061847180128
image_3744,0.011946252547204494
image_3745,0.0012989294482395053
image_3746,0.0017217276617884636
image_3747,0.004233311861753464
image_3748,0.000140814867336303
image_3749,0.0002024409332079813
image_375,0.753254234790802
image_3750,0.8032286763191223
image_3751,0.0011306226952001452
image_3752,0.0032488233409821987
image_3753,0.05323973670601845
image_3754,0.014364407397806644
image_3755,0.0023501396644860506
image_3756,0.002064597560092807
image_3757,0.014590788632631302
image_3758,8.194652036763728e-05
image_3759,0.0022534492891281843
image_376,0.00027492528897710145
image_3760,0.0009257526253350079
image_3761,0.007484363857656717
image_3762,0.00046380877029150724
image_3763,0.013570918701589108
image_3764,0.002952926093712449
image_3765,2.6881023586611263e-05
image_3766,0.0009319152450188994
image_3767,0.0007552220486104488
image_3768,0.00013633839262183756
image_3769,0.00380218168720603
image_377,0.003157643834128976
image_3770,0.005474370904266834
image_3771,0.0016437818994745612
image_3772,0.015800902619957924
image_3773,0.0005433440674096346
image_3774,0.006819889880716801
image_3775,0.00471833348274231
image_3776,0.0018984933849424124
image_3777,0.028855226933956146
image_3778,0.0006147850072011352
image_3779,0.0004554126935545355
image_378,0.03232017904520035
image_3780,0.9703889489173889
image_3781,0.0009586465312168002
image_3782,0.0008390232687816024
image_3783,0.02913658693432808
image_3784,0.00019226032600272447
image_3785,0.03842291980981827
image_3786,0.008862156420946121
image_3787,0.8356971740722656
image_3788,0.0001619296526769176
image_3789,0.989015519618988
image_379,0.9319775700569153
image_3790,0.013103801757097244
image_3791,0.000682366662658751
image_3792,0.0004149514716118574
image_3793,0.0001375155698042363
image_3794,0.0005036388756707311
image_3795,0.0014827733393758535
image_3796,0.004998191725462675
image_3797,0.001634663320146501
image_3798,0.0009891513036563993
image_3799,0.004406844265758991
image_38,0.001107996329665184
image_380,0.0066984426230192184
image_3800,0.00030025746673345566
image_3801,0.0010691966162994504
image_3802,0.020937420427799225
image_3803,0.09035562723875046
image_3804,0.007441733498126268
image_3805,0.004467580001801252
image_3806,0.00048692163545638323
image_3807,0.0008292468846775591
image_3808,0.0016530014108866453
image_3809,0.9945764541625977
image_381,0.8162122368812561
image_3810,0.00032015080796554685
image_3811,0.0023450148291885853
image_3812,0.001851470791734755
image_3813,0.0011780844070017338
image_3814,0.0020484398119151592
image_3815,0.006533003877848387
image_3816,0.0007563550025224686
image_3817,0.9142023324966431
image_3818,7.200589607236907e-05
image_3819,0.8509001135826111
image_382,0.00015283958055078983
image_3820,1.6409598174504936e-05
image_3821,0.000467832142021507
image_3822,0.0030252940487116575
image_3823,0.01841067522764206
image_3824,0.022912830114364624
image_3825,0.0010739066638052464
image_3826,0.0015559515450149775
image_3827,5.452538971439935e-05
image_3828,0.0002862860856112093
image_3829,0.011058181524276733
image_383,0.6460721492767334
image_3830,0.0025818764697760344
image_3831,0.008905868045985699
image_3832,0.021678602322936058
image_3833,0.974275529384613
image_3834,0.005931687541306019
image_3835,0.0008769057458266616
image_3836,0.007382076233625412
image_3837,0.012047586031258106
image_3838,0.047126803547143936
image_3839,0.010192041285336018
image_384,0.008801697753369808
image_3840,0.00037805954343639314
image_3841,0.004513799678534269
image_3842,0.0028815357945859432
image_3843,0.0012243714882060885
image_3844,0.0003736084036063403
image_3845,0.004099132958799601
image_3846,0.9862419366836548
image_3847,0.0013984930701553822
image_3848,0.001675431034527719
image_3849,0.789097785949707
image_385,0.022306112572550774
image_3850,0.960099995136261
image_3851,0.003475378965958953
image_3852,0.9501924514770508
image_3853,0.0014352520229294896
image_3854,2.297298669873271e-05
image_3855,0.00640811026096344
image_3856,0.0005381730734370649
image_3857,0.006104408763349056
image_3858,0.0006909110816195607
image_3859,0.9549464583396912
image_386,0.0006058173021301627
image_3860,0.0019384983461350203
image_3861,0.00023062300169840455
image_3862,0.0025683161802589893
image_3863,0.00319225387647748
image_3864,0.013409328646957874
image_3865,0.004885707050561905
image_3866,0.000344649248290807
image_3867,5.935235458309762e-05
image_3868,0.9675273299217224
image_3869,0.0016970087308436632
image_387,0.9940314888954163
image_3870,0.006807895842939615
image_3871,0.0011955484515056014
image_3872,0.00032409827690571547
image_3873,0.001106042298488319
image_3874,0.030175363644957542
image_3875,0.03338611498475075
image_3876,0.836894690990448
image_3877,0.04524703696370125
image_3878,0.008631311357021332
image_3879,0.024020392447710037
image_388,0.0006090796669013798
image_3880,0.001650858554057777
image_3881,0.00012200112541904673
image_3882,0.00278034177608788
image_3883,0.28659096360206604
image_3884,0.0010938778286799788
image_3885,0.0012723718537017703
image_3886,0.08699102699756622
image_3887,0.004175390116870403
image_3888,0.002218455309048295
image_3889,0.0003503851476125419
image_389,0.025545407086610794
image_3890,0.014111563563346863
image_3891,0.7131841778755188
image_3892,0.9765920042991638
image_3893,0.026967667043209076
image_3894,0.04427867755293846
image_3895,0.49659407138824463
image_3896,0.005237273871898651
image_3897,0.022131217643618584
image_3898,0.0005469767493195832
image_3899,0.042615216225385666
image_39,0.872544527053833
image_390,0.0012842151336371899
image_3900,0.00022203348635230213
image_3901,0.013730756007134914
image_3902,0.06821791082620621
image_3903,0.012504246085882187
image_3904,0.0008410916780121624
image_3905,0.005648886784911156
image_3906,4.392487880977569e-06
image_3907,0.000166932528372854
image_3908,0.0003593123401515186
image_3909,0.0009447954362258315
image_391,0.06363578885793686
image_3910,0.0008791110012680292
image_3911,0.017342209815979004
image_3912,0.9781433343887329
image_3913,0.43387845158576965
image_3914,0.0010310206562280655
image_3915,0.0008809504215605557
image_3916,0.6127079129219055
image_3917,0.9956361651420593
image_3918,0.006573278922587633
image_3919,0.0006293230107985437
image_392,0.0909443125128746
image_3920,0.0028172882739454508
image_3921,0.04121890664100647
image_3922,0.00857490673661232
image_3923,0.0005651910905726254
image_3924,0.0028118344489485025
image_3925,0.0003033280372619629
image_3926,0.0005928475293330848
image_3927,0.007203919347375631
image_3928,0.0069716013967990875
image_3929,0.011232245713472366
image_393,0.0009174169972538948
image_3930,0.0010119224898517132
image_3931,0.13335475325584412
image_3932,0.004181902389973402
image_3933,0.00019386052736081183
image_3934,0.0041988687589764595
image_3935,0.00019782927120104432
image_3936,0.0005850903107784688
image_3937,0.0008827022393234074
image_3938,0.004243678413331509
image_3939,0.0004721477744169533
image_394,0.0006883334135636687
image_3940,0.0008882301626726985
image_3941,0.0006603694637306035
image_3942,0.018871517851948738
image_3943,0.0907326191663742
image_3944,0.00028234938508830965
image_3945,0.0008634243276901543
image_3946,0.0005025122663937509
image_3947,0.001216070493683219
image_3948,0.005169385578483343
image_3949,0.0034055986907333136
image_395,0.0006824203301221132
image_3950,0.000780688424129039
image_3951,0.005602192133665085
image_3952,0.0044961231760680676
image_3953,0.9809788465499878
image_3954,0.002368360524997115
image_3955,0.0010659416439011693
image_3956,0.003896621521562338
image_3957,0.06894512474536896
image_3958,0.0016893051797524095
image_3959,0.002880534389987588
image_396,0.00026643011369742453
image_3960,0.0019411395769566298
image_3961,0.0009410075144842267
image_3962,0.07095252722501755
image_3963,0.017194660380482674
image_3964,0.001449167262762785
image_3965,3.730754542630166e-05
image_3966,0.0010694620432332158
image_3967,0.00583531754091382
image_3968,0.0010627441806718707
image_3969,0.00957394763827324
image_397,0.036804329603910446
image_3970,0.00874929130077362
image_3971,0.01093608420342207
image_3972,0.006044731009751558
image_3973,0.0006068473448976874
image_3974,0.015797989442944527
image_3975,0.01719997264444828
image_3976,0.006649579852819443
image_3977,0.0010802611941471696
image_3978,0.0006337520899251103
image_3979,0.004535681568086147
image_398,0.02143521048128605
image_3980,0.0034579341299831867
image_3981,0.0002648060326464474
image_3982,0.0007386350771412253
image_3983,0.0015234765596687794
image_3984,0.0018731491873040795
image_3985,0.011163303628563881
image_3986,0.00580671476200223
image_3987,0.03738909959793091
image_3988,0.09915149956941605
image_3989,0.0006763119017705321
image_399,7.918824849184602e-05
image_3990,0.0023657570127397776
image_3991,0.0009882842423394322
image_3992,0.012120540253818035
image_3993,0.011041595600545406
image_3994,0.0009097674628719687
image_3995,0.0009799256222322583
image_3996,0.0039896778762340546
image_3997,0.000679738586768508
image_3998,0.0003341693081893027
image_3999,0.9722795486450195
image_4,0.0032610560301691294
image_40,0.06575899571180344
image_400,0.0019160349620506167
image_4000,0.01983341947197914
image_4001,0.954655647277832
image_4002,0.0002812666061799973
image_4003,0.0018370829056948423
image_4004,0.8235507607460022
image_4005,0.00707101309671998
image_4006,0.8681339025497437
image_4007,0.0034804889000952244
image_4008,0.06119105964899063
image_4009,0.00647836085408926
image_401,0.02218017540872097
image_4010,0.002124935621395707
image_4011,0.008496479131281376
image_4012,0.00048622945905663073
image_4013,0.0015113054541870952
image_4014,0.0009655483299866319
image_4015,0.9754675030708313
image_4016,0.007503305561840534
image_4017,0.0005283509381115437
image_4018,0.5053926706314087
image_4019,0.00012801660341210663
image_402,0.003325521247461438
image_4020,0.04894375056028366
image_4021,0.00041128273005597293
image_4022,0.011998116970062256
image_4023,0.9676836729049683
image_4024,0.003291541477665305
image_4025,0.0008539231494069099
image_4026,0.016411537304520607
image_4027,0.9661597013473511
image_4028,0.007755928672850132
image_4029,0.004866588395088911
image_403,0.007664945907890797
image_4030,0.003577349241822958
image_4031,0.0004945400869473815
image_4032,0.002062123268842697
image_4033,0.0307320486754179
image_4034,0.0014444008702412248
image_4035,0.00396713986992836
image_4036,0.0009908948559314013
image_4037,0.002412645611912012
image_4038,0.003908432554453611
image_4039,0.5578600168228149
image_404,0.015996133908629417
image_4040,0.00047052156878635287
image_4041,0.026671940460801125
image_4042,0.04818824678659439
image_4043,0.050397682934999466
image_4044,0.0038057160563766956
image_4045,0.0006150302942842245
image_4046,0.0010405330685898662
image_4047,0.00024025587481446564
image_4048,0.0001690547651378438
image_4049,0.0020186498295515776
image_405,0.0012869542697444558
image_4050,0.00024624340585432947
image_4051,0.01055007055401802
image_4052,0.009604307822883129
image_4053,0.04147586226463318
image_4054,0.0006989719695411623
image_4055,0.0002440458774799481
image_4056,0.05562121793627739
image_4057,0.0004633151984307915
image_4058,0.0032781774643808603
image_4059,0.0009210587595589459
image_406,0.0016034304862841964
image_4060,0.0009115382563322783
image_4061,0.24297407269477844
image_4062,0.990820586681366
image_4063,0.0019197618821635842
image_4064,0.0009032685775309801
image_4065,0.0021338348742574453
image_4066,0.0008890730678103864
image_4067,0.0005770219140686095
image_4068,0.0038705049082636833
image_4069,0.0006675829063169658
image_407,0.04012097790837288
image_4070,0.044957902282476425
image_4071,0.0002086084132315591
image_4072,0.004737270530313253
image_4073,0.00045685929944738746
image_4074,0.006229963153600693
image_4075,0.009331018663942814
image_4076,0.007627314422279596
image_4077,8.71371230459772e-05
image_4078,0.0027759720105677843
image_4079,0.0004748250648844987
image_408,0.005598490126430988
image_4080,0.9994202852249146
image_4081,0.0012987772934138775
image_4082,0.002582657616585493
image_4083,0.7955961227416992
image_4084,0.051300447434186935
image_4085,0.01087950449436903
image_4086,0.0060918983072042465
image_4087,0.9318674206733704
image_4088,0.002414890332147479
image_4089,0.031209900975227356
image_409,0.0016832398250699043
image_4090,0.05908253788948059
image_4091,0.9781447052955627
image_4092,0.0007898791809566319
image_4093,0.0021683077793568373
image_4094,5.2259343647165224e-05
image_4095,0.9855912923812866
image_4096,0.0021878185216337442
image_4097,0.008041486144065857
image_4098,0.002654898213222623
image_4099,0.0016020546900108457
image_41,0.003201583866029978
image_410,0.00047377709415741265
image_4100,0.011302419938147068
image_4101,0.00403235899284482
image_4102,0.3885028660297394
image_4103,0.0011432617902755737
image_4104,0.07279390096664429
image_4105,0.0008113987860269845
image_4106,0.006122490856796503
image_4107,0.023156214505434036
image_4108,0.9379081130027771
image_4109,0.0009677578927949071
image_411,0.0026029227301478386
image_4110,0.03704982250928879
image_4111,0.008441414684057236
image_4112,0.008729266002774239
image_4113,0.0005605881451629102
image_4114,0.0008292568963952363
image_4115,0.00010724070307333022
image_4116,0.012108716182410717
image_4117,0.0017924185376614332
image_4118,0.04060967266559601
image_4119,0.02031390555202961
image_412,0.0003289506712462753
image_4120,0.015664605423808098
image_4121,0.0006737653166055679
image_4122,0.0009145736694335938
image_4123,0.0006741817924194038
image_4124,0.001063586794771254
image_4125,0.009512982331216335
image_4126,0.5195841193199158
image_4127,0.004849388729780912
image_4128,0.0009009242639876902
image_4129,0.0049650948494672775
image_413,0.6968774795532227
image_4130,3.9407135773217306e-05
image_4131,0.000279648374998942
image_4132,0.02627844363451004
image_4133,0.0021415092051029205
image_4134,0.03782322630286217
image_4135,0.006750531028956175
image_4136,0.9777275323867798
image_4137,0.4887053668498993
image_4138,0.9962815642356873
image_4139,0.001063156290911138
image_414,0.00010071534779854119
image_4140,0.001159369945526123
image_4141,0.5417645573616028
image_4142,2.6114523279829882e-05
image_4143,0.0013182905968278646
image_4144,0.00546386418864131
image_4145,0.43198350071907043
image_4146,0.0005854308255948126
image_4147,0.0017654309049248695
image_4148,0.00011141815048176795
image_4149,0.001221955637447536
image_415,0.01430601254105568
image_4150,0.0005029876483604312
image_4151,0.01574963517487049
image_4152,0.002553002443164587
image_4153,0.0029977632220834494
image_4154,0.0003980138571932912
image_4155,0.0028822661843150854
image_4156,0.0035575733054429293
image_4157,0.0006925608031451702
image_4158,0.010263292118906975
image_4159,0.20448309183120728
image_416,0.0006832421640865505
image_4160,0.015825141221284866
image_4161,0.9902958273887634
image_4162,0.00380056188441813
image_4163,0.007311095949262381
image_4164,0.05612191557884216
image_4165,0.8393838405609131
image_4166,0.4379805326461792
image_4167,0.000951829890254885
image_4168,0.0009666359401308
image_4169,0.13305982947349548
image_417,0.04363306239247322
image_4170,0.0053017716854810715
image_4171,0.003097771666944027
image_4172,0.0009551961557008326
image_4173,0.6200602650642395
image_4174,0.00895363837480545
image_4175,0.05158379673957825
image_4176,0.004014022182673216
image_4177,0.005462949629873037
image_4178,0.0009501309832558036
image_4179,0.9887571930885315
image_418,3.147488314425573e-05
image_4180,0.0015206945827230811
image_4181,0.0035260713193565607
image_4182,0.001170158269815147
image_4183,1.2876818800577894e-05
image_4184,0.006450051441788673
image_4185,0.02557208016514778
image_4186,0.00820141937583685
image_4187,0.06117311865091324
image_4188,8.849283767631277e-05
image_4189,0.002694789320230484
image_419,0.7886143326759338
image_4190,0.9971621632575989
image_4191,0.0014655188424512744
image_4192,0.0012655369937419891
image_4193,0.003916861955076456
image_4194,0.0015905761392787099
image_4195,0.008834130130708218
image_4196,7.186835136963055e-05
image_4197,0.0003068383957725018
image_4198,0.011529279872775078
image_4199,0.1776551455259323
image_42,0.0011186272604390979
image_420,0.003214676398783922
image_4200,0.000180669580004178
image_4201,0.01593214087188244
image_4202,0.0010292227379977703
image_4203,0.00348686589859426
image_4204,0.009744714014232159
image_4205,0.003519844263792038
image_4206,0.008341649547219276
image_4207,0.005105826538056135
image_4208,0.061665378510951996
image_4209,0.001361265778541565
image_421,0.05964961275458336
image_4210,0.027498241513967514
image_4211,0.0008819077629595995
image_4212,0.0005782716907560825
image_4213,0.004255318082869053
image_4214,0.017266210168600082
image_4215,0.03463445231318474
image_4216,0.0015669746790081263
image_4217,8.443837577942759e-05
image_4218,0.0003876035625580698
image_4219,0.19114795327186584
image_422,0.00018769984308164567
image_4220,0.013213081285357475
image_4221,0.1629202961921692
image_4222,0.0001183830390800722
image_4223,0.012900899164378643
image_4224,0.0023238379508256912
image_4225,0.0056698922999203205
image_4226,0.05380532145500183
image_4227,0.0018185983644798398
image_4228,0.003403904614970088
image_4229,0.0013045774539932609
image_423,0.0003214484895579517
image_4230,0.002380456542596221
image_4231,0.5962270498275757
image_4232,0.8575267791748047
image_4233,0.01580994576215744
image_4234,0.008814249187707901
image_4235,0.011974268592894077
image_4236,0.9542995691299438
image_4237,0.560833215713501
image_4238,0.005080550443381071
image_4239,0.0015557418810203671
image_424,0.0003083936171606183
image_4240,0.02381071075797081
image_4241,0.009082148782908916
image_4242,0.9760518074035645
image_4243,9.383560245623812e-05
image_4244,0.0006828522309660912
image_4245,0.0015814595390111208
image_4246,0.02715103141963482
image_4247,0.007551203016191721
image_4248,0.9915086030960083
image_4249,0.0003320881223771721
image_425,0.16655734181404114
image_4250,0.016268789768218994
image_4251,0.0005767620750702918
image_4252,0.9818360805511475
image_4253,0.9284201860427856
image_4254,0.0065159243531525135
image_4255,0.005730105563998222
image_4256,0.037490662187337875
image_4257,0.0030160346068441868
image_4258,0.00775468535721302
image_4259,0.008887439034879208
image_426,0.0040796431712806225
image_4260,0.0016588917933404446
image_4261,0.002473666565492749
image_4262,0.01266708504408598
image_4263,0.05090399086475372
image_4264,0.0008851611637510359
image_4265,0.00041103558032773435
image_4266,0.0009494993137195706
image_4267,0.0035789909306913614
image_4268,0.0010495900642126799
image_4269,0.6330356001853943
image_427,0.0008353138691745698
image_4270,0.00465866643935442
image_4271,0.0004086665576323867
image_4272,0.8290919661521912
image_4273,0.0025272907223552465
image_4274,0.9837618470191956
image_4275,0.015301764011383057
image_4276,0.0003192799922544509
image_4277,0.03489646688103676
image_4278,0.00026072803302668035
image_4279,0.005684621166437864
image_428,0.00986647792160511
image_4280,0.0006595546146854758
image_4281,0.009737635031342506
image_4282,0.03437921777367592
image_4283,0.03474727272987366
image_4284,0.00038757070433348417
image_4285,0.0001827601809054613
image_4286,0.0002505565353203565
image_4287,0.013251783326268196
image_4288,0.0004365293134469539
image_4289,0.0024236098397523165
image_429,0.0014080904657021165
image_4290,0.10542014986276627
image_4291,0.0027939912397414446
image_4292,0.8634843230247498
image_4293,0.011829000897705555
image_4294,0.043220099061727524
image_4295,0.11785418540239334
image_4296,0.0001657028478803113
image_4297,0.9876669645309448
image_4298,0.0009416345274075866
image_4299,0.0007323786849156022
image_43,0.008218045346438885
image_430,0.00043066812213510275
image_4300,0.00028631254099309444
image_4301,0.0006266807904466987
image_4302,0.003124556038528681
image_4303,0.20438137650489807
image_4304,0.9567919969558716
image_4305,0.011082268320024014
image_4306,0.9307953715324402
image_4307,0.00033270099083893
image_4308,0.0003741352120414376
image_4309,4.934484604746103e-05
image_431,0.002902459353208542
image_4310,0.003624832024797797
image_4311,0.007188786752521992
image_4312,0.0011319477343931794
image_4313,0.012048346921801567
image_4314,0.034772101789712906
image_4315,0.3912491798400879
image_4316,0.006136547774076462
image_4317,0.01784895546734333
image_4318,0.37024420499801636
image_4319,0.00015326104767154902
image_432,0.007833201438188553
image_4320,0.9765564203262329
image_4321,0.0016832493711262941
image_4322,0.000287903705611825
image_4323,0.00059602310648188
image_4324,0.0001489894202677533
image_4325,6.111185939516872e-05
image_4326,0.0013767429627478123
image_4327,0.00019379268633201718
image_4328,0.7219383120536804
image_4329,0.0004739555297419429
image_433,0.0006626374670304358
image_4330,0.0003882385208271444
image_4331,0.006923156790435314
image_4332,0.0061941142193973064
image_4333,0.010170488618314266
image_4334,0.00804042536765337
image_4335,0.00015722803073003888
image_4336,0.007626972161233425
image_4337,0.002547724638134241
image_4338,0.0011449999874457717
image_4339,0.00015381754201371223
image_434,0.041280582547187805
image_4340,0.013481149449944496
image_4341,0.0003953535051550716
image_4342,0.39410853385925293
image_4343,0.00011667577200569212
image_4344,0.0012519718147814274
image_4345,0.9753492474555969
image_4346,0.973031222820282
image_4347,0.03788350149989128
image_4348,0.9165077805519104
image_4349,0.00789687316864729
image_435,0.013423257507383823
image_4350,4.156025897827931e-05
image_4351,0.0019760900177061558
image_4352,0.00031461426988244057
image_4353,0.9886350631713867
image_4354,0.9294772148132324
image_4355,0.004238738212734461
image_4356,0.0035771739203482866
image_4357,0.0003861490113195032
image_4358,0.008182509802281857
image_4359,0.02126776985824108
image_436,0.03497575968503952
image_4360,0.02988823503255844
image_4361,0.004563177935779095
image_4362,0.000337849254719913
image_4363,0.001828763517551124
image_4364,0.00028609970468096435
image_4365,0.008230031467974186
image_4366,0.00036704185185953975
image_4367,0.006980170030146837
image_4368,0.08462561666965485
image_4369,0.0030772825703024864
image_437,0.0005181453889235854
image_4370,0.024798499420285225
image_4371,0.0005886219441890717
image_4372,0.0021121164318174124
image_4373,0.10115060210227966
image_4374,0.02151142805814743
image_4375,0.9840793013572693
image_4376,0.09629055857658386
image_4377,0.00019618320220615715
image_4378,0.018227996304631233
image_4379,0.2689111530780792
image_438,0.0004080493818037212
image_4380,0.0021027044858783484
image_4381,0.017862392589449883
image_4382,0.24286726117134094
image_4383,0.02341245301067829
image_4384,0.0231204591691494
image_4385,0.8696787357330322
image_4386,0.0021529735531657934
image_4387,0.0020513038616627455
image_4388,0.005748570431023836
image_4389,0.0005512827774509788
image_439,0.12818032503128052
image_4390,0.010109132155776024
image_4391,0.853738009929657
image_4392,0.047292694449424744
image_4393,0.007838076911866665
image_4394,0.06252249330282211
image_4395,0.0007800582097843289
image_4396,0.0002571888326201588
image_4397,0.9347089529037476
image_4398,0.7974140644073486
image_4399,0.2763659358024597
image_44,0.002710687927901745
image_440,0.00020181304716970772
image_4400,0.015835564583539963
image_4401,0.0006891477387398481
image_4402,0.00021608885435853153
image_4403,0.18097352981567383
image_4404,0.0009737052023410797
image_4405,0.5990278720855713
image_4406,0.008519813418388367
image_4407,0.8560643792152405
image_4408,0.003595877205953002
image_4409,0.0005448560696095228
image_441,0.0007338605937547982
image_4410,0.0002236200962215662
image_4411,0.000997565221041441
image_4412,0.0002508648613002151
image_4413,0.004832639824599028
image_4414,0.002199985319748521
image_4415,0.0033345557749271393
image_4416,0.00011049817112507299
image_4417,0.6281834840774536
image_4418,0.0007225818699225783
image_4419,0.0002512481005396694
image_442,0.0030794511549174786
image_4420,0.0018837956013157964
image_4421,0.9899729490280151
image_4422,0.01758601702749729
image_4423,0.009227801114320755
image_4424,0.001018871203996241
image_4425,0.016312390565872192
image_4426,0.017943408340215683
image_4427,0.0005251794937066734
image_4428,0.006061031017452478
image_4429,0.03436584025621414
image_443,0.5689462423324585
image_4430,0.002979706507176161
image_4431,0.015584692358970642
image_4432,0.09344469010829926
image_4433,0.004655913915485144
image_4434,0.004403203725814819
image_4435,0.0018494599498808384
image_4436,0.00430883327499032
image_4437,0.014646357856690884
image_4438,0.006608991418033838
image_4439,0.00016465593944303691
image_444,0.0015726749552413821
image_4440,0.00034901179606094956
image_4441,0.00722816027700901
image_4442,0.9597730040550232
image_4443,0.004186468198895454
image_4444,0.8896325826644897
image_4445,0.001161336898803711
image_4446,0.002945564454421401
image_4447,0.00033219862962141633
image_4448,0.00496452022343874
image_4449,0.008172465488314629
image_445,0.9702476859092712
image_4450,0.0007262563449330628
image_4451,0.4900427758693695
image_4452,0.00039505361928604543
image_4453,0.8398013710975647
image_4454,0.0019851906690746546
image_4455,0.008117180317640305
image_4456,0.8209993839263916
image_4457,0.010674253106117249
image_4458,0.007067980710417032
image_4459,0.0003354281361680478
image_446,0.0036415394861251116
image_4460,0.005427066702395678
image_4461,0.00015448147314600646
image_4462,0.01830151677131653
image_4463,0.001894864602945745
image_4464,0.0009980767499655485
image_4465,0.03350522741675377
image_4466,0.00614353409036994
image_4467,0.0037655590567737818
image_4468,0.016004549339413643
image_4469,0.0015465616015717387
image_447,0.005511079449206591
image_4470,0.0014309895923361182
image_4471,0.8781999349594116
image_4472,0.0032471714075654745
image_4473,0.004624886438250542
image_4474,0.005283596459776163
image_4475,0.001419954001903534
image_4476,0.014484990388154984
image_4477,0.008636445738375187
image_4478,0.004877648316323757
image_4479,0.5881693959236145
image_448,0.005270382855087519
image_4480,0.11042812466621399
image_4481,3.2344876672141254e-05
image_4482,0.00021267676493152976
image_4483,0.000448848819360137
image_4484,0.0015711764572188258
image_4485,0.0036771984305232763
image_4486,0.36680394411087036
image_4487,0.0013522059889510274
image_4488,0.00021537653810810298
image_4489,0.04843267425894737
image_449,0.04514197260141373
image_4490,0.005476982798427343
image_4491,0.0014514806680381298
image_4492,0.000687630963511765
image_4493,0.03585583716630936
image_4494,0.20884984731674194
image_4495,0.0031336452811956406
image_4496,0.006055599078536034
image_4497,0.0006477689021266997
image_4498,0.9386806488037109
image_4499,0.9544817805290222
image_45,0.0020368057303130627
image_450,0.00021388875029515475
image_4500,0.019729362800717354
image_4501,0.008978641591966152
image_4502,0.017567137256264687
image_4503,0.01782229356467724
image_4504,0.0004250601923558861
image_4505,0.04383835196495056
image_4506,0.9624161720275879
image_4507,0.0053512295708060265
image_4508,0.1324022263288498
image_4509,0.0034067558590322733
image_451,0.004344895947724581
image_4510,0.004952556919306517
image_4511,0.1712426394224167
image_4512,0.00021969241788610816
image_4513,0.03147547319531441
image_4514,8.2452803326305e-05
image_4515,0.006049537565559149
image_4516,0.0010324434842914343
image_4517,0.00038887286791577935
image_4518,0.006894134916365147
image_4519,0.03609102591872215
image_452,0.0012799870455637574
image_4520,0.02171562984585762
image_4521,0.004965697880834341
image_4522,0.007021253928542137
image_4523,0.00017332271090708673
image_4524,0.00042294187005609274
image_4525,0.006873630918562412
image_4526,0.0032852180302143097
image_4527,0.010999083518981934
image_4528,0.010231069289147854
image_4529,0.0006266589625738561
image_453,0.004255263600498438
image_4530,0.0011699108872562647
image_4531,0.0020671829115599394
image_4532,0.003814416006207466
image_4533,0.00017386993567924947
image_4534,0.00010812583786901087
image_4535,0.004432127811014652
image_4536,0.03064509853720665
image_4537,0.0004566318530123681
image_4538,0.012163934297859669
image_4539,0.0816715806722641
image_454,0.9373399019241333
image_4540,0.0004214506770949811
image_4541,0.003265839535742998
image_4542,0.02611657977104187
image_4543,0.00035312335239723325
image_4544,0.9159057140350342
image_4545,0.001187903224490583
image_4546,0.0020701095927506685
image_4547,0.002951977076008916
image_4548,0.00020308744569774717
image_4549,0.00389697658829391
image_455,0.011107741855084896
image_4550,0.005608682986348867
image_4551,0.03732543811202049
image_4552,0.0008420190424658358
image_4553,0.8912762999534607
image_4554,0.005353415384888649
image_4555,0.9277092814445496
image_4556,0.002147932071238756
image_4557,0.03229134902358055
image_4558,0.004601200111210346
image_4559,0.0042956010438501835
image_456,0.00012907886411994696
image_4560,0.0010262018768116832
image_4561,0.0025213344488292933
image_4562,0.0006119996542111039
image_4563,0.0064789471216499805
image_4564,0.8574069142341614
image_4565,7.994630868779495e-05
image_4566,0.002729887841269374
image_4567,0.0051030442118644714
image_4568,0.0067267948761582375
image_4569,0.00043995821033604443
image_457,0.00994925294071436
image_4570,0.9251850247383118
image_4571,0.9260431528091431
image_4572,0.00023005552066024393
image_4573,0.0023560388945043087
image_4574,0.0002791688602883369
image_4575,0.3338227868080139
image_4576,0.006463055033236742
image_4577,0.9152974486351013
image_4578,0.001425255206413567
image_4579,0.009171386249363422
image_458,0.7217528820037842
image_4580,0.047440189868211746
image_4581,5.563734521274455e-05
image_4582,0.028395801782608032
image_4583,0.00012571863771881908
image_4584,0.006582914385944605
image_4585,0.003059955546632409
image_4586,0.9698650240898132
image_4587,0.015825757756829262
image_4588,0.00042483556899242103
image_4589,5.321180651662871e-05
image_459,0.00041659732232801616
image_4590,0.0003450432268436998
image_4591,0.0005641889292746782
image_4592,0.007338851224631071
image_4593,0.11355797201395035
image_4594,0.9571588635444641
image_4595,0.0011639933800324798
image_4596,0.0020139538682997227
image_4597,0.06971820443868637
image_4598,0.0004521315568126738
image_4599,0.00030929286731407046
image_46,0.001649172860197723
image_460,0.009309466928243637
image_4600,0.990871012210846
image_4601,0.002483630320057273
image_4602,0.0010493302252143621
image_4603,0.0007216951344162226
image_4604,0.00021606928203254938
image_4605,0.0021147553343325853
image_4606,0.001576134585775435
image_4607,0.9914234280586243
image_4608,0.0018852620851248503
image_4609,0.00261760619468987
image_461,0.023517534136772156
image_4610,1.6676593077136204e-05
image_4611,0.0013344790786504745
image_4612,0.004103170242160559
image_4613,0.006832611747086048
image_4614,0.0007661748677492142
image_4615,0.012957585044205189
image_4616,0.0004740006697829813
image_4617,0.00976923294365406
image_4618,0.018143918365240097
image_4619,0.00023107841843739152
image_462,0.0018600240582600236
image_4620,0.011628279462456703
image_4621,0.018127864226698875
image_4622,0.0020250044763088226
image_4623,0.003163179848343134
image_4624,0.025554655119776726
image_4625,0.0022749321069568396
image_4626,0.025605851784348488
image_4627,0.0011165315518155694
image_4628,0.000806989788543433
image_4629,0.004108346998691559
image_463,0.001456590835005045
image_4630,0.07512672245502472
image_4631,0.002127281855791807
image_4632,0.35873207449913025
image_4633,0.8599709272384644
image_4634,0.6685219407081604
image_4635,0.9727056622505188
image_4636,0.28524652123451233
image_4637,0.04236426204442978
image_4638,0.003114614635705948
image_4639,0.0004830175021197647
image_464,0.004903897643089294
image_4640,0.08642739057540894
image_4641,4.868174801231362e-05
image_4642,0.9829476475715637
image_4643,0.0035314199049025774
image_4644,0.0002040293620666489
image_4645,0.0063153100199997425
image_4646,0.0006190885324031115
image_4647,0.0006203590310178697
image_4648,0.007325721438974142
image_4649,0.002798480214551091
image_465,0.0005181542946957052
image_4650,0.6968461871147156
image_4651,0.00607724254950881
image_4652,0.9413003325462341
image_4653,0.0008915042853914201
image_4654,0.0003634712193161249
image_4655,0.0002954479423351586
image_4656,0.0018372314516454935
image_4657,0.05341466888785362
image_4658,0.0007149353041313589
image_4659,0.000881281157489866
image_466,0.0015387674793601036
image_4660,0.00031820969888940454
image_4661,0.9968036413192749
image_4662,0.0046830312348902225
image_4663,0.0002531843783799559
image_4664,0.0062246364541351795
image_4665,0.014731236733496189
image_4666,0.00024091056548058987
image_4667,0.0007895517628639936
image_4668,0.0014142481377348304
image_4669,0.004359257873147726
image_467,0.00025796779664233327
image_4670,3.3158336009364575e-05
image_4671,0.001394373713992536
image_4672,0.0340212881565094
image_4673,0.010772035457193851
image_4674,0.0009766471339389682
image_4675,0.03360387310385704
image_4676,0.08739852160215378
image_4677,0.004325265064835548
image_4678,0.3567732870578766
image_4679,0.0004049288691021502
image_468,0.0038496467750519514
image_4680,0.0014027782017365098
image_4681,0.0005856741918250918
image_4682,0.0011760935885831714
image_4683,0.0006253189640119672
image_4684,0.9979934692382812
image_4685,0.004833564627915621
image_4686,0.0050130570307374
image_4687,0.0008769412524998188
image_4688,0.858440637588501
image_4689,0.0050805117934942245
image_469,0.018557265400886536
image_4690,0.002250127261504531
image_4691,0.04394513741135597
image_4692,0.003759156446903944
image_4693,0.0014355110470205545
image_4694,0.0008148370543494821
image_4695,0.0017887810245156288
image_4696,0.0006417988915927708
image_4697,0.021921809762716293
image_4698,1.4266837752074935e-05
image_4699,0.0008344738162122667
image_47,0.006519453600049019
image_470,0.004486256744712591
image_4700,0.9968140721321106
image_4701,0.001044790493324399
image_4702,0.001305017969571054
image_4703,0.008601145818829536
image_4704,0.0034788225311785936
image_4705,0.0025568120181560516
image_4706,0.01814701035618782
image_4707,0.9504804611206055
image_4708,0.9662346839904785
image_4709,2.444005622237455e-05
image_471,0.0007564008119516075
image_4710,0.0003285394632257521
image_4711,0.028169691562652588
image_4712,0.006042147986590862
image_4713,0.0008079396793618798
image_4714,0.0027692795265465975
image_4715,0.0009223585366271436
image_4716,0.7737061977386475
image_4717,0.006050340365618467
image_4718,0.008126991800963879
image_4719,0.15676230192184448
image_472,0.0016533100279048085
image_4720,0.0011426644632592797
image_4721,0.0025133707094937563
image_4722,0.0003738422819878906
image_4723,0.027218814939260483
image_4724,0.008410610258579254
image_4725,0.0018871003994718194
image_4726,0.0008969239424914122
image_4727,0.018924590200185776
image_4728,0.001848913379944861
image_4729,0.0010342375608161092
image_473,0.03199722617864609
image_4730,0.0005932720378041267
image_4731,0.0009742916445247829
image_4732,0.0019742900040000677
image_4733,0.0025243423879146576
image_4734,0.8134469389915466
image_4735,0.002106986241415143
image_4736,0.9760977029800415
image_4737,0.01466550212353468
image_4738,0.005674587097018957
image_4739,0.005233737174421549
image_474,7.927483238745481e-05
image_4740,0.0031079621985554695
image_4741,0.028541235253214836
image_4742,0.000877629965543747
image_4743,0.027026159688830376
image_4744,0.035818904638290405
image_4745,0.0011035463539883494
image_4746,0.0003252522146794945
image_4747,0.0003198866033926606
image_4748,0.00020067385048605502
image_4749,0.011806921102106571
image_475,0.0014198336284607649
image_4750,0.02574882097542286
image_4751,0.015368839725852013
image_4752,0.006218825001269579
image_4753,0.00017630432557780296
image_4754,0.0023892326280474663
image_4755,0.025544386357069016
image_4756,0.5843002200126648
image_4757,0.0006230426952242851
image_4758,0.12327080965042114
image_4759,0.001261217170394957
image_476,0.00022688171884510666
image_4760,0.026985427364706993
image_4761,0.004278695676475763
image_4762,0.03748030215501785
image_4763,0.018296081572771072
image_4764,0.026682507246732712
image_4765,0.0008922911365516484
image_4766,0.00045752761070616543
image_4767,0.00010261905117658898
image_4768,4.2491134081501514e-05
image_4769,9.196023711410817e-06
image_477,0.03691849857568741
image_4770,0.061733219772577286
image_4771,0.007483339868485928
image_4772,0.0018075479893013835
image_4773,0.0015874305972829461
image_4774,0.9188140630722046
image_4775,0.016734767705202103
image_4776,0.0018743923865258694
image_4777,0.0007537560304626822
image_4778,0.008232281543314457
image_4779,0.0006113633280619979
image_478,0.005029819440096617
image_4780,0.004249957390129566
image_4781,0.003201192943379283
image_4782,0.002528876531869173
image_4783,0.0008134541567414999
image_4784,0.00019901321502402425
image_4785,0.008762468583881855
image_4786,0.886823296546936
image_4787,0.0007044103113003075
image_4788,0.0002746041282080114
image_4789,0.9753259420394897
image_479,0.02140580490231514
image_4790,0.03638622909784317
image_4791,0.427205353975296
image_4792,0.00034958936157636344
image_4793,0.023196816444396973
image_4794,0.013166987337172031
image_4795,0.003233678638935089
image_4796,0.8624005317687988
image_4797,0.001894284738227725
image_4798,0.12025696039199829
image_4799,0.0002386645646765828
image_48,0.07766640186309814
image_480,0.001064866315573454
image_4800,0.002942511811852455
image_4801,0.0008626800845377147
image_4802,0.002839647000655532
image_4803,0.0006496839923784137
image_4804,0.03495219722390175
image_4805,0.0021140561439096928
image_4806,0.0024092933163046837
image_4807,0.8336629867553711
image_4808,0.0006475849659182131
image_4809,0.002782489638775587
image_481,0.0009703813120722771
image_4810,0.022938866168260574
image_4811,0.12311109900474548
image_4812,0.9314960241317749
image_4813,0.0035891556181013584
image_4814,0.0054696607403457165
image_4815,0.3193362057209015
image_4816,0.979243278503418
image_4817,0.003668156685307622
image_4818,0.01314335223287344
image_4819,0.3112673759460449
image_482,0.00039458691026084125
image_4820,0.001485286746174097
image_4821,0.013771485537290573
image_4822,0.0008922423585318029
image_4823,0.038588374853134155
image_4824,0.0006802595453336835
image_4825,0.0075464737601578236
image_4826,0.007889460772275925
image_4827,0.0001797201402951032
image_4828,0.005482045002281666
image_4829,0.010505207814276218
image_483,0.01691066287457943
image_4830,0.0015925461193546653
image_4831,0.00010979214130202308
image_4832,0.007437645923346281
image_4833,0.001339224399998784
image_4834,0.00477818725630641
image_4835,0.07573989778757095
image_4836,0.0018458046251907945
image_4837,0.8699256777763367
image_4838,0.001689644530415535
image_4839,0.0019011860713362694
image_484,0.94343501329422
image_4840,0.004957792814821005
image_4841,0.0005410989979282022
image_4842,0.9916137456893921
image_4843,0.025699662044644356
image_4844,0.9306517243385315
image_4845,0.013370581902563572
image_4846,0.016064811497926712
image_4847,0.007746115326881409
image_4848,0.001165694324299693
image_4849,0.07097409665584564
image_485,0.06390638649463654
image_4850,0.0003178819315508008
image_4851,0.013075510039925575
image_4852,0.01202547736465931
image_4853,0.8184133172035217
image_4854,0.0008637073333375156
image_4855,0.0007083159871399403
image_4856,0.002264059381559491
image_4857,0.0027253038715571165
image_4858,0.0645461156964302
image_4859,0.007193031720817089
image_486,0.0047208466567099094
image_4860,0.005105799995362759
image_4861,0.0006132491398602724
image_4862,2.7216612579650246e-05
image_4863,0.0013361864257603884
image_4864,0.00041953212348744273
image_4865,0.0007046295795589685
image_4866,0.9681888818740845
image_4867,0.06583976000547409
image_4868,0.0020852021407335997
image_4869,0.9814276695251465
image_487,0.0025052521377801895
image_4870,0.7317653298377991
image_4871,0.9976490139961243
image_4872,0.9839923977851868
image_4873,0.001689512631855905
image_4874,0.0034257012885063887
image_4875,0.0018833320355042815
image_4876,0.04411612078547478
image_4877,0.011674228124320507
image_4878,0.0017806404503062367
image_4879,0.7419010996818542
image_488,2.244524148409255e-05
image_4880,0.285878986120224
image_4881,0.001900997944176197
image_4882,0.0001659223053138703
image_4883,0.000426910090027377
image_4884,0.018640292808413506
image_4885,0.9968423843383789
image_4886,0.00045676983427256346
image_4887,0.009657311253249645
image_4888,0.0239106435328722
image_4889,0.015218191780149937
image_489,0.003910671919584274
image_4890,0.0033701725769788027
image_4891,0.013853403739631176
image_4892,0.007125192787498236
image_4893,0.010870087891817093
image_4894,0.004685312043875456
image_4895,0.007681982591748238
image_4896,8.4205275925342e-05
image_4897,0.00467188935726881
image_4898,0.0006827240576967597
image_4899,0.01920580491423607
image_49,0.010142204351723194
image_490,0.00032932814792729914
image_4900,0.0009336073417216539
image_4901,0.0004040610510855913
image_4902,0.0030824446585029364
image_4903,0.003384210867807269
image_4904,0.03379879891872406
image_4905,0.00867282785475254
image_4906,0.0004473172884900123
image_4907,0.06571976840496063
image_4908,0.00043715647188946605
image_4909,0.0077378335408866405
image_491,0.0067896065302193165
image_4910,0.004548205528408289
image_4911,0.0032056022901088
image_4912,0.016104333102703094
image_4913,0.00011105590965598822
image_4914,0.05614849179983139
image_4915,0.00639280816540122
image_4916,0.3589804172515869
image_4917,0.798550009727478
image_4918,0.006047628354281187
image_4919,0.00016340268484782428
image_492,0.00018416154489386827
image_4920,0.00014166090113576502
image_4921,0.0018886486068367958
image_4922,0.01697692833840847
image_4923,0.0029865677934139967
image_4924,0.002793300664052367
image_4925,0.9258028268814087
image_4926,0.006363242398947477
image_4927,0.004700510762631893
image_4928,0.012227830477058887
image_4929,0.003742423839867115
image_493,0.011228915303945541
image_4930,0.0035394516307860613
image_4931,0.0004182552802376449
image_4932,0.0007097779307514429
image_4933,0.00412788474932313
image_4934,0.6636235117912292
image_4935,0.12334176898002625
image_4936,0.020294394344091415
image_4937,0.0070434934459626675
image_4938,0.00023585435701534152
image_4939,0.08305580914020538
image_494,0.0005734151927754283
image_4940,0.004966815002262592
image_4941,0.9969307780265808
image_4942,0.0031417200807482004
image_4943,0.006206872407346964
image_4944,0.023587066680192947
image_4945,0.005524174775928259
image_4946,2.903145650634542e-05
image_4947,0.9618610739707947
image_4948,0.0009148577228188515
image_4949,0.0037100419867783785
image_495,0.0008630237425677478
image_4950,0.003146547358483076
image_4951,0.17984990775585175
image_4952,0.009367188438773155
image_4953,0.003799809142947197
image_4954,0.01133041363209486
image_4955,0.0034762381110340357
image_4956,0.0023256230633705854
image_4957,0.9856964349746704
image_4958,0.022650210186839104
image_4959,0.008531929925084114
image_496,0.09835924953222275
image_4960,0.003610084066167474
image_4961,0.0009980029426515102
image_4962,0.039866071194410324
image_4963,0.0001692693040240556
image_4964,0.001946109696291387
image_4965,0.0006720555829815567
image_4966,0.0001668119220994413
image_4967,0.002481904812157154
image_4968,0.005026651080697775
image_4969,0.0021296334452927113
image_497,0.007364922668784857
image_4970,0.792718231678009
image_4971,0.00011253191041760147
image_4972,0.015716584399342537
image_4973,0.03566693887114525
image_4974,0.0004934474127367139
image_4975,0.7621178030967712
image_4976,0.0006225211545825005
image_4977,0.0022633052431046963
image_4978,0.016323529183864594
image_4979,0.015716612339019775
image_498,0.005315922666341066
image_4980,0.0021639326587319374
image_4981,0.002921218518167734
image_4982,0.0015344817657023668
image_4983,0.021704040467739105
image_4984,0.020848004147410393
image_4985,0.002358498051762581
image_4986,0.015588643960654736
image_4987,0.02006220445036888
image_4988,0.014846036210656166
image_4989,0.018664417788386345
image_499,0.024499954655766487
image_4990,0.0018958515720441937
image_4991,0.0023392820730805397
image_4992,0.9803188443183899
image_4993,0.0012067236239090562
image_4994,0.008555587381124496
image_4995,0.013439755886793137
image_4996,0.860500693321228
image_4997,0.0011524014407768846
image_4998,0.01760425791144371
image_4999,0.0026376694440841675
image_5,0.006919410545378923
image_50,0.0008089159964583814
image_500,0.0041158259846270084
image_5000,0.018600841984152794
image_5001,0.9634302258491516
image_5002,0.9884004592895508
image_5003,0.014024579897522926
image_5004,0.0040287296287715435
image_5005,0.9643144607543945
image_5006,0.0003817161777988076
image_5007,0.002252233913168311
image_5008,0.0035701191518455744
image_5009,0.021331196650862694
image_501,0.007878879085183144
image_5010,0.0005933554493822157
image_5011,0.06657268106937408
image_5012,0.0013853592099621892
image_5013,0.007613323628902435
image_5014,0.0037993527948856354
image_5015,0.008640517480671406
image_5016,0.03564905747771263
image_5017,0.014869431033730507
image_5018,0.7847038507461548
image_5019,0.7720898389816284
image_502,0.002155074616894126
image_5020,0.9697160124778748
image_5021,3.43288375006523e-05
image_5022,0.003894657827913761
image_5023,0.009239951148629189
image_5024,0.008116032928228378
image_5025,0.013212340883910656
image_5026,0.4733127951622009
image_5027,0.11137232184410095
image_5028,0.9138699769973755
image_5029,0.0015491240192204714
image_503,0.000378700700821355
image_5030,0.008398236706852913
image_5031,0.000916896213311702
image_5032,0.0003735863429028541
image_5033,0.0015347645385190845
image_5034,0.001477751531638205
image_5035,0.9861423373222351
image_5036,0.015492452308535576
image_5037,0.0009346824372187257
image_5038,0.032044388353824615
image_5039,0.0017746505327522755
image_504,0.19173768162727356
image_5040,0.00027963504544459283
image_5041,0.0038316554855555296
image_5042,0.0032551700714975595
image_5043,0.0006125631043687463
image_5044,0.00018054404063150287
image_5045,0.5917083621025085
image_5046,0.0033667325042188168
image_5047,0.008398442529141903
image_5048,4.3776683014584705e-05
image_5049,0.03772808238863945
image_505,0.00019823807815555483
image_5050,0.001009228639304638
image_5051,0.0013299727579578757
image_5052,0.0016302026342600584
image_5053,0.0008158587152138352
image_5054,0.9751651883125305
image_5055,0.000267720315605402
image_5056,0.00015021764556877315
image_5057,0.028948329389095306
image_5058,0.0013046502135694027
image_5059,4.579014057526365e-05
image_506,0.002068308647722006
image_5060,0.012482074089348316
image_5061,0.022760968655347824
image_5062,0.6837964653968811
image_5063,0.007131101563572884
image_5064,0.000220097295823507
image_5065,0.9626043438911438
image_5066,0.04276243597269058
image_5067,0.0011437049834057689
image_5068,0.0029657967388629913
image_5069,0.0010167242726311088
image_507,0.055273495614528656
image_5070,0.000638836994767189
image_5071,0.00521836057305336
image_5072,0.0032878140918910503
image_5073,0.000602122803684324
image_5074,0.04765009507536888
image_5075,0.040248312056064606
image_5076,0.9682612419128418
image_5077,0.0023090620525181293
image_5078,0.0027697074692696333
image_5079,0.9026340842247009
image_508,0.00021709974680561572
image_5080,0.002568792784586549
image_5081,0.015676887705922127
image_5082,0.0027226367965340614
image_5083,0.0005906220758333802
image_5084,0.0015601402847096324
image_5085,6.965827924432233e-05
image_5086,0.12165911495685577
image_5087,0.00826624408364296
image_5088,0.01185228768736124
image_5089,0.0034311218187212944
image_509,0.023074371740221977
image_5090,0.004067505709826946
image_5091,0.0003596641181502491
image_5092,0.3628452718257904
image_5093,0.002101382240653038
image_5094,0.024247048422694206
image_5095,0.0005917150992900133
image_5096,0.0005989681812934577
image_5097,0.017145197838544846
image_5098,0.0009530604002065957
image_5099,0.08878955990076065
image_51,0.02517072670161724
image_510,0.00045269803376868367
image_5100,0.0002509488258510828
image_5101,0.04606879875063896
image_5102,0.0054216948337852955
image_5103,0.0020339388865977526
image_5104,0.002614933531731367
image_5105,0.0006177809555083513
image_5106,0.0019590884912759066
image_5107,1.2273382708372083e-05
image_5108,0.0011168336495757103
image_5109,0.931519091129303
image_511,0.001864486956037581
image_5110,0.04983633756637573
image_5111,0.9811221361160278
image_5112,0.01157353725284338
image_5113,0.04515761509537697
image_5114,0.00621056230738759
image_5115,0.0005769264535047114
image_5116,0.000672757625579834
image_5117,0.0020766083616763353
image_5118,0.00018973568512592465
image_5119,0.9705507755279541
image_512,0.002450370229780674
image_5120,0.8925869464874268
image_5121,0.9854854941368103
image_5122,0.9427199959754944
image_5123,0.0009707511635497212
image_5124,0.0003374796942807734
image_5125,0.005435698665678501
image_5126,0.9824260473251343
image_5127,0.135640487074852
image_5128,0.00014165467291604728
image_5129,0.0246451273560524
image_513,0.00030457612592726946
image_5130,0.5790189504623413
image_5131,0.0003756111254915595
image_5132,0.004457291215658188
image_5133,0.9856897592544556
image_5134,0.00043043805635534227
image_5135,0.003146894508972764
image_5136,0.9169943928718567
image_5137,0.00470462441444397
image_5138,0.00019933532166760415
image_5139,0.0002808831341098994
image_514,0.9361109137535095
image_5140,0.9575195908546448
image_5141,0.02366264909505844
image_5142,0.0006853724480606616
image_5143,0.0021438254043459892
image_5144,0.0004923893138766289
image_5145,0.00016167662397492677
image_5146,0.407112717628479
image_5147,0.010123021900653839
image_5148,0.012248178943991661
image_5149,0.0009532874100841582
image_515,0.3718995153903961
image_5150,0.028056427836418152
image_5151,0.0013251637574285269
image_5152,0.007657598238438368
image_5153,0.9271582365036011
image_5154,0.00021101599850226194
image_5155,0.0009036177070811391
image_5156,0.0042287795804440975
image_5157,0.00038588751340284944
image_5158,0.0016034571453928947
image_5159,0.012584219686686993
image_516,0.0007909457781352103
image_5160,0.011434250511229038
image_5161,0.005651348736137152
image_5162,0.0012204342056065798
image_5163,0.033051520586013794
image_5164,0.9258904457092285
image_5165,0.09278032928705215
image_5166,0.0028755536768585443
image_5167,0.8745869994163513
image_5168,0.055334463715553284
image_5169,0.00020910428429488093
image_517,0.00014899297093506902
image_5170,0.005316593684256077
image_5171,0.00014955821097828448
image_5172,0.002358775120228529
image_5173,0.00448925606906414
image_5174,0.00011552825890248641
image_5175,0.05855656415224075
image_5176,0.005029105581343174
image_5177,0.0006518879672512412
image_5178,4.58626018371433e-05
image_5179,0.0047193411737680435
image_518,0.9229276180267334
image_5180,0.17528623342514038
image_5181,0.03766351938247681
image_5182,0.6545244455337524
image_5183,0.00261260406114161
image_5184,0.00046970666153356433
image_5185,4.8436741053592414e-05
image_5186,0.00027056015096604824
image_5187,0.001194029115140438
image_5188,0.005392610095441341
image_5189,0.0171089805662632
image_519,0.0014618878485634923
image_5190,0.009128655306994915
image_5191,0.0022811724338680506
image_5192,0.0009000079589895904
image_5193,0.861986517906189
image_5194,0.0007686836761422455
image_5195,0.001785001251846552
image_5196,0.10812065005302429
image_5197,0.9810808300971985
image_5198,0.0027119091246277094
image_5199,0.002659651217982173
image_52,0.9949310421943665
image_520,0.0027422886341810226
image_5200,0.000759737566113472
image_5201,0.11652752757072449
image_5202,0.0045167552307248116
image_5203,0.00221030181273818
image_5204,0.012142914347350597
image_5205,0.041639864444732666
image_5206,0.0005102180293761194
image_5207,0.0058333477936685085
image_5208,0.9565882086753845
image_5209,0.012366604059934616
image_521,0.0005070482729934156
image_5210,0.004825112409889698
image_5211,0.017943451181054115
image_5212,0.35709866881370544
image_5213,0.1962040811777115
image_5214,0.04392734915018082
image_5215,0.0029217281844466925
image_5216,0.7289960980415344
image_5217,8.99036749615334e-05
image_5218,0.003605140605941415
image_5219,0.004594883881509304
image_522,0.00024707827833481133
image_5220,0.004809487611055374
image_5221,0.004036727361381054
image_5222,0.9154834747314453
image_5223,0.003547136904671788
image_5224,0.9769518971443176
image_5225,0.0003535929718054831
image_5226,0.002437231130897999
image_5227,0.0011503411224111915
image_5228,0.00042517934343777597
image_5229,0.009901770390570164
image_523,0.0192565880715847
image_5230,0.5035079717636108
image_5231,0.00885013211518526
image_5232,0.0007178536034189165
image_5233,0.0018967314390465617
image_5234,0.029309891164302826
image_5235,2.242983282485511e-05
image_5236,0.0001957663189386949
image_5237,0.06226083263754845
image_5238,0.0035054818727076054
image_5239,0.03545624017715454
image_524,0.011426000855863094
image_5240,0.0076013901270926
image_5241,0.0002115234237862751
image_5242,0.9121432304382324
image_5243,0.028703758493065834
image_5244,0.0021518305875360966
image_5245,0.560621976852417
image_5246,3.428718991926871e-05
image_5247,0.031248074024915695
image_5248,0.0011199782602488995
image_5249,0.9813023209571838
image_525,0.0013747337507084012
image_5250,0.01859327033162117
image_5251,0.0023760623298585415
image_5252,0.17390701174736023
image_5253,6.982187915127724e-05
image_5254,0.0021740763913840055
image_5255,0.0022445237264037132
image_5256,0.02009603939950466
image_5257,0.9806942939758301
image_5258,0.01555826235562563
image_5259,0.003053808817639947
image_526,0.03469549119472504
image_5260,0.01708163507282734
image_5261,0.061446115374565125
image_5262,0.002386171603575349
image_5263,0.08661282807588577
image_5264,0.9588223099708557
image_5265,0.01756829023361206
image_5266,0.001058656256645918
image_5267,0.01792927272617817
image_5268,0.988820493221283
image_5269,0.003654234576970339
image_527,0.0008607907220721245
image_5270,0.008843508549034595
image_5271,0.011464163661003113
image_5272,0.959695041179657
image_5273,0.0033663406502455473
image_5274,0.002180440118536353
image_5275,0.006099088117480278
image_5276,0.24059322476387024
image_5277,0.01971658505499363
image_5278,0.02284739911556244
image_5279,0.00024172179109882563
image_528,0.09332509338855743
image_5280,0.0009498060098849237
image_5281,0.019640576094388962
image_5282,0.004681273829191923
image_5283,0.9659744501113892
image_5284,0.0015521853929385543
image_5285,0.017357226461172104
image_5286,0.0018200884805992246
image_5287,0.000479906884720549
image_5288,0.0008263844065368176
image_5289,0.011665026657283306
image_529,0.0016739966813474894
image_5290,0.43955397605895996
image_5291,0.0005344098317436874
image_5292,0.003965229261666536
image_5293,1.4416697013075463e-05
image_5294,0.02347378246486187
image_5295,0.0032821903005242348
image_5296,0.0038730355445295572
image_5297,0.0005005701095797122
image_5298,0.9755563139915466
image_5299,0.004692422226071358
image_53,0.00040692422771826386
image_530,0.0012672776356339455
image_5300,0.9915001392364502
image_5301,0.0010015277657657862
image_5302,0.021684689447283745
image_5303,0.057547278702259064
image_5304,0.03316621854901314
image_5305,0.0011198421707376838
image_5306,0.007178261876106262
image_5307,0.8892749547958374
image_5308,0.0005584133905358613
image_5309,0.007297984324395657
image_531,0.00025463468045927584
image_5310,0.005303977522999048
image_5311,0.0007403693743981421
image_5312,0.005924491211771965
image_5313,0.9864310622215271
image_5314,0.00019752544176299125
image_5315,0.02489355579018593
image_5316,4.758330396725796e-05
image_5317,0.007160421926528215
image_5318,0.0029026044066995382
image_5319,0.816353976726532
image_532,0.0001392792910337448
image_5320,0.0008045047288760543
image_5321,0.0008519790135324001
image_5322,0.02895246259868145
image_5323,6.450073851738125e-05
image_5324,0.8733670115470886
image_5325,0.061055608093738556
image_5326,0.0009299262310378253
image_5327,0.0037473763804882765
image_5328,0.001609030063264072
image_5329,0.1054263636469841
image_533,0.009107773192226887
image_5330,0.998433530330658
image_5331,0.008162129670381546
image_5332,0.017097165808081627
image_5333,0.07916311919689178
image_5334,0.0030747849959880114
image_5335,0.005241844337433577
image_5336,0.002793818712234497
image_5337,0.16925296187400818
image_5338,0.018413547426462173
image_5339,0.024341914802789688
image_534,0.007504093926399946
image_5340,0.0008371509611606598
image_5341,0.0018811827758327127
image_5342,0.016209926456212997
image_5343,0.002936422824859619
image_5344,0.016316339373588562
image_5345,0.005502778105437756
image_5346,0.0012562924530357122
image_5347,0.0026967711746692657
image_5348,0.002381921047344804
image_5349,0.019465938210487366
image_535,0.0016857240116223693
image_5350,0.0004632502677850425
image_5351,0.0008202153258025646
image_5352,0.010126592591404915
image_5353,0.0007615975337103009
image_5354,0.963911771774292
image_5355,0.9154121279716492
image_5356,0.0008786596008576453
image_5357,0.0009699792135506868
image_5358,5.657799920300022e-05
image_5359,0.0005548029439523816
image_536,0.0003660322108771652
image_5360,0.0017441256204620004
image_5361,0.0023962496779859066
image_5362,0.008703370578587055
image_5363,0.0031909295357763767
image_5364,0.008206642232835293
image_5365,0.013666962273418903
image_5366,0.0002358080237172544
image_5367,0.0008022216497920454
image_5368,0.0008573473896831274
image_5369,0.793357253074646
image_537,4.789538070326671e-05
image_5370,0.034853849560022354
image_5371,0.0016996079357340932
image_5372,0.039078112691640854
image_5373,0.005164662841707468
image_5374,0.00029952952172607183
image_5375,0.0007622513803653419
image_5376,0.02320326864719391
image_5377,0.001699947752058506
image_5378,0.0006171636050567031
image_5379,0.0006743604317307472
image_538,0.009704208932816982
image_5380,0.0017675083363428712
image_5381,0.0015585344517603517
image_5382,0.000142668912303634
image_5383,0.0028415056876838207
image_5384,0.01590912416577339
image_5385,0.0026463011745363474
image_5386,0.0001826213556341827
image_5387,0.007611305918544531
image_5388,4.2133025999646634e-05
image_5389,0.004365522880107164
image_539,0.6490559577941895
image_5390,0.03068951517343521
image_5391,0.003434845944866538
image_5392,0.00971952173858881
image_5393,0.01810312271118164
image_5394,0.0012809443287551403
image_5395,0.006808978971093893
image_5396,0.0006041212473064661
image_5397,0.0029859174974262714
image_5398,0.005535040982067585
image_5399,0.003578698728233576
image_54,0.006280851550400257
image_540,0.6644794344902039
image_5400,0.00011190718942089006
image_5401,0.013165882788598537
image_5402,0.0007864463841542602
image_5403,0.002283771988004446
image_5404,0.0013464026851579547
image_5405,0.003777540987357497
image_5406,0.0008669939707033336
image_5407,0.004220142494887114
image_5408,0.0010465403320267797
image_5409,0.004427936393767595
image_541,0.003445956390351057
image_5410,0.9820277690887451
image_5411,0.9965667724609375
image_5412,0.14900967478752136
image_5413,0.0020610999781638384
image_5414,0.00211726245470345
image_5415,0.00043425860349088907
image_5416,0.00246586836874485
image_5417,0.011943190358579159
image_5418,0.0005015534698031843
image_5419,0.00019648703164421022
image_542,0.037531834095716476
image_5420,0.0010544343385845423
image_5421,0.3697076141834259
image_5422,0.00108923704829067
image_5423,0.0311297494918108
image_5424,0.004545285366475582
image_5425,0.00015129995881579816
image_5426,0.0071785943582654
image_5427,0.7574399709701538
image_5428,0.023806920275092125
image_5429,0.0004223363066557795
image_543,0.0009347933810204268
image_5430,0.0028908010572195053
image_5431,0.001403189729899168
image_5432,5.9767888160422444e-05
image_5433,0.004837412387132645
image_5434,0.00014405518595594913
image_5435,0.004261025693267584
image_5436,0.0007705398602411151
image_5437,0.9823606014251709
image_5438,0.01295381784439087
image_5439,0.00011790188000304624
image_544,0.0005967802135273814
image_5440,0.0024001034907996655
image_5441,0.013912862166762352
image_5442,0.017899297177791595
image_5443,0.1153598204255104
image_5444,0.001025164034217596
image_5445,0.0016650771722197533
image_5446,0.002518319757655263
image_5447,0.0002381043159402907
image_5448,0.031071335077285767
image_5449,0.00048477118252776563
image_545,0.02552715316414833
image_5450,0.02272246964275837
image_5451,0.012202314101159573
image_5452,0.0038867315743118525
image_5453,0.0005100930575281382
image_5454,0.0012160936603322625
image_5455,6.894139369251207e-05
image_5456,0.006771373562514782
image_5457,0.0014010225422680378
image_5458,0.4189310371875763
image_5459,3.853734961012378e-05
image_546,0.012183844111859798
image_5460,0.0021606413647532463
image_5461,0.0007768645882606506
image_5462,0.2655121386051178
image_5463,0.00016655460058245808
image_5464,0.022474490106105804
image_5465,0.0016026017256081104
image_5466,0.002466266043484211
image_5467,0.03669566661119461
image_5468,0.1126381978392601
image_5469,0.664507269859314
image_547,0.057590845972299576
image_5470,0.9110509157180786
image_5471,0.0030297141056507826
image_5472,0.28980275988578796
image_5473,0.03315619006752968
image_5474,0.002323149237781763
image_5475,0.03530191257596016
image_5476,0.0030728764832019806
image_5477,0.019049206748604774
image_5478,0.0011062267003580928
image_5479,0.01661810278892517
image_548,5.446837531053461e-05
image_5480,0.0018943443428725004
image_5481,0.9763398170471191
image_5482,0.6573339104652405
image_5483,0.0025275766383856535
image_5484,0.002713521709665656
image_5485,0.0008629928925074637
image_5486,0.0006810094346292317
image_5487,0.0003796338278334588
image_5488,0.0007859732722863555
image_5489,0.0056879534386098385
image_549,0.0002965849998872727
image_5490,0.0009745623101480305
image_5491,0.0005617129500024021
image_5492,0.9966439008712769
image_5493,0.021598171442747116
image_5494,0.03773002326488495
image_5495,0.0014795390889048576
image_5496,0.0029597554821521044
image_5497,0.000900179788004607
image_5498,0.00027586499345488846
image_5499,0.00039008681778796017
image_55,0.0005231098621152341
image_550,0.0006103395135141909
image_5500,0.010465367697179317
image_5501,0.043540459126234055
image_5502,0.007862674072384834
image_5503,0.0020110520999878645
image_5504,0.00035364285577088594
image_5505,0.0059357378631830215
image_5506,0.011551854200661182
image_5507,0.012257684022188187
image_5508,0.002687523839995265
image_5509,0.0001804796775104478
image_551,0.0013012040872126818
image_5510,0.006023376248776913
image_5511,0.10623455792665482
image_5512,0.00273309089243412
image_5513,0.0010631745681166649
image_5514,0.02881179191172123
image_5515,0.002127061365172267
image_5516,0.00042130789370276034
image_5517,0.0007384109194390476
image_5518,0.0004951898008584976
image_5519,0.0018021041760221124
image_552,0.007610265631228685
image_5520,0.0012381544802337885
image_5521,0.02787233516573906
image_5522,0.0012718235375359654
image_5523,0.0002926724555436522
image_5524,0.0759136900305748
image_5525,0.0006101633189246058
image_5526,0.0025216785725206137
image_5527,0.6702819466590881
image_5528,0.026968134567141533
image_5529,0.00747641222551465
image_553,0.003743223613128066
image_5530,0.08988287299871445
image_5531,0.044651661068201065
image_5532,0.00012224742386024445
image_5533,0.0004608500748872757
image_5534,0.005283245351165533
image_5535,0.02961357682943344
image_5536,0.00029317461303435266
image_5537,0.01171888131648302
image_5538,0.8858312964439392
image_5539,0.00045919494004920125
image_554,0.0015262389788404107
image_5540,0.0007182165863923728
image_5541,0.03782229870557785
image_5542,0.08680203557014465
image_5543,0.010996646247804165
image_5544,0.9949500560760498
image_5545,0.024723030626773834
image_5546,0.000602353538852185
image_5547,0.019581815227866173
image_5548,0.00024719940847717226
image_5549,0.9868537187576294
image_555,0.0005310253472998738
image_5550,0.000912059098482132
image_5551,0.00012324805720709264
image_5552,0.0013994784094393253
image_5553,0.0003232903254684061
image_5554,0.009404794313013554
image_5555,0.2690078318119049
image_5556,0.4540902376174927
image_5557,4.1054474422708154e-05
image_5558,0.0050074514001607895
image_5559,0.0003344130818732083
image_556,0.0004295916005503386
image_5560,0.001053215004503727
image_5561,0.16536621749401093
image_5562,0.0018443106673657894
image_5563,0.9181218147277832
image_5564,0.006032155826687813
image_5565,0.39131152629852295
image_5566,0.8968007564544678
image_5567,0.054112933576107025
image_5568,0.8460193276405334
image_5569,0.0010195192880928516
image_557,0.00948126520961523
image_5570,0.03154120221734047
image_5571,0.00033001299016177654
image_5572,0.000470309256343171
image_5573,0.008871040306985378
image_5574,6.95384806022048e-05
image_5575,0.0019393159309402108
image_5576,0.986918032169342
image_5577,0.03593306243419647
image_5578,0.010617180727422237
image_5579,0.10285431891679764
image_558,0.0021565465722233057
image_5580,0.03400581330060959
image_5581,0.0004985667765140533
image_5582,0.0024140197783708572
image_5583,0.00010779001604532823
image_5584,0.000253041012911126
image_5585,0.0005255533033050597
image_5586,0.26252859830856323
image_5587,0.9353595972061157
image_5588,0.2313997596502304
image_5589,0.0022664086427539587
image_559,0.07371979206800461
image_5590,0.03941543772816658
image_5591,0.00013387689250521362
image_5592,0.0009219034691341221
image_5593,0.001057250308804214
image_5594,0.8095270991325378
image_5595,0.8658455610275269
image_5596,0.9465433359146118
image_5597,0.03564319759607315
image_5598,0.0007845991058275104
image_5599,0.0011595423566177487
image_56,0.0005898434319533408
image_560,0.013548804447054863
image_5600,0.005268176086246967
image_5601,0.0011427478166297078
image_5602,0.013983040116727352
image_5603,0.00020350166596472263
image_5604,0.0013621774269267917
image_5605,0.010037665255367756
image_5606,0.0003403034352231771
image_5607,0.9949361085891724
image_5608,0.0001262286677956581
image_5609,0.0011206803610548377
image_561,0.006010554265230894
image_5610,0.05801474303007126
image_5611,0.0072463457472622395
image_5612,0.03271907940506935
image_5613,0.003904296550899744
image_5614,0.6223370432853699
image_5615,0.002415497088804841
image_5616,0.004226252436637878
image_5617,0.000585014175157994
image_5618,0.2351406216621399
image_5619,0.0006526265060529113
image_562,0.0008488403400406241
image_5620,0.021969038993120193
image_5621,0.00068953528534621
image_5622,0.0010067361872643232
image_5623,0.026408592239022255
image_5624,0.004201246425509453
image_5625,0.00041240418795496225
image_5626,0.020299628376960754
image_5627,0.0010009659454226494
image_5628,0.010267923586070538
image_5629,0.009133945219218731
image_563,0.9924414157867432
image_5630,0.0018653415609151125
image_5631,0.003685570787638426
image_5632,0.001221165177412331
image_5633,0.9779201745986938
image_5634,0.9901651740074158
image_5635,0.006316437851637602
image_5636,0.004141202662140131
image_5637,0.0030696471221745014
image_5638,0.9832118153572083
image_5639,0.005213281139731407
image_564,0.0029746179934591055
image_5640,0.0030693698208779097
image_5641,0.009359408169984818
image_5642,0.007323669269680977
image_5643,0.002150393556803465
image_5644,0.04210810735821724
image_5645,0.00017042904801201075
image_5646,0.0027794826310127974
image_5647,0.00036818874650634825
image_5648,0.00499610835686326
image_5649,0.004201691132038832
image_565,0.8693103194236755
image_5650,0.0010516669135540724
image_5651,0.018876101821660995
image_5652,0.00041943436372093856
image_5653,0.0005155459512025118
image_5654,0.003450821852311492
image_5655,0.8293744921684265
image_5656,0.0005026559811085463
image_5657,0.00022371625527739525
image_5658,0.000369290413800627
image_5659,0.9229321479797363
image_566,0.0026504085399210453
image_5660,0.00048601883463561535
image_5661,0.8401150107383728
image_5662,0.5811192989349365
image_5663,0.5803317427635193
image_5664,0.03311564773321152
image_5665,0.7881615161895752
image_5666,0.00045796571066603065
image_5667,0.003639528062194586
image_5668,0.0004904462839476764
image_5669,0.014070088043808937
image_567,0.00038567627780139446
image_5670,0.005251604598015547
image_5671,0.014814282767474651
image_5672,0.0009749820455908775
image_5673,0.0014233922120183706
image_5674,0.002808708930388093
image_5675,0.005766380112618208
image_5676,0.0032466130796819925
image_5677,7.432310667354614e-05
image_5678,0.00042614145786501467
image_5679,0.0043933498673141
image_568,0.9804783463478088
image_5680,0.005121152848005295
image_5681,0.003174882149323821
image_5682,0.0021487826015800238
image_5683,0.0007473146542906761
image_5684,0.005795307457447052
image_5685,0.030625956133008003
image_5686,0.0026440622750669718
image_5687,0.006164567545056343
image_5688,0.003847392974421382
image_5689,0.030569670721888542
image_569,0.0035137447994202375
image_5690,0.0022067755926400423
image_5691,0.0031782311853021383
image_5692,0.0002931377093773335
image_5693,0.003103065537288785
image_5694,0.13370920717716217
image_5695,0.033683743327856064
image_5696,0.0027139487210661173
image_5697,9.158949251286685e-05
image_5698,0.00021712643501814455
image_5699,0.00031677435617893934
image_57,0.0031155813485383987
image_570,0.0004177442460786551
image_5700,0.013576867058873177
image_5701,0.0002753670560196042
image_5702,0.003040497889742255
image_5703,0.00953518133610487
image_5704,0.0009636172326281667
image_5705,0.0006054501864127815
image_5706,0.00013945510727353394
image_5707,0.8922488689422607
image_5708,0.5940595269203186
image_5709,0.0006833463557995856
image_571,0.050469741225242615
image_5710,0.0006767970626242459
image_5711,0.0006517752190120518
image_5712,0.00538073293864727
image_5713,0.0002603266329970211
image_5714,0.0047230469062924385
image_5715,0.01929394342005253
image_5716,0.0023851662408560514
image_5717,0.0002641658065840602
image_5718,0.40945810079574585
image_5719,0.0004460754571482539
image_572,0.03880201280117035
image_5720,0.00031143546220846474
image_5721,0.000620284816250205
image_5722,0.024720510467886925
image_5723,0.0020438663195818663
image_5724,0.0005344508681446314
image_5725,0.002801156137138605
image_5726,0.009259890764951706
image_5727,0.03210299462080002
image_5728,6.805728480685502e-05
image_5729,0.0003250085574109107
image_573,0.001555236871354282
image_5730,0.00012568962119985372
image_5731,0.002457699738442898
image_5732,0.0019491814309731126
image_5733,0.9725754261016846
image_5734,0.0006419337587431073
image_5735,0.0026772692799568176
image_5736,0.004034040495753288
image_5737,0.0034608468413352966
image_5738,0.0010171507019549608
image_5739,0.03627777844667435
image_574,0.0019019379978999496
image_5740,0.02201882004737854
image_5741,0.0020437450148165226
image_5742,0.00018411238852422684
image_5743,0.0009960837196558714
image_5744,0.0020294422283768654
image_5745,0.032266661524772644
image_5746,0.009467137977480888
image_5747,0.0007936398615129292
image_5748,0.0003999008040409535
image_5749,0.0005691517144441605
image_575,0.0009739858214743435
image_5750,0.10101396590471268
image_5751,0.0014955200022086501
image_5752,0.2511490285396576
image_5753,0.0007363871554844081
image_5754,0.004950155504047871
image_5755,0.5175148844718933
image_5756,0.008744652383029461
image_5757,0.1252618134021759
image_5758,0.003814564784988761
image_5759,0.0026741069741547108
image_576,0.0005842610844410956
image_5760,0.0009428801131434739
image_5761,0.0032022292725741863
image_5762,0.0025016621220856905
image_5763,0.017491454258561134
image_5764,0.0009445276809856296
image_5765,0.006352545227855444
image_5766,0.016642151400446892
image_5767,0.0006639130297116935
image_5768,0.001544341677799821
image_5769,0.003793422831222415
image_577,0.0015243457164615393
image_5770,0.7069123387336731
image_5771,0.02907717600464821
image_5772,0.0001481226645410061
image_5773,0.005432098172605038
image_5774,9.48569067986682e-05
image_5775,0.0031868931837379932
image_5776,0.00435580313205719
image_5777,0.6127486824989319
image_5778,0.009133768267929554
image_5779,0.04104292020201683
image_578,0.06025192141532898
image_5780,0.046377032995224
image_5781,0.001860840362496674
image_5782,0.0032354879658669233
image_5783,0.009073437191545963
image_5784,0.7998124957084656
image_5785,0.0059559540823102
image_5786,0.0012099272571504116
image_5787,0.00030585326021537185
image_5788,0.0001459136256016791
image_5789,0.009642117656767368
image_579,0.004328303504735231
image_5790,0.0009964240016415715
image_5791,0.01820720173418522
image_5792,0.0002622768224682659
image_5793,0.0055780368857085705
image_5794,0.5362305045127869
image_5795,0.05002328008413315
image_5796,0.012872857041656971
image_5797,0.00763356126844883
image_5798,0.12175621837377548
image_5799,0.0012289357837289572
image_58,0.0013034944422543049
image_580,0.002847373951226473
image_5800,0.00481508020311594
image_5801,0.46764376759529114
image_5802,0.09775397181510925
image_5803,0.0032050721347332
image_5804,0.02013717032968998
image_5805,0.02044057473540306
image_5806,0.04404778778553009
image_5807,0.0008006124990060925
image_5808,0.000811035861261189
image_5809,0.9321675300598145
image_581,0.0004903247463516891
image_5810,0.9487120509147644
image_5811,0.0007422747439704835
image_5812,0.00022169967996887863
image_5813,0.008152739144861698
image_5814,0.003373479936271906
image_5815,0.005763578694313765
image_5816,0.10906413942575455
image_5817,0.013768687844276428
image_5818,0.0024240538477897644
image_5819,0.014477084390819073
image_582,0.0025218056980520487
image_5820,0.0011299869511276484
image_5821,0.0008706307853572071
image_5822,0.0005035203648731112
image_5823,0.0007620690739713609
image_5824,0.0016472246497869492
image_5825,0.003063635202124715
image_5826,0.005721589550375938
image_5827,0.00013591095921583474
image_5828,0.0028691741172224283
image_5829,0.0015840403502807021
image_583,0.0016314961249008775
image_5830,0.010840003378689289
image_5831,0.9838343858718872
image_5832,0.0013262748252600431
image_5833,0.000643477716948837
image_5834,0.008750895969569683
image_5835,0.003667813492938876
image_5836,0.5178361535072327
image_5837,0.00019039625476580113
image_5838,0.1631774604320526
image_5839,0.011273001320660114
image_584,0.013994536362588406
image_5840,0.01564221829175949
image_5841,0.004662674386054277
image_5842,0.0006649211281910539
image_5843,0.0022670601028949022
image_5844,0.000890221621375531
image_5845,0.0010125552071258426
image_5846,0.0016440971521660686
image_5847,0.7896319031715393
image_5848,0.0017211968079209328
image_5849,0.9788874387741089
image_585,0.0001221122802235186
image_5850,0.0007372992695309222
image_5851,0.014252894558012486
image_5852,0.9839627146720886
image_5853,0.027815639972686768
image_5854,0.0024983766488730907
image_5855,0.009405269287526608
image_5856,0.0015029443893581629
image_5857,0.9568361043930054
image_5858,0.0016782088205218315
image_5859,0.0038582065608352423
image_586,0.005361380521208048
image_5860,0.0009346865117549896
image_5861,0.002901519648730755
image_5862,0.0007328611682169139
image_5863,0.0016592391766607761
image_5864,0.0006035330006852746
image_5865,0.01924329437315464
image_5866,0.0008474579080939293
image_5867,0.004281994421035051
image_5868,0.00018090815865434706
image_5869,0.0020180237479507923
image_587,0.0027186700608581305
image_5870,0.008470095694065094
image_5871,0.037365544587373734
image_5872,0.010710185393691063
image_5873,0.005867073778063059
image_5874,0.0005341999931260943
image_5875,0.005006850231438875
image_5876,0.0023580468259751797
image_5877,0.0025284101720899343
image_5878,0.0035073428880423307
image_5879,0.022698992863297462
image_588,0.0015310293529182673
image_5880,0.00072204734897241
image_5881,0.00147289561573416
image_5882,0.0007501184591092169
image_5883,0.0007157414220273495
image_5884,0.0028620401863008738
image_5885,0.015748081728816032
image_5886,0.0006635180325247347
image_5887,0.030727891251444817
image_5888,0.0006573369028046727
image_5889,0.00637155631557107
image_589,0.004447243642061949
image_5890,0.003555166767910123
image_5891,0.013395444490015507
image_5892,0.007214612327516079
image_5893,0.0042413328774273396
image_5894,0.0003156797029078007
image_5895,0.0047184075228869915
image_5896,0.0014588116900995374
image_5897,0.007347871083766222
image_5898,0.002232789760455489
image_5899,0.007880888879299164
image_59,0.004949075169861317
image_590,0.6234917640686035
image_5900,0.19041752815246582
image_5901,0.006891526747494936
image_5902,0.0032689841464161873
image_5903,0.02339228242635727
image_5904,0.0005483799031935632
image_5905,0.00033624551724642515
image_5906,0.00124040013179183
image_5907,0.3039793372154236
image_5908,0.0025008434895426035
image_5909,0.0024239374324679375
image_591,0.00389612908475101
image_5910,0.001665446674451232
image_5911,0.025129638612270355
image_5912,0.9261561036109924
image_5913,0.056307870894670486
image_5914,0.18889303505420685
image_5915,0.0026849231217056513
image_5916,0.00012128601520089433
image_5917,0.00019302443251945078
image_5918,0.0018165161600336432
image_5919,0.9122180938720703
image_592,9.179961489280686e-05
image_5920,0.006113250739872456
image_5921,0.05691501870751381
image_5922,0.0009764572605490685
image_5923,0.0007193749770522118
image_5924,0.0018539989832788706
image_5925,0.08622322976589203
image_5926,0.0043266243301332
image_5927,0.000771702325437218
image_5928,0.002624147804453969
image_5929,0.0003345955046825111
image_593,0.0021536077838391066
image_5930,0.0017858553910627961
image_5931,0.005868030246347189
image_5932,0.0018834047950804234
image_5933,7.946313417050987e-05
image_5934,0.0001592638436704874
image_5935,0.0037861084565520287
image_5936,0.9569205641746521
image_5937,0.0022496338933706284
image_5938,0.894670307636261
image_5939,0.8894162774085999
image_594,0.008690186776220798
image_5940,0.0008783850353211164
image_5941,0.0025025655049830675
image_5942,0.015399176627397537
image_5943,0.9924269914627075
image_5944,0.0031232715118676424
image_5945,0.9568175673484802
image_5946,0.014711118303239346
image_5947,0.004385656211525202
image_5948,0.000831819896120578
image_5949,0.010112821124494076
image_595,0.982379674911499
image_5950,0.0009925091871991754
image_5951,0.00026069721207022667
image_5952,0.056472741067409515
image_5953,0.0018566985381767154
image_5954,0.0003228677378501743
image_5955,0.0006073719123378396
image_5956,0.006390352267771959
image_5957,0.027609990909695625
image_5958,0.7902775406837463
image_5959,0.0006022972520440817
image_596,0.9973813891410828
image_5960,0.87668377161026
image_5961,0.00017053568444680423
image_5962,0.00021412996284198016
image_5963,0.9491233229637146
image_5964,0.004022615496069193
image_5965,0.712208092212677
image_5966,0.02884775586426258
image_5967,0.006130356341600418
image_5968,0.02914220653474331
image_5969,0.0011986717581748962
image_597,0.19071193039417267
image_5970,0.00021348372683860362
image_5971,0.005372160580009222
image_5972,0.05665731802582741
image_5973,0.002247051801532507
image_5974,0.0028773287776857615
image_5975,0.00928044319152832
image_5976,0.0019227555021643639
image_5977,0.003301425604149699
image_5978,0.04448883980512619
image_5979,0.6109817028045654
image_598,0.03394660726189613
image_5980,0.0031449533998966217
image_5981,0.001417594263330102
image_5982,1.3000531907891855e-05
image_5983,0.014607548713684082
image_5984,0.00015694762987550348
image_5985,0.014392086304724216
image_5986,0.0039449273608624935
image_5987,0.9596530199050903
image_5988,0.0022702785208821297
image_5989,0.0009735549101606011
image_599,0.019534381106495857
image_5990,0.003347919788211584
image_5991,0.006488343700766563
image_5992,0.022538691759109497
image_5993,0.02932363748550415
image_5994,0.00021693897724617273
image_5995,0.945861279964447
image_5996,0.41378986835479736
image_5997,0.001709060394205153
image_5998,0.003919065464287996
image_5999,0.0003312107000965625
image_6,0.00265557155944407
image_60,0.0011715898290276527
image_600,0.005056612193584442
image_6000,0.0013395176501944661
image_6001,0.05241202935576439
image_6002,8.438155055046082e-05
image_6003,0.844164252281189
image_6004,0.01024658977985382
image_6005,0.9939286708831787
image_6006,0.011099846102297306
image_6007,0.0007411359692923725
image_6008,0.007391814142465591
image_6009,0.009094172157347202
image_601,0.0018705796683207154
image_6010,0.0017756805755198002
image_6011,0.9963014125823975
image_6012,0.0007847018423490226
image_6013,0.0006304738344624639
image_6014,0.011852853000164032
image_6015,0.012453077360987663
image_6016,0.0004115837218705565
image_6017,0.004539849236607552
image_6018,0.0011856711935251951
image_6019,0.028748754411935806
image_602,0.009174168109893799
image_6020,0.020600702613592148
image_6021,0.0017977982060983777
image_6022,0.02180429734289646
image_6023,0.002991638146340847
image_6024,0.9317259192466736
image_6025,0.010653149336576462
image_6026,0.9816498160362244
image_6027,0.006119067780673504
image_6028,0.0037356384564191103
image_6029,0.004437966272234917
image_603,0.028275450691580772
image_6030,0.0006718087242916226
image_6031,0.009435156360268593
image_6032,0.9487715363502502
image_6033,0.0006964672356843948
image_6034,0.0011258813319727778
image_6035,0.0002634401898831129
image_6036,0.09435881674289703
image_6037,0.001606140984222293
image_6038,0.015746086835861206
image_6039,0.04150373861193657
image_604,0.00042816149652935565
image_6040,0.0006742640980519354
image_6041,0.001171957585029304
image_6042,0.007617572322487831
image_6043,0.00013999191287439317
image_6044,0.9414716958999634
image_6045,0.009229757823050022
image_6046,0.09388230741024017
image_6047,0.30107003450393677
image_6048,0.034585729241371155
image_6049,0.0009128885576501489
image_605,0.0008207439095713198
image_6050,0.0012151222908869386
image_6051,0.0007067250553518534
image_6052,0.018764395266771317
image_6053,0.0005531575880013406
image_6054,0.006437255069613457
image_6055,0.010547591373324394
image_6056,0.0029662607703357935
image_6057,0.013094629161059856
image_6058,0.0008230475941672921
image_6059,0.030255300924181938
image_606,0.014497984200716019
image_6060,0.0015718693612143397
image_6061,0.00018474720127414912
image_6062,0.006307908333837986
image_6063,0.002348233014345169
image_6064,0.9616521596908569
image_6065,0.007691387552767992
image_6066,0.9538708329200745
image_6067,0.023725124076008797
image_6068,0.7311676740646362
image_6069,0.012117006815969944
image_607,0.9541947841644287
image_6070,0.025650976225733757
image_6071,0.00016699063417036086
image_6072,0.0007733470411039889
image_6073,0.9575306177139282
image_6074,0.0003111312398687005
image_6075,0.03978278115391731
image_6076,0.0005283263162709773
image_6077,0.0011191292433068156
image_6078,0.006943495944142342
image_6079,0.00012335527571849525
image_608,0.9825284481048584
image_6080,0.0026721684262156487
image_6081,0.00309499423019588
image_6082,0.0023780728224664927
image_6083,0.9113937020301819
image_6084,0.010212327353656292
image_6085,0.004607621114701033
image_6086,0.0046994248405098915
image_6087,0.0005738564650528133
image_6088,0.0044983625411987305
image_6089,0.00038311624666675925
image_609,0.0003891665837727487
image_6090,0.002555563347414136
image_6091,0.005959509406238794
image_6092,0.9587726593017578
image_6093,0.008002081885933876
image_6094,0.5923474431037903
image_6095,0.00744904950261116
image_6096,0.00035035761538892984
image_6097,0.0050529357977211475
image_6098,0.0008916889782994986
image_6099,0.013420657254755497
image_61,0.0006416175747290254
image_610,0.001508174929767847
image_6100,0.001690337317995727
image_6101,0.0535830482840538
image_6102,0.012270194478332996
image_6103,0.7467544674873352
image_6104,0.02068391442298889
image_6105,5.7220815506298095e-05
image_6106,0.0034702401608228683
image_6107,0.09860160201787949
image_6108,0.06044397130608559
image_6109,0.003324467223137617
image_611,0.0011932338820770383
image_6110,0.0016630713362246752
image_6111,0.00838789064437151
image_6112,0.002093888120725751
image_6113,0.0005811155424453318
image_6114,0.7987364530563354
image_6115,0.0005358262569643557
image_6116,9.047101775649935e-05
image_6117,0.0010275739477947354
image_6118,0.015508953481912613
image_6119,0.9795241951942444
image_612,0.0008958461112342775
image_6120,0.0012769682798534632
image_6121,0.006994770839810371
image_6122,0.08319411426782608
image_6123,0.017266936600208282
image_6124,0.0030817461665719748
image_6125,0.0011106678284704685
image_6126,0.0007925565587356687
image_6127,0.00044223933946341276
image_6128,0.007210194133222103
image_6129,0.013269922696053982
image_613,0.008166275918483734
image_6130,0.00021512327657546848
image_6131,0.007063109427690506
image_6132,0.9878786206245422
image_6133,0.02958526462316513
image_6134,0.0005787695990875363
image_6135,0.0003761554544325918
image_6136,0.10455778986215591
image_6137,0.00018939658184535801
image_6138,0.9528390169143677
image_6139,0.0022885468788444996
image_614,0.007585428189486265
image_6140,0.06386392563581467
image_6141,0.005193338263779879
image_6142,0.9777166247367859
image_6143,0.008871015161275864
image_6144,0.27986833453178406
image_6145,0.6168932318687439
image_6146,0.01026266161352396
image_6147,0.00015388926840387285
image_6148,0.007771323900669813
image_6149,0.007423740345984697
image_615,0.0032050444278866053
image_6150,0.0007424565847031772
image_6151,0.997123658657074
image_6152,0.002819659188389778
image_6153,0.0004432032292243093
image_6154,0.6075586676597595
image_6155,0.37857094407081604
image_6156,0.044307220727205276
image_6157,0.0012637687614187598
image_6158,0.0020123817957937717
image_6159,0.0011632844107225537
image_616,0.003557732095941901
image_6160,0.0009659068309701979
image_6161,0.005895823240280151
image_6162,0.00012508929648902267
image_6163,0.062325239181518555
image_6164,0.00048001165851019323
image_6165,0.027393819764256477
image_6166,0.005867159925401211
image_6167,0.003525042673572898
image_6168,0.026443583890795708
image_6169,0.0013704578159376979
image_617,0.015196947380900383
image_6170,0.03894907608628273
image_6171,0.0002474049979355186
image_6172,0.0047259642742574215
image_6173,0.04613066837191582
image_6174,0.005190202966332436
image_6175,0.2134084403514862
image_6176,0.00207752943970263
image_6177,0.01044386811554432
image_6178,0.0015527796931564808
image_6179,0.9911351203918457
image_618,1.9398561562411487e-05
image_6180,0.001426422968506813
image_6181,0.0008702405611984432
image_6182,0.0030243380460888147
image_6183,0.0009641415090300143
image_6184,0.005496320780366659
image_6185,0.008434245362877846
image_6186,0.0664488896727562
image_6187,0.0007299824501387775
image_6188,5.1743860240094364e-05
image_6189,0.08196424692869186
image_619,0.006208264268934727
image_6190,0.7146828174591064
image_6191,0.0003966543881688267
image_6192,0.004322413820773363
image_6193,0.6567752957344055
image_6194,0.0014665129128843546
image_6195,0.012513017281889915
image_6196,0.0016616618959233165
image_6197,0.040913693606853485
image_6198,2.8963262593606487e-05
image_6199,0.008870755322277546
image_62,0.033759091049432755
image_620,0.02019747532904148
image_6200,0.9437425136566162
image_6201,0.0023576992098242044
image_6202,0.003379193600267172
image_6203,0.007178267929702997
image_6204,6.101001417846419e-05
image_6205,0.0006078942678868771
image_6206,0.0029171155765652657
image_6207,0.00018639540940057486
image_6208,0.0002626081113703549
image_6209,0.23776812851428986
image_621,6.091304749133997e-05
image_6210,0.0015060317236930132
image_6211,0.08303234726190567
image_6212,0.005649869795888662
image_6213,0.048399195075035095
image_6214,0.0010923470836132765
image_6215,0.0007851588889025152
image_6216,0.001084861229173839
image_6217,0.0014991180505603552
image_6218,0.0011078781681135297
image_6219,0.0031006564386188984
image_622,0.03982793912291527
image_6220,0.0011782734654843807
image_6221,0.6087092161178589
image_6222,0.8144793510437012
image_6223,0.005744861904531717
image_6224,0.9978058934211731
image_6225,0.08852751553058624
image_6226,0.001972178928554058
image_6227,0.00016746022447478026
image_6228,0.004089555237442255
image_6229,0.00032892744638957083
image_623,0.012927195057272911
image_6230,0.00011698781599989161
image_6231,0.0020208286587148905
image_6232,0.00536890747025609
image_6233,0.0007589466404169798
image_6234,0.003558739786967635
image_6235,0.00031775710522197187
image_6236,0.0022875855211168528
image_6237,0.0001509236026322469
image_6238,0.948710024356842
image_6239,0.015698939561843872
image_624,3.732220648089424e-05
image_6240,0.0023866246920078993
image_6241,0.017234941944479942
image_6242,0.001259815413504839
image_6243,0.9499080777168274
image_6244,0.03380626067519188
image_6245,0.9188756942749023
image_6246,0.0011879797093570232
image_6247,0.08883129060268402
image_6248,0.8829014897346497
image_6249,0.0008858910296112299
image_625,0.019514175131917
image_6250,0.004126032814383507
image_6251,0.011562583968043327
image_6252,0.00472171138972044
image_6253,0.004842368420213461
image_6254,0.6686499118804932
image_6255,0.859257161617279
image_6256,0.005311696324497461
image_6257,0.00021165535144973546
image_6258,0.0033069595228880644
image_6259,0.9285229444503784
image_626,0.012867853976786137
image_6260,0.010022352449595928
image_6261,0.0009089927771128714
image_6262,0.0005165121983736753
image_6263,0.0005708225653506815
image_6264,0.013758149929344654
image_6265,0.004220174625515938
image_6266,0.15905843675136566
image_6267,0.012864860706031322
image_6268,0.0003139631589874625
image_6269,0.0010347816860303283
image_627,0.0725836232304573
image_6270,0.0006495629204437137
image_6271,0.01285092905163765
image_6272,0.00043583157821558416
image_6273,0.019004274159669876
image_6274,0.9918980598449707
image_6275,0.011540675535798073
image_6276,0.0020284545607864857
image_6277,0.00024613639106974006
image_6278,0.0010772428940981627
image_6279,0.002813096856698394
image_628,0.02128382958471775
image_6280,0.00746147008612752
image_6281,0.001017291098833084
image_6282,0.9986662864685059
image_6283,0.021418582648038864
image_6284,0.0011155225802212954
image_6285,0.015172303654253483
image_6286,0.018584342673420906
image_6287,0.028296275064349174
image_6288,0.003945779521018267
image_6289,0.7694827914237976
image_629,0.0021302546374499798
image_6290,0.004624469205737114
image_6291,0.2399621456861496
image_6292,0.0009016713593155146
image_6293,0.017321892082691193
image_6294,0.0017144456505775452
image_6295,0.5096826553344727
image_6296,0.01058220025151968
image_6297,0.015683887526392937
image_6298,0.8590814471244812
image_6299,0.04623417928814888
image_63,0.0006779226241633296
image_630,0.0031891283579170704
image_6300,0.0004718530981335789
image_6301,0.56458580493927
image_6302,0.9829270243644714
image_6303,0.9900591969490051
image_6304,0.0009819817496463656
image_6305,0.0021363745909184217
image_6306,0.0015028256457298994
image_6307,0.022347891703248024
image_6308,0.00011536380043253303
image_6309,0.0008382090018130839
image_631,0.9415230751037598
image_6310,0.6174814701080322
image_6311,0.00020326508092693985
image_6312,0.003952248953282833
image_6313,0.372861385345459
image_6314,0.0025215561036020517
image_6315,0.006201647687703371
image_6316,0.0012966248905286193
image_6317,0.034608498215675354
image_6318,0.011305163614451885
image_6319,0.0001742362219374627
image_632,0.0002577969280537218
image_6320,0.00940554030239582
image_6321,0.9691309928894043
image_6322,0.0013123364187777042
image_6323,0.0001296780537813902
image_6324,0.0022265266161412
image_6325,0.0020933521445840597
image_6326,0.01888515055179596
image_6327,0.017181605100631714
image_6328,0.005056158639490604
image_6329,0.0024372623302042484
image_633,0.03617468476295471
image_6330,0.6310058832168579
image_6331,0.00016863505879882723
image_6332,0.0013124450342729688
image_6333,0.007350257597863674
image_6334,0.03587302565574646
image_6335,0.011179416440427303
image_6336,0.8570265769958496
image_6337,0.00030905145104043186
image_6338,0.7465940117835999
image_6339,0.0027839799877256155
image_634,0.0049958378076553345
image_6340,0.0026253436226397753
image_6341,0.03646818920969963
image_6342,0.001108786673285067
image_6343,0.00043466011993587017
image_6344,0.01790003478527069
image_6345,0.009985054843127728
image_6346,0.8415361046791077
image_6347,0.0012190446723252535
image_6348,0.05948319286108017
image_6349,0.000273537210887298
image_635,0.0008110706112347543
image_6350,0.0004986033891327679
image_6351,0.03674132376909256
image_6352,0.0009813387878239155
image_6353,0.016732295975089073
image_6354,0.0014517024392262101
image_6355,0.00020537256204988807
image_6356,0.004354370292276144
image_6357,0.8158791065216064
image_6358,0.00046989964903332293
image_6359,0.00315609248355031
image_636,0.9803591966629028
image_6360,0.000686304469127208
image_6361,0.0042803846299648285
image_6362,9.09505833988078e-05
image_6363,0.0009769258322194219
image_6364,0.029955169185996056
image_6365,0.004438617266714573
image_6366,0.013561740517616272
image_6367,0.09151121973991394
image_6368,0.0009380445117130876
image_6369,0.010016932152211666
image_637,0.03454546257853508
image_6370,0.0008573253289796412
image_6371,0.817040205001831
image_6372,0.0003922997275367379
image_6373,0.0027710339054465294
image_6374,0.0007361299940384924
image_6375,0.016826879233121872
image_6376,0.9985438585281372
image_6377,0.010048032738268375
image_6378,0.06698113679885864
image_6379,3.72029171558097e-05
image_638,0.12050800025463104
image_6380,0.024531148374080658
image_6381,0.9451135993003845
image_6382,0.014179123565554619
image_6383,0.7766159176826477
image_6384,0.0021214988082647324
image_6385,9.06352506717667e-05
image_6386,0.07296539843082428
image_6387,0.01555726956576109
image_6388,0.0020391789730638266
image_6389,0.0015196016756817698
image_639,0.003424358321353793
image_6390,0.0018717375351116061
image_6391,0.044220440089702606
image_6392,0.3657747507095337
image_6393,0.00505324499681592
image_6394,0.007817257195711136
image_6395,0.002762989606708288
image_6396,0.0010422514751553535
image_6397,0.0035193776711821556
image_6398,0.0029429832939058542
image_6399,0.0008166964398697019
image_64,0.005661875940859318
image_640,0.005894658155739307
image_6400,0.03785618022084236
image_6401,0.00047905283281579614
image_6402,0.022999605163931847
image_6403,4.9323578423354775e-05
image_6404,0.00803541112691164
image_6405,0.9908514618873596
image_6406,0.002877558581531048
image_6407,0.008397998288273811
image_6408,0.008161376230418682
image_6409,1.1060114047722891e-05
image_641,0.04825352132320404
image_6410,0.007804766297340393
image_6411,0.0011647786013782024
image_6412,0.005153329577296972
image_6413,0.002915486693382263
image_6414,0.00790433306246996
image_6415,0.9061692357063293
image_6416,0.0029787786770612
image_6417,0.00032599386759102345
image_6418,0.003923345357179642
image_6419,0.001396851264871657
image_642,0.8881456255912781
image_6420,0.00023200274154078215
image_6421,6.651736475760117e-05
image_6422,0.021572859957814217
image_6423,0.013406048528850079
image_6424,0.050139788538217545
image_6425,0.10978300124406815
image_6426,0.007143769878894091
image_6427,0.00604088744148612
image_6428,0.004602150060236454
image_6429,0.004738167393952608
image_643,0.005242709070444107
image_6430,0.00021104898769408464
image_6431,0.01254553347826004
image_6432,0.09611622989177704
image_6433,0.00248385826125741
image_6434,0.0018883708398789167
image_6435,0.004125327803194523
image_6436,0.9569205641746521
image_6437,0.9463272094726562
image_6438,0.04746941849589348
image_6439,0.012917506508529186
image_644,8.237916335929185e-05
image_6440,0.0008622725144959986
image_6441,0.006357838399708271
image_6442,0.0007543769315816462
image_6443,0.0011700039030984044
image_6444,0.08082416653633118
image_6445,0.942941427230835
image_6446,0.005329606123268604
image_6447,0.0201428160071373
image_6448,0.0061648390255868435
image_6449,0.001114112907089293
image_645,2.863547888409812e-05
image_6450,0.0071235462091863155
image_6451,0.7888054251670837
image_6452,0.013174522668123245
image_6453,0.0009937429567798972
image_6454,0.020994598045945168
image_6455,0.0009120869217440486
image_6456,0.0006417288677766919
image_6457,0.06328819692134857
image_6458,0.001940542017109692
image_6459,0.9938995838165283
image_646,7.263056613737717e-05
image_6460,0.0328497476875782
image_6461,0.0022626647260040045
image_6462,0.01166299358010292
image_6463,0.0005689599784091115
image_6464,0.0024258671328425407
image_6465,0.0020050471648573875
image_6466,0.4386734366416931
image_6467,0.00010505192767595872
image_6468,0.0002927955356426537
image_6469,0.008673295378684998
image_647,0.02820657379925251
image_6470,0.0021088968496769667
image_6471,9.099837916437536e-05
image_6472,0.8130748867988586
image_6473,6.85439445078373e-05
image_6474,0.0008158867130987346
image_6475,0.0038433417212218046
image_6476,0.0063439784571528435
image_6477,0.0019840148743242025
image_6478,0.005003829952329397
image_6479,9.157708700513467e-05
image_648,0.0031005325727164745
image_6480,0.0007604064303450286
image_6481,0.0017364837694913149
image_6482,0.08687498420476913
image_6483,0.0001598968228790909
image_6484,0.006004201713949442
image_6485,0.41620340943336487
image_6486,0.6584450602531433
image_6487,0.0001775415294105187
image_6488,0.00024601953919045627
image_6489,0.002101442078128457
image_649,0.014298617839813232
image_6490,0.0010737297125160694
image_6491,0.00016612856416031718
image_6492,0.0016502715880051255
image_6493,0.0002437589137116447
image_6494,5.0781389290932566e-05
image_6495,0.008410610258579254
image_6496,0.007518767844885588
image_6497,8.785867976257578e-05
image_6498,0.002766836667433381
image_6499,0.002531816717237234
image_65,0.00030591568793170154
image_650,0.0280698724091053
image_6500,0.012594509869813919
image_6501,0.005755242891609669
image_6502,0.6956200003623962
image_6503,0.0019323822343721986
image_6504,0.008937160484492779
image_6505,0.03246687725186348
image_6506,0.0008855618652887642
image_6507,0.00033819922828115523
image_6508,0.9164544343948364
image_6509,0.005628105718642473
image_651,3.064155680476688e-05
image_6510,0.03539731353521347
image_6511,0.9315558075904846
image_6512,0.0007487622206099331
image_6513,0.007836452685296535
image_6514,0.0015550176613032818
image_6515,0.0008543553412891924
image_6516,0.03030906431376934
image_6517,0.000403627724153921
image_6518,0.6200602054595947
image_6519,0.007730953861027956
image_652,0.03002864494919777
image_6520,0.05163650959730148
image_6521,0.012107107788324356
image_6522,0.0007776275160722435
image_6523,0.8571113348007202
image_6524,0.0029464580584317446
image_6525,0.00030659802723675966
image_6526,0.0022733514197170734
image_6527,0.0015725931152701378
image_6528,0.001808375702239573
image_6529,0.011776067316532135
image_653,6.315206701401621e-05
image_6530,0.49565547704696655
image_6531,0.00014891315368004143
image_6532,2.3506529032601975e-05
image_6533,0.0012632368598133326
image_6534,0.00017894381016958505
image_6535,0.0015504719922319055
image_6536,0.0008836430497467518
image_6537,0.0052321734838187695
image_6538,0.0019137895433232188
image_6539,0.00013406517973635346
image_654,4.0995080780703574e-05
image_6540,4.759582952829078e-05
image_6541,0.007325090933591127
image_6542,0.0002912523050326854
image_6543,0.009035162627696991
image_6544,0.00754161411896348
image_6545,0.00164955691434443
image_6546,0.008177933283150196
image_6547,0.045409511774778366
image_6548,0.02027338743209839
image_6549,9.506335482001305e-05
image_655,0.025040458887815475
image_6550,0.0056236484088003635
image_6551,0.001088947057723999
image_6552,5.6188986491179094e-05
image_6553,0.004722396843135357
image_6554,0.10200776904821396
image_6555,0.8834676146507263
image_6556,0.012583213858306408
image_6557,0.0010881614871323109
image_6558,0.0002120913122780621
image_6559,0.02884889580309391
image_656,0.8229243159294128
image_6560,0.0003010910586453974
image_6561,0.9422018527984619
image_6562,0.0007517561316490173
image_6563,0.00474713696166873
image_6564,0.006974933203309774
image_6565,0.017628980800509453
image_6566,0.007090121507644653
image_6567,0.0013392422115430236
image_6568,0.01816226728260517
image_6569,1.3782655514660291e-06
image_657,0.018381765112280846
image_6570,0.5052130222320557
image_6571,0.001793200382962823
image_6572,0.0071965167298913
image_6573,0.05824098736047745
image_6574,0.786961019039154
image_6575,0.002299254760146141
image_6576,0.9331170916557312
image_6577,0.6473032236099243
image_6578,0.04844100400805473
image_6579,0.002551673213019967
image_658,0.002536553656682372
image_6580,0.00124927272554487
image_6581,0.6915450096130371
image_6582,0.6366714239120483
image_6583,0.0006097615696489811
image_6584,0.02561309188604355
image_6585,0.0010004191426560283
image_6586,0.0032813495490700006
image_6587,0.004302916582673788
image_6588,0.010436169803142548
image_6589,5.552969014388509e-05
image_659,0.367572546005249
image_6590,0.00030018703546375036
image_6591,0.005934016313403845
image_6592,0.006520549766719341
image_6593,0.0003213838208466768
image_6594,0.005359199363738298
image_6595,5.284336657496169e-05
image_6596,0.00011291220289422199
image_6597,0.016930555924773216
image_6598,0.05828326195478439
image_6599,0.12196539342403412
image_66,0.004624366294592619
image_660,0.010725676082074642
image_6600,0.0045060222037136555
image_6601,0.0157877616584301
image_6602,0.0007906110840849578
image_6603,0.007076605688780546
image_6604,0.0011276835575699806
image_6605,0.0010625730501487851
image_6606,0.004685138817876577
image_6607,0.03670129552483559
image_6608,0.005039961542934179
image_6609,0.0019395826384425163
image_661,0.0023373165167868137
image_6610,0.0018776075448840857
image_6611,0.001480038627050817
image_6612,0.011725378222763538
image_6613,0.01991073414683342
image_6614,0.0002229133533546701
image_6615,0.0022171596065163612
image_6616,0.0008694721618667245
image_6617,0.6667546033859253
image_6618,0.041737914085388184
image_6619,0.017748406156897545
image_662,0.009372703731060028
image_6620,0.011769087985157967
image_6621,0.000739536655601114
image_6622,0.04230503737926483
image_6623,0.9654001593589783
image_6624,0.0009365692967548966
image_6625,0.837853193283081
image_6626,0.0002834357728715986
image_6627,0.0007095513865351677
image_6628,0.0004972689202986658
image_6629,0.00031756507814861834
image_663,0.9968947172164917
image_6630,0.008897891268134117
image_6631,0.9263904094696045
image_6632,0.11862581223249435
image_6633,0.021267183125019073
image_6634,0.0005705484072677791
image_6635,0.0009026182815432549
image_6636,0.0003527211374603212
image_6637,0.03493523970246315
image_6638,0.001197375007905066
image_6639,0.011149900034070015
image_664,0.0004811433609575033
image_6640,0.004469283390790224
image_6641,0.2729834318161011
image_6642,0.001013785949908197
image_6643,0.002650517039000988
image_6644,0.020260274410247803
image_6645,0.005281534045934677
image_6646,0.0024328355211764574
image_6647,0.0025180038064718246
image_6648,0.0006864386377856135
image_6649,0.941498875617981
image_665,0.0007701184949837625
image_6650,0.0014718362363055348
image_6651,0.0036161059979349375
image_6652,0.0068290396593511105
image_6653,0.0009317980147898197
image_6654,0.008165674284100533
image_6655,0.005703161936253309
image_6656,0.8808083534240723
image_6657,0.00015610287664458156
image_6658,0.014108968898653984
image_6659,0.006247260142117739
image_666,0.07883550971746445
image_6660,0.0006199816707521677
image_6661,0.0038067989517003298
image_6662,0.0033702703658491373
image_6663,0.0007374144624918699
image_6664,0.0029743651393800974
image_6665,4.857328167418018e-05
image_6666,0.015089173801243305
image_6667,0.0007036558818072081
image_6668,0.20331993699073792
image_6669,0.00022820316371507943
image_667,0.0009126976365223527
image_6670,0.0011856512865051627
image_6671,0.9794055819511414
image_6672,0.002466001082211733
image_6673,0.0043902271427214146
image_6674,0.00012691589654423296
image_6675,0.000900771003216505
image_6676,0.010168658569455147
image_6677,0.17942389845848083
image_6678,0.004360824823379517
image_6679,0.016713548451662064
image_668,0.020287998020648956
image_6680,0.00014936139632482082
image_6681,0.00034405358019284904
image_6682,0.9716918468475342
image_6683,0.0792364627122879
image_6684,0.07927972078323364
image_6685,0.0009176591411232948
image_6686,0.07825807482004166
image_6687,0.000889951887074858
image_6688,0.7152153849601746
image_6689,0.8958486914634705
image_669,0.002160081174224615
image_6690,0.0025777623523026705
image_6691,0.005126133561134338
image_6692,0.9392741918563843
image_6693,0.0008462922414764762
image_6694,0.06247318908572197
image_6695,0.00035193044459447265
image_6696,0.0239250585436821
image_6697,0.0006557807209901512
image_6698,0.2379145473241806
image_6699,0.0008783177472651005
image_67,0.0007585706189274788
image_670,0.082614004611969
image_6700,0.0001952439924934879
image_6701,0.0004377206205390394
image_6702,0.024206984788179398
image_6703,8.129597699735314e-05
image_6704,0.0004812610277440399
image_6705,0.004987283609807491
image_6706,0.0002749197883531451
image_6707,0.9941481351852417
image_6708,0.0012041074223816395
image_6709,0.010934258811175823
image_671,0.005618627183139324
image_6710,0.565645158290863
image_6711,0.0013807702343910933
image_6712,0.05183817818760872
image_6713,0.04724850133061409
image_6714,0.0010558939538896084
image_6715,0.0009891302324831486
image_6716,0.007077986840158701
image_6717,0.005036883056163788
image_6718,0.0016487505054101348
image_6719,0.9484654664993286
image_672,0.000736736343242228
image_6720,0.04162635654211044
image_6721,0.0030705651734024286
image_6722,0.08433420211076736
image_6723,0.004812820814549923
image_6724,0.0012969650560989976
image_6725,4.499565329751931e-05
image_6726,0.9912386536598206
image_6727,0.019054269418120384
image_6728,0.0014330571284517646
image_6729,0.05305568873882294
image_673,0.00045012353803031147
image_6730,0.002107765292748809
image_6731,0.018926924094557762
image_6732,0.04632074013352394
image_6733,0.0036021615378558636
image_6734,0.0014559439150616527
image_6735,0.0023576219100505114
image_6736,0.00981392152607441
image_6737,0.765362024307251
image_6738,0.00047600947436876595
image_6739,0.00035018977359868586
image_674,0.005387236829847097
image_6740,0.951557457447052
image_6741,0.824256956577301
image_6742,0.5509321689605713
image_6743,0.08196774870157242
image_6744,8.516130037605762e-05
image_6745,0.00430486211553216
image_6746,0.020906277000904083
image_6747,0.0005642719916068017
image_6748,0.011890665628015995
image_6749,0.000838482694234699
image_675,0.0005808164714835584
image_6750,0.005845123436301947
image_6751,0.8872724175453186
image_6752,0.0007582240505144
image_6753,0.9152042269706726
image_6754,0.0050016650930047035
image_6755,0.9654693603515625
image_6756,0.01502296607941389
image_6757,0.9964568018913269
image_6758,3.936059874831699e-05
image_6759,0.9869104027748108
image_676,0.040128763765096664
image_6760,0.6582832932472229
image_6761,0.9707959294319153
image_6762,0.9947543144226074
image_6763,0.0018854073714464903
image_6764,0.00010488106636330485
image_6765,0.006641531363129616
image_6766,0.006375633645802736
image_6767,0.00020723516354337335
image_6768,0.0002326309186173603
image_6769,0.012569026090204716
image_677,0.07577238231897354
image_6770,0.9549933671951294
image_6771,0.003136490471661091
image_6772,0.000989435939118266
image_6773,0.00010362401371821761
image_6774,0.01995590329170227
image_6775,0.0041016642935574055
image_6776,0.00010140892118215561
image_6777,0.003530517453327775
image_6778,3.637474219431169e-05
image_6779,0.0034511773847043514
image_678,0.003053792752325535
image_6780,0.014424406923353672
image_6781,0.0009687952697277069
image_6782,0.0028319007251411676
image_6783,0.6701798439025879
image_6784,0.0038140444085001945
image_6785,0.002699807286262512
image_6786,1.2853569387516472e-05
image_6787,0.003327775513753295
image_6788,0.019130563363432884
image_6789,0.774501383304596
image_679,0.0033955618273466825
image_6790,0.0009053736575879157
image_6791,0.005795057862997055
image_6792,0.07158419489860535
image_6793,0.0004558029177132994
image_6794,0.006131361238658428
image_6795,0.004405049607157707
image_6796,0.5927668809890747
image_6797,0.0038172274362295866
image_6798,0.020441869273781776
image_6799,0.0003772752243094146
image_68,0.0073561775498092175
image_680,0.000299761479254812
image_6800,0.0002565515460446477
image_6801,0.002775256521999836
image_6802,0.004261729773133993
image_6803,0.0013592155883088708
image_6804,0.010181857272982597
image_6805,9.566437074681744e-05
image_6806,0.011763776652514935
image_6807,0.008481460623443127
image_6808,0.0014946266310289502
image_6809,0.005520092323422432
image_681,0.0029303114861249924
image_6810,1.219800287799444e-05
image_6811,0.974143385887146
image_6812,0.00023133524518925697
image_6813,0.0018039570422843099
image_6814,0.00271549541503191
image_6815,0.0005795391043648124
image_6816,0.020460128784179688
image_6817,0.0014422209933400154
image_6818,0.0022836667485535145
image_6819,0.010408294387161732
image_682,0.0007806341745890677
image_6820,0.00017552216013427824
image_6821,0.0020286794751882553
image_6822,0.003795014461502433
image_6823,0.0011752140708267689
image_6824,0.05985429883003235
image_6825,0.9298043251037598
image_6826,0.0011818581260740757
image_6827,0.002462386153638363
image_6828,0.04646912217140198
image_6829,0.0006715040071867406
image_683,0.00029826341778971255
image_6830,0.010363548994064331
image_6831,0.3714306354522705
image_6832,0.0019926889799535275
image_6833,2.2033022105460986e-05
image_6834,0.0012815843801945448
image_6835,0.001705448841676116
image_6836,0.011891892179846764
image_6837,0.9797322750091553
image_6838,0.955376923084259
image_6839,0.9729750156402588
image_684,0.0034765847958624363
image_6840,0.0008417892386205494
image_6841,0.00012820999836549163
image_6842,0.0013493334408849478
image_6843,0.024011828005313873
image_6844,0.0022026225924491882
image_6845,0.010187053121626377
image_6846,0.0004533157334662974
image_6847,0.00141444883774966
image_6848,0.0027888345066457987
image_6849,0.002161832293495536
image_685,0.001240443903952837
image_6850,3.8178615795914084e-05
image_6851,0.01027892529964447
image_6852,0.00034235231578350067
image_6853,0.005029239226132631
image_6854,0.001300094649195671
image_6855,0.005953749176114798
image_6856,0.0147938784211874
image_6857,0.0007510751602239907
image_6858,0.012436826713383198
image_6859,0.8922189474105835
image_686,0.23063920438289642
image_6860,0.004601746331900358
image_6861,0.013297039084136486
image_6862,0.030430156737565994
image_6863,0.0005440766108222306
image_6864,0.0002812387247104198
image_6865,0.004459177143871784
image_6866,0.005557791795581579
image_6867,0.001556102535687387
image_6868,0.9704956412315369
image_6869,0.009702482260763645
image_687,0.0054652816615998745
image_6870,0.0030462094582617283
image_6871,0.00026500431704334915
image_6872,0.0021411688067018986
image_6873,0.00011096455273218453
image_6874,0.001428005052730441
image_6875,0.7780625820159912
image_6876,0.006637502461671829
image_6877,0.001079023932106793
image_6878,0.02360137179493904
image_6879,0.005732700228691101
image_688,0.0017629023641347885
image_6880,0.00419061491265893
image_6881,0.009314724244177341
image_6882,0.010292550548911095
image_6883,0.0010202198754996061
image_6884,0.0014160851715132594
image_6885,0.008145423606038094
image_6886,0.9784790873527527
image_6887,0.030328374356031418
image_6888,0.0010245343437418342
image_6889,0.00010571063467068598
image_689,0.13577282428741455
image_6890,0.006875818129628897
image_6891,0.03534143790602684
image_6892,0.0011502441484481096
image_6893,0.006498848553746939
image_6894,0.026531971991062164
image_6895,0.0016697460087016225
image_6896,0.9164507389068604
image_6897,0.9376420378684998
image_6898,0.005621155723929405
image_6899,0.0021596166770905256
image_69,0.005261930171400309
image_690,9.191909339278936e-05
image_6900,0.9917386174201965
image_6901,0.0203960370272398
image_6902,0.010791731998324394
image_6903,0.0031805040780454874
image_6904,0.021945105865597725
image_6905,0.9302656054496765
image_6906,0.012948605231940746
image_6907,0.0018976767314597964
image_6908,0.1378002166748047
image_6909,0.9972473978996277
image_691,0.0001399259635945782
image_6910,2.7440664780442603e-05
image_6911,0.009333002381026745
image_6912,0.010964436456561089
image_6913,0.0009841907303780317
image_6914,0.00031142504303716123
image_6915,0.0013429743703454733
image_6916,0.001280522788874805
image_6917,0.006749172229319811
image_6918,0.009471999481320381
image_6919,0.060141392052173615
image_692,0.006673080381006002
image_6920,0.000490148609969765
image_6921,0.0015823919093236327
image_6922,0.8347371816635132
image_6923,0.004380200523883104
image_6924,0.0014313795836642385
image_6925,0.0019191809697076678
image_6926,0.053328946232795715
image_6927,0.00017061326070688665
image_6928,0.0016484648222103715
image_6929,0.028724394738674164
image_693,0.0001323061587754637
image_6930,4.005727168987505e-05
image_6931,0.8731223940849304
image_6932,0.0017936740769073367
image_6933,0.001996764913201332
image_6934,0.10624592751264572
image_6935,0.004071388393640518
image_6936,0.012272384949028492
image_6937,0.006756841670721769
image_6938,0.010036020539700985
image_6939,0.02686338499188423
image_694,0.006108929868787527
image_6940,0.0005203672335483134
image_6941,0.8017421960830688
image_6942,0.04656441509723663
image_6943,0.013766506686806679
image_6944,0.024069800972938538
image_6945,0.023804619908332825
image_6946,0.0007546868291683495
image_6947,0.002908305497840047
image_6948,0.008418981917202473
image_6949,0.005382363684475422
image_695,0.0003476212441455573
image_6950,0.03587307408452034
image_6951,0.009932084940373898
image_6952,0.00011287022789474577
image_6953,0.005842738319188356
image_6954,0.004758134484291077
image_6955,0.0005099046975374222
image_6956,0.00012079768202966079
image_6957,0.8590940833091736
image_6958,0.009890314191579819
image_6959,0.0005400895606726408
image_696,0.003357687033712864
image_6960,0.013405568897724152
image_6961,0.010810628533363342
image_6962,0.011609645560383797
image_6963,0.08432897925376892
image_6964,0.009273846633732319
image_6965,0.9802111983299255
image_6966,0.0008609704091213644
image_6967,0.004085538908839226
image_6968,0.00013893890718463808
image_6969,0.6106009483337402
image_697,0.09242375940084457
image_6970,0.04148765653371811
image_6971,0.002128206193447113
image_6972,0.003569369437173009
image_6973,0.001004189602099359
image_6974,0.0001321437448495999
image_6975,0.0017548399046063423
image_6976,0.0025395862758159637
image_6977,0.004980017431080341
image_6978,0.000736689253244549
image_6979,0.0006043274188414216
image_698,0.00031076453160494566
image_6980,0.9280526041984558
image_6981,0.0035179932601749897
image_6982,0.001848650281317532
image_6983,0.005411643069237471
image_6984,4.0943781641544774e-05
image_6985,0.0025659133680164814
image_6986,0.0005358316120691597
image_6987,0.933112621307373
image_6988,0.005926039069890976
image_6989,0.012289204634726048
image_699,0.0039714304730296135
image_6990,0.002137131057679653
image_6991,0.0002828081778716296
image_6992,0.015063703991472721
image_6993,0.9748479127883911
image_6994,0.06372365355491638
image_6995,0.5634129643440247
image_6996,0.45302173495292664
image_6997,0.008639414794743061
image_6998,0.0004233397776260972
image_6999,0.003297939896583557
image_7,0.013143735937774181
image_70,0.40987223386764526
image_700,0.010380905121564865
image_7000,0.9548882246017456
image_7001,0.0004350139060989022
image_7002,0.0004849819524679333
image_7003,0.0005110084312036633
image_7004,0.0004092451126780361
image_7005,0.0005451108445413411
image_7006,0.0008568251505494118
image_7007,0.003462177701294422
image_7008,0.0030919017735868692
image_7009,0.009129160083830357
image_701,0.0010081668151542544
image_7010,0.007149972021579742
image_7011,0.0003041106974706054
image_7012,0.9896928668022156
image_7013,0.017100626602768898
image_7014,0.001166880247183144
image_7015,0.0001680251443758607
image_7016,0.00039437314262613654
image_7017,0.007938305847346783
image_7018,0.0014212459791451693
image_7019,0.0005812473245896399
image_702,0.04023144394159317
image_7020,0.0017715094145387411
image_7021,0.00028733251383528113
image_7022,0.8727067112922668
image_7023,0.01844656653702259
image_7024,0.00027365016285330057
image_7025,0.8252840638160706
image_7026,0.0025465628132224083
image_7027,0.0023770062252879143
image_7028,0.9876388311386108
image_7029,0.0019349295180290937
image_703,0.004891139455139637
image_7030,0.007837843149900436
image_7031,0.005428201984614134
image_7032,0.0008520898991264403
image_7033,0.0005603386089205742
image_7034,0.0047587621957063675
image_7035,0.0017378051998093724
image_7036,0.7586230635643005
image_7037,0.0022384810727089643
image_7038,0.09935780614614487
image_7039,0.9847409129142761
image_704,0.02117682807147503
image_7040,0.910638689994812
image_7041,0.9039934277534485
image_7042,0.00029771082336083055
image_7043,0.3967772424221039
image_7044,0.8402316570281982
image_7045,0.009683623909950256
image_7046,0.00028385897167026997
image_7047,0.004086495377123356
image_7048,0.0021448784973472357
image_7049,0.8385151028633118
image_705,0.007287632208317518
image_7050,0.007987748831510544
image_7051,0.010106411762535572
image_7052,0.020548218861222267
image_7053,0.00040190399158746004
image_7054,0.00021462072618305683
image_7055,0.0001285577891394496
image_7056,0.0009449521312490106
image_7057,0.9339877367019653
image_7058,0.005695363972336054
image_7059,0.0031289211474359035
image_706,0.009359403513371944
image_7060,0.002190047176554799
image_7061,0.008646544069051743
image_7062,0.0004001260094810277
image_7063,0.001507864217273891
image_7064,0.0006580226472578943
image_7065,0.24549449980258942
image_7066,0.004161109682172537
image_7067,0.00973003264516592
image_7068,0.009430189616978168
image_7069,0.010108154267072678
image_707,0.8020703792572021
image_7070,0.011305435560643673
image_7071,0.5261833071708679
image_7072,0.01269061490893364
image_7073,0.0011269233655184507
image_7074,0.0029869128484278917
image_7075,0.9054176807403564
image_7076,0.04622809961438179
image_7077,0.015329184010624886
image_7078,0.00019602428073994815
image_7079,0.000269160489551723
image_708,0.9462711811065674
image_7080,0.004939353559166193
image_7081,0.8868746757507324
image_7082,0.037452228367328644
image_7083,0.1940079778432846
image_7084,0.0053324103355407715
image_7085,0.0012555961729958653
image_7086,0.0035644476301968098
image_7087,0.00039721952634863555
image_7088,0.0034980173222720623
image_7089,0.03634076192975044
image_709,0.00013239486725069582
image_7090,0.0005035510403104126
image_7091,0.015372758731245995
image_7092,0.0007400181493721902
image_7093,0.014500457793474197
image_7094,0.9077361226081848
image_7095,0.9881266355514526
image_7096,0.9263197183609009
image_7097,0.0009786926675587893
image_7098,0.027094196528196335
image_7099,0.003079900750890374
image_71,0.0040128156542778015
image_710,0.007692009676247835
image_7100,0.991817831993103
image_7101,0.0007825359934940934
image_7102,0.0005383198149502277
image_7103,0.014964126981794834
image_7104,0.0033068135380744934
image_7105,0.0008873804472386837
image_7106,0.03024575300514698
image_7107,0.001743824454024434
image_7108,0.0002772141306195408
image_7109,0.0003807481552939862
image_711,0.004471235908567905
image_7110,0.0023750474210828543
image_7111,0.006358492188155651
image_7112,0.003643366741016507
image_7113,0.005778448656201363
image_7114,0.0019066064851358533
image_7115,0.6467623114585876
image_7116,0.9829272627830505
image_7117,0.015371820889413357
image_7118,0.8750289082527161
image_7119,0.04060834273695946
image_712,0.015230257995426655
image_7120,0.002573189791291952
image_7121,0.011558475904166698
image_7122,0.0032109287567436695
image_7123,0.0034971064887940884
image_7124,5.314332611305872e-06
image_7125,0.09007532894611359
image_7126,0.0010788337094709277
image_7127,0.0006454302347265184
image_7128,0.0024054066743701696
image_7129,0.0004301927692722529
image_713,0.14017938077449799
image_7130,0.003429703414440155
image_7131,0.001782967709004879
image_7132,0.0043237414211034775
image_7133,0.7947624325752258
image_7134,0.0005117800901643932
image_7135,0.005220585968345404
image_7136,0.015652500092983246
image_7137,0.00520470691844821
image_7138,0.015535703860223293
image_7139,0.6745691895484924
image_714,0.002234782325103879
image_7140,0.00029883041861467063
image_7141,0.7494068145751953
image_7142,0.009057549759745598
image_7143,0.024993523955345154
image_7144,0.0023671428207308054
image_7145,0.8293023705482483
image_7146,0.0016772288363426924
image_7147,0.010852603241801262
image_7148,0.00842862855643034
image_7149,0.0037667485885322094
image_715,0.00627388758584857
image_7150,0.17827178537845612
image_7151,4.21767654188443e-05
image_7152,0.005576294381171465
image_7153,0.010874497704207897
image_7154,0.9315479397773743
image_7155,0.00012811223859898746
image_7156,0.00043025161721743643
image_7157,0.0004737118142656982
image_7158,0.0009079735027626157
image_7159,0.003329977858811617
image_716,0.00013988047430757433
image_7160,0.5767614841461182
image_7161,0.007038562558591366
image_7162,0.0013459962792694569
image_7163,0.0003379091795068234
image_7164,0.9141744375228882
image_7165,0.0021747259888798
image_7166,0.051612019538879395
image_7167,0.0052481237798929214
image_7168,0.0005678244633600116
image_7169,0.0008272048435173929
image_717,0.32894811034202576
image_7170,0.0002693715214263648
image_7171,0.0007254763622768223
image_7172,0.014140317216515541
image_7173,0.6406762003898621
image_7174,0.20957127213478088
image_7175,0.005711815785616636
image_7176,0.016754189506173134
image_7177,0.929983377456665
image_7178,0.0008488990133628249
image_7179,0.0016615473432466388
image_718,0.00016319543647114187
image_7180,0.00043395586544647813
image_7181,0.01276880782097578
image_7182,0.0008981815190054476
image_7183,0.009503201581537724
image_7184,0.002100096782669425
image_7185,0.0008767549297772348
image_7186,0.7611367702484131
image_7187,0.09119141101837158
image_7188,0.0009123381460085511
image_7189,0.0010982627281919122
image_719,0.0025285626761615276
image_7190,0.010823455639183521
image_7191,0.00038832591963000596
image_7192,0.005238302517682314
image_7193,0.023015322163701057
image_7194,0.014840932562947273
image_7195,0.001897864625789225
image_7196,0.0009466882329434156
image_7197,0.0006652827723883092
image_7198,0.0031142770312726498
image_7199,0.00026569978217594326
image_72,0.9793497920036316
image_720,0.05018999055027962
image_7200,0.011996607296168804
image_7201,0.00011592375813052058
image_7202,0.0008872023900039494
image_7203,0.0016450367402285337
image_7204,0.661247193813324
image_7205,0.00847567617893219
image_7206,0.0007812937838025391
image_7207,0.0011810609139502048
image_7208,0.07461638748645782
image_7209,0.0027734478935599327
image_721,0.0018759345402941108
image_7210,0.915178120136261
image_7211,0.05521101504564285
image_7212,0.015855848789215088
image_7213,0.9950205087661743
image_7214,0.0010639126412570477
image_7215,0.0003021236334461719
image_7216,0.0007181176915764809
image_7217,0.0032968034502118826
image_7218,0.034423645585775375
image_7219,0.2641706168651581
image_722,0.003380970098078251
image_7220,0.0027028541080653667
image_7221,0.2598282992839813
image_7222,0.0010123478714376688
image_7223,0.016915015876293182
image_7224,0.35284942388534546
image_7225,0.05711288005113602
image_7226,0.001964542781934142
image_7227,7.324233592953533e-05
image_7228,0.0017943904967978597
image_7229,0.00032755365828052163
image_723,0.038735032081604004
image_7230,0.0015572833362966776
image_7231,0.0001383051130687818
image_7232,0.0027348799630999565
image_7233,0.006034082267433405
image_7234,0.08917666971683502
image_7235,0.005501995328813791
image_7236,0.011946572922170162
image_7237,0.9841789603233337
image_7238,0.6547118425369263
image_7239,0.001561801298521459
image_724,0.0056316666305065155
image_7240,0.0007696078391745687
image_7241,0.0115254707634449
image_7242,0.010722221806645393
image_7243,0.9066479802131653
image_7244,2.7070436772191897e-05
image_7245,0.002028824295848608
image_7246,0.009249327704310417
image_7247,0.0006486529018729925
image_7248,0.00035699395812116563
image_7249,0.0076743499375879765
image_725,0.00010338112042518333
image_7250,0.0047318171709775925
image_7251,0.02937719225883484
image_7252,0.011009519919753075
image_7253,0.2763516306877136
image_7254,0.912530779838562
image_7255,0.0013603928964585066
image_7256,0.0021362160332500935
image_7257,0.0032982658594846725
image_7258,0.841055691242218
image_7259,0.016061488538980484
image_726,0.01760539598762989
image_7260,0.9661679267883301
image_7261,0.6401419043540955
image_7262,0.0008543675648979843
image_7263,0.002505657495930791
image_7264,0.8604888319969177
image_7265,0.9713978171348572
image_7266,0.0009526927606202662
image_7267,0.00012486737978179008
image_7268,0.2584865689277649
image_7269,0.00022598209034185857
image_727,0.9037096500396729
image_7270,0.0010090195573866367
image_7271,0.0006328137824311852
image_7272,0.0008953246870078146
image_7273,0.00020399512141011655
image_7274,0.0005995926912873983
image_7275,0.002510214224457741
image_7276,0.029901649802923203
image_7277,0.013631160371005535
image_7278,0.9556434750556946
image_7279,0.000999061856418848
image_728,0.0006829576450400054
image_7280,0.0047642262652516365
image_7281,0.7731618881225586
image_7282,0.5035914182662964
image_7283,0.008662192150950432
image_7284,0.000406080624088645
image_7285,0.9597453474998474
image_7286,0.0022691513877362013
image_7287,0.03559964895248413
image_7288,0.11745334416627884
image_7289,0.964508056640625
image_729,0.026865441352128983
image_7290,0.0030252551659941673
image_7291,0.0005272798589430749
image_7292,0.0036927685141563416
image_7293,0.00037217955105006695
image_7294,0.7984675765037537
image_7295,0.0011495118960738182
image_7296,0.007294126786291599
image_7297,0.989098072052002
image_7298,0.11165658384561539
image_7299,0.009541758336126804
image_73,0.0002941730199381709
image_730,0.260967880487442
image_7300,0.015386436134576797
image_7301,0.014449604786932468
image_7302,0.9795604348182678
image_7303,0.06980551779270172
image_7304,0.00020697903528343886
image_7305,0.001275623799301684
image_7306,0.4444843828678131
image_7307,0.003328216727823019
image_7308,0.0006616697064600885
image_7309,0.004815269727259874
image_731,0.0002942838182207197
image_7310,0.027996931225061417
image_7311,0.0004927499103359878
image_7312,0.026927173137664795
image_7313,0.0010650483891367912
image_7314,0.005314667709171772
image_7315,0.0016755500109866261
image_7316,0.0005576878902502358
image_7317,0.006251068320125341
image_7318,0.7759860754013062
image_7319,0.8819332718849182
image_732,0.019681287929415703
image_7320,0.011538619175553322
image_7321,0.012809988111257553
image_7322,0.000927505549043417
image_7323,0.20974943041801453
image_7324,0.0010606151772662997
image_7325,0.0024637652095407248
image_7326,0.000829522090498358
image_7327,0.0005323378718458116
image_7328,0.1839938908815384
image_7329,0.9538396596908569
image_733,0.0024114158004522324
image_7330,0.9698365330696106
image_7331,0.00015155234723351896
image_7332,0.00294079864397645
image_7333,0.0031323349103331566
image_7334,0.0007954903412610292
image_7335,0.00477119954302907
image_7336,0.0038877511397004128
image_7337,0.0016741696745157242
image_7338,0.02159133180975914
image_7339,0.01757904887199402
image_734,0.6389197707176208
image_7340,0.008807790465652943
image_7341,0.0013101570075377822
image_7342,0.0011828464921563864
image_7343,0.011315966956317425
image_7344,0.00018312963948119432
image_7345,0.0006161550991237164
image_7346,0.0010008562821894884
image_7347,0.00029950038879178464
image_7348,0.005767128895968199
image_7349,0.00015563456690870225
image_735,0.9399935007095337
image_7350,0.0037923797499388456
image_7351,0.9848074913024902
image_7352,0.0015890600625425577
image_7353,0.00044011621503159404
image_7354,0.0015091310488060117
image_7355,0.003113590180873871
image_7356,0.0005855823401361704
image_7357,0.009022662416100502
image_7358,0.004042362328618765
image_7359,0.0013997835339978337
image_736,0.00032981642289087176
image_7360,0.00038724442129023373
image_7361,0.01848350465297699
image_7362,0.0020817213226109743
image_7363,0.8348812460899353
image_7364,0.8304182887077332
image_7365,0.0015658566262573004
image_7366,0.0015332696493715048
image_7367,0.0010156701318919659
image_7368,0.029356874525547028
image_7369,0.011435057036578655
image_737,0.002774215303361416
image_7370,0.0005954621592536569
image_7371,0.0004702115256804973
image_7372,0.006896953098475933
image_7373,0.09724688529968262
image_7374,0.006553806364536285
image_7375,0.9670370221138
image_7376,0.061882905662059784
image_7377,0.3699203133583069
image_7378,0.8928104639053345
image_7379,0.6300964951515198
image_738,0.994412362575531
image_7380,0.0004047414695378393
image_7381,0.0016733004013076425
image_7382,0.976216197013855
image_7383,0.0021750840824097395
image_7384,0.0002221260074293241
image_7385,0.00672003161162138
image_7386,0.0017447361024096608
image_7387,0.00014514679787680507
image_7388,0.00039276378811337054
image_7389,0.002634265925735235
image_739,0.002571722725406289
image_7390,0.0019625972490757704
image_7391,0.001799176330678165
image_7392,0.004466070327907801
image_7393,0.002000452484935522
image_7394,0.004975128918886185
image_7395,0.0001511782465968281
image_7396,0.014007629826664925
image_7397,0.0032725920900702477
image_7398,0.006071717943996191
image_7399,0.0035750940442085266
image_74,0.0030093633104115725
image_740,0.006418942008167505
image_7400,0.6037154197692871
image_7401,0.005308789201080799
image_7402,0.0003323639975860715
image_7403,6.838927220087498e-05
image_7404,0.00035775473224930465
image_7405,8.875922503648326e-05
image_7406,0.001042127376422286
image_7407,0.0013897179160267115
image_7408,0.000281390268355608
image_7409,5.3171686886344105e-05
image_741,0.040286991745233536
image_7410,0.003009853884577751
image_7411,0.005067760590463877
image_7412,1.4189062312652823e-05
image_7413,0.009700113907456398
image_7414,0.4136858284473419
image_7415,0.38065457344055176
image_7416,0.00019674799114000052
image_7417,0.0019509030971676111
image_7418,0.0010464953957125545
image_7419,0.032167740166187286
image_742,0.001471582567319274
image_7420,0.0038607181049883366
image_7421,0.06219429895281792
image_7422,0.002603330183774233
image_7423,0.005561389494687319
image_7424,0.04440745338797569
image_7425,0.16938675940036774
image_7426,0.014934509061276913
image_7427,1.3372309695114382e-05
image_7428,0.0303605105727911
image_7429,7.97244647401385e-05
image_743,0.43940597772598267
image_7430,0.00034244178095832467
image_7431,0.0027017437387257814
image_7432,0.4788933992385864
image_7433,0.0644402801990509
image_7434,0.029691480100154877
image_7435,0.9937021732330322
image_7436,0.0005959257250651717
image_7437,0.018852118402719498
image_7438,0.00014505311264656484
image_7439,0.011639295145869255
image_744,0.0009349523461423814
image_7440,0.00256781792268157
image_7441,0.07077223807573318
image_7442,0.0014676403952762485
image_7443,0.0032579326070845127
image_7444,0.9842000007629395
image_7445,0.4105929136276245
image_7446,0.005118607543408871
image_7447,0.0012095943093299866
image_7448,0.008863823488354683
image_7449,0.0004533499013632536
image_745,0.005485448986291885
image_7450,0.0006820278940722346
image_7451,0.0008073505014181137
image_7452,0.011784115806221962
image_7453,0.002323360415175557
image_7454,0.01161788310855627
image_7455,0.0003383727453183383
image_7456,0.03810044750571251
image_7457,0.000991147942841053
image_7458,0.005313371308147907
image_7459,0.00018957312568090856
image_746,0.0396915040910244
image_7460,0.006622788961976767
image_7461,0.017041850835084915
image_7462,0.9686481356620789
image_7463,0.5952843427658081
image_7464,0.002119988203048706
image_7465,0.0006684557301923633
image_7466,0.007944797165691853
image_7467,0.004239811096340418
image_7468,0.05892910435795784
image_7469,0.012094213627278805
image_747,0.00044021624489687383
image_7470,0.007619162555783987
image_7471,0.00027874225634150207
image_7472,0.9868707060813904
image_7473,0.0035791187547147274
image_7474,0.9940265417098999
image_7475,0.0014845442492514849
image_7476,0.011985708959400654
image_7477,0.003175823949277401
image_7478,0.006829509511590004
image_7479,0.0018239894416183233
image_748,0.0013919246848672628
image_7480,0.01697560027241707
image_7481,0.0003463519678916782
image_7482,0.0023773941211402416
image_7483,0.0016483126673847437
image_7484,0.026585208252072334
image_7485,0.787568211555481
image_7486,7.43479176890105e-05
image_7487,0.015609512105584145
image_7488,0.006253150291740894
image_7489,0.0068030995316803455
image_749,0.47074732184410095
image_7490,0.0013648881576955318
image_7491,0.9711514115333557
image_7492,0.0012312345206737518
image_7493,0.018392596393823624
image_7494,0.003297715447843075
image_7495,0.02730560302734375
image_7496,0.0019286484457552433
image_7497,0.0017809378914535046
image_7498,0.021073753014206886
image_7499,0.0031214668415486813
image_75,0.00011389116116333753
image_750,0.008287670090794563
image_7500,0.007186962757259607
image_7501,0.00026370203704573214
image_7502,0.9747976064682007
image_7503,0.005602614488452673
image_7504,0.9469890594482422
image_7505,0.0016259351978078485
image_7506,0.0005765114328823984
image_7507,0.01453425269573927
image_7508,0.0095081627368927
image_7509,0.009296621195971966
image_751,0.0032199337147176266
image_7510,0.0011744557414203882
image_7511,0.0008722615893930197
image_7512,0.14890791475772858
image_7513,0.899124264717102
image_7514,0.9611048698425293
image_7515,0.9407292604446411
image_7516,0.005995312239974737
image_7517,0.0015739331720396876
image_7518,0.0015021124854683876
image_7519,0.0030450427439063787
image_752,0.0003929984231945127
image_7520,0.0042527285404503345
image_7521,0.0004323058237787336
image_7522,0.7136873006820679
image_7523,0.9856517314910889
image_7524,0.028269706293940544
image_7525,0.01572328247129917
image_7526,0.0015205033123493195
image_7527,0.07219718396663666
image_7528,0.01371028833091259
image_7529,0.04618331044912338
image_753,0.003625249257311225
image_7530,0.0664651021361351
image_7531,0.0011800796492025256
image_7532,0.0068363528698682785
image_7533,0.0004893636214546859
image_7534,0.0012876911787316203
image_7535,0.012260005809366703
image_7536,0.0007521770894527435
image_7537,0.0024437333922833204
image_7538,0.05115983262658119
image_7539,0.002471520099788904
image_754,0.9761919975280762
image_7540,0.003970928490161896
image_7541,0.002684279577806592
image_7542,0.9962106943130493
image_7543,0.6580917239189148
image_7544,0.9645225405693054
image_7545,0.9927864670753479
image_7546,0.0010063981171697378
image_7547,0.0014752727001905441
image_7548,0.03224059194326401
image_7549,0.0016114063328132033
image_755,0.0026287343353033066
image_7550,0.0022736552637070417
image_7551,0.9782459735870361
image_7552,1.8490705770091154e-05
image_7553,0.0008276484441012144
image_7554,0.9555476903915405
image_7555,0.003143169218674302
image_7556,0.11088233441114426
image_7557,0.007057046052068472
image_7558,0.010512084700167179
image_7559,0.0014775883173570037
image_756,0.011662586592137814
image_7560,0.0003754092613235116
image_7561,0.06788043677806854
image_7562,0.025531014427542686
image_7563,0.0011981831630691886
image_7564,0.03093968890607357
image_7565,0.9533898830413818
image_7566,0.0010692052310332656
image_7567,0.002639625919982791
image_7568,0.011959390714764595
image_7569,0.0008449084707535803
image_757,0.0002256406150991097
image_7570,0.004953635390847921
image_7571,0.004226316697895527
image_7572,0.00036257278406992555
image_7573,0.00523781543597579
image_7574,8.4672610682901e-05
image_7575,0.00010618891246849671
image_7576,8.614231774117798e-05
image_7577,0.002094519091770053
image_7578,0.005366285797208548
image_7579,0.0009711327729746699
image_758,0.0015902845188975334
image_7580,0.9862462282180786
image_7581,0.0010528062703087926
image_7582,0.005714968778192997
image_7583,0.012296667322516441
image_7584,0.0024859702680259943
image_7585,0.9796574711799622
image_7586,0.029087752103805542
image_7587,0.7911141514778137
image_7588,0.002425474813207984
image_7589,0.0025300015695393085
image_759,0.002901701955124736
image_7590,0.9900442361831665
image_7591,0.0008371626026928425
image_7592,0.01595298945903778
image_7593,0.0017965910956263542
image_7594,0.0031860009767115116
image_7595,0.002790657104924321
image_7596,0.0038178490940481424
image_7597,0.0022172555327415466
image_7598,0.06954014301300049
image_7599,0.008702589198946953
image_76,0.0028254769276827574
image_760,0.0016354674007743597
image_7600,0.0286991149187088
image_7601,0.0001987901923712343
image_7602,0.0071264305151999
image_7603,0.00011031814210582525
image_7604,0.024605218321084976
image_7605,0.8865705132484436
image_7606,0.00012117492588004097
image_7607,0.003549337387084961
image_7608,0.0005462325061671436
image_7609,0.0014049459714442492
image_761,0.0295861829072237
image_7610,0.0005331638385541737
image_7611,0.01497870497405529
image_7612,0.005079573951661587
image_7613,0.007562031038105488
image_7614,0.018386997282505035
image_7615,0.001630708808079362
image_7616,0.0025325152091681957
image_7617,0.0006505805649794638
image_7618,0.001101922825910151
image_7619,0.002359256613999605
image_762,0.010243302211165428
image_7620,0.0019266540184617043
image_7621,0.010603569447994232
image_7622,0.0003762788255698979
image_7623,0.004072119481861591
image_7624,0.000872001051902771
image_7625,0.02968139760196209
image_7626,0.0008813806343823671
image_7627,0.003441430162638426
image_7628,0.008136852644383907
image_7629,0.9474262595176697
image_763,0.018444983288645744
image_7630,0.0002867430739570409
image_7631,0.001822949736379087
image_7632,0.0015713440952822566
image_7633,0.0003661623632069677
image_7634,0.000335534627083689
image_7635,0.0023496286012232304
image_7636,0.36424222588539124
image_7637,0.0004995953058823943
image_7638,0.9983365535736084
image_7639,0.12694719433784485
image_764,0.30233678221702576
image_7640,0.0007399240275844932
image_7641,0.22852982580661774
image_7642,0.9857375621795654
image_7643,0.0018478349084034562
image_7644,0.000291564007056877
image_7645,0.005852842703461647
image_7646,0.009058465249836445
image_7647,0.0004274496459402144
image_7648,0.0006502619362436235
image_7649,0.021008318290114403
image_765,0.997837483882904
image_7650,0.0003768586029764265
image_7651,0.9986152648925781
image_7652,0.02054443396627903
image_7653,0.0005529324989765882
image_7654,0.00029531080508604646
image_7655,0.0015510455705225468
image_7656,0.00081407226389274
image_7657,0.0020898450165987015
image_7658,0.9371914863586426
image_7659,0.0003035232948604971
image_766,0.0005629596416838467
image_7660,0.004160050768405199
image_7661,0.011639135889708996
image_7662,0.0006794286891818047
image_7663,0.6250044107437134
image_7664,0.0001543380640214309
image_7665,0.0004085653054062277
image_7666,0.01604994758963585
image_7667,0.11039673537015915
image_7668,0.0014157500118017197
image_7669,0.0003816974349319935
image_767,0.0033549515064805746
image_7670,0.010944872163236141
image_7671,0.00036100432043895125
image_7672,0.10574520379304886
image_7673,0.010302828624844551
image_7674,0.0089408615604043
image_7675,0.003971591126173735
image_7676,0.014059700071811676
image_7677,0.7786998748779297
image_7678,0.05872076004743576
image_7679,0.04730886593461037
image_768,0.010849752463400364
image_7680,0.0007444208022207022
image_7681,0.00026382700889371336
image_7682,0.00336478091776371
image_7683,0.0018780106911435723
image_7684,0.008105272427201271
image_7685,0.00022168888244777918
image_7686,0.00010013263818109408
image_7687,0.9420847296714783
image_7688,0.8287039399147034
image_7689,0.009165836498141289
image_769,0.0983055979013443
image_7690,0.002522926079109311
image_7691,0.006801886018365622
image_7692,0.002256005769595504
image_7693,8.802111551631242e-05
image_7694,0.002826496958732605
image_7695,0.007710035890340805
image_7696,0.0029962100088596344
image_7697,0.00619253795593977
image_7698,0.0038875846657902002
image_7699,0.00028930261032655835
image_77,0.1433146744966507
image_770,0.0015312611358240247
image_7700,0.0008042943081818521
image_7701,0.007879878394305706
image_7702,0.0003123893984593451
image_7703,0.0004936649929732084
image_7704,0.0001566163555253297
image_7705,0.0042054434306919575
image_7706,0.001596919260919094
image_7707,0.0009447810589335859
image_7708,0.002117337891831994
image_7709,0.062635138630867
image_771,0.05533071234822273
image_7710,0.000665685860440135
image_7711,0.013876517303287983
image_7712,0.00019494208390824497
image_7713,0.001063993200659752
image_7714,0.004978767596185207
image_7715,6.239476351765916e-05
image_7716,0.0011969410115852952
image_7717,0.10528909415006638
image_7718,0.007896189577877522
image_7719,0.9828747510910034
image_772,0.0006772626074962318
image_7720,0.004812841769307852
image_7721,0.12312933057546616
image_7722,0.6016086935997009
image_7723,2.378240787948016e-05
image_7724,0.0029394568409770727
image_7725,0.03426218777894974
image_7726,0.00143725227098912
image_7727,0.0006000146386213601
image_7728,0.017267584800720215
image_7729,0.00059550441801548
image_773,0.9690570831298828
image_7730,0.07602560520172119
image_7731,0.0006273724720813334
image_7732,0.05399211496114731
image_7733,0.00646433187648654
image_7734,0.0005288755055516958
image_7735,0.005399368703365326
image_7736,0.16171906888484955
image_7737,0.005624477285891771
image_7738,0.002244191477075219
image_7739,0.992588996887207
image_774,0.0022250968031585217
image_7740,0.0014884163392707705
image_7741,0.00032468527206219733
image_7742,0.00031313812360167503
image_7743,0.004354657605290413
image_7744,0.0017739806789904833
image_7745,0.00016663291899021715
image_7746,0.0007790300878696144
image_7747,0.00011470509343780577
image_7748,0.0004144426784478128
image_7749,2.9454500690917484e-05
image_775,0.0009911536471918225
image_7750,8.105733286356553e-05
image_7751,7.865361112635583e-05
image_7752,0.000196730179595761
image_7753,0.00011952811473747715
image_7754,0.27274182438850403
image_7755,0.992671012878418
image_7756,0.0008408272406086326
image_7757,0.0057639009319245815
image_7758,2.6318180971429683e-05
image_7759,0.7177863717079163
image_776,0.03891264274716377
image_7760,0.0001327336358372122
image_7761,0.004667321685701609
image_7762,0.9594883322715759
image_7763,5.0480535719543695e-05
image_7764,0.0041733067482709885
image_7765,0.0033773507457226515
image_7766,0.9488286375999451
image_7767,0.018891265615820885
image_7768,0.0006111498223617673
image_7769,0.0008458637166768312
image_777,0.0010373919503763318
image_7770,0.164167582988739
image_7771,0.0004908877890557051
image_7772,0.007444347254931927
image_7773,0.04612191021442413
image_7774,0.00217553973197937
image_7775,0.0005973800434730947
image_7776,0.0062128957360982895
image_7777,0.003019168972969055
image_7778,0.00039856135845184326
image_7779,0.00042528961785137653
image_778,0.0028403736650943756
image_7780,0.6051419973373413
image_7781,0.0013465669471770525
image_7782,0.0026308493688702583
image_7783,0.4036731421947479
image_7784,0.4569278061389923
image_7785,0.0008999928832054138
image_7786,0.0009569537942297757
image_7787,0.0009544560452923179
image_7788,0.0009294655756093562
image_7789,0.00019062495266553015
image_779,0.008868998847901821
image_7790,0.0004011885612271726
image_7791,9.8184566013515e-05
image_7792,0.05224296823143959
image_7793,0.04481976106762886
image_7794,0.003191786352545023
image_7795,0.5432516932487488
image_7796,0.0004226687888149172
image_7797,0.9789882898330688
image_7798,0.0014147142646834254
image_7799,0.016518009826540947
image_78,0.00014031250611878932
image_780,0.006680578459054232
image_7800,0.0007774344994686544
image_7801,0.0003436424885876477
image_7802,0.015607497654855251
image_7803,0.0007386005599983037
image_7804,0.007119705434888601
image_7805,0.00018355796055402607
image_7806,0.0005061406991444528
image_7807,0.007446758449077606
image_7808,0.0018871778156608343
image_7809,0.026919573545455933
image_781,0.010333520360291004
image_7810,7.810732313373592e-06
image_7811,0.006820168346166611
image_7812,0.9919185042381287
image_7813,0.006783371791243553
image_7814,0.00729865487664938
image_7815,0.005771368741989136
image_7816,0.009962656535208225
image_7817,0.012731029652059078
image_7818,0.018179433420300484
image_7819,0.0016809561057016253
image_782,0.030786218121647835
image_7820,0.000768022146075964
image_7821,0.00857000332325697
image_7822,0.00133661855943501
image_7823,0.026185106486082077
image_7824,0.005556929856538773
image_7825,0.0006930169765837491
image_7826,0.009703499265015125
image_7827,0.00035957121872343123
image_7828,0.014500860124826431
image_7829,0.015744313597679138
image_783,0.0009788945317268372
image_7830,0.0010562078095972538
image_7831,0.00028828057111240923
image_7832,0.015255991369485855
image_7833,0.00020203753956593573
image_7834,0.0011293578427284956
image_7835,0.24081642925739288
image_7836,0.0008479453390464187
image_7837,0.0037813095841556787
image_7838,0.001021003583446145
image_7839,0.9881801605224609
image_784,0.01192991342395544
image_7840,0.0004876916063949466
image_7841,0.0003615397145040333
image_7842,0.0029632840305566788
image_7843,0.0019029349787160754
image_7844,0.004901117645204067
image_7845,0.003627790603786707
image_7846,0.09611207246780396
image_7847,4.1407991375308484e-05
image_7848,0.013374960981309414
image_7849,0.7766657471656799
image_785,0.8810218572616577
image_7850,0.010172111913561821
image_7851,0.020053470507264137
image_7852,0.005009136628359556
image_7853,0.08470083773136139
image_7854,0.0036369592417031527
image_7855,0.06447894871234894
image_7856,0.9751406908035278
image_7857,0.9856076240539551
image_7858,0.000291394506348297
image_7859,5.307522587827407e-05
image_786,0.9973351359367371
image_7860,0.9713507294654846
image_7861,0.00011158784036524594
image_7862,0.001850332715548575
image_7863,0.009567633271217346
image_7864,0.005013244692236185
image_7865,0.0011946577578783035
image_7866,3.556940646376461e-05
image_7867,0.0015279649524018168
image_7868,0.0016409874660894275
image_7869,0.04672275111079216
image_787,0.03596826642751694
image_7870,0.011439376510679722
image_7871,0.0036283007357269526
image_7872,0.013814106583595276
image_7873,0.0004605966678354889
image_7874,0.000930377165786922
image_7875,0.001057775691151619
image_7876,0.0023045814596116543
image_7877,0.008589967153966427
image_7878,0.003532532835379243
image_7879,0.008044613525271416
image_788,0.0003133731661364436
image_7880,0.0004254124651197344
image_7881,0.007758377585560083
image_7882,0.0004012199060525745
image_7883,0.013765891082584858
image_7884,0.000543146044947207
image_7885,0.006846915930509567
image_7886,0.0010612630285322666
image_7887,0.0006112144910730422
image_7888,0.00041824867366813123
image_7889,0.005139525979757309
image_789,0.0012553056003525853
image_7890,0.00041673894156701863
image_7891,0.0031605269759893417
image_7892,0.6764662265777588
image_7893,0.0036448491737246513
image_7894,8.115013770293444e-05
image_7895,0.04251030460000038
image_7896,0.04763456806540489
image_7897,0.00129484583158046
image_7898,0.012159513309597969
image_7899,0.017569176852703094
image_79,0.006054947152733803
image_790,0.00876014493405819
image_7900,0.0007904002559371293
image_7901,0.002094574738293886
image_7902,0.47151196002960205
image_7903,0.0015223708469420671
image_7904,0.00138981849886477
image_7905,0.0407867506146431
image_7906,0.0018314003245905042
image_7907,0.00800700020045042
image_7908,0.02896607294678688
image_7909,0.0006011305376887321
image_791,0.0020582822617143393
image_7910,0.0023354880977422
image_7911,0.022997858002781868
image_7912,0.00032874938915483654
image_7913,0.0004978715442121029
image_7914,0.4953577518463135
image_7915,0.002305711852386594
image_7916,0.030943691730499268
image_7917,0.9972250461578369
image_7918,0.05699082463979721
image_7919,0.011729269288480282
image_792,0.0010182956466451287
image_7920,0.0005840345402248204
image_7921,0.0026784623041749
image_7922,0.005952795501798391
image_7923,9.223879169439897e-05
image_7924,0.0015371749177575111
image_7925,0.0014248989755287766
image_7926,0.0010850090766325593
image_7927,0.00856014247983694
image_7928,0.00026949329185299575
image_7929,0.00855020247399807
image_793,6.730140012223274e-05
image_7930,0.01998070627450943
image_7931,0.0008411417948082089
image_7932,0.0007582457619719207
image_7933,0.0037198509089648724
image_7934,0.004653950221836567
image_7935,0.4175395667552948
image_7936,0.007867742329835892
image_7937,0.0049720872193574905
image_7938,0.009657456539571285
image_7939,0.00044643960427492857
image_794,0.022417977452278137
image_7940,0.015070370398461819
image_7941,0.763512372970581
image_7942,0.060315776616334915
image_7943,0.00012965852511115372
image_7944,0.004113480914384127
image_7945,0.00025131518486887217
image_7946,0.005007833708077669
image_7947,0.009820953942835331
image_7948,0.011115663684904575
image_7949,0.0016387203941121697
image_795,0.0020986543968319893
image_7950,0.009254839271306992
image_7951,0.0016581054078415036
image_7952,0.03153591975569725
image_7953,0.00213156477548182
image_7954,0.003240100108087063
image_7955,0.005526011809706688
image_7956,0.03717661648988724
image_7957,8.6268009908963e-05
image_7958,0.3548694849014282
image_7959,0.03390604257583618
image_796,0.00020434883481357247
image_7960,0.003117983229458332
image_7961,0.05010049045085907
image_7962,0.0004429407126735896
image_7963,0.0009816500823944807
image_7964,0.9932864308357239
image_7965,0.0001993079495150596
image_7966,0.000676926807500422
image_7967,0.07554032653570175
image_7968,0.0028059526812285185
image_7969,0.1144186481833458
image_797,8.939578401623294e-05
image_7970,0.0013183709233999252
image_7971,0.0009812485659494996
image_7972,0.3291473984718323
image_7973,0.06574928760528564
image_7974,2.8517344617284834e-05
image_7975,0.680549681186676
image_7976,0.004166517406702042
image_7977,0.03240616247057915
image_7978,0.006223701406270266
image_7979,0.0010339233558624983
image_798,0.017030591145157814
image_7980,0.3014031648635864
image_7981,0.0013099723728373647
image_7982,3.603476216085255e-05
image_7983,0.0012819085968658328
image_7984,0.0003741751133929938
image_7985,0.0010685428278520703
image_7986,0.9017980098724365
image_7987,2.3540022084489465e-05
image_7988,0.00026145041920244694
image_7989,0.9120594263076782
image_799,0.00023306006914936006
image_7990,0.9436659216880798
image_7991,4.5220585889182985e-05
image_7992,0.0019211183534935117
image_7993,0.019980978220701218
image_7994,0.0007338931318372488
image_7995,0.004474577959626913
image_7996,0.00020559354743454605
image_7997,0.00048016448272392154
image_7998,0.0002550302306190133
image_7999,0.00031998479971662164
image_8,0.07136158645153046
image_80,0.9967779517173767
image_800,0.008269059471786022
image_8000,0.0017056063516065478
image_8001,0.0009458393906243145
image_8002,0.040718141943216324
image_8003,0.00031876322464086115
image_8004,0.003985963296145201
image_8005,0.8094289302825928
image_8006,0.0009550114045850933
image_8007,0.0022634754423052073
image_8008,0.005492344498634338
image_8009,0.08037727326154709
image_801,0.003057434456422925
image_8010,0.001978830434381962
image_8011,0.01016161683946848
image_8012,0.9844595193862915
image_8013,0.0001343168696621433
image_8014,0.0003654267347883433
image_8015,0.0020521171391010284
image_8016,0.0003066029748879373
image_8017,0.006908894050866365
image_8018,0.0021740433294326067
image_8019,0.009385861456394196
image_802,0.007272448856383562
image_8020,0.9051865339279175
image_8021,0.015876220539212227
image_8022,0.002093252493068576
image_8023,0.3895760476589203
image_8024,0.004984998144209385
image_8025,0.00379708269611001
image_8026,0.0005857587675563991
image_8027,0.07126037776470184
image_8028,0.0007481027860194445
image_8029,0.004220220725983381
image_803,0.8707215189933777
image_8030,0.005894549190998077
image_8031,0.0002801473892759532
image_8032,0.009370418265461922
image_8033,0.06872274726629257
image_8034,0.0380852110683918
image_8035,0.0010613196063786745
image_8036,0.34732216596603394
image_8037,0.9048898220062256
image_8038,0.0013459366746246815
image_8039,0.0032195940148085356
image_804,0.0012483098544180393
image_8040,0.9483532309532166
image_8041,0.00016661877452861518
image_8042,0.011752056889235973
image_8043,0.0168529711663723
image_8044,0.9581413269042969
image_8045,9.010162102640606e-06
image_8046,0.05704169347882271
image_8047,0.015948694199323654
image_8048,0.9751821756362915
image_8049,0.0027879145927727222
image_805,0.003113646525889635
image_8050,0.000527002033777535
image_8051,0.008620187640190125
image_8052,0.06710472702980042
image_8053,0.001026590121909976
image_8054,2.462579323037062e-05
image_8055,0.0009199558407999575
image_8056,0.0004027439281344414
image_8057,0.00028488924726843834
image_8058,0.00643160892650485
image_8059,0.0002781539806164801
image_806,0.0021284380927681923
image_8060,0.959657609462738
image_8061,0.0025806722696870565
image_8062,0.002705007791519165
image_8063,0.007835129275918007
image_8064,0.014547946862876415
image_8065,0.0009921627352014184
image_8066,0.0009285140549764037
image_8067,0.0032160854898393154
image_8068,0.00022286150488071144
image_8069,0.022900935262441635
image_807,0.09787434339523315
image_8070,0.001650461694225669
image_8071,0.003272017929702997
image_8072,0.0006721843383274972
image_8073,0.002601785585284233
image_8074,0.00601500878110528
image_8075,0.004202642943710089
image_8076,0.08283782750368118
image_8077,0.10374459624290466
image_8078,0.2466411590576172
image_8079,0.9947025179862976
image_808,3.5768127418123186e-05
image_8080,0.0005841480451636016
image_8081,0.01607729122042656
image_8082,0.0010582121321931481
image_8083,0.0023539348039776087
image_8084,0.0011595063842833042
image_8085,0.007310071960091591
image_8086,0.23932184278964996
image_8087,0.00223833741620183
image_8088,0.00011284966603852808
image_8089,0.00042766385013237596
image_809,0.9942606687545776
image_8090,0.0005988936754874885
image_8091,0.0007630821201018989
image_8092,0.0007288764463737607
image_8093,0.009817944839596748
image_8094,0.008552704006433487
image_8095,0.011698377318680286
image_8096,0.0006625025998800993
image_8097,0.0027350527234375477
image_8098,0.005721719935536385
image_8099,0.004928016569465399
image_81,0.002506055636331439
image_810,0.21065209805965424
image_8100,0.0016214726492762566
image_8101,0.0002677644952200353
image_8102,0.00923987664282322
image_8103,0.7431400418281555
image_8104,0.015466543845832348
image_8105,0.0007230899063870311
image_8106,0.00038861771463416517
image_8107,0.012353996746242046
image_8108,0.02276676706969738
image_8109,0.004298622254282236
image_811,0.0013302534352988005
image_8110,5.18969536642544e-05
image_8111,0.000615728844422847
image_8112,0.0002524010487832129
image_8113,7.859962352085859e-05
image_8114,0.7514790296554565
image_8115,0.0001104075854527764
image_8116,0.010567921213805676
image_8117,0.0188889242708683
image_8118,0.0418386235833168
image_8119,0.0005684306961484253
image_812,0.0025654009077697992
image_8120,0.0011970516061410308
image_8121,0.00018922690651379526
image_8122,0.0013861951883882284
image_8123,0.0020719238091260195
image_8124,0.011392531916499138
image_8125,0.0004042221116833389
image_8126,3.085505886701867e-05
image_8127,0.0063969106413424015
image_8128,0.008626527152955532
image_8129,0.08661706745624542
image_813,0.0009531757095828652
image_8130,0.0057363430969417095
image_8131,0.02471345290541649
image_8132,0.01820804551243782
image_8133,0.07784134894609451
image_8134,0.029255958274006844
image_8135,0.0492609478533268
image_8136,0.03616651892662048
image_8137,0.0614982470870018
image_8138,0.006433327682316303
image_8139,0.9904558062553406
image_814,0.0052612838335335255
image_8140,9.351037442684174e-05
image_8141,0.0017360473284497857
image_8142,0.07531265169382095
image_8143,0.0008306135423481464
image_8144,0.0025349026545882225
image_8145,0.005088223144412041
image_8146,0.002519773319363594
image_8147,0.02358403615653515
image_8148,0.0009603826911188662
image_8149,0.0023605620954185724
image_815,0.0004931481089442968
image_8150,0.019391275942325592
image_8151,0.02281423658132553
image_8152,0.029176153242588043
image_8153,0.0022799563594162464
image_8154,0.0015563915949314833
image_8155,0.00010393228149041533
image_8156,0.0003904687473550439
image_8157,0.940938413143158
image_8158,0.005333365872502327
image_8159,0.0012102690525352955
image_816,0.0012084046611562371
image_8160,0.0005670826649293303
image_8161,0.0016679674154147506
image_8162,0.4508645534515381
image_8163,0.004673144780099392
image_8164,0.0004955128533765674
image_8165,0.6367137432098389
image_8166,0.5351794958114624
image_8167,0.011288669891655445
image_8168,0.0039368076249957085
image_8169,0.0007587104919366539
image_817,0.005185259040445089
image_8170,0.021560775116086006
image_8171,0.00019595888443291187
image_8172,0.006052569020539522
image_8173,0.03091234341263771
image_8174,0.009189107455313206
image_8175,0.0006214941386133432
image_8176,0.0002558375708758831
image_8177,0.1329411417245865
image_8178,0.0001721951412037015
image_8179,0.03438294306397438
image_818,0.008632858283817768
image_8180,0.2266705483198166
image_8181,0.05683944374322891
image_8182,0.11999820917844772
image_8183,0.00010670506890164688
image_8184,0.5253296494483948
image_8185,0.8386205434799194
image_8186,0.0009022922604344785
image_8187,0.002351307077333331
image_8188,0.0008073616772890091
image_8189,0.7305499315261841
image_819,0.00028982380172237754
image_8190,0.0001597328664502129
image_8191,0.002255629049614072
image_8192,0.0009978509042412043
image_8193,0.7337063550949097
image_8194,0.008301220834255219
image_8195,0.0014931358164176345
image_8196,0.9616342782974243
image_8197,0.00981983169913292
image_8198,0.0006408740882761776
image_8199,0.0015460933791473508
image_82,0.013812235556542873
image_820,0.0019094605231657624
image_8200,0.01758263073861599
image_8201,0.0007907418184913695
image_8202,0.0025665725115686655
image_8203,0.0018913262756541371
image_8204,0.000671259593218565
image_8205,0.0029593175277113914
image_8206,0.0008580695139244199
image_8207,0.007309324108064175
image_8208,0.00029581435956060886
image_8209,0.003313277615234256
image_821,0.015515217557549477
image_8210,0.009841525927186012
image_8211,0.00244775484316051
image_8212,0.0012515289708971977
image_8213,6.076411227695644e-05
image_8214,0.9572298526763916
image_8215,4.749354047817178e-05
image_8216,0.0010872191051021218
image_8217,0.0012472852831706405
image_8218,0.012349004857242107
image_8219,0.021060241386294365
image_822,0.014587690122425556
image_8220,0.827846884727478
image_8221,0.0012511551612988114
image_8222,0.8560627102851868
image_8223,0.00012969624367542565
image_8224,0.0011665734928101301
image_8225,0.0009067635401152074
image_8226,0.7155039310455322
image_8227,1.3744048374064732e-05
image_8228,0.02833414450287819
image_8229,0.0010293914237990975
image_823,0.007599954027682543
image_8230,0.0011976024834439158
image_8231,0.0020570603664964437
image_8232,0.010038494132459164
image_8233,0.43076980113983154
image_8234,0.008088666014373302
image_8235,0.03141146898269653
image_8236,0.0056471009738743305
image_8237,0.0006558063323609531
image_8238,0.011005470529198647
image_8239,0.0009277101489715278
image_824,0.12992741167545319
image_8240,0.01331331580877304
image_8241,0.00038192508509382606
image_8242,2.0418488929863088e-05
image_8243,0.43437138199806213
image_8244,0.9657434821128845
image_8245,0.0012614453444257379
image_8246,0.9917837381362915
image_8247,0.05348137766122818
image_8248,0.00021152565022930503
image_8249,0.006120854988694191
image_825,0.9380294680595398
image_8250,0.0013860606122761965
image_8251,0.048464130610227585
image_8252,0.5333753824234009
image_8253,0.07190743088722229
image_8254,0.9841721653938293
image_8255,0.0008033576305024326
image_8256,0.00039076386019587517
image_8257,0.00042173286783508956
image_8258,0.06110624223947525
image_8259,0.0021171735133975744
image_826,0.014044128358364105
image_8260,0.7367821335792542
image_8261,0.010019405744969845
image_8262,0.00788158643990755
image_8263,0.03315794840455055
image_8264,0.0005913396598771214
image_8265,0.9724231362342834
image_8266,0.002178229158744216
image_8267,0.0013628664892166853
image_8268,0.0016307785408571362
image_8269,0.0019079371122643352
image_827,0.007923943921923637
image_8270,0.997083842754364
image_8271,0.053561534732580185
image_8272,6.398894038284197e-05
image_8273,0.07285556942224503
image_8274,0.001779833808541298
image_8275,0.0017753576394170523
image_8276,0.0006488053477369249
image_8277,5.3243889851728454e-05
image_8278,0.003471940755844116
image_8279,2.448148552502971e-05
image_828,0.004050707910209894
image_8280,0.9153636693954468
image_8281,0.05411127582192421
image_8282,0.03175712004303932
image_8283,0.0067025707103312016
image_8284,0.0001294088870054111
image_8285,0.5754470825195312
image_8286,0.048949096351861954
image_8287,0.004185295198112726
image_8288,0.0017622453160583973
image_8289,0.00917193666100502
image_829,0.0010105689289048314
image_8290,0.9835814237594604
image_8291,0.0028606278356164694
image_8292,0.002638727193698287
image_8293,0.009856002405285835
image_8294,0.03377407789230347
image_8295,0.0037787759210914373
image_8296,0.0005835837800987065
image_8297,0.006932424381375313
image_8298,0.005960009526461363
image_8299,0.03208078444004059
image_83,0.0016344439936801791
image_830,0.009631882421672344
image_8300,0.0009872608352452517
image_8301,0.003572696354240179
image_8302,0.0007712535443715751
image_8303,0.01741759479045868
image_8304,0.003828313434496522
image_8305,0.0019652487244457006
image_8306,0.08951815962791443
image_8307,0.0033074875827878714
image_8308,0.0697796493768692
image_8309,0.07520942389965057
image_831,0.0063058556988835335
image_8310,0.0027013905346393585
image_8311,0.0026250164955854416
image_8312,0.0539519339799881
image_8313,0.012035038322210312
image_8314,0.0092744380235672
image_8315,0.003886124584823847
image_8316,0.009210558608174324
image_8317,0.004775820299983025
image_8318,0.005097461864352226
image_8319,0.001313594402745366
image_832,0.0012903343886137009
image_8320,0.012299969792366028
image_8321,0.0009308587177656591
image_8322,0.007113237399607897
image_8323,0.0016800304874777794
image_8324,0.3628355860710144
image_8325,0.029846426099538803
image_8326,0.008501051925122738
image_8327,0.005079897120594978
image_8328,3.034219662367832e-05
image_8329,0.03752027451992035
image_833,0.04391825944185257
image_8330,0.005309371277689934
image_8331,0.005035686306655407
image_8332,0.1422458291053772
image_8333,0.0012577698798850179
image_8334,0.0008410908048972487
image_8335,9.29490415728651e-05
image_8336,3.376641689101234e-05
image_8337,0.030733048915863037
image_8338,0.0046478817239403725
image_8339,0.008217266760766506
image_834,0.919461727142334
image_8340,0.028298532590270042
image_8341,5.944202348473482e-05
image_8342,0.0008686080691404641
image_8343,0.016267424449324608
image_8344,0.021412856876850128
image_8345,0.15760916471481323
image_8346,0.008689960464835167
image_8347,4.05148311983794e-05
image_8348,0.0014616185799241066
image_8349,0.0002315210149390623
image_835,0.0014936592197045684
image_8350,0.00017874209152068943
image_8351,0.37765952944755554
image_8352,0.0005193367833271623
image_8353,0.5658444166183472
image_8354,0.001683948328718543
image_8355,0.0012906140182167292
image_8356,0.007820896804332733
image_8357,0.029945943504571915
image_8358,0.0018469425849616528
image_8359,0.00041540584061294794
image_836,0.0030864770524203777
image_8360,0.0002440026291878894
image_8361,0.0006670165457762778
image_8362,0.00023201070143841207
image_8363,0.0005378489731810987
image_8364,0.5651627779006958
image_8365,0.0003853063681162894
image_8366,0.003543405793607235
image_8367,0.007226455956697464
image_8368,0.0015968865482136607
image_8369,0.01163963507860899
image_837,0.0008060125983320177
image_8370,8.60287036630325e-05
image_8371,0.00028411459061317146
image_8372,0.014992049895226955
image_8373,7.330417429329827e-05
image_8374,8.492393681081012e-05
image_8375,0.00024391330953221768
image_8376,0.2964446544647217
image_8377,0.0006433596718125045
image_8378,0.0002844015834853053
image_8379,0.009174440987408161
image_838,0.0008946385933086276
image_8380,0.011981109157204628
image_8381,0.004221597220748663
image_8382,0.15791012346744537
image_8383,0.904224693775177
image_8384,0.000930234557017684
image_8385,0.3025946319103241
image_8386,0.0052336701191961765
image_8387,0.93881756067276
image_8388,0.005365560296922922
image_8389,0.009865694679319859
image_839,0.0012274659238755703
image_8390,0.006161745637655258
image_8391,0.0005319225019775331
image_8392,0.007554491516202688
image_8393,0.006362955551594496
image_8394,0.0038265970069915056
image_8395,0.011689912527799606
image_8396,0.0004289689823053777
image_8397,0.9855561852455139
image_8398,0.0021102239843457937
image_8399,0.012719049118459225
image_84,0.0007966521079652011
image_840,0.0007320524891838431
image_8400,0.013139894232153893
image_8401,0.00032330822432413697
image_8402,0.05102243274450302
image_8403,0.031982261687517166
image_8404,0.08800993859767914
image_8405,0.301991730928421
image_8406,0.003668226534500718
image_8407,0.08320345729589462
image_8408,0.014684903435409069
image_8409,0.006832032464444637
image_841,0.0013303217710927129
image_8410,0.021895408630371094
image_8411,0.0018587479135021567
image_8412,0.015395511873066425
image_8413,0.0017558534163981676
image_8414,0.9541463851928711
image_8415,0.5002518892288208
image_8416,0.0011961773270741105
image_8417,0.0008025285205803812
image_8418,0.0032709746155887842
image_8419,0.02055722288787365
image_842,0.8589309453964233
image_8420,0.0018556780414655805
image_8421,0.008984655141830444
image_8422,0.013940875418484211
image_8423,0.0011329569388180971
image_8424,0.005888385232537985
image_8425,0.04122314974665642
image_8426,0.06756643950939178
image_8427,0.03321928530931473
image_8428,0.0007843351340852678
image_8429,0.001611434854567051
image_843,0.9575285315513611
image_8430,0.00022610685846302658
image_8431,0.00140459556132555
image_8432,0.0004595860082190484
image_8433,0.0014462217222899199
image_8434,0.020854976028203964
image_8435,0.0016636407235637307
image_8436,0.0004584631824400276
image_8437,0.004956874996423721
image_8438,0.1786472350358963
image_8439,0.013477263040840626
image_844,0.00491171982139349
image_8440,0.014468922279775143
image_8441,0.6784043312072754
image_8442,0.005216818302869797
image_8443,0.0069526988081634045
image_8444,0.7278885245323181
image_8445,5.838439392391592e-05
image_8446,0.019404210150241852
image_8447,0.0006631592405028641
image_8448,0.00040746803279034793
image_8449,0.002931541996076703
image_845,0.0009438679553568363
image_8450,0.0006864837487228215
image_8451,0.19453608989715576
image_8452,0.00364380469545722
image_8453,0.00348808360286057
image_8454,0.0018990500830113888
image_8455,0.0019118277123197913
image_8456,0.8932437300682068
image_8457,0.18838295340538025
image_8458,0.0015451610088348389
image_8459,0.004570695571601391
image_846,0.0037810220383107662
image_8460,0.009148391894996166
image_8461,0.028544971719384193
image_8462,0.00021221187489572912
image_8463,0.00595769053325057
image_8464,0.0004724498721770942
image_8465,0.0049826717004179955
image_8466,0.0027739873621612787
image_8467,0.804470956325531
image_8468,0.8400430083274841
image_8469,0.07230602949857712
image_847,0.009001735597848892
image_8470,0.0006935799610801041
image_8471,0.0003678593202494085
image_8472,0.0007437333115376532
image_8473,0.0008055216167122126
image_8474,0.002507691504433751
image_8475,0.0006486065685749054
image_8476,0.06997209042310715
image_8477,0.0062259226106107235
image_8478,0.00010192740592174232
image_8479,0.01394443679600954
image_848,0.019641270861029625
image_8480,0.0007058692281134427
image_8481,0.00015275391342584044
image_8482,0.778986394405365
image_8483,0.0015164287760853767
image_8484,0.009935334324836731
image_8485,0.004570188000798225
image_8486,0.0002225345087936148
image_8487,0.005559489130973816
image_8488,0.5058410167694092
image_8489,0.0232037715613842
image_849,0.0005017239600419998
image_8490,0.0018018519040197134
image_8491,0.03951678052544594
image_8492,0.007145038340240717
image_8493,0.0010194998467341065
image_8494,0.003277064999565482
image_8495,0.020927518606185913
image_8496,0.0005457560182549059
image_8497,0.005622707307338715
image_8498,0.012527118436992168
image_8499,0.007465041242539883
image_85,0.05455653741955757
image_850,0.003943555522710085
image_8500,0.0026122562121599913
image_8501,0.0004212932544760406
image_8502,0.010007219389081001
image_8503,0.0015921200392767787
image_8504,0.0029805537778884172
image_8505,0.0017076813383027911
image_8506,0.0036839547101408243
image_8507,0.003002930898219347
image_8508,0.00011052640911657363
image_8509,0.000990131520666182
image_851,0.020473990589380264
image_8510,0.005563273560255766
image_8511,0.002236784202978015
image_8512,0.003647102741524577
image_8513,0.7226728200912476
image_8514,0.9799947142601013
image_8515,0.009022065438330173
image_8516,0.002389367902651429
image_8517,0.0007058967603370547
image_8518,0.00019897110178135335
image_8519,0.8135123252868652
image_852,0.0015944562619552016
image_8520,0.01171636302024126
image_8521,0.005501181352883577
image_8522,3.465156623860821e-05
image_8523,0.005330534186214209
image_8524,4.660056947614066e-05
image_8525,0.01009413506835699
image_8526,0.06841948628425598
image_8527,0.00479095196351409
image_8528,0.00012432252697180957
image_8529,0.18698164820671082
image_853,0.002598267514258623
image_8530,0.01917095109820366
image_8531,0.009218916296958923
image_8532,0.0013465649681165814
image_8533,0.07400783896446228
image_8534,0.00019669003086164594
image_8535,0.0023988946340978146
image_8536,0.0010975301265716553
image_8537,0.0005826014676131308
image_8538,0.009270448237657547
image_8539,0.001876557944342494
image_854,0.006038268096745014
image_8540,0.00016613808111287653
image_8541,0.09448223561048508
image_8542,0.4634793996810913
image_8543,0.0005297748139128089
image_8544,0.0013785409973934293
image_8545,0.022882120683789253
image_8546,0.015122964046895504
image_8547,0.0005511093768291175
image_8548,0.009264012798666954
image_8549,0.963644802570343
image_855,0.0007703540613874793
image_8550,0.0019306099275127053
image_8551,0.01643187738955021
image_8552,0.0013340513687580824
image_8553,0.15453863143920898
image_8554,0.0013382373144850135
image_8555,0.00329216243699193
image_8556,0.009727461263537407
image_8557,0.08951017260551453
image_8558,0.002568157622590661
image_8559,0.002705864841118455
image_856,0.0015628212131559849
image_8560,0.004039615858346224
image_8561,0.003709019860252738
image_8562,0.02395033836364746
image_8563,0.0021824142895638943
image_8564,0.0037493337877094746
image_8565,0.40338969230651855
image_8566,0.004863552283495665
image_8567,0.00045722414506599307
image_8568,0.0024984742049127817
image_8569,0.037496596574783325
image_857,0.9005419611930847
image_8570,0.7660250067710876
image_8571,0.004584342706948519
image_8572,0.004685116466134787
image_8573,0.0005329090054146945
image_8574,0.0007601220859214664
image_8575,0.023033155128359795
image_8576,0.002240126021206379
image_8577,0.9838178157806396
image_8578,0.0003330370527692139
image_8579,0.0226275697350502
image_858,0.004910435993224382
image_8580,0.02322930283844471
image_8581,0.002470403676852584
image_8582,0.0006378851248882711
image_8583,0.02446354180574417
image_8584,0.011383190751075745
image_8585,0.0021403904538601637
image_8586,0.0023002843372523785
image_8587,0.0026236921548843384
image_8588,0.019339893013238907
image_8589,0.997919499874115
image_859,0.016102157533168793
image_8590,0.0003300652024336159
image_8591,0.018265629187226295
image_8592,0.000359969912096858
image_8593,0.9691426753997803
image_8594,0.0013719857670366764
image_8595,0.00026762744528241456
image_8596,0.016223033890128136
image_8597,0.08649539202451706
image_8598,8.501233241986483e-05
image_8599,0.0011963603319600224
image_86,0.0002748563711065799
image_860,0.8795374631881714
image_8600,0.002596686128526926
image_8601,0.018278775736689568
image_8602,0.01931717060506344
image_8603,0.00627862848341465
image_8604,0.0008148627239279449
image_8605,0.0001644511939957738
image_8606,0.0009800115367397666
image_8607,0.003244158811867237
image_8608,0.004837125074118376
image_8609,0.01287426333874464
image_861,0.9846405982971191
image_8610,0.002482692478224635
image_8611,0.0004434322763700038
image_8612,0.5283982753753662
image_8613,0.000898604339454323
image_8614,0.003706101095303893
image_8615,0.0010492572328075767
image_8616,0.006051530595868826
image_8617,0.00030337111093103886
image_8618,0.018521748483181
image_8619,0.024639993906021118
image_862,0.5702609419822693
image_8620,2.8667118385783397e-05
image_8621,0.0003306519938632846
image_8622,0.9683272242546082
image_8623,0.0007414644933305681
image_8624,0.0006702105747535825
image_8625,0.0021783194970339537
image_8626,0.0018656743923202157
image_8627,0.019310135394334793
image_8628,0.0011572361690923572
image_8629,0.7897781133651733
image_863,0.9769370555877686
image_8630,0.0017937638331204653
image_8631,0.0023637255653738976
image_8632,0.004714317619800568
image_8633,0.024909595027565956
image_8634,0.008881179615855217
image_8635,0.0024756547063589096
image_8636,0.00024013199436012655
image_8637,0.0060966722667217255
image_8638,0.0010540270013734698
image_8639,0.05536219850182533
image_864,0.09619087725877762
image_8640,0.9886160492897034
image_8641,0.01840808242559433
image_8642,0.011651862412691116
image_8643,0.012920449487864971
image_8644,0.9494569897651672
image_8645,0.0015694639878347516
image_8646,0.054584722965955734
image_8647,0.008714831434190273
image_8648,0.031923189759254456
image_8649,0.010295649990439415
image_865,0.03443484380841255
image_8650,0.000559547683224082
image_8651,0.005396577995270491
image_8652,0.0032395627349615097
image_8653,0.2574292719364166
image_8654,0.0005553335649892688
image_8655,0.009720297530293465
image_8656,0.9551351070404053
image_8657,9.429782949155197e-05
image_8658,0.0026682852767407894
image_8659,3.4182161471107975e-05
image_866,0.0007276831311173737
image_8660,0.0006043798057362437
image_8661,0.019616268575191498
image_8662,0.0030660799238830805
image_8663,0.0013913281727582216
image_8664,0.9819872975349426
image_8665,0.015219599939882755
image_8666,0.9416623711585999
image_8667,0.003447781316936016
image_8668,0.5396377444267273
image_8669,0.051072705537080765
image_867,0.0017279463354498148
image_8670,0.004744720179587603
image_8671,6.840303831268102e-05
image_8672,0.0005085645243525505
image_8673,0.00043580212513916194
image_8674,0.0012001838767901063
image_8675,0.0020635887049138546
image_8676,0.050851140171289444
image_8677,0.0069206953048706055
image_8678,0.017383400350809097
image_8679,0.0019994371104985476
image_868,0.007872761227190495
image_8680,0.003814878175035119
image_8681,0.012268154881894588
image_8682,0.02631172351539135
image_8683,0.0010469252010807395
image_8684,0.004893140401691198
image_8685,0.9944105744361877
image_8686,0.050946786999702454
image_8687,0.0012198048643767834
image_8688,0.0031841115560382605
image_8689,0.0027680499479174614
image_869,0.0038175845984369516
image_8690,0.0004011901037301868
image_8691,0.8185954689979553
image_8692,0.0011474114144220948
image_8693,0.009151829406619072
image_8694,0.004038762301206589
image_8695,0.002039211103692651
image_8696,0.0020216251723468304
image_8697,0.8648619055747986
image_8698,0.0006072694668546319
image_8699,0.002193679567426443
image_87,0.0005443766713142395
image_870,0.9677509069442749
image_8700,0.0004818192101083696
image_8701,0.005847165826708078
image_8702,0.002792238024994731
image_8703,0.003849942935630679
image_8704,0.010054228827357292
image_8705,0.07122906297445297
image_8706,0.00010289341298630461
image_8707,0.0034839571453630924
image_8708,0.0001584791170898825
image_8709,0.003786221845075488
image_871,0.013020949438214302
image_8710,0.0021522953175008297
image_8711,0.040840595960617065
image_8712,0.0015080997254699469
image_8713,0.9272391200065613
image_8714,0.010979757644236088
image_8715,0.010782950557768345
image_8716,0.012276229448616505
image_8717,0.006049241870641708
image_8718,0.00043972829007543623
image_8719,0.0014389271382242441
image_872,0.0007665907614864409
image_8720,0.0003014279645867646
image_8721,0.0004883158835582435
image_8722,0.00018794879724737257
image_8723,0.740955114364624
image_8724,0.0006789215258322656
image_8725,0.9214591979980469
image_8726,6.279487570282072e-05
image_8727,0.5128998756408691
image_8728,0.0006525854696519673
image_8729,0.00019361908198334277
image_873,0.0019250171026214957
image_8730,0.44442540407180786
image_8731,0.02966776303946972
image_8732,0.0020669843070209026
image_8733,0.41857877373695374
image_8734,0.0013579553924500942
image_8735,0.0005896827206015587
image_8736,0.6217997074127197
image_8737,0.005897329654544592
image_8738,0.00149334198795259
image_8739,0.006920662242919207
image_874,0.00019162397074978799
image_8740,0.9319586157798767
image_8741,0.005660176742821932
image_8742,0.015742149204015732
image_8743,0.0006371323252096772
image_8744,0.02300652675330639
image_8745,0.0015165688237175345
image_8746,0.0002531626378186047
image_8747,0.0021730989683419466
image_8748,0.004988859407603741
image_8749,0.8664062023162842
image_875,0.0015870375791564584
image_8750,7.146799907786772e-05
image_8751,0.010792480781674385
image_8752,0.004077926743775606
image_8753,0.0009782465640455484
image_8754,0.0018001863500103354
image_8755,0.03576816990971565
image_8756,0.0004620692052412778
image_8757,0.0004948208807036281
image_8758,0.0013352385722100735
image_8759,0.002134608570486307
image_876,0.004765671212226152
image_8760,0.0024202102795243263
image_8761,0.02415475994348526
image_8762,0.008012304082512856
image_8763,4.8971975047606975e-05
image_8764,0.981627881526947
image_8765,0.3657407760620117
image_8766,0.005612335167825222
image_8767,0.0005857956130057573
image_8768,0.000583622429985553
image_8769,0.002627576934173703
image_877,0.00034258936648257077
image_8770,0.06953874975442886
image_8771,0.0017034682678058743
image_8772,0.00047496677143499255
image_8773,0.8999677300453186
image_8774,0.9948424696922302
image_8775,0.0008708311361260712
image_8776,0.910036563873291
image_8777,0.5527018308639526
image_8778,0.009448005817830563
image_8779,0.0023391987197101116
image_878,0.00829122494906187
image_8780,0.9698953032493591
image_8781,0.009356371127068996
image_8782,0.001366679323837161
image_8783,0.14491793513298035
image_8784,0.0001538426149636507
image_8785,0.000645668595097959
image_8786,0.18526484072208405
image_8787,0.2899971604347229
image_8788,0.019997520372271538
image_8789,0.9577082991600037
image_879,0.00106420973315835
image_8790,0.027060462161898613
image_8791,0.014892562292516232
image_8792,0.00752717349678278
image_8793,2.5148534405161627e-05
image_8794,0.0003803327854257077
image_8795,0.004310785327106714
image_8796,0.9791867733001709
image_8797,0.0005394035833887756
image_8798,0.009231372736394405
image_8799,0.0006084779161028564
image_88,0.0038818279281258583
image_880,0.00021958227443974465
image_8800,0.0011274177813902497
image_8801,0.0018863686127588153
image_8802,0.005593337584286928
image_8803,0.0252718273550272
image_8804,0.8480358123779297
image_8805,0.0011795582249760628
image_8806,0.0008833681931719184
image_8807,0.0056604668498039246
image_8808,0.9207198023796082
image_8809,0.008000393398106098
image_881,2.3496064386563376e-05
image_8810,0.001245622057467699
image_8811,0.04551485553383827
image_8812,0.009942987933754921
image_8813,0.06773565709590912
image_8814,0.10365954786539078
image_8815,0.1550392359495163
image_8816,0.0056806281208992004
image_8817,0.0033515922259539366
image_8818,0.00026135495863854885
image_8819,0.0062459600158035755
image_882,0.9949500560760498
image_8820,0.010896447114646435
image_8821,0.002316080266609788
image_8822,0.006887210998684168
image_8823,0.08835959434509277
image_8824,0.00024433527141809464
image_8825,0.003932010382413864
image_8826,0.004440486431121826
image_8827,0.0002958445402327925
image_8828,0.020897608250379562
image_8829,0.0032781430054455996
image_883,0.02429325506091118
image_8830,0.9542669653892517
image_8831,0.0005777059122920036
image_8832,0.02736150287091732
image_8833,0.0028741974383592606
image_8834,0.0028175143525004387
image_8835,0.0003423038579057902
image_8836,0.08742868155241013
image_8837,0.9809025526046753
image_8838,0.0023972713388502598
image_8839,0.0009076092974282801
image_884,0.003195321885868907
image_8840,0.00011145299504278228
image_8841,0.7387629747390747
image_8842,0.0004875189333688468
image_8843,0.0052848272025585175
image_8844,0.08367932587862015
image_8845,0.00601147161796689
image_8846,0.10590818524360657
image_8847,0.0055910092778503895
image_8848,0.0008482342236675322
image_8849,0.039750680327415466
image_885,0.00026219632127322257
image_8850,0.0049310103058815
image_8851,0.9126645922660828
image_8852,0.005186754744499922
image_8853,0.016625046730041504
image_8854,0.02701682038605213
image_8855,0.00021832571655977517
image_8856,0.016036970540881157
image_8857,0.01255589909851551
image_8858,0.0007370298844762146
image_8859,0.986927330493927
image_886,0.1751822978258133
image_8860,0.05018717050552368
image_8861,0.029440615326166153
image_8862,0.07984620332717896
image_8863,0.24595193564891815
image_8864,0.0006479822332039475
image_8865,0.9865781664848328
image_8866,0.0035597237292677164
image_8867,0.005178555846214294
image_8868,0.20457369089126587
image_8869,0.0005587980267591774
image_887,0.01842442899942398
image_8870,0.006375201512128115
image_8871,0.00063221191521734
image_8872,0.00026392893050797284
image_8873,0.7549742460250854
image_8874,0.005175360478460789
image_8875,0.0003870318178087473
image_8876,0.0006772987544536591
image_8877,0.004499569069594145
image_8878,0.006505705416202545
image_8879,0.008296414278447628
image_888,0.0009161491179838777
image_8880,0.014949249103665352
image_8881,0.0008448890876024961
image_8882,0.011656367219984531
image_8883,0.6833241581916809
image_8884,0.00578217301517725
image_8885,0.019234681501984596
image_8886,0.1691434234380722
image_8887,0.0025181511882692575
image_8888,0.00037841073935851455
image_8889,0.004146702121943235
image_889,4.434644870343618e-05
image_8890,0.002279106993228197
image_8891,0.9673507213592529
image_8892,0.01899331994354725
image_8893,0.9898638129234314
image_8894,0.0006321281543932855
image_8895,0.1598997861146927
image_8896,0.005248270463198423
image_8897,0.001494494965299964
image_8898,0.03386994078755379
image_8899,0.9576734304428101
image_89,0.0005565995816141367
image_890,0.0012256562476977706
image_8900,0.0023343516513705254
image_8901,0.003234347328543663
image_8902,0.002177958842366934
image_8903,0.016510095447301865
image_8904,0.0012689171126112342
image_8905,0.015285173431038857
image_8906,0.05694655701518059
image_8907,0.003614797256886959
image_8908,0.0027098888531327248
image_8909,0.00024175523140002042
image_891,0.025757111608982086
image_8910,0.003648879239335656
image_8911,0.8064027428627014
image_8912,0.004661711864173412
image_8913,0.0009090265375562012
image_8914,0.0011151969665661454
image_8915,0.9254725575447083
image_8916,0.0012845087330788374
image_8917,0.0009391784551553428
image_8918,0.0023890191223472357
image_8919,0.00043893777183257043
image_892,0.0001300739822909236
image_8920,0.009823490865528584
image_8921,0.007388599682599306
image_8922,0.9988884329795837
image_8923,0.12361253798007965
image_8924,0.015162551775574684
image_8925,0.1897553950548172
image_8926,0.0022004179190844297
image_8927,0.1608639657497406
image_8928,0.00012494421389419585
image_8929,0.015179358422756195
image_893,8.803774107946083e-05
image_8930,0.006245081312954426
image_8931,9.2048998340033e-05
image_8932,0.009619999676942825
image_8933,0.003560842014849186
image_8934,0.005946436896920204
image_8935,0.005505549721419811
image_8936,0.0029171740170568228
image_8937,0.08674312382936478
image_8938,0.0011609371285885572
image_8939,0.0002174206165364012
image_894,0.0048406063579022884
image_8940,0.000764132128097117
image_8941,0.0013145855627954006
image_8942,0.0009577121818438172
image_8943,0.002542230300605297
image_8944,0.00855567678809166
image_8945,0.003103101160377264
image_8946,0.012028848752379417
image_8947,0.0801323875784874
image_8948,0.021794931963086128
image_8949,0.9866347908973694
image_895,0.00036178811569698155
image_8950,0.003907311242073774
image_8951,0.005180214066058397
image_8952,0.0010610086610540748
image_8953,0.00044657662510871887
image_8954,0.004229791462421417
image_8955,0.023913677781820297
image_8956,0.0001882389624370262
image_8957,0.011888963170349598
image_8958,0.15809154510498047
image_8959,0.9785349369049072
image_896,0.005594944581389427
image_8960,0.003269473323598504
image_8961,0.09665879607200623
image_8962,0.020330900326371193
image_8963,0.015295276418328285
image_8964,0.00038683763705193996
image_8965,0.9629053473472595
image_8966,0.4530108869075775
image_8967,0.0010325043695047498
image_8968,0.027420124039053917
image_8969,0.001218087156303227
image_897,0.00013056134048383683
image_8970,0.0024447492323815823
image_8971,0.0027401233091950417
image_8972,0.0018512277165427804
image_8973,0.014036684297025204
image_8974,0.5950174331665039
image_8975,0.7697312235832214
image_8976,0.009022235870361328
image_8977,0.007932341657578945
image_8978,0.00043152456055395305
image_8979,0.0019050945993512869
image_898,0.0004180715186521411
image_8980,0.04195617884397507
image_8981,0.005185209680348635
image_8982,0.006777405738830566
image_8983,0.009074178524315357
image_8984,0.0023105160798877478
image_8985,0.004953412339091301
image_8986,0.9925128221511841
image_8987,0.0010525494581088424
image_8988,0.0019743265584111214
image_8989,0.002080085687339306
image_899,0.0003630135615821928
image_8990,0.0014478430384770036
image_8991,0.0025200285017490387
image_8992,0.2279369831085205
image_8993,0.008337863720953465
image_8994,0.0007089795544743538
image_8995,0.45241644978523254
image_8996,0.8876467347145081
image_8997,0.1841430515050888
image_8998,0.8655579090118408
image_8999,0.013095973059535027
image_9,0.001289092586375773
image_90,0.0029351403936743736
image_900,0.0020429580472409725
image_9000,0.0009248348069377244
image_9001,0.0005116998800076544
image_9002,0.8712468147277832
image_9003,2.8023341656080447e-05
image_9004,0.024909988045692444
image_9005,0.001368916709907353
image_9006,0.9663274884223938
image_9007,0.02974981814622879
image_9008,0.009976602159440517
image_9009,0.0015299072256311774
image_901,0.0024363489355891943
image_9010,0.0532541498541832
image_9011,0.01404272299259901
image_9012,0.0077547477558255196
image_9013,0.0016047446988523006
image_9014,0.00028937571914866567
image_9015,0.013343253172934055
image_9016,0.9786443710327148
image_9017,0.013570623472332954
image_9018,0.00032281636958941817
image_9019,0.0057961177080869675
image_902,0.0013287232723087072
image_9020,0.8844489455223083
image_9021,8.072748460108414e-05
image_9022,0.010000891052186489
image_9023,0.0017548006726428866
image_9024,0.99162358045578
image_9025,0.8665012121200562
image_9026,0.0024340369272977114
image_9027,0.00046807972830720246
image_9028,0.05665726959705353
image_9029,0.9375476241111755
image_903,0.003823230741545558
image_9030,0.0011805862886831164
image_9031,0.0006252266466617584
image_9032,6.613603909499943e-05
image_9033,0.0001300537696806714
image_9034,0.00530671514570713
image_9035,0.18719582259655
image_9036,0.0007681403076276183
image_9037,0.0025294083170592785
image_9038,0.003774726763367653
image_9039,0.012606867589056492
image_904,0.0008633157121948898
image_9040,0.028090810403227806
image_9041,0.0003074181731790304
image_9042,1.3911201676819474e-05
image_9043,0.00044464325765147805
image_9044,0.0004371843533590436
image_9045,0.003929094411432743
image_9046,0.003231940558180213
image_9047,0.001112921629101038
image_9048,0.005026953760534525
image_9049,0.0003927682701032609
image_905,0.00017448942526243627
image_9050,0.011020257137715816
image_9051,0.02417122572660446
image_9052,0.005626251455396414
image_9053,0.008066152222454548
image_9054,0.37318775057792664
image_9055,0.982709527015686
image_9056,0.00013778057473246008
image_9057,0.00045967931509949267
image_9058,2.6983499992638826e-05
image_9059,0.0004616078222170472
image_906,0.8995854258537292
image_9060,0.023188065737485886
image_9061,0.0003195028693880886
image_9062,0.03799906373023987
image_9063,0.0190439410507679
image_9064,0.0011128277983516455
image_9065,0.030526457354426384
image_9066,0.0007705831667408347
image_9067,0.006591479294002056
image_9068,0.08184581249952316
image_9069,0.9982789754867554
image_907,0.000205230840947479
image_9070,0.00045080907875671983
image_9071,0.004685508087277412
image_9072,0.09747336059808731
image_9073,0.011512938886880875
image_9074,0.08864711225032806
image_9075,0.0010935787577182055
image_9076,0.04647250473499298
image_9077,0.0021064819302409887
image_9078,0.007061745505779982
image_9079,0.0033622251357883215
image_908,0.0007581735262647271
image_9080,0.011478775180876255
image_9081,0.3347228169441223
image_9082,0.003860637778416276
image_9083,0.00394317926838994
image_9084,0.01086470577865839
image_9085,0.0024867060128599405
image_9086,0.012274425476789474
image_9087,0.03169037401676178
image_9088,0.9795976281166077
image_9089,0.005170607473701239
image_909,0.0007710466743446887
image_9090,0.9881496429443359
image_9091,0.0006488479557447135
image_9092,0.39911726117134094
image_9093,0.0011427107965573668
image_9094,0.000545416958630085
image_9095,0.012342911213636398
image_9096,0.0036822946276515722
image_9097,0.004881343338638544
image_9098,0.00043328359606675804
image_9099,0.00236265966668725
image_91,0.013708529062569141
image_910,0.00029547783196903765
image_9100,0.002482483396306634
image_9101,0.0007191285258159041
image_9102,5.085577140562236e-05
image_9103,0.004790399689227343
image_9104,0.028524983674287796
image_9105,0.01463929284363985
image_9106,0.6959856748580933
image_9107,0.001482997089624405
image_9108,0.0012539767194539309
image_9109,0.001282682758755982
image_911,0.0028169492725282907
image_9110,0.0008713328861631453
image_9111,0.06350020319223404
image_9112,5.9486421378096566e-05
image_9113,0.005288909189403057
image_9114,0.997323751449585
image_9115,0.0014967950992286205
image_9116,0.03241472691297531
image_9117,5.9110327129019424e-05
image_9118,0.0027704753447324038
image_9119,0.0015447925543412566
image_912,0.0005990906502120197
image_9120,0.016047131270170212
image_9121,0.0087127098813653
image_9122,0.012400404550135136
image_9123,0.03245692327618599
image_9124,0.0008377155172638595
image_9125,0.9042289853096008
image_9126,0.015137609094381332
image_9127,0.0009484523325227201
image_9128,0.001217326265759766
image_9129,0.0003297469229437411
image_913,0.00020537764066830277
image_9130,0.0002625079941935837
image_9131,0.0531274750828743
image_9132,0.0014580999268218875
image_9133,0.017065607011318207
image_9134,0.0024356143549084663
image_9135,0.002488434547558427
image_9136,0.0002774370077531785
image_9137,0.001713246456347406
image_9138,0.05739785358309746
image_9139,0.0053832270205020905
image_914,0.0009198999032378197
image_9140,0.0007064321544021368
image_9141,0.040393318980932236
image_9142,0.009050840511918068
image_9143,0.0010479255579411983
image_9144,0.0004996460047550499
image_9145,0.006321654189378023
image_9146,0.002768603852018714
image_9147,0.5097211599349976
image_9148,0.9966424703598022
image_9149,0.0006907929200679064
image_915,0.001700162305496633
image_9150,0.6855438947677612
image_9151,0.9974416494369507
image_9152,0.00104242330417037
image_9153,0.0025953713338822126
image_9154,0.006232020910829306
image_9155,0.001639942522160709
image_9156,0.0020570445340126753
image_9157,0.0006035765400156379
image_9158,0.028708983212709427
image_9159,0.0029283741023391485
image_916,0.0005985295865684748
image_9160,0.0007102048839442432
image_9161,0.011684603057801723
image_9162,0.0010919485939666629
image_9163,0.011080737225711346
image_9164,0.0004276746476534754
image_9165,0.9840252995491028
image_9166,0.00030514984973706305
image_9167,0.0014537679962813854
image_9168,0.0007789874216541648
image_9169,0.016189735382795334
image_917,0.05119066685438156
image_9170,0.030383411794900894
image_9171,0.00015149774844758213
image_9172,0.0003042954485863447
image_9173,0.003238503821194172
image_9174,0.003031311556696892
image_9175,0.9786686301231384
image_9176,0.0029481984674930573
image_9177,0.0020645749755203724
image_9178,0.005796326790004969
image_9179,0.06324026733636856
image_918,0.009556957520544529
image_9180,0.007768540643155575
image_9181,0.0009020885918289423
image_9182,0.998190701007843
image_9183,0.002443233272060752
image_9184,0.045816570520401
image_9185,0.0011425154516473413
image_9186,0.0018872144864872098
image_9187,0.9676229953765869
image_9188,0.7634193301200867
image_9189,0.005642449017614126
image_919,0.015436779707670212
image_9190,0.25515395402908325
image_9191,0.006369645707309246
image_9192,5.4825766710564494e-05
image_9193,0.000479973474284634
image_9194,0.0017289576353505254
image_9195,0.0006720722303725779
image_9196,0.008668766357004642
image_9197,0.8814945220947266
image_9198,0.2494281530380249
image_9199,0.7047017812728882
image_92,0.0063665565103292465
image_920,0.8526096343994141
image_9200,0.0002652042603585869
image_9201,0.8089924454689026
image_9202,0.004871802870184183
image_9203,0.0019336628029122949
image_9204,0.0003767457965295762
image_9205,0.0011807740665972233
image_9206,0.0029237084090709686
image_9207,0.08545349538326263
image_9208,0.00825945008546114
image_9209,0.018317321315407753
image_921,0.02048971876502037
image_9210,0.32580330967903137
image_9211,0.02178066223859787
image_9212,0.000159172122948803
image_9213,0.016637876629829407
image_9214,0.0005723679205402732
image_9215,0.0001456429745303467
image_9216,0.028835145756602287
image_9217,0.014605846256017685
image_9218,0.8961650133132935
image_9219,0.004091779235750437
image_922,0.0016093963058665395
image_9220,0.0046991705894470215
image_9221,0.10741836577653885
image_9222,0.0003718491643667221
image_9223,0.9621366858482361
image_9224,0.0010595002677291632
image_9225,0.03674348443746567
image_9226,0.00011375993199180812
image_9227,0.0023240423761308193
image_9228,0.029863392934203148
image_9229,0.0022183877881616354
image_923,0.008220148272812366
image_9230,0.00763138709589839
image_9231,0.0002636545104905963
image_9232,1.427474580850685e-05
image_9233,0.0005539571866393089
image_9234,0.034755002707242966
image_9235,0.0006431319052353501
image_9236,0.000580182415433228
image_9237,0.0022236111108213663
image_9238,0.9801238775253296
image_9239,0.0001708833733573556
image_924,0.004255564417690039
image_9240,0.9966932535171509
image_9241,0.0032320283353328705
image_9242,0.0032930902671068907
image_9243,0.01527402549982071
image_9244,0.00013716249668505043
image_9245,0.0007040180498734117
image_9246,0.029313085600733757
image_9247,0.0032321647740900517
image_9248,0.0014043253613635898
image_9249,0.0028715748339891434
image_925,0.011226322501897812
image_9250,0.000988046987913549
image_9251,0.00422359025105834
image_9252,0.0010306293843314052
image_9253,0.00906200148165226
image_9254,0.104448601603508
image_9255,0.0018655599560588598
image_9256,0.022238707169890404
image_9257,0.009089652448892593
image_9258,0.7977229952812195
image_9259,0.0019922819919884205
image_926,0.0007601699326187372
image_9260,0.000424246332840994
image_9261,0.020587991923093796
image_9262,0.0723605826497078
image_9263,0.021001115441322327
image_9264,0.0015989062376320362
image_9265,0.01239681988954544
image_9266,0.8078715801239014
image_9267,0.0010312172817066312
image_9268,0.14470838010311127
image_9269,0.9947977066040039
image_927,0.9387759566307068
image_9270,0.0020917998626828194
image_9271,0.0002186348574468866
image_9272,0.007056077476590872
image_9273,0.009094692766666412
image_9274,0.02849881909787655
image_9275,0.001575299073010683
image_9276,0.00795468408614397
image_9277,0.0017708265222609043
image_9278,0.0027870647609233856
image_9279,0.0038163368590176105
image_928,0.0044213347136974335
image_9280,0.004020520485937595
image_9281,0.0030882793944329023
image_9282,0.5526081323623657
image_9283,0.0014356798492372036
image_9284,0.0008789882413111627
image_9285,0.0001690715434961021
image_9286,0.07924849539995193
image_9287,0.0024707666598260403
image_9288,0.005361047573387623
image_9289,0.025369329378008842
image_929,0.010431738570332527
image_9290,0.8303875923156738
image_9291,0.0003921703901141882
image_9292,0.0005082894931547344
image_9293,0.9957172274589539
image_9294,0.0006728108273819089
image_9295,0.005143976770341396
image_9296,0.0011450523743405938
image_9297,0.0023036529310047626
image_9298,0.008774027228355408
image_9299,0.06681281328201294
image_93,0.0011895342031493783
image_930,0.0008443735423497856
image_9300,0.9889808893203735
image_9301,0.007575563155114651
image_9302,0.001358186942525208
image_9303,0.0003333102213218808
image_9304,0.00010495992319192737
image_9305,0.0022397979628294706
image_9306,0.0012385317822918296
image_9307,0.002388695254921913
image_9308,0.13055673241615295
image_9309,0.0008220991585403681
image_931,0.0022508371621370316
image_9310,0.00045574409887194633
image_9311,0.0016399362357333302
image_9312,0.010699879378080368
image_9313,0.011476297862827778
image_9314,0.9792124032974243
image_9315,0.0006474673864431679
image_9316,0.00132232706528157
image_9317,0.0003739342500921339
image_9318,0.005057132802903652
image_9319,0.0003697099455166608
image_932,0.06436429172754288
image_9320,0.00596208032220602
image_9321,0.007818806916475296
image_9322,0.0013991945888847113
image_9323,0.0004498738853726536
image_9324,0.03046722151339054
image_9325,0.8930020928382874
image_9326,0.04481486603617668
image_9327,0.007412270177155733
image_9328,0.0005935749504715204
image_9329,0.0003341597330290824
image_933,3.809206100413576e-05
image_9330,0.0007570216548629105
image_9331,0.000198180612642318
image_9332,0.9483135342597961
image_9333,0.008485579863190651
image_9334,0.5808641314506531
image_9335,0.00028812227537855506
image_9336,0.0029356079176068306
image_9337,0.0003901697346009314
image_9338,0.4822307229042053
image_9339,0.00751466304063797
image_934,0.00010245184967061505
image_9340,0.0017270705429837108
image_9341,0.009976851753890514
image_9342,0.940278172492981
image_9343,0.011796355247497559
image_9344,0.021247610449790955
image_9345,0.8059239983558655
image_9346,0.0010519074276089668
image_9347,0.00035373371792957187
image_9348,0.007517653983086348
image_9349,0.027584439143538475
image_935,0.00031196619966067374
image_9350,0.00020078715169802308
image_9351,0.4579789340496063
image_9352,0.0011231417302042246
image_9353,0.018300822004675865
image_9354,0.0025310053024441004
image_9355,0.02417445182800293
image_9356,0.008784538134932518
image_9357,0.005868019536137581
image_9358,0.006208354607224464
image_9359,0.0026889927685260773
image_936,0.003215492470189929
image_9360,0.010084201581776142
image_9361,0.9838144183158875
image_9362,0.0002766433171927929
image_9363,0.9532192945480347
image_9364,0.005045201163738966
image_9365,0.0007271829526871443
image_9366,0.0027868833858519793
image_9367,0.16170139610767365
image_9368,0.0007554682670161128
image_9369,0.0016741554718464613
image_937,0.0008154161623679101
image_9370,0.0015298110665753484
image_9371,0.0024945163168013096
image_9372,0.05854795128107071
image_9373,8.055223588598892e-05
image_9374,0.002757153008133173
image_9375,0.009188595227897167
image_9376,0.0031274340581148863
image_9377,0.059668999165296555
image_9378,0.005720173474401236
image_9379,0.007367607206106186
image_938,0.004695614334195852
image_9380,0.0625234842300415
image_9381,0.0017596243415027857
image_9382,0.0098325340077281
image_9383,0.0010875884909182787
image_9384,0.00035564284189604223
image_9385,0.003434106707572937
image_9386,0.003898992668837309
image_9387,0.013685171492397785
image_9388,0.004348717629909515
image_9389,0.005644327029585838
image_939,0.9352587461471558
image_9390,0.00046903820475563407
image_9391,0.8491124510765076
image_9392,0.00447248388081789
image_9393,0.00045942520955577493
image_9394,0.002824439899995923
image_9395,0.0731128379702568
image_9396,0.0011045971186831594
image_9397,0.004872424993664026
image_9398,0.009192789904773235
image_9399,0.0020593618974089622
image_94,0.00036829267628490925
image_940,0.0007457379251718521
image_9400,0.031190209090709686
image_9401,0.007006681524217129
image_9402,0.6354321241378784
image_9403,0.042191166430711746
image_9404,0.0013076955219730735
image_9405,0.994341254234314
image_9406,0.9790524840354919
image_9407,0.017180750146508217
image_9408,0.012562369927763939
image_9409,0.04028689116239548
image_941,0.001374248182401061
image_9410,0.079132579267025
image_9411,0.0013443193165585399
image_9412,0.17050504684448242
image_9413,0.7160876393318176
image_9414,0.000226025193114765
image_9415,0.003473506774753332
image_9416,0.0020633512176573277
image_9417,0.009359708987176418
image_9418,5.496794983628206e-05
image_9419,0.019203724339604378
image_942,0.9024047255516052
image_9420,0.009071546606719494
image_9421,4.139752854825929e-05
image_9422,0.002960240701213479
image_9423,0.00018931174417957664
image_9424,0.9760746359825134
image_9425,0.006678348407149315
image_9426,0.07855217903852463
image_9427,0.007467751391232014
image_9428,0.7131767272949219
image_9429,0.009642974473536015
image_943,0.0002524970914237201
image_9430,0.04117623716592789
image_9431,0.9731971621513367
image_9432,0.002307294402271509
image_9433,0.0029431162402033806
image_9434,0.0009314988856203854
image_9435,0.9746310114860535
image_9436,0.00016430573305115104
image_9437,0.00012970030365977436
image_9438,0.003823257517069578
image_9439,0.0022676889784634113
image_944,0.021559908986091614
image_9440,0.9682867527008057
image_9441,0.0007595876813866198
image_9442,4.160141907050274e-05
image_9443,0.00036868767347186804
image_9444,0.00036606116918846965
image_9445,0.00020364027295727283
image_9446,0.00030388523009605706
image_9447,0.002435900503769517
image_9448,0.018412455916404724
image_9449,0.041012976318597794
image_945,0.03613067418336868
image_9450,0.09902938455343246
image_9451,0.26935526728630066
image_9452,6.068079164833762e-05
image_9453,0.004104482010006905
image_9454,0.0007731583318673074
image_9455,0.0025602364912629128
image_9456,0.00048780691577121615
image_9457,0.018166357651352882
image_9458,0.0011876061325892806
image_9459,0.0012808192986994982
image_946,0.0022881461773067713
image_9460,0.0021430952474474907
image_9461,0.007774711586534977
image_9462,0.0014955441001802683
image_9463,0.005613671150058508
image_9464,0.0014418240170925856
image_9465,0.00019713895744644105
image_9466,0.000932681723497808
image_9467,0.006785405799746513
image_9468,0.0011943522840738297
image_9469,0.0011458866065368056
image_947,0.03816307708621025
image_9470,0.01459491066634655
image_9471,0.025070752948522568
image_9472,0.08081158995628357
image_9473,0.0003215232864022255
image_9474,0.0030437272507697344
image_9475,0.0005902778939343989
image_9476,0.007781247608363628
image_9477,0.0014325154479593039
image_9478,0.0012097234139218926
image_9479,0.01058404240757227
image_948,0.0013913376023992896
image_9480,0.002423673402518034
image_9481,0.003191143274307251
image_9482,0.005464400164783001
image_9483,0.000143226541695185
image_9484,0.00018320194794796407
image_9485,0.0019094716990366578
image_9486,0.0006109695532359183
image_9487,0.00016197845980059355
image_9488,0.0002889663155656308
image_9489,0.003753961995244026
image_949,0.0034398166462779045
image_9490,0.0011278892634436488
image_9491,0.0020325088407844305
image_9492,0.00985718797892332
image_9493,0.0017551673809066415
image_9494,0.0005750360433012247
image_9495,0.9943378567695618
image_9496,0.013414382934570312
image_9497,0.0008932524360716343
image_9498,0.007007808890193701
image_9499,0.0017223097383975983
image_95,0.002055044751614332
image_950,5.570694338530302e-05
image_9500,0.04545982927083969
image_9501,0.0004041701031383127
image_9502,0.0009442425216548145
image_9503,0.00029715729760937393
image_9504,0.997032642364502
image_9505,0.025053545832633972
image_9506,0.9881761074066162
image_9507,7.930177162052132e-06
image_9508,0.0076294331811368465
image_9509,0.0016086978139355779
image_951,0.004700105171650648
image_9510,0.005599976982921362
image_9511,0.7738232016563416
image_9512,0.0016791470116004348
image_9513,0.00735735148191452
image_9514,0.0014848022256046534
image_9515,0.8732300996780396
image_9516,0.9768078327178955
image_9517,0.0020416919142007828
image_9518,0.0032035689800977707
image_9519,0.0021708037238568068
image_952,0.0020080578979104757
image_9520,0.8272674679756165
image_9521,0.008408439345657825
image_9522,0.029388779774308205
image_9523,0.004374283831566572
image_9524,0.14403969049453735
image_9525,0.0042911553755402565
image_9526,0.0020884701516479254
image_9527,0.007538327947258949
image_9528,0.0035475734621286392
image_9529,0.9975249171257019
image_953,0.000583460321649909
image_9530,0.00114253384526819
image_9531,0.000750260369386524
image_9532,0.004853767808526754
image_9533,0.0009502790053375065
image_9534,0.08475281298160553
image_9535,0.004385927226394415
image_9536,0.0005505565204657614
image_9537,0.0004693240043707192
image_9538,0.9426747560501099
image_9539,0.003164754481986165
image_954,0.004315814469009638
image_9540,0.0007114397594705224
image_9541,0.8285943269729614
image_9542,0.8918363451957703
image_9543,0.9691341519355774
image_9544,0.00013617650256492198
image_9545,0.03995636850595474
image_9546,0.006990221794694662
image_9547,8.951785275712609e-05
image_9548,0.0013200489338487387
image_9549,0.004065091721713543
image_955,0.016485601663589478
image_9550,0.0018568742088973522
image_9551,0.0001814205024857074
image_9552,0.0009292441536672413
image_9553,0.006554411258548498
image_9554,0.0017136705573648214
image_9555,0.001427694340236485
image_9556,0.001384575734846294
image_9557,0.014402744360268116
image_9558,0.019192013889551163
image_9559,0.02245115488767624
image_956,0.01565241999924183
image_9560,0.0006269406876526773
image_9561,0.0002331712021259591
image_9562,0.0005336689064279199
image_9563,0.0033910656347870827
image_9564,0.0015179088804870844
image_9565,0.00010106312402058393
image_9566,0.0031916925217956305
image_9567,0.004534079693257809
image_9568,0.008273988030850887
image_9569,0.0023948217276483774
image_957,0.0008223052718676627
image_9570,0.0007429767283611
image_9571,0.0016488399123772979
image_9572,0.0006166273378767073
image_9573,0.0034048266243189573
image_9574,4.331854506745003e-05
image_9575,0.024265950545668602
image_9576,0.00023198084090836346
image_9577,0.002013149904087186
image_9578,0.0012069805525243282
image_9579,0.8971686959266663
image_958,0.0038087470456957817
image_9580,0.0007008310640230775
image_9581,0.022362960502505302
image_9582,0.006601790897548199
image_9583,0.030696438625454903
image_9584,0.0017808642005547881
image_9585,0.997826874256134
image_9586,0.7143715023994446
image_9587,0.00010311902588000521
image_9588,0.0399838425219059
image_9589,0.0032173574436455965
image_959,0.007146012503653765
image_9590,0.007989157922565937
image_9591,2.3095273718354292e-05
image_9592,0.0019718101248145103
image_9593,0.0003843032754957676
image_9594,0.08138525485992432
image_9595,0.002359256613999605
image_9596,0.008081863634288311
image_9597,0.664310872554779
image_9598,0.0006528292433358729
image_9599,0.0012283565010875463
image_96,0.016576511785387993
image_960,0.0002070874033961445
image_9600,0.00011542376159923151
image_9601,0.016968606039881706
image_9602,0.0034889639355242252
image_9603,0.0005039212410338223
image_9604,0.0023825024254620075
image_9605,0.011148638091981411
image_9606,0.07584693282842636
image_9607,0.007661529816687107
image_9608,0.001676657353527844
image_9609,0.052418749779462814
image_961,0.0020362234208732843
image_9610,0.03414064645767212
image_9611,0.05906621366739273
image_9612,0.000250396755291149
image_9613,0.0011188681237399578
image_9614,0.009100494906306267
image_9615,0.004402409307658672
image_9616,0.9903181791305542
image_9617,0.06119785085320473
image_9618,0.00844790693372488
image_9619,0.8565452098846436
image_962,0.0002525890595279634
image_9620,0.002109071472659707
image_9621,0.006950950250029564
image_9622,0.00037463076296262443
image_9623,0.9651281237602234
image_9624,0.026377929374575615
image_9625,0.0068529206328094006
image_9626,0.03639669343829155
image_9627,0.0002577536797616631
image_9628,0.0019328559283167124
image_9629,0.00022683262068312615
image_963,0.0004844602954108268
image_9630,0.0009068508516065776
image_9631,0.0016629716847091913
image_9632,0.008901462890207767
image_9633,0.00044907882693223655
image_9634,0.00233983201906085
image_9635,0.012730707414448261
image_9636,0.2186683565378189
image_9637,0.0011660706950351596
image_9638,0.0005969068151898682
image_9639,0.5501975417137146
image_964,0.025022974237799644
image_9640,0.0009492423851042986
image_9641,0.9584822654724121
image_9642,0.0015519756125286222
image_9643,0.002245779847726226
image_9644,0.009529021568596363
image_9645,0.0005058274255134165
image_9646,0.0014408474089577794
image_9647,0.0017783272778615355
image_9648,0.00025961376377381384
image_9649,0.0014199770521372557
image_965,0.8534857034683228
image_9650,0.2763655185699463
image_9651,0.9728466868400574
image_9652,0.0013123257085680962
image_9653,0.0028973922599107027
image_9654,0.00048055805382318795
image_9655,0.13944673538208008
image_9656,0.001737313810735941
image_9657,0.01941739208996296
image_9658,0.01104707457125187
image_9659,0.0006801590789109468
image_966,0.006285415031015873
image_9660,0.01765264756977558
image_9661,0.01811862550675869
image_9662,0.05977058783173561
image_9663,0.0022218134254217148
image_9664,0.02759992517530918
image_9665,0.00010273967927787453
image_9666,0.9237256050109863
image_9667,0.04939474165439606
image_9668,0.908814013004303
image_9669,0.00012691528536379337
image_967,0.008749452419579029
image_9670,0.001978023676201701
image_9671,0.013221011497080326
image_9672,0.05639627203345299
image_9673,0.0005893512279726565
image_9674,0.0007945331744849682
image_9675,0.005184523295611143
image_9676,0.024759260937571526
image_9677,0.9963262677192688
image_9678,0.0014836991904303432
image_9679,0.0034611367154866457
image_968,0.002908057998865843
image_9680,0.023658500984311104
image_9681,0.0027907155454158783
image_9682,0.003387575037777424
image_9683,0.009285222738981247
image_9684,0.0031104201916605234
image_9685,0.00011322228237986565
image_9686,0.01892748661339283
image_9687,0.03623977676033974
image_9688,0.0002612017560750246
image_9689,0.0038727170322090387
image_969,0.0094023821875453
image_9690,0.0005712255951948464
image_9691,0.0003936022403649986
image_9692,0.008223161101341248
image_9693,0.001568427076563239
image_9694,0.008195603266358376
image_9695,0.003737614257261157
image_9696,0.0003706274728756398
image_9697,0.0008020683308131993
image_9698,0.0025849456433206797
image_9699,0.00058910803636536
image_97,0.002296098740771413
image_970,0.9980452060699463
image_9700,0.017355656251311302
image_9701,0.1274273693561554
image_9702,0.002605769317597151
image_9703,0.0008239005110226572
image_9704,0.011644880287349224
image_9705,0.0008267356315627694
image_9706,0.033163316547870636
image_9707,0.029066726565361023
image_9708,0.009790049865841866
image_9709,0.9943472743034363
image_971,0.6325212121009827
image_9710,0.0033761148806661367
image_9711,0.06286672502756119
image_9712,0.00024072571250144392
image_9713,0.0005558297270908952
image_9714,0.002586543094366789
image_9715,0.14352674782276154
image_9716,0.4606281518936157
image_9717,0.009065457619726658
image_9718,0.0006824017618782818
image_9719,0.0032560378313064575
image_972,0.4695158004760742
image_9720,0.00025803272728808224
image_9721,0.0056784204207360744
image_9722,0.0008870341698639095
image_9723,0.002239784225821495
image_9724,0.02150784432888031
image_9725,0.0026947599835693836
image_9726,0.0015361469704657793
image_9727,0.001662484952248633
image_9728,0.008588144555687904
image_9729,0.01776648871600628
image_973,0.00573911564424634
image_9730,0.0030913122463971376
image_9731,0.0006558600580319762
image_9732,0.036472491919994354
image_9733,0.002506299875676632
image_9734,0.0032809784170240164
image_9735,0.8998537063598633
image_9736,0.000134148052893579
image_9737,0.0018182183848693967
image_9738,0.0006855733226984739
image_9739,0.0014890246093273163
image_974,0.000697915384080261
image_9740,0.002490396611392498
image_9741,0.01748380996286869
image_9742,0.0033199607860296965
image_9743,0.44308680295944214
image_9744,0.0015832228818908334
image_9745,0.0034516630694270134
image_9746,0.01704590953886509
image_9747,0.0003015774127561599
image_9748,0.11563750356435776
image_9749,4.769838051288389e-05
image_975,0.07393893599510193
image_9750,0.0015448800986632705
image_9751,0.005803797394037247
image_9752,0.0029654456302523613
image_9753,0.9023268818855286
image_9754,0.0020208940841257572
image_9755,0.0012352231424301863
image_9756,0.037071067839860916
image_9757,0.00902300700545311
image_9758,0.0009146807715296745
image_9759,0.0020083789713680744
image_976,0.9809834361076355
image_9760,0.0005781700019724667
image_9761,8.546890603611246e-05
image_9762,0.7143345475196838
image_9763,0.004153921734541655
image_9764,0.0002561592555139214
image_9765,0.0002954082447104156
image_9766,0.02102573774755001
image_9767,0.0011412601452320814
image_9768,0.0005775790195912123
image_9769,0.005554556380957365
image_977,0.00019472974236123264
image_9770,0.01065834704786539
image_9771,0.007802311796694994
image_9772,0.0031804118771106005
image_9773,0.020585738122463226
image_9774,0.00028991446015425026
image_9775,0.025368159636855125
image_9776,0.8725013136863708
image_9777,0.0002701745252124965
image_9778,0.00018442091823089868
image_9779,0.0006634203600697219
image_978,0.0003055781126022339
image_9780,0.0024760409723967314
image_9781,0.02056591957807541
image_9782,0.006281101144850254
image_9783,0.005870334338396788
image_9784,0.0001947095151990652
image_9785,0.009995232336223125
image_9786,0.0010103012900799513
image_9787,0.007426868192851543
image_9788,0.0008527445606887341
image_9789,0.0007893068832345307
image_979,0.0015420156996697187
image_9790,0.0008855368942022324
image_9791,0.010153423063457012
image_9792,0.0018341218819841743
image_9793,0.0027988955844193697
image_9794,0.7290968298912048
image_9795,0.002479982329532504
image_9796,0.009048856794834137
image_9797,0.0048091476783156395
image_9798,0.000265778333414346
image_9799,0.000444618082838133
image_98,0.0077914586290717125
image_980,0.895423948764801
image_9800,0.0017141933785751462
image_9801,0.9636204242706299
image_9802,0.03611673042178154
image_9803,0.2034272998571396
image_9804,0.9581647515296936
image_9805,0.9599836468696594
image_9806,0.07733045518398285
image_9807,0.003613080130890012
image_9808,0.03037188947200775
image_9809,0.000493301369715482
image_981,0.0004958444624207914
image_9810,0.0026675909757614136
image_9811,0.0008277745801024139
image_9812,0.9842707514762878
image_9813,0.00057059625396505
image_9814,0.002983993384987116
image_9815,0.7897545099258423
image_9816,0.01561222318559885
image_9817,0.004790474660694599
image_9818,0.0006820200942456722
image_9819,0.036167509853839874
image_982,0.00011684243509080261
image_9820,0.01200783159583807
image_9821,0.0018188469111919403
image_9822,0.3274778723716736
image_9823,0.13168615102767944
image_9824,0.0007406467339023948
image_9825,0.0006044877809472382
image_9826,0.00018322675896342844
image_9827,0.000254640297498554
image_9828,0.9777148962020874
image_9829,0.01614786498248577
image_983,0.008408133871853352
image_9830,0.00038583713467232883
image_9831,0.0009098240989260375
image_9832,0.0009495147387497127
image_9833,0.016917133703827858
image_9834,0.7653310298919678
image_9835,0.008794661611318588
image_9836,0.015347374603152275
image_9837,0.003434167243540287
image_9838,0.7875960469245911
image_9839,0.008477050811052322
image_984,0.0010104726534336805
image_9840,0.06477237492799759
image_9841,0.0067910864017903805
image_9842,0.00019603884720709175
image_9843,0.0017130799824371934
image_9844,0.0021170859690755606
image_9845,0.0006522294715978205
image_9846,0.010426905937492847
image_9847,0.00021113816183060408
image_9848,0.5931223630905151
image_9849,0.012238601222634315
image_985,0.7607448101043701
image_9850,0.00257127289660275
image_9851,0.0009863539598882198
image_9852,0.0034409610088914633
image_9853,0.0013517682673409581
image_9854,0.003152775578200817
image_9855,0.0003914364206138998
image_9856,0.006611890625208616
image_9857,0.2687026560306549
image_9858,0.004031412769109011
image_9859,0.002596384845674038
image_986,0.9946463704109192
image_9860,0.009924440644681454
image_9861,0.8862465620040894
image_9862,0.007940566167235374
image_9863,0.003438989631831646
image_9864,0.00030753016471862793
image_9865,0.0009719358058646321
image_9866,0.5885969996452332
image_9867,0.003393211169168353
image_9868,0.0034783745650202036
image_9869,0.01590537652373314
image_987,0.9165613651275635
image_9870,0.03820803388953209
image_9871,0.9670529365539551
image_9872,0.002543218433856964
image_9873,0.0033192995470017195
image_9874,0.013970068655908108
image_9875,0.0012587029486894608
image_9876,0.0014427099376916885
image_9877,0.014993430115282536
image_9878,0.013638535514473915
image_9879,0.9914094805717468
image_988,0.004389020148664713
image_9880,0.9936315417289734
image_9881,0.00020495842909440398
image_9882,5.7225945056416094e-05
image_9883,0.8203042149543762
image_9884,0.9544287323951721
image_9885,0.0018577785231173038
image_9886,0.00435700872913003
image_9887,0.0019708871841430664
image_9888,0.0030002822168171406
image_9889,0.0011623367900028825
image_989,0.009949772618710995
image_9890,0.0021500324364751577
image_9891,0.0003525585634633899
image_9892,0.005101949907839298
image_9893,0.10288085043430328
image_9894,0.0003684341791085899
image_9895,0.0022817000281065702
image_9896,0.037222784012556076
image_9897,0.00030631694244220853
image_9898,0.0053983828984200954
image_9899,0.7057812213897705
image_99,0.0014480608515441418
image_990,0.00013166140706744045
image_9900,0.0014127459144219756
image_9901,0.0007012615678831935
image_9902,0.01755153201520443
image_9903,0.02260613441467285
image_9904,0.001026758225634694
image_9905,0.04961294308304787
image_9906,0.007230846676975489
image_9907,0.00045983659219928086
image_9908,0.003941074945032597
image_9909,0.8061583638191223
image_991,0.0005251104012131691
image_9910,0.00794445164501667
image_9911,0.0005807868437841535
image_9912,0.00017115226364694536
image_9913,0.014802365563809872
image_9914,0.017326997593045235
image_9915,0.0004809198435395956
image_9916,0.04884692281484604
image_9917,0.0014357317704707384
image_9918,0.19250310957431793
image_9919,0.0003222287632524967
image_992,0.0017639105208218098
image_9920,0.003131270408630371
image_9921,0.04041152819991112
image_9922,0.5730834603309631
image_9923,0.0004148359876126051
image_9924,0.0009774835780262947
image_9925,0.9743432402610779
image_9926,0.009919554926455021
image_9927,0.0005078983958810568
image_9928,0.005870545748621225
image_9929,0.00018019115668721497
image_993,0.0016523831291124225
image_9930,0.9935922026634216
image_9931,0.03307998180389404
image_9932,7.115484913811088e-05
image_9933,0.00016689322364982218
image_9934,0.00011764796363422647
image_9935,0.9663410782814026
image_9936,0.05810326337814331
image_9937,0.07138209789991379
image_9938,0.0011069567408412695
image_9939,0.009474764578044415
image_994,0.8905172348022461
image_9940,0.0031530214473605156
image_9941,0.007734700571745634
image_9942,0.004393312614411116
image_9943,0.04334624856710434
image_9944,0.0006860167486593127
image_9945,0.0007699309499002993
image_9946,0.0008482750272378325
image_9947,0.0010067261755466461
image_9948,0.0005162247689440846
image_9949,0.0006958926096558571
image_995,0.00028986556571908295
image_9950,0.026571139693260193
image_9951,0.12057079374790192
image_9952,0.00016716874961275607
image_9953,0.9709822535514832
image_9954,0.007579848635941744
image_9955,0.10349689424037933
image_9956,0.000877653481438756
image_9957,0.002284135203808546
image_9958,0.000601004168856889
image_9959,0.942158579826355
image_996,0.17922855913639069
image_9960,0.003656054148450494
image_9961,0.9234969615936279
image_9962,0.0027335004415363073
image_9963,0.9313205480575562
image_9964,7.269679917953908e-05
image_9965,0.0006406591273844242
image_9966,0.00020924348791595548
image_9967,0.9733490347862244
image_9968,0.0024211222771555185
image_9969,0.6660978198051453
image_997,9.528562077321112e-05
image_9970,0.0008346746326424181
image_9971,0.0002764798409771174
image_9972,0.003683727467432618
image_9973,0.00017345928063150495
image_9974,0.01651841402053833
image_9975,0.0015488112112507224
image_9976,0.00012863184383604676
image_9977,0.0028710109181702137
image_9978,0.00018008997722063214
image_9979,0.0006259784568101168
image_998,0.01868736743927002
image_9980,0.019945554435253143
image_9981,0.004868424031883478
image_9982,0.0027447687461972237
image_9983,0.00022602044919040054
image_9984,0.00010961545922327787
image_9985,0.013710682280361652
image_9986,0.002182495081797242
image_9987,2.2319665731629357e-05
image_9988,0.0009218375780619681
image_9989,0.0011921034893020988
image_999,0.6646268963813782
image_9990,0.581820547580719
image_9991,0.9691339135169983
image_9992,8.525921293767169e-05
image_9993,0.0010467411484569311
image_9994,0.7583959698677063
image_9995,0.9975003600120544
image_9996,0.00019394796981941909
image_9997,0.6526322960853577
image_9998,0.9977335929870605
image_9999,0.0012250581057742238
