image_name,malignant_prob
image_1,0.045319498
image_2,0.0031377866
image_3,0.82957107
image_4,0.0011208812
image_5,2.0769608e-07
image_6,3.8215944e-06
image_7,8.873666e-05
image_8,0.0029511512
image_9,5.785336e-06
image_10,0.00027990306
image_11,4.62464e-05
image_12,0.00013022746
image_13,0.00027215184
image_14,0.00028740778
image_15,0.46730435
image_16,0.0030596394
image_17,0.99538803
image_18,1.093033e-08
image_19,0.8138048
image_20,2.6093972e-05
image_21,0.0011906448
image_22,0.30744115
image_23,0.00074130064
image_24,0.9996846
image_25,0.011405212
image_26,0.002614032
image_27,8.525283e-05
image_28,7.2014345e-06
image_29,0.00086785236
image_30,0.18468794
image_31,0.00063220155
image_32,0.000121347504
image_33,7.527396e-09
image_34,0.00197243
image_35,0.9996339
image_36,8.328668e-07
image_37,5.7368334e-06
image_38,0.0006794323
image_39,0.57588947
image_40,0.001210402
image_41,0.0137041155
image_42,1.8132841e-06
image_43,0.12276669
image_44,0.021188483
image_45,7.2074845e-06
image_46,0.0025121772
image_47,0.043986447
image_48,0.000362968
image_49,0.0040887487
image_50,4.9385184e-05
image_51,0.03850841
image_52,0.9972118
image_53,0.0003136153
image_54,4.083501e-05
image_55,3.6333346e-05
image_56,1.2541816e-06
image_57,0.00014256978
image_58,0.0014105239
image_59,0.0005003006
image_60,0.0006921586
image_61,0.00078184437
image_62,0.043013465
image_63,8.1853286e-05
image_64,0.004642817
image_65,1.3395137e-07
image_66,0.021092497
image_67,7.652163e-05
image_68,6.5795335e-05
image_69,3.976778e-05
image_70,0.7844285
image_71,1.27735375e-05
image_72,0.99936724
image_73,5.5076816e-06
image_74,1.0714176e-05
image_75,0.0003229846
image_76,0.024448104
image_77,0.01747362
image_78,0.00023323501
image_79,0.003305689
image_80,0.7982681
image_81,9.031335e-06
image_82,0.002332129
image_83,0.0056421356
image_84,1.4085664e-06
image_85,0.00086318864
image_86,0.0001345418
image_87,2.1526626e-05
image_88,0.0019659586
image_89,0.0009864476
image_90,1.4470143e-06
image_91,0.00033368275
image_92,1.969905e-05
image_93,2.0974607e-05
image_94,0.00011501019
image_95,0.00038496303
image_96,0.011399657
image_97,1.1449233e-05
image_98,0.017809747
image_99,0.00033354526
image_100,5.9628903e-05
image_101,8.28833e-05
image_102,7.3028887e-06
image_103,4.4166005e-05
image_104,0.0001381438
image_105,6.245542e-05
image_106,0.9999565
image_107,1.49235275e-05
image_108,0.003718364
image_109,5.8341884e-05
image_110,3.611045e-08
image_111,6.884465e-06
image_112,0.004264406
image_113,0.00033492126
image_114,0.005888358
image_115,0.9899608
image_116,0.00028564167
image_117,0.0022717412
image_118,0.9387887
image_119,0.95294285
image_120,0.18577343
image_121,0.11523558
image_122,0.011338115
image_123,0.0033578468
image_124,0.00093718583
image_125,0.95898926
image_126,2.2070932e-05
image_127,0.0010608435
image_128,0.00037352426
image_129,0.7977909
image_130,0.000632106
image_131,0.0017335922
image_132,4.0242383e-05
image_133,1.01896774e-07
image_134,0.0023236305
image_135,0.00039047626
image_136,0.0005330188
image_137,0.010105633
image_138,0.07744741
image_139,0.00026113712
image_140,0.000121788165
image_141,0.55957115
image_142,1.1409465e-05
image_143,6.2283775e-08
image_144,0.00015953762
image_145,2.4745098e-06
image_146,0.008231143
image_147,8.946109e-05
image_148,3.935695e-05
image_149,3.019211e-05
image_150,0.0011823821
image_151,0.015933726
image_152,0.0006361295
image_153,7.9303675e-07
image_154,0.00031885802
image_155,0.00038232526
image_156,2.4245064e-06
image_157,7.7318e-06
image_158,0.00011690691
image_159,0.99571824
image_160,0.000161114
image_161,0.0012008632
image_162,0.0034087426
image_163,0.030947499
image_164,0.004740554
image_165,1.5605814e-06
image_166,7.090577e-06
image_167,2.9511903e-06
image_168,0.012169672
image_169,7.0671114e-05
image_170,3.0806295e-05
image_171,0.00071740267
image_172,0.9953622
image_173,0.0002547929
image_174,3.0377028e-05
image_175,0.0902891
image_176,1.0931324e-05
image_177,0.00029528167
image_178,0.0017280919
image_179,2.1430766e-07
image_180,0.0028697846
image_181,4.0876493e-11
image_182,0.022777434
image_183,0.00011713542
image_184,0.0009657901
image_185,1.0798181e-09
image_186,0.12284638
image_187,3.4210902e-06
image_188,4.934923e-07
image_189,0.99326015
image_190,0.03282902
image_191,7.2721974e-05
image_192,0.0184085
image_193,3.4842385e-06
image_194,0.0004977757
image_195,0.099518254
image_196,0.00012352766
image_197,0.012006403
image_198,5.401556e-07
image_199,0.00019508223
image_200,9.024837e-05
image_201,0.0017754061
image_202,1.2727969e-07
image_203,0.7928183
image_204,0.0022429766
image_205,0.00013009782
image_206,0.0054391464
image_207,0.1472655
image_208,0.0021571266
image_209,0.008796731
image_210,6.1997994e-08
image_211,5.1559198e-08
image_212,0.0025653422
image_213,0.96160185
image_214,0.0009054068
image_215,0.9302041
image_216,0.018646356
image_217,0.00052550377
image_218,0.5252696
image_219,0.028111937
image_220,1.4715151e-05
image_221,8.893975e-07
image_222,2.7209238e-05
image_223,2.0909401e-06
image_224,0.031989496
image_225,4.3279783e-06
image_226,0.9977379
image_227,0.7361361
image_228,0.000352253
image_229,0.976763
image_230,0.0029366193
image_231,0.019630078
image_232,0.01706506
image_233,4.2234547e-05
image_234,0.022570133
image_235,0.00070722535
image_236,0.0044819852
image_237,0.00032769283
image_238,0.07519516
image_239,0.76164055
image_240,1.1325563e-09
image_241,3.7835039e-06
image_242,0.8362889
image_243,1.2896682e-07
image_244,0.00090143573
image_245,0.90650624
image_246,1.5952204e-06
image_247,0.011823555
image_248,0.022876441
image_249,0.0014911075
image_250,0.000527151
image_251,0.023620429
image_252,9.406777e-05
image_253,0.50478345
image_254,0.0044993665
image_255,0.0003137901
image_256,0.61276114
image_257,0.58605564
image_258,0.0704769
image_259,6.852253e-06
image_260,1.9038946e-05
image_261,7.0474256e-05
image_262,0.0018840497
image_263,0.0004373625
image_264,0.00017564867
image_265,0.1728302
image_266,0.0076499954
image_267,1.8467186e-05
image_268,0.00057141477
image_269,0.8940865
image_270,0.0018876162
image_271,0.00029142486
image_272,0.78176737
image_273,0.9826935
image_274,0.00053525553
image_275,0.00017038376
image_276,0.12630044
image_277,0.00036921218
image_278,0.00026293963
image_279,0.000109013905
image_280,9.260938e-08
image_281,0.014858112
image_282,0.7422284
image_283,0.000104712395
image_284,0.002305326
image_285,0.0012802688
image_286,0.074949756
image_287,3.0255533e-06
image_288,0.016633041
image_289,4.728301e-05
image_290,0.0005018856
image_291,0.9831294
image_292,0.0019007626
image_293,0.54351366
image_294,0.00026766342
image_295,0.004729326
image_296,0.0005333815
image_297,0.04434755
image_298,2.1128086e-05
image_299,0.954325
image_300,0.015122477
image_301,0.07198622
image_302,0.87413085
image_303,0.00012891548
image_304,2.7730774e-05
image_305,0.00014177487
image_306,0.032439545
image_307,0.001400458
image_308,3.1934012e-06
image_309,0.063989036
image_310,0.08134561
image_311,0.0032508196
image_312,0.0008112138
image_313,6.966591e-07
image_314,8.0106126e-08
image_315,2.292194e-06
image_316,0.022256216
image_317,6.179091e-06
image_318,9.3053956e-08
image_319,0.074503146
image_320,0.0010187759
image_321,8.6977445e-05
image_322,0.0016309049
image_323,1.226398e-05
image_324,1.9116605e-07
image_325,1.8570987e-05
image_326,7.760361e-06
image_327,6.360505e-05
image_328,0.0001287407
image_329,1.2653562e-05
image_330,0.00020082382
image_331,1.4082156e-05
image_332,0.000116863244
image_333,5.2369523e-06
image_334,0.0006220173
image_335,9.166076e-05
image_336,8.6029155e-05
image_337,9.427368e-05
image_338,1.1181071e-06
image_339,0.5853204
image_340,0.0051076515
image_341,0.00070012914
image_342,0.0048124427
image_343,4.5518445e-06
image_344,0.9628625
image_345,0.99464476
image_346,0.00022443433
image_347,0.0043591326
image_348,0.009958765
image_349,1.1802113e-05
image_350,0.000115799536
image_351,1.7301545e-07
image_352,0.9933636
image_353,0.0013945189
image_354,3.2858865e-05
image_355,0.0065554837
image_356,0.9915718
image_357,2.554768e-05
image_358,1.3464505e-05
image_359,0.7677512
image_360,0.00056541176
image_361,0.00927732
image_362,3.3813035e-06
image_363,0.0002222443
image_364,2.3939284e-08
image_365,0.78176486
image_366,0.37993926
image_367,0.99841285
image_368,2.0365795e-05
image_369,0.9889902
image_370,0.04700594
image_371,9.570833e-09
image_372,0.85650516
image_373,0.00033537485
image_374,3.1403317e-08
image_375,0.577896
image_376,2.405345e-06
image_377,9.644876e-05
image_378,0.0028287848
image_379,0.9975398
image_380,2.2330502e-07
image_381,0.8422035
image_382,0.00017843489
image_383,0.64664835
image_384,0.0078149885
image_385,0.019912576
image_386,0.00045092893
image_387,0.99996024
image_388,0.00089543406
image_389,0.00017670504
image_390,4.652693e-06
image_391,0.015348788
image_392,0.032898225
image_393,0.0014999243
image_394,4.504483e-07
image_395,0.0020909086
image_396,4.3220254e-05
image_397,1.1098073e-05
image_398,0.004493066
image_399,2.3644427e-06
image_400,4.6268013e-07
image_401,0.00015368959
image_402,3.0240832e-05
image_403,5.5260774e-05
image_404,1.6701009e-08
image_405,9.785127e-08
image_406,0.00019433952
image_407,6.686357e-08
image_408,4.683705e-06
image_409,0.00023828662
image_410,1.7346e-05
image_411,0.00019382854
image_412,0.012727268
image_413,0.8907286
image_414,1.3673164e-06
image_415,0.062738456
image_416,0.0015103099
image_417,0.00056739524
image_418,5.1516153e-08
image_419,0.97654694
image_420,0.00010965913
image_421,0.0011609374
image_422,2.573282e-05
image_423,1.4466694e-05
image_424,8.3510685e-07
image_425,0.0011725096
image_426,0.0016968667
image_427,3.0596107e-06
image_428,5.101537e-05
image_429,1.0476519e-07
image_430,0.00025328295
image_431,0.008295413
image_432,7.968875e-09
image_433,1.3052472e-06
image_434,0.034188174
image_435,0.0032566423
image_436,0.003746021
image_437,5.2814303e-05
image_438,7.989927e-09
image_439,0.17621529
image_440,0.047180936
image_441,0.0014322567
image_442,3.3851447e-05
image_443,0.9527402
image_444,0.00040490268
image_445,0.9969673
image_446,4.4277062e-06
image_447,0.060287096
image_448,0.00025880267
image_449,0.003898134
image_450,1.8572199e-07
image_451,0.00018486643
image_452,0.0006344436
image_453,6.652205e-05
image_454,0.59341335
image_455,0.006676842
image_456,5.908737e-06
image_457,0.23529558
image_458,0.89989156
image_459,1.1658776e-06
image_460,7.529084e-08
image_461,0.0049966476
image_462,0.0002395128
image_463,4.023925e-06
image_464,0.00018844247
image_465,0.0005825235
image_466,0.00023054924
image_467,0.1639332
image_468,0.011063993
image_469,0.14954999
image_470,0.00010566569
image_471,0.00019585104
image_472,5.498284e-07
image_473,0.0009824414
image_474,0.0033755735
image_475,0.00018991629
image_476,4.998431e-09
image_477,0.0017567431
image_478,0.0022870495
image_479,0.016334197
image_480,1.931615e-05
image_481,0.016473355
image_482,2.6334333e-06
image_483,0.0007148567
image_484,0.9940828
image_485,0.15890244
image_486,0.09407705
image_487,6.321143e-05
image_488,7.588284e-06
image_489,0.00023698036
image_490,0.0007403356
image_491,2.5782265e-07
image_492,2.784454e-09
image_493,0.0015552079
image_494,0.00024226448
image_495,0.0003092679
image_496,0.7761748
image_497,0.00061979017
image_498,5.165807e-05
image_499,0.001833335
image_500,4.1906635e-05
image_501,5.2127183e-05
image_502,0.007441953
image_503,0.0126168
image_504,0.75355655
image_505,0.01673964
image_506,0.008170701
image_507,0.044113085
image_508,5.6629593e-05
image_509,0.0009206575
image_510,0.00043784146
image_511,0.0061690626
image_512,6.106203e-05
image_513,5.0524394e-09
image_514,0.9988059
image_515,0.7328431
image_516,6.7014134e-06
image_517,1.6548136e-05
image_518,0.38030386
image_519,0.0014413854
image_520,8.9632e-07
image_521,0.0012650065
image_522,5.202199e-05
image_523,0.00069502555
image_524,1.1609338e-06
image_525,1.3621508e-07
image_526,0.12289763
image_527,4.8027982e-06
image_528,0.021999761
image_529,0.0046980223
image_530,0.016199283
image_531,3.9035152e-05
image_532,6.9820206e-05
image_533,0.00045338203
image_534,0.006906392
image_535,0.24246013
image_536,0.031294346
image_537,1.0542554e-05
image_538,0.0063100876
image_539,0.9742725
image_540,0.9119576
image_541,0.0021073788
image_542,0.0198702
image_543,3.6697725e-06
image_544,0.0002698218
image_545,0.00090952334
image_546,3.9982453e-05
image_547,0.00036341246
image_548,1.0427516e-06
image_549,0.0009354317
image_550,0.004465271
image_551,0.00026610712
image_552,0.14667948
image_553,0.0026257462
image_554,3.5865892e-06
image_555,1.9562256e-07
image_556,6.793505e-06
image_557,0.00030081396
image_558,0.0017523599
image_559,2.343446e-05
image_560,0.0062243245
image_561,0.0008866057
image_562,2.404056e-06
image_563,0.9257388
image_564,0.0002932815
image_565,0.0017720101
image_566,0.00091159425
image_567,0.016633503
image_568,0.41962212
image_569,0.00042856083
image_570,0.00023040986
image_571,0.008902152
image_572,0.115680635
image_573,7.65439e-05
image_574,0.16262442
image_575,3.2015703e-06
image_576,0.0006888022
image_577,6.1082955e-07
image_578,0.05340541
image_579,3.1156499e-06
image_580,7.716627e-07
image_581,0.00012537715
image_582,2.7640936e-05
image_583,0.0010147013
image_584,0.00067540957
image_585,2.10118e-05
image_586,3.3715949e-06
image_587,0.004160603
image_588,5.1086805e-05
image_589,3.172728e-05
image_590,0.53539
image_591,6.63535e-06
image_592,0.0003588282
image_593,3.971068e-05
image_594,5.3402243e-07
image_595,0.77204776
image_596,0.9911715
image_597,0.17423373
image_598,3.5242729e-06
image_599,0.0011712066
image_600,9.610869e-05
image_601,0.00017199555
image_602,0.0012250646
image_603,5.08196e-06
image_604,5.937331e-09
image_605,0.0026506921
image_606,6.945098e-05
image_607,0.6901418
image_608,0.89535606
image_609,1.964012e-05
image_610,0.0007721314
image_611,7.03662e-05
image_612,0.000977812
image_613,3.49852e-05
image_614,3.645687e-05
image_615,0.0007882729
image_616,0.0008149671
image_617,0.0016512106
image_618,0.00027162512
image_619,4.242325e-05
image_620,0.22732458
image_621,5.5005485e-06
image_622,0.008289566
image_623,0.00018400264
image_624,1.3990757e-05
image_625,2.3072447e-05
image_626,0.00032173877
image_627,0.0011065697
image_628,0.03801767
image_629,0.0010074414
image_630,0.002745822
image_631,0.9104869
image_632,8.6535074e-05
image_633,0.0054388437
image_634,7.0481736e-05
image_635,1.6184457e-06
image_636,0.7946011
image_637,0.0049768467
image_638,0.09931845
image_639,8.118799e-06
image_640,0.0002605506
image_641,0.0521561
image_642,0.792488
image_643,0.00676669
image_644,0.000111706584
image_645,0.001436365
image_646,1.6363062e-07
image_647,0.00016355788
image_648,0.02740129
image_649,0.01686979
image_650,1.2955102e-06
image_651,5.281226e-05
image_652,0.00050486013
image_653,2.6239757e-06
image_654,0.00035180582
image_655,0.0019397265
image_656,0.8789304
image_657,0.0003272474
image_658,8.21768e-07
image_659,0.49921453
image_660,0.003159237
image_661,0.0002564228
image_662,0.08744474
image_663,0.93525285
image_664,0.0056364518
image_665,0.0016749474
image_666,0.00022611652
image_667,0.00078276836
image_668,0.0020239882
image_669,0.100400224
image_670,0.00019390028
image_671,0.00044742896
image_672,5.0755693e-06
image_673,0.003696621
image_674,0.00045956866
image_675,0.004674992
image_676,0.008132129
image_677,0.023659244
image_678,0.0001958546
image_679,0.13884628
image_680,0.00055235275
image_681,5.531728e-05
image_682,0.00046418287
image_683,0.001990081
image_684,1.1785652e-06
image_685,0.00064904033
image_686,0.18527794
image_687,4.7368878e-05
image_688,0.00048892235
image_689,0.57775533
image_690,1.3948772e-06
image_691,2.594951e-07
image_692,0.0012447622
image_693,1.0160797e-05
image_694,0.035759825
image_695,0.003666009
image_696,2.5216312e-05
image_697,0.013533844
image_698,6.867175e-07
image_699,0.017237559
image_700,0.14050674
image_701,0.0012593605
image_702,0.39577872
image_703,2.9715204e-05
image_704,0.26069653
image_705,4.9348047e-05
image_706,8.399029e-05
image_707,0.7770041
image_708,0.5913001
image_709,3.4751803e-05
image_710,0.16979234
image_711,0.0001440316
image_712,0.36788613
image_713,0.00344382
image_714,0.0004529729
image_715,6.631287e-06
image_716,9.832892e-05
image_717,0.91861725
image_718,0.005606862
image_719,9.955914e-06
image_720,5.233992e-06
image_721,0.00016500824
image_722,0.057977833
image_723,0.003861152
image_724,0.00022227547
image_725,1.2132481e-06
image_726,0.0001810441
image_727,0.9948906
image_728,0.0021187614
image_729,0.00023125285
image_730,0.42742783
image_731,0.0001924416
image_732,2.1409422e-05
image_733,4.2138407e-05
image_734,0.8244773
image_735,0.9699557
image_736,8.2817496e-05
image_737,6.101333e-07
image_738,0.99644136
image_739,4.254055e-06
image_740,0.0007187757
image_741,0.00069310225
image_742,8.397725e-05
image_743,0.7645836
image_744,3.323008e-05
image_745,2.084758e-05
image_746,0.003552122
image_747,0.0002849967
image_748,8.0474885e-05
image_749,0.99803704
image_750,0.00011310306
image_751,3.750247e-05
image_752,7.697375e-05
image_753,0.0004748931
image_754,0.98830116
image_755,5.4701348e-05
image_756,0.0004098988
image_757,0.00014094595
image_758,0.008855252
image_759,0.012456687
image_760,4.1565727e-05
image_761,0.014681138
image_762,1.4197298e-05
image_763,0.0001789412
image_764,0.89752686
image_765,0.9988289
image_766,8.008602e-05
image_767,0.0011220139
image_768,0.0005905996
image_769,0.14203018
image_770,1.2085613e-06
image_771,0.0018426214
image_772,2.8321813e-07
image_773,0.94453365
image_774,0.00037143298
image_775,0.0020357147
image_776,0.0016771827
image_777,0.011741467
image_778,2.7630336e-05
image_779,9.1727196e-07
image_780,0.0060991
image_781,0.034720376
image_782,0.069385126
image_783,1.6887267e-07
image_784,0.022109512
image_785,0.7195066
image_786,0.9994099
image_787,0.07708094
image_788,0.00055957446
image_789,8.600074e-05
image_790,0.007212503
image_791,1.083248e-09
image_792,2.4183235e-05
image_793,0.0001859582
image_794,0.03669805
image_795,0.026363887
image_796,0.0003756624
image_797,2.240008e-05
image_798,0.0033766571
image_799,0.0009920073
image_800,0.0005678616
image_801,0.0019446441
image_802,0.0024625885
image_803,0.9774722
image_804,5.066486e-07
image_805,0.065568194
image_806,9.713773e-05
image_807,9.036563e-05
image_808,0.00046364765
image_809,0.9907923
image_810,0.79418963
image_811,4.9469503e-07
image_812,0.0020098616
image_813,0.00042523866
image_814,1.5859727e-06
image_815,2.622027e-05
image_816,0.00022514263
image_817,2.1262847e-05
image_818,0.0005567198
image_819,3.8047554e-05
image_820,4.3832384e-05
image_821,0.004210598
image_822,0.00067450304
image_823,0.0007693075
image_824,0.2861078
image_825,0.9976119
image_826,0.005313938
image_827,0.0012664236
image_828,4.3321103e-05
image_829,4.5621975e-05
image_830,0.009105589
image_831,0.0003917182
image_832,1.1132802e-06
image_833,1.9863322e-05
image_834,0.97968924
image_835,0.0011803686
image_836,4.7264053e-05
image_837,4.4843888e-05
image_838,0.00036913872
image_839,3.8920716e-05
image_840,0.0015145305
image_841,8.1411476e-05
image_842,0.7870184
image_843,0.9969684
image_844,0.0019835576
image_845,0.026535138
image_846,0.0011412223
image_847,0.004949008
image_848,0.04923593
image_849,0.0006568228
image_850,5.572401e-06
image_851,0.00039720887
image_852,0.00017944886
image_853,0.00056790333
image_854,0.0044579883
image_855,7.4547825e-07
image_856,1.400366e-05
image_857,0.9584271
image_858,2.4648836e-07
image_859,0.0007670771
image_860,0.99650395
image_861,0.993377
image_862,0.6679853
image_863,0.9882052
image_864,2.6665753e-05
image_865,0.00069754105
image_866,0.00010535141
image_867,2.7190039e-05
image_868,0.00068184006
image_869,0.00043350054
image_870,0.96524614
image_871,0.17535055
image_872,7.0456613e-06
image_873,0.0037713894
image_874,3.0306866e-05
image_875,0.0010439755
image_876,2.6958205e-07
image_877,0.0057275407
image_878,6.70198e-06
image_879,0.0003896855
image_880,7.257804e-06
image_881,3.467603e-05
image_882,0.9999426
image_883,0.0001455728
image_884,0.003813786
image_885,0.0004148003
image_886,0.0023454302
image_887,0.03959359
image_888,7.792043e-06
image_889,8.181736e-09
image_890,4.9061987e-07
image_891,3.3812173e-06
image_892,1.2035865e-05
image_893,0.0004887472
image_894,0.014131952
image_895,9.386146e-07
image_896,0.0001449913
image_897,3.3418464e-06
image_898,1.645425e-06
image_899,8.1831706e-07
image_900,0.0008808953
image_901,0.0022644366
image_902,0.00043430284
image_903,0.009397302
image_904,0.0004934569
image_905,0.0078887185
image_906,0.9532821
image_907,0.00024930277
image_908,1.8221024e-06
image_909,7.757287e-05
image_910,0.09169511
image_911,0.005078979
image_912,0.000104728184
image_913,0.001854182
image_914,1.8140811e-06
image_915,9.79761e-06
image_916,5.632226e-07
image_917,0.0018150321
image_918,0.0073924274
image_919,0.0009569719
image_920,0.85594344
image_921,0.038118895
image_922,0.0026637292
image_923,0.021400928
image_924,0.00026787235
image_925,0.0008471757
image_926,3.8897844e-05
image_927,0.8464881
image_928,0.00015344756
image_929,0.003269936
image_930,0.003963953
image_931,0.00014499744
image_932,0.22520736
image_933,1.5655987e-06
image_934,6.337219e-05
image_935,3.9909366e-08
image_936,0.0063482616
image_937,4.3497844e-06
image_938,0.001996357
image_939,0.70648813
image_940,0.00018618823
image_941,0.00078285893
image_942,0.99905133
image_943,1.8020793e-07
image_944,7.73277e-05
image_945,0.013932888
image_946,0.00020678504
image_947,0.030009933
image_948,0.00027753212
image_949,0.0005778071
image_950,7.513694e-05
image_951,0.009980465
image_952,8.0843194e-05
image_953,6.8767054e-07
image_954,5.0067298e-05
image_955,5.9327762e-05
image_956,0.008998705
image_957,0.008692773
image_958,0.003299122
image_959,7.339204e-06
image_960,0.0003376156
image_961,2.2023047e-05
image_962,0.0005082621
image_963,0.0062260143
image_964,0.00096863566
image_965,0.9769273
image_966,5.252927e-05
image_967,0.086206324
image_968,0.0026932512
image_969,3.8014289e-06
image_970,0.99919516
image_971,0.20281987
image_972,0.7667786
image_973,0.0004439004
image_974,4.6038527e-05
image_975,0.0014425545
image_976,0.874003
image_977,0.08927238
image_978,6.0584774e-05
image_979,2.3960797e-06
image_980,0.7856144
image_981,0.00022924795
image_982,0.00016976842
image_983,0.0135510955
image_984,2.4458743e-05
image_985,0.83541334
image_986,0.99779546
image_987,0.9988816
image_988,0.002907401
image_989,0.0020620776
image_990,3.1612293e-05
image_991,8.3967615e-07
image_992,0.00069885125
image_993,3.6233005e-06
image_994,0.6194223
image_995,0.00015717994
image_996,0.89768755
image_997,9.958686e-06
image_998,0.00017780659
image_999,0.78735894
image_1000,0.00083772605
image_1001,0.8003261
image_1002,0.0012250614
image_1003,0.9531573
image_1004,0.0005689855
image_1005,0.92022574
image_1006,0.0012309139
image_1007,0.9988601
image_1008,0.00014815852
image_1009,0.00024561613
image_1010,0.00024273564
image_1011,0.001515985
image_1012,0.0019175773
image_1013,0.7940316
image_1014,8.5868706e-08
image_1015,0.00065647793
image_1016,0.00010210079
image_1017,1.0100264e-06
image_1018,0.16983828
image_1019,8.953765e-09
image_1020,3.9394436e-05
image_1021,7.3777883e-06
image_1022,0.007649448
image_1023,1.7556067e-06
image_1024,2.7598471e-06
image_1025,0.06012039
image_1026,0.014356723
image_1027,4.6622836e-06
image_1028,0.65262437
image_1029,0.00082187715
image_1030,9.6971045e-05
image_1031,0.0001541991
image_1032,0.9915018
image_1033,0.17624456
image_1034,2.1608066e-05
image_1035,0.5961139
image_1036,0.9046958
image_1037,0.00070139224
image_1038,4.441966e-07
image_1039,3.903782e-08
image_1040,0.0003950652
image_1041,0.066484645
image_1042,0.0040691597
image_1043,0.15318218
image_1044,5.1478546e-06
image_1045,0.00094875955
image_1046,0.0010406506
image_1047,7.470701e-05
image_1048,1.4081722e-06
image_1049,0.0040741367
image_1050,0.047473155
image_1051,0.00070568273
image_1052,9.745484e-06
image_1053,6.8184886e-07
image_1054,1.7275944e-08
image_1055,0.5836196
image_1056,0.7846638
image_1057,7.664587e-05
image_1058,1.1012898e-05
image_1059,0.75038916
image_1060,2.4348517e-05
image_1061,0.0015485497
image_1062,3.4792574e-05
image_1063,0.00019253991
image_1064,0.006588031
image_1065,4.4737466e-05
image_1066,3.560905e-05
image_1067,0.00037957059
image_1068,0.000113072165
image_1069,0.072264954
image_1070,0.0002851131
image_1071,0.9979496
image_1072,4.284938e-05
image_1073,0.0075760554
image_1074,0.8339299
image_1075,0.9760883
image_1076,0.0001096069
image_1077,0.00065250765
image_1078,0.0010683107
image_1079,4.583254e-06
image_1080,0.008492723
image_1081,0.86740357
image_1082,0.0006164458
image_1083,0.038247146
image_1084,2.2237664e-06
image_1085,5.8536625e-07
image_1086,1.0715654e-07
image_1087,3.631047e-05
image_1088,0.9592483
image_1089,0.0014823126
image_1090,0.0004411106
image_1091,0.00028958407
image_1092,6.280419e-06
image_1093,4.2450976e-09
image_1094,0.061013322
image_1095,8.734249e-06
image_1096,1.6381431e-05
image_1097,0.29776603
image_1098,0.9858695
image_1099,0.000107008826
image_1100,2.3352346e-05
image_1101,0.0028837
image_1102,0.008696808
image_1103,0.0003509055
image_1104,0.0017721155
image_1105,0.00021707569
image_1106,0.00046285382
image_1107,0.0007082584
image_1108,1.0939025e-06
image_1109,0.00053165527
image_1110,0.0005051732
image_1111,1.6888052e-05
image_1112,0.0020195176
image_1113,0.33792442
image_1114,4.2963948e-05
image_1115,0.00031276277
image_1116,9.7771874e-05
image_1117,0.01775889
image_1118,8.4194486e-05
image_1119,2.3460354e-06
image_1120,0.6356865
image_1121,0.00020144825
image_1122,0.00034488068
image_1123,0.0047967318
image_1124,0.008149132
image_1125,0.000723755
image_1126,0.0016254222
image_1127,0.79513454
image_1128,0.00028148748
image_1129,0.00092288887
image_1130,0.00011228235
image_1131,0.7207025
image_1132,1.8575436e-06
image_1133,1.8072216e-06
image_1134,0.0007470028
image_1135,3.2228723e-05
image_1136,0.78596365
image_1137,2.0934037e-06
image_1138,0.00012595256
image_1139,0.0020443748
image_1140,0.025005378
image_1141,0.0050876634
image_1142,0.0009456725
image_1143,6.178697e-06
image_1144,0.027464574
image_1145,6.765733e-06
image_1146,0.00014359575
image_1147,0.9992684
image_1148,0.0026163794
image_1149,0.00019720645
image_1150,0.0039411075
image_1151,0.007472843
image_1152,0.00057669426
image_1153,0.0033674163
image_1154,0.00018014768
image_1155,0.009929931
image_1156,0.005503457
image_1157,4.3230615e-05
image_1158,0.11925355
image_1159,7.38749e-05
image_1160,0.77738
image_1161,0.037314232
image_1162,0.7488014
image_1163,0.00056846463
image_1164,0.79896724
image_1165,0.00017241012
image_1166,0.00015452786
image_1167,0.0069325212
image_1168,1.817694e-05
image_1169,0.94630617
image_1170,4.0106274e-06
image_1171,0.0025973183
image_1172,0.00013554783
image_1173,0.0010034681
image_1174,0.001597306
image_1175,0.00049228955
image_1176,0.018355154
image_1177,7.4881596e-06
image_1178,0.00017128157
image_1179,0.00061742484
image_1180,0.0027757226
image_1181,0.00028360405
image_1182,1.784e-07
image_1183,1.1404444e-05
image_1184,0.99186575
image_1185,0.075529516
image_1186,0.0033258095
image_1187,3.1834392e-05
image_1188,8.764074e-05
image_1189,7.2381426e-06
image_1190,0.00023042117
image_1191,0.011305872
image_1192,0.7712841
image_1193,0.10759917
image_1194,4.3632695e-05
image_1195,8.7625034e-07
image_1196,0.00045077802
image_1197,3.9311886e-05
image_1198,0.7808894
image_1199,0.0014607493
image_1200,0.00018168545
image_1201,0.00029928322
image_1202,0.02402344
image_1203,7.525393e-05
image_1204,0.9690056
image_1205,5.00283e-05
image_1206,1.2623054e-09
image_1207,0.003212933
image_1208,0.0015643815
image_1209,1.5136061e-05
image_1210,4.403061e-05
image_1211,0.9397894
image_1212,0.7687011
image_1213,0.00010080358
image_1214,3.964742e-05
image_1215,0.00043406815
image_1216,0.8555349
image_1217,1.1579304e-05
image_1218,0.5439389
image_1219,0.0007240081
image_1220,1.8869111e-06
image_1221,3.0368521e-06
image_1222,4.2232496e-06
image_1223,0.0009190326
image_1224,0.011136774
image_1225,0.061912995
image_1226,0.00023272134
image_1227,0.00013049475
image_1228,0.0051473416
image_1229,0.7930639
image_1230,7.974146e-05
image_1231,0.025008008
image_1232,0.00055347884
image_1233,0.01860479
image_1234,0.00013323638
image_1235,0.00044596224
image_1236,0.97736937
image_1237,0.005101722
image_1238,0.0005232646
image_1239,0.001862074
image_1240,0.99935687
image_1241,4.707012e-05
image_1242,0.85674
image_1243,0.9705957
image_1244,0.9558462
image_1245,0.008480592
image_1246,4.1404596e-06
image_1247,0.023083761
image_1248,0.0047113374
image_1249,0.0003982811
image_1250,0.07967612
image_1251,0.00012390225
image_1252,0.0009375746
image_1253,2.4882585e-05
image_1254,2.0980988e-05
image_1255,1.984938e-07
image_1256,0.22882152
image_1257,0.0004400575
image_1258,0.71282244
image_1259,0.0001085609
image_1260,0.009975316
image_1261,2.2576169e-06
image_1262,0.00673102
image_1263,1.00616e-05
image_1264,7.0447815e-05
image_1265,0.80785346
image_1266,3.451554e-07
image_1267,0.8799422
image_1268,0.00075191096
image_1269,0.09358015
image_1270,0.00024401891
image_1271,2.8157698e-05
image_1272,5.987555e-06
image_1273,0.00018247067
image_1274,0.0704526
image_1275,0.8402883
image_1276,0.001724646
image_1277,1.3247225e-07
image_1278,0.0011047742
image_1279,0.90056515
image_1280,0.827338
image_1281,2.0648226e-06
image_1282,2.618564e-05
image_1283,0.027385194
image_1284,0.00013329733
image_1285,0.00031914125
image_1286,0.002551046
image_1287,0.25474775
image_1288,5.9627523e-06
image_1289,9.494097e-05
image_1290,0.25752038
image_1291,0.2621495
image_1292,4.1893458e-07
image_1293,0.7974806
image_1294,0.9995999
image_1295,0.99870646
image_1296,0.00015044141
image_1297,5.029094e-05
image_1298,0.0024330232
image_1299,0.00071502326
image_1300,0.00286695
image_1301,0.0036188792
image_1302,3.101766e-05
image_1303,6.8536033e-06
image_1304,0.0036621643
image_1305,0.0025358903
image_1306,0.0008254427
image_1307,2.6025784e-06
image_1308,4.0678755e-05
image_1309,0.0016325009
image_1310,0.1776944
image_1311,1.7353235e-05
image_1312,4.308472e-05
image_1313,5.8965607e-06
image_1314,0.0021005182
image_1315,0.012119243
image_1316,1.7802651e-05
image_1317,3.1079758e-06
image_1318,0.010927099
image_1319,0.00027392962
image_1320,0.0013733269
image_1321,1.4959366e-05
image_1322,0.0031873449
image_1323,0.00034448822
image_1324,1.2709226e-05
image_1325,0.006431233
image_1326,0.0010360155
image_1327,0.885394
image_1328,0.000521537
image_1329,0.00036050857
image_1330,2.8243761e-05
image_1331,0.0423565
image_1332,0.94835293
image_1333,0.4408452
image_1334,0.15230672
image_1335,0.0042858236
image_1336,5.5845317e-07
image_1337,0.0018410659
image_1338,0.5796839
image_1339,0.02412666
image_1340,1.4770212e-06
image_1341,0.0029740527
image_1342,0.0004703985
image_1343,4.2792212e-07
image_1344,0.98529005
image_1345,0.051528394
image_1346,1.2254568e-05
image_1347,0.003729874
image_1348,0.017242245
image_1349,2.1029975e-05
image_1350,0.00081764255
image_1351,0.0007636811
image_1352,0.00014332603
image_1353,0.5340063
image_1354,0.008542192
image_1355,0.0010527554
image_1356,2.943495e-07
image_1357,0.83623964
image_1358,0.00030702277
image_1359,0.00016580615
image_1360,0.014547619
image_1361,0.008346153
image_1362,2.4390351e-06
image_1363,0.93873084
image_1364,0.00011926799
image_1365,0.00091321074
image_1366,0.0023353691
image_1367,0.003495533
image_1368,0.68014264
image_1369,0.0048444467
image_1370,8.979543e-06
image_1371,0.059759576
image_1372,0.00064504996
image_1373,0.00012981138
image_1374,5.678154e-07
image_1375,0.0002810902
image_1376,0.00019264579
image_1377,1.6382508e-06
image_1378,1.4018423e-06
image_1379,0.9026555
image_1380,7.179142e-08
image_1381,0.56800145
image_1382,0.0032683862
image_1383,0.0031547677
image_1384,0.80359316
image_1385,2.487437e-06
image_1386,0.0032679616
image_1387,0.00065515924
image_1388,2.4366254e-05
image_1389,1.7631335e-05
image_1390,3.8850736e-05
image_1391,0.0063261283
image_1392,3.5017918e-05
image_1393,0.17774017
image_1394,4.8359175e-06
image_1395,0.9974569
image_1396,0.00084392296
image_1397,3.510777e-07
image_1398,0.99569464
image_1399,1.0738384e-05
image_1400,0.93125606
image_1401,0.00036848587
image_1402,5.8931633e-05
image_1403,0.0009650886
image_1404,0.80257034
image_1405,0.0017806271
image_1406,0.826579
image_1407,0.000561292
image_1408,0.005718363
image_1409,0.0056805294
image_1410,1.8281196e-05
image_1411,5.247432e-06
image_1412,2.1179194e-05
image_1413,0.61376673
image_1414,7.294362e-08
image_1415,0.0031946334
image_1416,0.004809919
image_1417,0.75558954
image_1418,0.00072995375
image_1419,1.2169717e-06
image_1420,0.17074801
image_1421,0.0016264404
image_1422,0.000521147
image_1423,0.00010672913
image_1424,0.0014480705
image_1425,1.3298584e-05
image_1426,0.00060917437
image_1427,0.98190874
image_1428,0.0003329074
image_1429,2.2957689e-05
image_1430,0.8503762
image_1431,0.0068384116
image_1432,3.835222e-05
image_1433,0.00018215175
image_1434,0.0054104812
image_1435,0.07630549
image_1436,3.6619138e-05
image_1437,9.732776e-05
image_1438,0.7384006
image_1439,2.6033422e-07
image_1440,0.00027418404
image_1441,0.00025774518
image_1442,5.807812e-06
image_1443,3.390514e-09
image_1444,2.3778636e-08
image_1445,5.4265725e-05
image_1446,1.6522405e-05
image_1447,0.00017158051
image_1448,0.008594394
image_1449,0.006606525
image_1450,0.017411862
image_1451,1.5987387e-06
image_1452,7.715802e-06
image_1453,0.0022497687
image_1454,0.033682495
image_1455,0.06030286
image_1456,5.0862185e-05
image_1457,8.626006e-06
image_1458,0.00063038827
image_1459,0.05828896
image_1460,5.776152e-05
image_1461,0.00073842535
image_1462,0.0047193463
image_1463,4.148195e-05
image_1464,0.12615876
image_1465,0.00012578275
image_1466,4.441884e-09
image_1467,4.8128237e-07
image_1468,0.87647855
image_1469,0.000240416
image_1470,0.00040172794
image_1471,0.5702194
image_1472,1.5637662e-08
image_1473,0.009776844
image_1474,0.008308584
image_1475,0.94636697
image_1476,0.00031385
image_1477,0.99794805
image_1478,0.00623319
image_1479,0.004871818
image_1480,5.6763544e-10
image_1481,0.0006628079
image_1482,0.032351267
image_1483,4.296714e-05
image_1484,0.00010541261
image_1485,0.98943734
image_1486,0.00021916407
image_1487,0.9467052
image_1488,0.008957747
image_1489,2.0110021e-05
image_1490,0.00013365614
image_1491,0.99289644
image_1492,0.009868739
image_1493,0.00043731424
image_1494,0.032931656
image_1495,0.000246223
image_1496,0.004126284
image_1497,0.0050328844
image_1498,4.6469777e-06
image_1499,0.77141625
image_1500,0.028640676
image_1501,0.7747552
image_1502,0.54508007
image_1503,3.845702e-06
image_1504,9.819465e-08
image_1505,0.0036666715
image_1506,7.452435e-06
image_1507,9.003996e-05
image_1508,0.00050959387
image_1509,0.7965449
image_1510,0.20094131
image_1511,3.3640538e-06
image_1512,0.0027489387
image_1513,0.00024062276
image_1514,0.06328562
image_1515,3.808749e-05
image_1516,0.00021778271
image_1517,1.5498586e-05
image_1518,1.6137918e-05
image_1519,4.6013327e-05
image_1520,0.00036713787
image_1521,0.00013415862
image_1522,2.4674047e-05
image_1523,0.00015932383
image_1524,0.7972218
image_1525,0.0064873355
image_1526,9.739424e-07
image_1527,1.497341e-05
image_1528,0.009034721
image_1529,0.0012539942
image_1530,0.9979872
image_1531,0.0019666143
image_1532,0.011572069
image_1533,1.587834e-07
image_1534,9.0606466e-07
image_1535,0.0029933802
image_1536,2.2946278e-06
image_1537,5.5532506e-05
image_1538,7.8933937e-07
image_1539,2.9534694e-06
image_1540,0.00026889774
image_1541,0.056150727
image_1542,0.00095652556
image_1543,0.00029436607
image_1544,0.00041180523
image_1545,0.00011830806
image_1546,0.0073303333
image_1547,0.06276304
image_1548,0.0035646344
image_1549,0.00010477443
image_1550,4.441511e-09
image_1551,0.02900309
image_1552,0.00029305374
image_1553,0.0066785347
image_1554,0.0076403236
image_1555,0.99138355
image_1556,4.6427488e-07
image_1557,0.0024655946
image_1558,0.92382026
image_1559,0.9691261
image_1560,0.002560257
image_1561,0.00049396494
image_1562,0.0005537523
image_1563,0.00016307808
image_1564,0.974862
image_1565,0.015205232
image_1566,0.0010671252
image_1567,0.8758106
image_1568,0.8145867
image_1569,0.000799164
image_1570,0.00018597659
image_1571,1.3936397e-08
image_1572,0.9987509
image_1573,0.0049923877
image_1574,0.00027959066
image_1575,0.001694036
image_1576,0.0012097163
image_1577,0.028917935
image_1578,0.0016023632
image_1579,1.8834556e-06
image_1580,9.878794e-05
image_1581,1.419066e-05
image_1582,4.6996964e-05
image_1583,3.0129818e-06
image_1584,0.00075666467
image_1585,0.0003686472
image_1586,0.0021052652
image_1587,0.029729959
image_1588,3.2499167e-07
image_1589,0.0101386495
image_1590,0.91648805
image_1591,0.0013067852
image_1592,0.025595663
image_1593,4.4320743e-05
image_1594,0.003380555
image_1595,0.00029824467
image_1596,3.444041e-05
image_1597,0.0019092734
image_1598,1.5911259e-05
image_1599,0.0023428681
image_1600,0.17609927
image_1601,6.250731e-07
image_1602,0.98822606
image_1603,0.0012621579
image_1604,0.0047274907
image_1605,6.8387217e-06
image_1606,0.7797438
image_1607,0.007352659
image_1608,1.7170722e-05
image_1609,0.76115876
image_1610,0.004059404
image_1611,0.00025964514
image_1612,0.0016252077
image_1613,0.006633699
image_1614,1.3558985e-05
image_1615,2.0390937e-06
image_1616,1.2747283e-08
image_1617,0.0014331595
image_1618,0.00026960872
image_1619,8.104187e-06
image_1620,0.001793825
image_1621,1.8759893e-05
image_1622,6.3131185e-05
image_1623,0.00021805396
image_1624,0.003389703
image_1625,0.001532795
image_1626,0.9999212
image_1627,1.3854385e-05
image_1628,6.8164827e-06
image_1629,0.0014505831
image_1630,0.013245812
image_1631,0.00019492449
image_1632,0.00016454906
image_1633,0.11637963
image_1634,5.9406775e-06
image_1635,0.8272714
image_1636,0.00037570306
image_1637,4.607442e-06
image_1638,1.5210168e-07
image_1639,0.0051006954
image_1640,1.2424698e-05
image_1641,5.018122e-06
image_1642,0.00016582033
image_1643,0.00048391757
image_1644,0.00026236437
image_1645,0.001733562
image_1646,3.223478e-06
image_1647,0.9999935
image_1648,0.0015322324
image_1649,1.1528287e-05
image_1650,4.6659466e-07
image_1651,2.8566337e-05
image_1652,0.061019044
image_1653,0.009337058
image_1654,7.306735e-05
image_1655,0.017996438
image_1656,0.00011927288
image_1657,0.023421058
image_1658,0.0026921728
image_1659,0.011890352
image_1660,0.0003628811
image_1661,1.8516625e-05
image_1662,0.0002167278
image_1663,0.0008320518
image_1664,3.9047012e-07
image_1665,0.0018592146
image_1666,5.802734e-06
image_1667,0.001306114
image_1668,1.7902672e-05
image_1669,9.3916947e-07
image_1670,0.00032116525
image_1671,0.0009193109
image_1672,2.0243428e-05
image_1673,0.7444047
image_1674,1.2718214e-06
image_1675,0.00073529535
image_1676,0.00019242422
image_1677,0.18275192
image_1678,0.83896255
image_1679,0.0010913808
image_1680,0.014888583
image_1681,0.006672781
image_1682,0.00032804866
image_1683,0.00019494271
image_1684,0.017392898
image_1685,0.0048541613
image_1686,4.4464432e-05
image_1687,5.247494e-05
image_1688,0.010164003
image_1689,0.00027530928
image_1690,0.0002900901
image_1691,0.00044903468
image_1692,0.89307487
image_1693,0.0013697316
image_1694,1.374389e-07
image_1695,0.0014196928
image_1696,0.26513934
image_1697,6.7526846e-05
image_1698,0.0013073694
image_1699,0.00044407006
image_1700,6.938446e-07
image_1701,0.037810482
image_1702,0.0001546253
image_1703,0.0007493376
image_1704,0.078952625
image_1705,0.35221344
image_1706,0.021166135
image_1707,0.19135489
image_1708,0.0023342092
image_1709,0.90366334
image_1710,0.029966548
image_1711,1.957077e-06
image_1712,0.00028423895
image_1713,5.9905142e-05
image_1714,0.00034210793
image_1715,3.8340208e-05
image_1716,0.0013904688
image_1717,0.8781799
image_1718,0.0003357514
image_1719,0.049566567
image_1720,0.00075135723
image_1721,5.539314e-06
image_1722,0.001613933
image_1723,0.9962963
image_1724,1.9929781e-05
image_1725,0.0072921272
image_1726,0.99998635
image_1727,0.0008836129
image_1728,6.809656e-05
image_1729,6.246808e-06
image_1730,0.006028129
image_1731,0.00084857387
image_1732,0.00078975566
image_1733,8.97197e-05
image_1734,1.0451282e-06
image_1735,0.0073802033
image_1736,0.706509
image_1737,0.99985266
image_1738,1.5290623e-06
image_1739,0.0019919965
image_1740,0.007311618
image_1741,3.0675992e-06
image_1742,0.873173
image_1743,0.7140744
image_1744,1.2803572e-05
image_1745,0.00047003926
image_1746,0.00017451224
image_1747,6.7724586e-09
image_1748,0.12525937
image_1749,0.0011342485
image_1750,0.01996943
image_1751,0.00012919295
image_1752,0.00033824847
image_1753,0.9274613
image_1754,8.565502e-08
image_1755,0.7958329
image_1756,0.77768564
image_1757,0.0003050496
image_1758,0.0035184438
image_1759,9.94977e-06
image_1760,7.262048e-08
image_1761,6.491186e-05
image_1762,0.00010019503
image_1763,1.5642614e-05
image_1764,0.033828296
image_1765,0.0009192942
image_1766,0.0037669037
image_1767,3.4697007e-07
image_1768,4.1509546e-05
image_1769,0.05850276
image_1770,0.0020873658
image_1771,2.1468077e-05
image_1772,0.008872994
image_1773,0.0003289999
image_1774,4.595391e-05
image_1775,0.00029436423
image_1776,0.001549226
image_1777,0.9991766
image_1778,0.19602178
image_1779,0.00072814507
image_1780,4.995382e-07
image_1781,2.7052551e-09
image_1782,0.0058762264
image_1783,0.0775671
image_1784,0.6533276
image_1785,2.3248087e-07
image_1786,0.0034145785
image_1787,6.407325e-05
image_1788,0.0039223707
image_1789,2.1265114e-09
image_1790,0.008538999
image_1791,0.78208256
image_1792,5.3102835e-06
image_1793,5.118887e-06
image_1794,1.2729994e-05
image_1795,0.00051999267
image_1796,3.2001357e-05
image_1797,0.00042443568
image_1798,1.6296566e-05
image_1799,0.000101875106
image_1800,5.9237118e-05
image_1801,0.0007379027
image_1802,3.2828411e-06
image_1803,1.7995779e-05
image_1804,0.22504658
image_1805,1.2241965e-06
image_1806,0.001998159
image_1807,0.0037367842
image_1808,5.0483586e-06
image_1809,0.008031289
image_1810,0.0012995646
image_1811,5.783369e-05
image_1812,0.0135641005
image_1813,9.454438e-05
image_1814,1.590022e-05
image_1815,2.79408e-05
image_1816,0.002886152
image_1817,0.8085265
image_1818,0.99690247
image_1819,0.0030431417
image_1820,0.0030279418
image_1821,1.7261818e-06
image_1822,0.7576625
image_1823,0.033042677
image_1824,0.00026213797
image_1825,1.0870863e-05
image_1826,9.189029e-05
image_1827,0.0032919252
image_1828,0.05993919
image_1829,2.3292074e-08
image_1830,0.0004063825
image_1831,0.8057033
image_1832,0.1970894
image_1833,0.00019423103
image_1834,0.9920328
image_1835,0.000108770735
image_1836,0.000104225925
image_1837,0.0008142597
image_1838,1.4032207e-07
image_1839,0.019173853
image_1840,0.0022291807
image_1841,6.366987e-05
image_1842,0.0010369497
image_1843,0.00042002142
image_1844,2.8942238e-06
image_1845,4.3792876e-05
image_1846,5.9616134e-05
image_1847,0.00018021624
image_1848,1.4383507e-05
image_1849,1.3396709e-06
image_1850,0.054321107
image_1851,0.0047987024
image_1852,0.00018911908
image_1853,5.488656e-05
image_1854,0.00019677356
image_1855,0.0020995499
image_1856,1.7856117e-05
image_1857,4.2222975e-05
image_1858,1.0470758e-06
image_1859,0.0026209815
image_1860,0.00082209735
image_1861,0.00015400106
image_1862,9.414772e-05
image_1863,0.0018787102
image_1864,0.008836333
image_1865,3.8672297e-06
image_1866,0.0022257825
image_1867,0.0005474067
image_1868,0.99730724
image_1869,1.3831077e-06
image_1870,0.00021647103
image_1871,0.90619797
image_1872,0.011596926
image_1873,0.17161918
image_1874,4.2014377e-05
image_1875,0.0031293542
image_1876,3.170773e-05
image_1877,0.00013295226
image_1878,1.7278543e-06
image_1879,0.00039195502
image_1880,1.3592991e-05
image_1881,0.061421633
image_1882,5.9566155e-06
image_1883,2.3398286e-05
image_1884,1.23177615e-05
image_1885,0.00017391084
image_1886,5.5454766e-06
image_1887,0.005734671
image_1888,9.651713e-08
image_1889,0.0002477642
image_1890,0.95357466
image_1891,0.023160301
image_1892,0.005846994
image_1893,0.09097075
image_1894,0.00023012815
image_1895,4.6923146e-06
image_1896,0.80587643
image_1897,0.01208646
image_1898,0.047151204
image_1899,0.0014330293
image_1900,0.0027353677
image_1901,0.0024566452
image_1902,1.5202153e-05
image_1903,0.0013205217
image_1904,2.0941887e-05
image_1905,0.9903147
image_1906,0.0018059331
image_1907,0.003830849
image_1908,1.1413407e-06
image_1909,0.7967788
image_1910,5.1850846e-05
image_1911,0.007601347
image_1912,0.00010264824
image_1913,4.5563873e-08
image_1914,0.0035454084
image_1915,0.8233184
image_1916,1.1504301e-07
image_1917,6.4311075e-06
image_1918,0.03042001
image_1919,0.0005642449
image_1920,0.0021672556
image_1921,8.8182715e-05
image_1922,0.017042935
image_1923,0.9982038
image_1924,4.433168e-08
image_1925,0.9901635
image_1926,0.9938602
image_1927,0.00020966445
image_1928,5.232233e-07
image_1929,0.9972388
image_1930,0.0004499216
image_1931,0.7938802
image_1932,0.008959524
image_1933,0.7757329
image_1934,0.0017448376
image_1935,0.020402495
image_1936,0.21825327
image_1937,0.0073608328
image_1938,3.307601e-05
image_1939,5.162033e-07
image_1940,0.018698722
image_1941,0.058400787
image_1942,0.57407844
image_1943,0.00016295326
image_1944,0.8610384
image_1945,2.442417e-07
image_1946,0.0045352774
image_1947,0.00011143899
image_1948,0.002053215
image_1949,0.02388623
image_1950,1.9320437e-06
image_1951,0.0015249349
image_1952,7.410986e-06
image_1953,0.5644928
image_1954,0.0006114776
image_1955,0.9783026
image_1956,0.00049721805
image_1957,0.9927032
image_1958,0.0020358851
image_1959,1.4739888e-07
image_1960,0.007954586
image_1961,1.975743e-05
image_1962,0.6985676
image_1963,0.0011103295
image_1964,2.5909143e-05
image_1965,5.0078488e-05
image_1966,0.018017355
image_1967,0.9966712
image_1968,0.000625266
image_1969,5.0485694e-05
image_1970,0.00039025105
image_1971,0.00038592535
image_1972,0.00012390429
image_1973,0.00023629153
image_1974,0.00360914
image_1975,0.36221695
image_1976,0.0020211034
image_1977,0.01280498
image_1978,2.1572192e-05
image_1979,0.001188582
image_1980,1.1000176e-05
image_1981,9.9843746e-08
image_1982,0.00035864167
image_1983,0.98353297
image_1984,0.0026204619
image_1985,0.00039260212
image_1986,2.2840182e-05
image_1987,0.07511144
image_1988,9.210006e-05
image_1989,0.0006687304
image_1990,0.98619485
image_1991,3.4678703e-07
image_1992,0.00016954835
image_1993,0.009483296
image_1994,0.97337276
image_1995,3.0527972e-05
image_1996,9.2780174e-05
image_1997,0.007050471
image_1998,0.010096135
image_1999,0.01320743
image_2000,0.0020604702
image_2001,0.001260267
image_2002,2.0089144e-09
image_2003,0.00025709794
image_2004,6.0647443e-07
image_2005,3.0677184e-05
image_2006,0.00407472
image_2007,0.031894233
image_2008,0.011870403
image_2009,5.541372e-05
image_2010,0.0010441451
image_2011,0.0066763633
image_2012,1.7818842e-05
image_2013,0.0003723184
image_2014,4.8287725e-06
image_2015,0.031820953
image_2016,2.1805413e-06
image_2017,2.727769e-07
image_2018,0.00030931568
image_2019,0.0020084823
image_2020,7.755525e-06
image_2021,7.2857096e-05
image_2022,0.040672567
image_2023,0.0020209127
image_2024,0.0027552783
image_2025,0.0018335773
image_2026,4.098317e-06
image_2027,0.0015162926
image_2028,0.12231383
image_2029,6.9126995e-06
image_2030,0.0017684037
image_2031,0.09017016
image_2032,0.0009773824
image_2033,0.0001300571
image_2034,0.0030721352
image_2035,0.00035038532
image_2036,0.00013075539
image_2037,0.00035417062
image_2038,8.591534e-06
image_2039,7.965332e-06
image_2040,0.000115040515
image_2041,0.1182363
image_2042,0.0016518111
image_2043,0.005499297
image_2044,0.00034605787
image_2045,0.9639392
image_2046,0.0026046566
image_2047,0.78011215
image_2048,3.032044e-05
image_2049,4.5311797e-05
image_2050,0.00029516086
image_2051,0.0003195546
image_2052,0.0033090587
image_2053,0.18424699
image_2054,0.00037466327
image_2055,0.0005087579
image_2056,0.8345828
image_2057,2.319717e-06
image_2058,6.374281e-05
image_2059,0.79152715
image_2060,0.004880804
image_2061,0.008284954
image_2062,0.0009230654
image_2063,0.028589875
image_2064,3.7682126e-05
image_2065,0.98144776
image_2066,6.780316e-05
image_2067,0.043390024
image_2068,0.0016159365
image_2069,0.008845849
image_2070,0.049065694
image_2071,0.0007802712
image_2072,7.2636176e-05
image_2073,0.0005994947
image_2074,0.00067681575
image_2075,0.0002485233
image_2076,0.00014326841
image_2077,5.5467444e-06
image_2078,3.818654e-07
image_2079,0.056698173
image_2080,0.00071613677
image_2081,0.0006408632
image_2082,0.005232527
image_2083,0.00081685
image_2084,0.0003644764
image_2085,5.3491523e-05
image_2086,4.058123e-05
image_2087,0.1152495
image_2088,0.005662202
image_2089,2.4803383e-05
image_2090,0.9967734
image_2091,0.8961114
image_2092,3.4692482e-06
image_2093,0.0017307942
image_2094,6.4290085e-05
image_2095,0.0018079458
image_2096,0.0010162073
image_2097,0.00010661594
image_2098,0.03306888
image_2099,0.0018674625
image_2100,0.023392618
image_2101,0.18000524
image_2102,0.00015015049
image_2103,0.00015619132
image_2104,2.106815e-05
image_2105,0.101130985
image_2106,0.003543445
image_2107,0.00017150423
image_2108,1.7530222e-06
image_2109,0.000108159686
image_2110,0.0005982634
image_2111,2.1585456e-07
image_2112,0.01751557
image_2113,0.018259067
image_2114,9.169959e-07
image_2115,0.0001198573
image_2116,0.0013844578
image_2117,0.9476845
image_2118,0.99754596
image_2119,0.831404
image_2120,0.00042837788
image_2121,0.00057161856
image_2122,0.0013042791
image_2123,0.99091434
image_2124,0.99757504
image_2125,0.00020070506
image_2126,0.0008378909
image_2127,3.0976828e-06
image_2128,7.959459e-07
image_2129,0.16246438
image_2130,0.0034003735
image_2131,1.1781347e-06
image_2132,1.3957933e-05
image_2133,0.0013237544
image_2134,0.0004995602
image_2135,0.0018107726
image_2136,0.99530655
image_2137,2.9292769e-05
image_2138,1.6858493e-06
image_2139,0.0011444719
image_2140,0.7064173
image_2141,0.00014303415
image_2142,0.9487313
image_2143,0.00016831383
image_2144,0.7995117
image_2145,7.557212e-06
image_2146,1.3067169e-05
image_2147,0.0061100656
image_2148,6.80181e-05
image_2149,0.0010735308
image_2150,3.8460826e-06
image_2151,0.00033616758
image_2152,0.00010658107
image_2153,0.20619571
image_2154,0.00068884116
image_2155,0.98792666
image_2156,0.0011970646
image_2157,1.3213514e-05
image_2158,1.9729841e-06
image_2159,9.716574e-05
image_2160,3.1732418e-07
image_2161,0.0013675083
image_2162,8.3252835e-06
image_2163,0.0011670495
image_2164,5.3713098e-05
image_2165,2.8153027e-05
image_2166,0.7169914
image_2167,0.0025204588
image_2168,1.2779593e-05
image_2169,0.005420815
image_2170,9.5286e-06
image_2171,0.83260846
image_2172,0.0007790397
image_2173,0.005978472
image_2174,0.00014063306
image_2175,0.00063371786
image_2176,0.0003826921
image_2177,0.06468401
image_2178,0.0002525157
image_2179,1.9540827e-05
image_2180,0.0013749759
image_2181,0.00015813339
image_2182,0.00017337751
image_2183,0.2219813
image_2184,1.7029088e-05
image_2185,0.0010439736
image_2186,2.0723965e-05
image_2187,0.0144050885
image_2188,7.4660784e-06
image_2189,0.00953077
image_2190,0.00072796794
image_2191,0.99451494
image_2192,2.148102e-05
image_2193,0.013623071
image_2194,5.865687e-05
image_2195,0.0026547266
image_2196,0.00011897796
image_2197,0.00010007935
image_2198,0.0024091767
image_2199,0.9984057
image_2200,0.78018486
image_2201,0.81876814
image_2202,7.1022896e-06
image_2203,0.00020559317
image_2204,0.0018154663
image_2205,5.6654567e-06
image_2206,0.0007112111
image_2207,0.022264382
image_2208,0.0006346266
image_2209,4.2190724e-05
image_2210,0.74808216
image_2211,0.7893436
image_2212,3.1290033e-06
image_2213,0.00016812075
image_2214,0.0009145865
image_2215,4.137167e-05
image_2216,0.028826948
image_2217,0.00017030728
image_2218,3.6403664e-05
image_2219,4.518464e-07
image_2220,0.762538
image_2221,0.38984072
image_2222,0.9943687
image_2223,2.8777402e-05
image_2224,8.102382e-06
image_2225,0.0031317146
image_2226,3.940652e-05
image_2227,0.00067710294
image_2228,0.006167809
image_2229,0.107362814
image_2230,0.0043342276
image_2231,0.0034794402
image_2232,1.2277296e-05
image_2233,0.0001727918
image_2234,0.032386567
image_2235,1.3373563e-07
image_2236,0.00095547974
image_2237,0.00012282055
image_2238,0.0027255726
image_2239,0.023359071
image_2240,3.212932e-06
image_2241,0.94908226
image_2242,0.00036348516
image_2243,6.56582e-05
image_2244,2.9432542e-05
image_2245,0.001173503
image_2246,0.00061367743
image_2247,5.462331e-07
image_2248,0.9235387
image_2249,0.995363
image_2250,3.4968098e-06
image_2251,0.0041737873
image_2252,0.00010827966
image_2253,0.19519058
image_2254,0.00019096045
image_2255,0.00042064112
image_2256,0.00038060115
image_2257,1.0682026e-06
image_2258,0.00444316
image_2259,0.8107573
image_2260,7.902839e-07
image_2261,6.0374296e-05
image_2262,0.009299817
image_2263,0.9953784
image_2264,1.5892458e-05
image_2265,0.0042688455
image_2266,1.72076e-05
image_2267,0.98306274
image_2268,6.757115e-05
image_2269,0.018601947
image_2270,0.00023484949
image_2271,0.7634615
image_2272,0.08374901
image_2273,0.004347337
image_2274,0.053485356
image_2275,0.00015943393
image_2276,9.137479e-07
image_2277,6.0923226e-06
image_2278,8.5067266e-05
image_2279,0.000753677
image_2280,3.926573e-05
image_2281,0.00062478316
image_2282,0.00030050878
image_2283,1.00881905e-07
image_2284,0.60807216
image_2285,0.7930979
image_2286,0.00057777925
image_2287,0.001068805
image_2288,0.9982749
image_2289,0.19940577
image_2290,0.00018532877
image_2291,0.5878272
image_2292,0.99048686
image_2293,0.064769074
image_2294,0.001406689
image_2295,0.0008251417
image_2296,0.79704577
image_2297,0.00023889195
image_2298,0.006329241
image_2299,9.1379394e-07
image_2300,0.0030101535
image_2301,0.00023497014
image_2302,0.98047113
image_2303,3.210578e-08
image_2304,6.962478e-06
image_2305,0.0014647567
image_2306,0.00043161615
image_2307,0.0064038606
image_2308,0.0030259604
image_2309,0.99812883
image_2310,0.007958531
image_2311,0.0017233146
image_2312,0.024528757
image_2313,0.0007027552
image_2314,0.00062275946
image_2315,0.0008564027
image_2316,6.759055e-07
image_2317,0.15596786
image_2318,0.0015511701
image_2319,0.0034621614
image_2320,0.001858131
image_2321,0.0005558854
image_2322,0.9997356
image_2323,0.007780863
image_2324,8.556475e-07
image_2325,0.00363322
image_2326,0.017098377
image_2327,0.99828655
image_2328,2.8727406e-08
image_2329,0.042664424
image_2330,3.5999845e-05
image_2331,1.6287544e-07
image_2332,7.5420894e-07
image_2333,0.20067996
image_2334,0.016272428
image_2335,0.016061582
image_2336,0.00058866374
image_2337,0.0033378236
image_2338,0.000872795
image_2339,9.453905e-07
image_2340,1.4014894e-08
image_2341,0.0070043555
image_2342,2.5393956e-05
image_2343,3.383356e-08
image_2344,2.4859564e-06
image_2345,0.9964847
image_2346,5.6553574e-11
image_2347,6.6441244e-05
image_2348,7.809927e-06
image_2349,1.8572111e-05
image_2350,0.00013447349
image_2351,0.00012043588
image_2352,0.00028126707
image_2353,0.0064482642
image_2354,2.891882e-05
image_2355,9.032771e-05
image_2356,1.0827093e-09
image_2357,0.0007498585
image_2358,0.9783022
image_2359,1.0379422e-07
image_2360,0.03474842
image_2361,0.1864077
image_2362,9.066566e-06
image_2363,0.553221
image_2364,0.00060560537
image_2365,0.5237628
image_2366,6.933292e-05
image_2367,0.0006078986
image_2368,0.00057066424
image_2369,0.69328517
image_2370,5.4024267e-06
image_2371,0.00067845825
image_2372,0.009772197
image_2373,1.0775269e-05
image_2374,0.0012625692
image_2375,0.001651122
image_2376,0.0006384336
image_2377,0.0008326146
image_2378,0.00021340842
image_2379,0.034645826
image_2380,0.00012246038
image_2381,0.0004556087
image_2382,2.3587722e-06
image_2383,0.21674684
image_2384,0.98774004
image_2385,0.008365195
image_2386,0.7837781
image_2387,0.004586024
image_2388,0.0039164936
image_2389,1.5304734e-06
image_2390,7.6579425e-07
image_2391,0.010933623
image_2392,0.00011798239
image_2393,1.9167159e-05
image_2394,6.70777e-05
image_2395,0.0045595444
image_2396,0.8674391
image_2397,0.8587147
image_2398,9.929948e-05
image_2399,0.6743689
image_2400,0.0015678137
image_2401,1.2535159e-07
image_2402,6.096188e-06
image_2403,0.0007099934
image_2404,7.064134e-05
image_2405,0.6723058
image_2406,0.8017484
image_2407,0.9952484
image_2408,0.040154137
image_2409,0.0005981384
image_2410,0.0067307646
image_2411,0.0005760625
image_2412,2.2604361e-05
image_2413,1.2335151e-05
image_2414,4.7671907e-05
image_2415,4.0510586e-06
image_2416,0.004128404
image_2417,0.9731164
image_2418,0.00059540477
image_2419,0.995034
image_2420,2.8555928e-06
image_2421,0.55825543
image_2422,4.0461162e-11
image_2423,9.225063e-06
image_2424,0.85421455
image_2425,1.5310457e-06
image_2426,0.00522718
image_2427,4.76505e-06
image_2428,0.9975952
image_2429,0.0036497945
image_2430,0.00012665374
image_2431,0.86292136
image_2432,0.0018951544
image_2433,0.0046194443
image_2434,0.0019784286
image_2435,1.00228e-06
image_2436,4.4514493e-08
image_2437,8.008111e-05
image_2438,4.1297383e-08
image_2439,0.013414819
image_2440,7.43324e-06
image_2441,0.0007121527
image_2442,2.6696996e-06
image_2443,9.6068106e-05
image_2444,0.00085305225
image_2445,0.00034008347
image_2446,0.011224876
image_2447,0.16971526
image_2448,1.0300475e-05
image_2449,0.0001406856
image_2450,0.0010626859
image_2451,1.9684576e-05
image_2452,0.00014291955
image_2453,0.00043542433
image_2454,0.99267006
image_2455,4.0665563e-07
image_2456,9.967889e-07
image_2457,0.00013035914
image_2458,0.70753
image_2459,0.07892679
image_2460,0.79333407
image_2461,0.004672185
image_2462,4.9743932e-05
image_2463,4.70643e-05
image_2464,8.547432e-10
image_2465,0.741892
image_2466,4.36244e-05
image_2467,0.004708632
image_2468,0.00021370401
image_2469,1.45364e-06
image_2470,0.0010265568
image_2471,0.00028001305
image_2472,0.0062642777
image_2473,0.5858139
image_2474,0.0028057438
image_2475,2.7743316e-05
image_2476,0.0003231141
image_2477,0.0019100731
image_2478,4.0684205e-05
image_2479,3.5034038e-05
image_2480,0.79670644
image_2481,0.00012834389
image_2482,9.16899e-07
image_2483,7.4367315e-05
image_2484,0.00030914124
image_2485,0.016170107
image_2486,0.0020290734
image_2487,1.5645572e-05
image_2488,0.00011274109
image_2489,0.020652963
image_2490,0.0013253046
image_2491,0.14429015
image_2492,0.004026666
image_2493,0.0007246635
image_2494,0.0038867593
image_2495,0.0014125484
image_2496,5.344979e-08
image_2497,0.0052945632
image_2498,2.47597e-05
image_2499,0.99963415
image_2500,0.00012451698
image_2501,0.00010740765
image_2502,0.00086418295
image_2503,9.561698e-06
image_2504,7.2035164e-07
image_2505,0.0059369523
image_2506,0.00054064905
image_2507,0.001542575
image_2508,0.8907715
image_2509,2.9589079e-05
image_2510,1.8785773e-06
image_2511,0.00981803
image_2512,0.0027313232
image_2513,0.0008847596
image_2514,0.00079520274
image_2515,1.1105043e-05
image_2516,0.00020697908
image_2517,0.9547063
image_2518,4.728121e-05
image_2519,0.0003908213
image_2520,1.5783902e-05
image_2521,0.00061449927
image_2522,7.21953e-06
image_2523,4.9443165e-06
image_2524,0.0043162093
image_2525,1.7427938e-06
image_2526,6.05478e-09
image_2527,1.0135162e-05
image_2528,0.00097471906
image_2529,0.00012440201
image_2530,7.1935924e-06
image_2531,0.00083603844
image_2532,0.0010920302
image_2533,0.00012290341
image_2534,0.9988222
image_2535,0.99248993
image_2536,1.9580004e-06
image_2537,0.0007304179
image_2538,0.0030881895
image_2539,7.0155224e-08
image_2540,0.0017624316
image_2541,0.0025598265
image_2542,0.00024096335
image_2543,0.7364867
image_2544,0.7801161
image_2545,5.4000384e-06
image_2546,0.6177297
image_2547,1.1679855e-05
image_2548,0.96597075
image_2549,7.8927995e-05
image_2550,0.0008573049
image_2551,3.9192302e-05
image_2552,0.0007110905
image_2553,0.069538034
image_2554,0.7857918
image_2555,0.08669533
image_2556,0.0011117173
image_2557,0.00027481024
image_2558,0.72547674
image_2559,0.0007101869
image_2560,1.5335525e-05
image_2561,9.45644e-07
image_2562,0.0011159377
image_2563,0.97589636
image_2564,0.88853157
image_2565,0.0031442132
image_2566,6.2720275e-05
image_2567,0.98644716
image_2568,0.03870755
image_2569,0.61351264
image_2570,0.0015105929
image_2571,0.0047672037
image_2572,0.018075079
image_2573,0.0010693186
image_2574,0.01322591
image_2575,4.8243674e-06
image_2576,0.0026803145
image_2577,7.954972e-05
image_2578,1.84908e-08
image_2579,2.6148784e-05
image_2580,8.018153e-06
image_2581,1.4894001e-06
image_2582,0.00080632686
image_2583,0.00059588416
image_2584,0.0007438104
image_2585,0.796685
image_2586,3.9404262e-07
image_2587,0.7645994
image_2588,0.0012871227
image_2589,2.1646927e-06
image_2590,0.027702855
image_2591,3.322332e-05
image_2592,0.0006930856
image_2593,9.2705355e-05
image_2594,0.049467847
image_2595,0.0006116334
image_2596,0.058398217
image_2597,0.002828579
image_2598,1.0016768e-06
image_2599,0.0003936323
image_2600,0.0017835745
image_2601,0.0057296213
image_2602,2.3951598e-05
image_2603,0.9671775
image_2604,0.022618335
image_2605,0.9459357
image_2606,8.0008133e-10
image_2607,0.00019056717
image_2608,0.0078385025
image_2609,0.1579389
image_2610,0.00038370964
image_2611,2.5220575e-07
image_2612,0.0041197436
image_2613,9.675405e-07
image_2614,0.00074502005
image_2615,0.00040165012
image_2616,0.0015370753
image_2617,0.002639669
image_2618,0.99604523
image_2619,7.4063464e-06
image_2620,0.0014630726
image_2621,9.016363e-06
image_2622,0.00081588095
image_2623,0.1255363
image_2624,0.95337546
image_2625,0.99914265
image_2626,4.136761e-06
image_2627,3.1890809e-06
image_2628,0.9958316
image_2629,8.6650857e-07
image_2630,0.0010605338
image_2631,0.005400052
image_2632,0.0008833181
image_2633,0.09107283
image_2634,3.091113e-07
image_2635,0.00015685588
image_2636,0.05726943
image_2637,1.9092937e-07
image_2638,8.964044e-08
image_2639,0.0034686557
image_2640,0.00022554735
image_2641,0.85613704
image_2642,4.7341156e-05
image_2643,2.1574626e-06
image_2644,4.2554484e-06
image_2645,2.4807216e-05
image_2646,0.015574587
image_2647,0.00394129
image_2648,7.090438e-05
image_2649,0.0070493524
image_2650,0.0059082904
image_2651,0.010194216
image_2652,0.0027130386
image_2653,6.778873e-06
image_2654,6.981174e-06
image_2655,0.032077134
image_2656,0.006521368
image_2657,0.0055055786
image_2658,0.00018442981
image_2659,0.9999651
image_2660,6.385401e-05
image_2661,8.681837e-05
image_2662,0.0054719434
image_2663,0.013471462
image_2664,0.0006257247
image_2665,2.66424e-05
image_2666,0.0036162548
image_2667,0.0014151599
image_2668,9.739438e-10
image_2669,6.849509e-06
image_2670,0.0015528171
image_2671,4.293992e-06
image_2672,0.77145576
image_2673,2.222167e-05
image_2674,1.52014745e-05
image_2675,3.6937224e-06
image_2676,0.00089204934
image_2677,7.9267236e-05
image_2678,0.0001994548
image_2679,1.8464449e-05
image_2680,1.4932298e-05
image_2681,0.009088321
image_2682,0.0024193937
image_2683,5.7398056e-06
image_2684,1.7602963e-06
image_2685,0.9907911
image_2686,7.708286e-05
image_2687,5.932686e-05
image_2688,0.00061390677
image_2689,0.00027749827
image_2690,0.029273756
image_2691,0.71328306
image_2692,0.0010407232
image_2693,6.383128e-07
image_2694,1.7556325e-05
image_2695,0.007390877
image_2696,7.159657e-05
image_2697,0.7851514
image_2698,0.05567546
image_2699,2.4080773e-05
image_2700,0.0007940124
image_2701,0.000625272
image_2702,2.0222858e-05
image_2703,9.562256e-06
image_2704,0.013313314
image_2705,0.0013853777
image_2706,0.036403034
image_2707,0.99585223
image_2708,0.009146921
image_2709,0.019958943
image_2710,6.4511505e-07
image_2711,0.00024240684
image_2712,0.0003482755
image_2713,0.0007025006
image_2714,0.007315406
image_2715,0.0027452796
image_2716,0.0020500342
image_2717,0.0027298406
image_2718,0.99722195
image_2719,1.42668405e-05
image_2720,0.0002175263
image_2721,0.0018630722
image_2722,0.008400871
image_2723,4.167836e-06
image_2724,0.00020738825
image_2725,0.98565775
image_2726,1.37176985e-05
image_2727,0.0029219827
image_2728,0.000538072
image_2729,0.019666534
image_2730,0.0055357697
image_2731,4.6866604e-05
image_2732,0.006856098
image_2733,4.5867978e-07
image_2734,0.00025493928
image_2735,6.5953805e-05
image_2736,2.9196203e-06
image_2737,6.94442e-08
image_2738,0.019869566
image_2739,0.00054362335
image_2740,3.8762737e-06
image_2741,0.0017919982
image_2742,1.7705769e-06
image_2743,0.00027385974
image_2744,5.9113054e-06
image_2745,6.607251e-05
image_2746,2.4224541e-06
image_2747,0.0020860024
image_2748,3.379255e-05
image_2749,0.00069953845
image_2750,0.7967813
image_2751,0.0038023677
image_2752,8.764809e-07
image_2753,5.295384e-05
image_2754,0.0024297084
image_2755,7.396231e-06
image_2756,0.70825434
image_2757,4.8412876e-06
image_2758,0.0008113595
image_2759,0.0035096135
image_2760,0.7986289
image_2761,0.00020431812
image_2762,0.008029559
image_2763,0.00022170797
image_2764,0.00011955675
image_2765,0.00029960801
image_2766,0.0002869985
image_2767,0.002533124
image_2768,0.0102281235
image_2769,2.9489707e-05
image_2770,0.000744837
image_2771,0.0005396013
image_2772,3.9682996e-06
image_2773,0.00037474453
image_2774,1.7703968e-07
image_2775,0.0010855668
image_2776,9.555255e-07
image_2777,0.00010083629
image_2778,0.00014287226
image_2779,0.86215365
image_2780,0.9962791
image_2781,0.7819426
image_2782,0.8047353
image_2783,1.27461735e-05
image_2784,0.0012015793
image_2785,0.0051093446
image_2786,4.339659e-05
image_2787,3.0959666e-07
image_2788,1.437397e-05
image_2789,0.0001100072
image_2790,6.7445144e-05
image_2791,9.857926e-10
image_2792,0.001215232
image_2793,5.287843e-07
image_2794,0.9623476
image_2795,3.117983e-05
image_2796,0.0014815617
image_2797,0.003513163
image_2798,0.002930665
image_2799,0.14341871
image_2800,0.7887475
image_2801,0.99671155
image_2802,0.00018316989
image_2803,3.3882884e-06
image_2804,6.49571e-05
image_2805,1.4231338e-06
image_2806,0.002937505
image_2807,2.1384823e-08
image_2808,0.00059060083
image_2809,0.79461646
image_2810,0.0005956731
image_2811,0.0005333486
image_2812,0.82427645
image_2813,0.96479124
image_2814,8.8944544e-05
image_2815,0.006917486
image_2816,0.002703188
image_2817,0.0024347024
image_2818,0.5283084
image_2819,5.5631144e-10
image_2820,0.00013232206
image_2821,0.00029319216
image_2822,0.99971575
image_2823,0.00042335768
image_2824,0.0006577482
image_2825,1.1275655e-05
image_2826,0.0013648786
image_2827,2.4774345e-05
image_2828,0.021649513
image_2829,0.0001616177
image_2830,0.0020309228
image_2831,0.0013912801
image_2832,0.004447707
image_2833,0.00044847373
image_2834,3.423976e-05
image_2835,2.1847e-05
image_2836,0.0009839665
image_2837,3.4459058e-06
image_2838,0.00024927553
image_2839,0.010944693
image_2840,0.0021628095
image_2841,0.0010977059
image_2842,3.9193917e-05
image_2843,0.75466466
image_2844,4.3911587e-07
image_2845,0.0006331003
image_2846,0.00014077094
image_2847,0.9891286
image_2848,0.0014417514
image_2849,0.006615946
image_2850,0.0972947
image_2851,0.00035450084
image_2852,0.71384126
image_2853,0.00010397303
image_2854,0.0011014645
image_2855,0.307594
image_2856,0.0021604956
image_2857,0.72524166
image_2858,0.70228887
image_2859,1.1956561e-07
image_2860,0.0014341882
image_2861,6.480892e-05
image_2862,0.0055203624
image_2863,0.00074039877
image_2864,0.0012612524
image_2865,0.0034040175
image_2866,0.00013273428
image_2867,0.043289457
image_2868,0.0010227163
image_2869,0.000214968
image_2870,0.67208314
image_2871,4.7436428e-05
image_2872,0.98804295
image_2873,0.9559639
image_2874,0.0035170862
image_2875,1.5186326e-06
image_2876,1.4514616e-07
image_2877,6.9552334e-07
image_2878,0.0034369275
image_2879,0.013678892
image_2880,0.99575794
image_2881,1.4926473e-09
image_2882,0.0006620607
image_2883,0.00034529238
image_2884,0.00037917774
image_2885,0.009421537
image_2886,4.0525534e-05
image_2887,0.78208196
image_2888,0.89750135
image_2889,0.5885401
image_2890,0.008217515
image_2891,0.00022912628
image_2892,0.007895008
image_2893,0.006301212
image_2894,0.00011926733
image_2895,0.0033418073
image_2896,7.255922e-06
image_2897,0.8671423
image_2898,0.0989009
image_2899,1.4331567e-05
image_2900,0.0019785564
image_2901,0.00021227633
image_2902,4.441269e-05
image_2903,0.010141931
image_2904,4.645586e-06
image_2905,4.77709e-06
image_2906,0.00016218294
image_2907,0.9842197
image_2908,0.00032387103
image_2909,0.99395645
image_2910,0.00036974455
image_2911,0.10311851
image_2912,0.00016310773
image_2913,1.7323022e-05
image_2914,2.1068486e-06
image_2915,7.499506e-06
image_2916,2.893417e-07
image_2917,0.00033999883
image_2918,0.0001108986
image_2919,1.1594331e-05
image_2920,2.006151e-05
image_2921,0.0006887671
image_2922,3.662791e-05
image_2923,0.9886389
image_2924,0.0047596684
image_2925,3.0568435e-07
image_2926,3.2266646e-05
image_2927,0.0016238983
image_2928,0.0010032401
image_2929,0.020654973
image_2930,0.9908713
image_2931,2.3177246e-05
image_2932,0.06527223
image_2933,0.013864605
image_2934,0.00046261295
image_2935,0.00022620935
image_2936,0.99676204
image_2937,0.0012899649
image_2938,0.010546949
image_2939,0.15414754
image_2940,0.00032037526
image_2941,0.00018817873
image_2942,7.124222e-06
image_2943,0.0043064696
image_2944,0.0008982513
image_2945,0.13529901
image_2946,0.0016177096
image_2947,5.048279e-06
image_2948,0.0006107176
image_2949,0.00011006715
image_2950,0.00020249066
image_2951,0.00049290125
image_2952,0.0008252931
image_2953,0.86554635
image_2954,0.46898726
image_2955,1.3715637e-05
image_2956,0.0002273628
image_2957,0.00022340998
image_2958,0.00011113899
image_2959,0.027919961
image_2960,9.0201263e-07
image_2961,0.00010970769
image_2962,0.99955606
image_2963,6.47e-07
image_2964,0.0017598118
image_2965,5.066223e-06
image_2966,0.03961686
image_2967,1.5897385e-05
image_2968,2.1956857e-05
image_2969,4.6922883e-06
image_2970,9.868243e-06
image_2971,0.016220165
image_2972,0.025233047
image_2973,0.41996676
image_2974,0.18643837
image_2975,0.72649765
image_2976,0.57504004
image_2977,0.022912519
image_2978,0.00042734476
image_2979,0.0004927464
image_2980,0.04718755
image_2981,0.0009105175
image_2982,1.3289304e-07
image_2983,0.0059946533
image_2984,0.99833035
image_2985,0.0049285097
image_2986,8.8754105e-06
image_2987,0.0036135516
image_2988,0.9985765
image_2989,0.002349021
image_2990,8.4706655e-05
image_2991,3.6281474e-06
image_2992,0.2197077
image_2993,0.00016142553
image_2994,0.004064943
image_2995,0.80155456
image_2996,2.1706459e-05
image_2997,1.2619491e-06
image_2998,0.18554957
image_2999,2.2565626e-05
image_3000,0.6466626
image_3001,0.0054540043
image_3002,0.000612244
image_3003,0.005243832
image_3004,0.00028905156
image_3005,9.3756455e-07
image_3006,0.0005234858
image_3007,6.890944e-06
image_3008,0.7844304
image_3009,0.00040512244
image_3010,0.02678306
image_3011,0.73248196
image_3012,4.497856e-05
image_3013,0.032624856
image_3014,5.4892503e-06
image_3015,2.0359032e-05
image_3016,2.8122256e-05
image_3017,0.0005642449
image_3018,0.0008792396
image_3019,0.00014339114
image_3020,0.7795999
image_3021,2.1704805e-05
image_3022,0.061223306
image_3023,0.9849628
image_3024,9.759799e-06
image_3025,0.0010398121
image_3026,5.9517643e-05
image_3027,0.0011709845
image_3028,0.15975536
image_3029,0.0003285206
image_3030,0.0017251978
image_3031,0.004763896
image_3032,0.0016951977
image_3033,1.219477e-06
image_3034,0.00039031875
image_3035,0.7915065
image_3036,0.00011080338
image_3037,0.9190377
image_3038,0.0009855165
image_3039,0.009447392
image_3040,0.000121697216
image_3041,0.00046366235
image_3042,0.07673536
image_3043,0.00013491773
image_3044,0.0008956041
image_3045,7.4887325e-06
image_3046,0.013883263
image_3047,9.690757e-06
image_3048,0.00025931365
image_3049,0.00029831455
image_3050,0.0118693225
image_3051,0.00080738193
image_3052,0.9787922
image_3053,7.351625e-05
image_3054,0.005677892
image_3055,1.7898255e-07
image_3056,0.00014015389
image_3057,0.020093977
image_3058,0.0035174286
image_3059,0.0005295055
image_3060,0.071495205
image_3061,1.1686697e-06
image_3062,0.22803038
image_3063,9.807847e-05
image_3064,2.0213852e-07
image_3065,0.00014270542
image_3066,0.00071374275
image_3067,0.0024284518
image_3068,0.002497606
image_3069,8.739024e-06
image_3070,0.9844018
image_3071,4.706859e-06
image_3072,0.0012795564
image_3073,0.9999055
image_3074,0.014805442
image_3075,1.7607515e-05
image_3076,3.2573855e-05
image_3077,9.2226446e-07
image_3078,0.78188723
image_3079,4.795506e-07
image_3080,6.1847536e-06
image_3081,0.0064805937
image_3082,3.362601e-05
image_3083,0.00523672
image_3084,3.94619e-05
image_3085,0.0055755004
image_3086,3.469273e-05
image_3087,1.17282425e-05
image_3088,0.00016815058
image_3089,0.002740638
image_3090,0.0003250463
image_3091,4.3978765e-05
image_3092,2.0731031e-06
image_3093,0.007472172
image_3094,0.04394079
image_3095,0.0011041132
image_3096,0.000489368
image_3097,0.00068223034
image_3098,0.00022748593
image_3099,0.0034519765
image_3100,0.0037613814
image_3101,0.0011447424
image_3102,5.345799e-05
image_3103,0.00063953246
image_3104,2.3148516e-07
image_3105,0.0017195224
image_3106,1.3515163e-05
image_3107,0.01762238
image_3108,3.41283e-08
image_3109,0.009116862
image_3110,3.1934283e-06
image_3111,0.0016356983
image_3112,0.0048733284
image_3113,0.0031324064
image_3114,0.00068731944
image_3115,0.9832146
image_3116,0.058342017
image_3117,0.9321719
image_3118,0.20520386
image_3119,0.00015070681
image_3120,0.016888821
image_3121,1.2392402e-07
image_3122,0.00025506507
image_3123,0.00057846366
image_3124,0.0009023274
image_3125,0.99966455
image_3126,0.0037948592
image_3127,8.682878e-06
image_3128,0.7613839
image_3129,0.0025890511
image_3130,0.012263837
image_3131,3.533621e-05
image_3132,1.7462135e-05
image_3133,0.00031050024
image_3134,7.2375886e-05
image_3135,0.19663182
image_3136,0.00032458766
image_3137,9.997979e-06
image_3138,0.00016204796
image_3139,0.17695715
image_3140,9.178286e-07
image_3141,0.9834491
image_3142,0.0009442073
image_3143,0.00070717506
image_3144,6.5291795e-05
image_3145,1.5550136e-06
image_3146,0.0002958016
image_3147,0.025068704
image_3148,0.0018385355
image_3149,0.00023548934
image_3150,0.21608284
image_3151,0.0007060357
image_3152,6.8272944e-05
image_3153,0.0070519163
image_3154,0.0002932886
image_3155,0.0005611937
image_3156,0.0006229806
image_3157,7.6223994e-05
image_3158,0.0045607835
image_3159,0.0011353327
image_3160,0.00016504737
image_3161,4.2499684e-07
image_3162,1.5086824e-06
image_3163,2.4062e-05
image_3164,2.930006e-05
image_3165,0.036580905
image_3166,5.162325e-06
image_3167,0.001758618
image_3168,0.887195
image_3169,2.695121e-06
image_3170,0.8475754
image_3171,0.00022338209
image_3172,0.0021396964
image_3173,0.0002657934
image_3174,1.6271589e-08
image_3175,9.199022e-06
image_3176,0.001225213
image_3177,0.02859579
image_3178,0.00020446436
image_3179,2.3744617e-06
image_3180,1.50533015e-05
image_3181,0.0017948445
image_3182,1.4122776e-05
image_3183,1.0735091e-06
image_3184,2.438169e-06
image_3185,0.00025254168
image_3186,0.043849975
image_3187,2.9926405e-06
image_3188,0.0004770195
image_3189,0.04176954
image_3190,9.853446e-05
image_3191,0.02108884
image_3192,0.00040906263
image_3193,0.002195815
image_3194,7.70285e-06
image_3195,0.00014244903
image_3196,0.0016116267
image_3197,0.00019691623
image_3198,0.0022558782
image_3199,7.061294e-07
image_3200,0.13186514
image_3201,0.0014514965
image_3202,0.62555575
image_3203,0.00034881325
image_3204,1.675312e-05
image_3205,0.00019121918
image_3206,0.00092773605
image_3207,0.004246249
image_3208,0.050143562
image_3209,0.7591224
image_3210,7.849552e-07
image_3211,0.0010454259
image_3212,6.427367e-05
image_3213,0.9916725
image_3214,0.01640713
image_3215,0.00015565133
image_3216,0.9408276
image_3217,0.0002665678
image_3218,5.6041143e-05
image_3219,9.733901e-09
image_3220,7.403025e-05
image_3221,1.6653903e-08
image_3222,7.0492856e-06
image_3223,0.0071586324
image_3224,2.7421643e-06
image_3225,0.029987767
image_3226,0.066860944
image_3227,0.00029077494
image_3228,0.00035669294
image_3229,3.2712192e-05
image_3230,0.16112337
image_3231,0.034600377
image_3232,9.277535e-06
image_3233,0.9997667
image_3234,0.8026817
image_3235,0.00080582063
image_3236,8.147517e-05
image_3237,0.000272315
image_3238,0.02301408
image_3239,0.00010041184
image_3240,0.00022026036
image_3241,0.00030610687
image_3242,2.3579532e-06
image_3243,6.450916e-06
image_3244,0.0034061163
image_3245,0.0065631615
image_3246,0.00044568148
image_3247,0.00044338487
image_3248,0.006759352
image_3249,0.005166829
image_3250,0.00019946464
image_3251,0.0005251571
image_3252,0.0072124787
image_3253,0.004820112
image_3254,0.9952254
image_3255,0.0001503225
image_3256,0.045375057
image_3257,0.0060797315
image_3258,0.042513378
image_3259,1.2580701e-06
image_3260,0.04992018
image_3261,8.075199e-05
image_3262,0.00043383118
image_3263,0.06018155
image_3264,9.768818e-06
image_3265,0.008485572
image_3266,0.58380044
image_3267,0.005831226
image_3268,0.00079427153
image_3269,9.1911716e-05
image_3270,0.0011138055
image_3271,0.0021474585
image_3272,1.2027647e-05
image_3273,0.0031191008
image_3274,0.0024801819
image_3275,0.0047421255
image_3276,0.003087685
image_3277,1.3292718e-05
image_3278,0.00034909454
image_3279,0.8257555
image_3280,0.00071648124
image_3281,0.3749948
image_3282,0.0014811284
image_3283,6.934689e-05
image_3284,6.719113e-05
image_3285,9.59245e-07
image_3286,0.00015471134
image_3287,0.000107292624
image_3288,9.335529e-08
image_3289,0.012784003
image_3290,0.18470366
image_3291,0.0002213316
image_3292,0.7810726
image_3293,1.0821139e-05
image_3294,0.7350818
image_3295,2.790479e-06
image_3296,0.0038725352
image_3297,0.19118567
image_3298,0.0005324452
image_3299,1.3423555e-05
image_3300,0.96905243
image_3301,0.018013706
image_3302,0.00014980917
image_3303,0.00012673654
image_3304,0.000650633
image_3305,0.072046295
image_3306,0.0008077309
image_3307,0.00015725718
image_3308,0.0019383423
image_3309,0.00015541921
image_3310,9.985359e-06
image_3311,0.00598468
image_3312,4.0158156e-05
image_3313,0.00011740957
image_3314,0.02776803
image_3315,7.1704056e-07
image_3316,0.9739981
image_3317,7.1770555e-05
image_3318,0.004209394
image_3319,0.004867822
image_3320,0.006373101
image_3321,0.1139375
image_3322,9.404297e-06
image_3323,0.000937506
image_3324,0.00012680748
image_3325,1.2225853e-06
image_3326,0.011373427
image_3327,0.0011155247
image_3328,9.502384e-05
image_3329,2.2517825e-06
image_3330,0.0010544749
image_3331,3.2197277e-05
image_3332,0.100607954
image_3333,7.544436e-07
image_3334,0.66511655
image_3335,0.0023253167
image_3336,0.002241919
image_3337,0.85766315
image_3338,0.12228967
image_3339,2.1855811e-08
image_3340,1.0524304e-06
image_3341,0.00037691888
image_3342,0.0005690083
image_3343,0.003793576
image_3344,8.931436e-05
image_3345,0.65864426
image_3346,2.8753034e-06
image_3347,0.00034278387
image_3348,6.5007644e-06
image_3349,0.00028834137
image_3350,5.510373e-05
image_3351,4.62913e-05
image_3352,0.9860309
image_3353,3.2700855e-06
image_3354,6.970191e-05
image_3355,9.5391275e-05
image_3356,0.0006949975
image_3357,0.00027976817
image_3358,0.1425862
image_3359,0.00013770426
image_3360,0.8844651
image_3361,0.00010678684
image_3362,0.0050869696
image_3363,5.070166e-05
image_3364,0.00023744271
image_3365,0.90900457
image_3366,0.00030769187
image_3367,4.5008637e-05
image_3368,3.5733032e-05
image_3369,1.4015657e-05
image_3370,0.00014985888
image_3371,0.8977637
image_3372,9.085836e-06
image_3373,2.6424266e-07
image_3374,0.0059261285
image_3375,0.00020153204
image_3376,0.0043084794
image_3377,0.815393
image_3378,0.0001025142
image_3379,0.17939177
image_3380,0.0010055051
image_3381,1.2226545e-05
image_3382,0.0019889628
image_3383,0.00021276505
image_3384,0.005256239
image_3385,0.00015574673
image_3386,1.8157687e-05
image_3387,0.97776705
image_3388,0.025360998
image_3389,0.009425595
image_3390,0.93283397
image_3391,2.4134238e-07
image_3392,0.9968222
image_3393,6.822204e-05
image_3394,0.01578496
image_3395,3.950565e-06
image_3396,1.8730959e-06
image_3397,0.0005735103
image_3398,1.766101e-06
image_3399,0.0011770611
image_3400,0.0047153323
image_3401,0.00028090895
image_3402,0.35263702
image_3403,0.016887648
image_3404,0.00092221086
image_3405,0.0029110145
image_3406,4.032989e-05
image_3407,0.018542137
image_3408,0.42742717
image_3409,0.0014733047
image_3410,0.00032081426
image_3411,0.00034461543
image_3412,0.55317134
image_3413,1.0595598e-06
image_3414,0.99965537
image_3415,2.2702022e-07
image_3416,0.00017186883
image_3417,0.00037568208
image_3418,0.00020418767
image_3419,0.7656262
image_3420,0.0022348315
image_3421,1.5745298e-05
image_3422,1.49401385e-05
image_3423,2.846928e-06
image_3424,0.001378613
image_3425,0.00016476357
image_3426,6.104194e-07
image_3427,0.00024376364
image_3428,0.5565071
image_3429,0.97860587
image_3430,0.0001311726
image_3431,0.002863937
image_3432,0.9851266
image_3433,1.959478e-05
image_3434,3.024166e-05
image_3435,3.2942255e-05
image_3436,1.6728789e-06
image_3437,0.0049899505
image_3438,7.1702845e-05
image_3439,5.6325996e-07
image_3440,6.175427e-05
image_3441,0.005236578
image_3442,1.4552259e-06
image_3443,0.017246801
image_3444,0.00069063494
image_3445,1.6153372e-06
image_3446,5.177479e-05
image_3447,0.0017621474
image_3448,0.9975415
image_3449,0.011262674
image_3450,0.03521394
image_3451,0.002262895
image_3452,0.17896053
image_3453,0.15570939
image_3454,0.02921374
image_3455,0.0051277853
image_3456,0.0064063473
image_3457,0.0004505206
image_3458,9.960273e-06
image_3459,0.0014336648
image_3460,5.5872775e-08
image_3461,1.1995915e-06
image_3462,0.79444224
image_3463,0.08325344
image_3464,4.310641e-05
image_3465,6.782459e-05
image_3466,0.8823298
image_3467,1.262601e-06
image_3468,0.9228167
image_3469,0.0001798854
image_3470,0.91852427
image_3471,4.914145e-05
image_3472,0.64272916
image_3473,1.0260582e-08
image_3474,0.00013145695
image_3475,0.00011115236
image_3476,0.0001338969
image_3477,0.00042038932
image_3478,5.3679616e-07
image_3479,0.005258917
image_3480,0.016137538
image_3481,0.85762525
image_3482,4.808421e-07
image_3483,0.0023968185
image_3484,4.8351107e-05
image_3485,0.0071566966
image_3486,0.0026632748
image_3487,0.0006585884
image_3488,6.4875076e-07
image_3489,0.0005768475
image_3490,7.101316e-05
image_3491,0.8890213
image_3492,0.90626603
image_3493,5.0283612e-05
image_3494,0.7878289
image_3495,0.0074735587
image_3496,0.0002840301
image_3497,4.3564087e-06
image_3498,7.6497845e-06
image_3499,0.7911744
image_3500,0.00038330507
image_3501,3.9711103e-06
image_3502,0.0001260303
image_3503,4.7279295e-06
image_3504,3.960577e-05
image_3505,0.00050078606
image_3506,4.02998e-07
image_3507,0.008345466
image_3508,0.0031804827
image_3509,0.00549385
image_3510,0.0019993894
image_3511,0.0035247547
image_3512,0.000111244786
image_3513,5.7877805e-05
image_3514,6.5975495e-05
image_3515,4.997903e-06
image_3516,0.0005970765
image_3517,1.1704041e-07
image_3518,0.0001656895
image_3519,0.9994867
image_3520,1.3862133e-06
image_3521,0.97186226
image_3522,7.981477e-05
image_3523,0.00040366352
image_3524,4.572627e-06
image_3525,2.2866117e-05
image_3526,1.1279646e-05
image_3527,0.80153006
image_3528,0.00015554758
image_3529,1.643222e-05
image_3530,0.0017245047
image_3531,0.20139678
image_3532,6.538202e-05
image_3533,0.00044148084
image_3534,0.0024034511
image_3535,0.0042343643
image_3536,0.0006875334
image_3537,0.050827563
image_3538,0.06700758
image_3539,0.56701875
image_3540,0.76545745
image_3541,0.5902758
image_3542,0.0011599249
image_3543,0.9335063
image_3544,0.0026142627
image_3545,0.06154764
image_3546,0.002463373
image_3547,0.00036064634
image_3548,0.02936938
image_3549,1.6077793e-05
image_3550,0.505057
image_3551,0.0006049026
image_3552,2.852994e-05
image_3553,0.7721161
image_3554,0.0003317303
image_3555,0.010737399
image_3556,0.6800942
image_3557,5.27464e-06
image_3558,3.5134475e-05
image_3559,0.0024026227
image_3560,0.0026878968
image_3561,4.6061206e-08
image_3562,5.0347826e-06
image_3563,5.9870304e-06
image_3564,1.48568415e-05
image_3565,0.999272
image_3566,0.018673573
image_3567,0.0011814174
image_3568,0.996202
image_3569,0.0069870977
image_3570,2.6641e-06
image_3571,2.9766915e-07
image_3572,6.8263806e-05
image_3573,0.78515625
image_3574,0.0002454725
image_3575,1.4005295e-08
image_3576,0.9450759
image_3577,0.9619004
image_3578,0.99541354
image_3579,0.0005122539
image_3580,0.97333777
image_3581,1.208992e-05
image_3582,3.1167947e-05
image_3583,2.5831303e-06
image_3584,0.0292613
image_3585,0.004019857
image_3586,0.1648429
image_3587,0.0042137615
image_3588,3.649465e-05
image_3589,7.090728e-05
image_3590,1.6075075e-05
image_3591,6.0124326e-06
image_3592,0.0005390475
image_3593,3.5125027e-05
image_3594,3.575524e-08
image_3595,3.7710506e-06
image_3596,0.0010890457
image_3597,5.237362e-10
image_3598,1.4718602e-05
image_3599,0.00021369327
image_3600,1.7642653e-06
image_3601,0.00025113873
image_3602,0.00016126694
image_3603,0.10468601
image_3604,4.2969532e-07
image_3605,0.0033260738
image_3606,7.318228e-05
image_3607,2.6666848e-07
image_3608,1.5576323e-05
image_3609,0.0005806606
image_3610,0.00012991457
image_3611,0.6190063
image_3612,0.7957188
image_3613,0.03101833
image_3614,0.00023094376
image_3615,0.00012577881
image_3616,6.8176746e-07
image_3617,1.3704768e-06
image_3618,0.00017268833
image_3619,0.00019891726
image_3620,0.0021152063
image_3621,9.272808e-05
image_3622,5.379058e-06
image_3623,0.0048540793
image_3624,0.0007444003
image_3625,0.0009747773
image_3626,0.00048201578
image_3627,0.0070451866
image_3628,0.081948996
image_3629,0.6227834
image_3630,7.592244e-08
image_3631,0.004334078
image_3632,0.8803115
image_3633,4.5462315e-05
image_3634,0.00990358
image_3635,4.8950926e-07
image_3636,0.0013425578
image_3637,0.99998415
image_3638,0.00052565103
image_3639,1.5430185e-09
image_3640,4.9838e-05
image_3641,0.00034748873
image_3642,7.4994596e-06
image_3643,0.016116139
image_3644,6.7732515e-05
image_3645,5.5851044e-05
image_3646,6.465113e-05
image_3647,0.0048190933
image_3648,3.933289e-06
image_3649,0.5163396
image_3650,0.96219
image_3651,5.1845658e-05
image_3652,0.9952771
image_3653,0.005132396
image_3654,0.013604825
image_3655,0.0057522273
image_3656,1.2514466e-05
image_3657,0.00874389
image_3658,0.12036586
image_3659,4.2635214e-08
image_3660,3.6380778e-05
image_3661,0.00025857188
image_3662,0.9970741
image_3663,1.4372328e-05
image_3664,0.026526159
image_3665,0.94361603
image_3666,0.0005059577
image_3667,2.4694128e-07
image_3668,0.8127827
image_3669,1.0077969e-05
image_3670,1.1266365e-05
image_3671,1.3811509e-05
image_3672,0.00032203
image_3673,2.475781e-05
image_3674,0.0014475314
image_3675,1.1398422e-05
image_3676,0.013922155
image_3677,0.994634
image_3678,0.0002749305
image_3679,0.012438705
image_3680,0.00066781417
image_3681,0.0009005632
image_3682,1.9373871e-07
image_3683,5.5277205e-09
image_3684,0.011971644
image_3685,0.0038426248
image_3686,1.3740877e-05
image_3687,0.018785775
image_3688,9.784335e-05
image_3689,0.0005453699
image_3690,0.9994031
image_3691,0.0006341108
image_3692,0.0026443412
image_3693,8.860864e-05
image_3694,0.00012724644
image_3695,0.0032959892
image_3696,0.0005939907
image_3697,4.961912e-06
image_3698,7.640148e-05
image_3699,0.14872104
image_3700,0.00040982105
image_3701,8.8205925e-06
image_3702,0.00044105388
image_3703,5.460793e-07
image_3704,0.9989331
image_3705,2.7533878e-07
image_3706,0.9995978
image_3707,4.4682456e-06
image_3708,0.0074413233
image_3709,9.112063e-05
image_3710,0.99881256
image_3711,3.5535004e-07
image_3712,0.9980175
image_3713,4.680013e-05
image_3714,8.3700525e-06
image_3715,1.2234468e-06
image_3716,0.0031359438
image_3717,2.0454986e-06
image_3718,0.009289741
image_3719,0.0027853907
image_3720,0.0035880632
image_3721,0.67898947
image_3722,0.0011120716
image_3723,0.9948677
image_3724,0.0029325616
image_3725,0.80552155
image_3726,0.0054918397
image_3727,0.8350885
image_3728,6.8419045e-05
image_3729,9.5885025e-06
image_3730,0.9262489
image_3731,0.0015961032
image_3732,0.00038081358
image_3733,0.00010549239
image_3734,0.6448668
image_3735,0.0012037281
image_3736,7.696532e-06
image_3737,0.0023734618
image_3738,0.00078028307
image_3739,2.4057357e-05
image_3740,0.040546857
image_3741,0.998717
image_3742,1.0041778e-05
image_3743,1.05766085e-05
image_3744,0.008369385
image_3745,0.0003847828
image_3746,5.0028484e-06
image_3747,0.00013968264
image_3748,4.1000103e-06
image_3749,0.00033806532
image_3750,0.8145199
image_3751,2.7838134e-06
image_3752,0.03471356
image_3753,0.0037323786
image_3754,0.0018519955
image_3755,0.012809523
image_3756,0.00018192142
image_3757,0.13451824
image_3758,0.00015806558
image_3759,9.635591e-06
image_3760,0.00026074325
image_3761,0.15625244
image_3762,4.721685e-05
image_3763,0.00026223907
image_3764,4.6982382e-08
image_3765,2.418073e-05
image_3766,1.7814834e-06
image_3767,1.71502e-05
image_3768,0.00030126172
image_3769,9.056968e-06
image_3770,0.09272353
image_3771,5.3506432e-05
image_3772,0.05521038
image_3773,0.0028941755
image_3774,0.047691144
image_3775,0.029475544
image_3776,0.00014424897
image_3777,0.12618744
image_3778,2.4337814e-06
image_3779,0.12201337
image_3780,0.960978
image_3781,2.5493937e-05
image_3782,0.00013366567
image_3783,0.0018899245
image_3784,6.1506325e-06
image_3785,0.010433251
image_3786,0.0006629316
image_3787,0.9449838
image_3788,3.8926524e-07
image_3789,0.99206495
image_3790,8.555857e-05
image_3791,0.002198783
image_3792,1.535566e-08
image_3793,4.398882e-06
image_3794,6.456589e-08
image_3795,0.0050380994
image_3796,0.0012901108
image_3797,2.0069596e-05
image_3798,0.006849316
image_3799,0.000113639006
image_3800,2.654018e-05
image_3801,2.714289e-05
image_3802,0.005063816
image_3803,0.0016765897
image_3804,3.174072e-09
image_3805,0.20391211
image_3806,0.00057505333
image_3807,0.015610956
image_3808,3.0210176e-05
image_3809,0.9400583
image_3810,6.8572176e-06
image_3811,0.00030296567
image_3812,0.0088171875
image_3813,0.0024595046
image_3814,0.00022669349
image_3815,1.6102264e-05
image_3816,9.42808e-07
image_3817,0.9874331
image_3818,6.1299754e-05
image_3819,0.79068327
image_3820,1.2509997e-07
image_3821,0.00037373425
image_3822,0.008906946
image_3823,0.01728864
image_3824,0.00012201419
image_3825,3.8622863e-07
image_3826,0.00018517449
image_3827,0.0004423506
image_3828,0.0003805313
image_3829,3.5574633e-06
image_3830,5.047633e-05
image_3831,2.3443841e-05
image_3832,0.0034801783
image_3833,0.80472064
image_3834,9.295242e-06
image_3835,6.431054e-05
image_3836,0.00039926195
image_3837,0.03599563
image_3838,0.050660715
image_3839,0.020206386
image_3840,0.00021437365
image_3841,0.0010286407
image_3842,0.009795495
image_3843,7.6876904e-07
image_3844,0.012638602
image_3845,0.0018649306
image_3846,0.9981943
image_3847,0.00029292234
image_3848,0.14748822
image_3849,0.91769165
image_3850,0.992831
image_3851,3.541809e-05
image_3852,0.59978515
image_3853,0.00899269
image_3854,1.6453902e-07
image_3855,0.0005692303
image_3856,2.5747336e-06
image_3857,1.6051092e-06
image_3858,0.00013706065
image_3859,0.7923179
image_3860,0.00013590386
image_3861,1.5323388e-06
image_3862,9.767258e-06
image_3863,0.07045595
image_3864,0.00046632212
image_3865,9.325013e-05
image_3866,4.975457e-06
image_3867,0.00057271344
image_3868,0.886191
image_3869,0.0008801537
image_3870,0.003418506
image_3871,0.0062071183
image_3872,8.660124e-05
image_3873,0.0031214077
image_3874,0.0006107199
image_3875,0.0014932067
image_3876,0.6863179
image_3877,0.00512044
image_3878,0.0003423299
image_3879,0.0031274643
image_3880,0.0002284002
image_3881,0.0002775735
image_3882,1.9333822e-07
image_3883,0.58853596
image_3884,0.010158192
image_3885,1.756413e-05
image_3886,0.008713579
image_3887,0.0009313928
image_3888,0.0020887554
image_3889,4.3858445e-06
image_3890,0.01883852
image_3891,0.80879873
image_3892,0.7942998
image_3893,0.0021055276
image_3894,0.003148042
image_3895,0.20333564
image_3896,0.0013755177
image_3897,0.12875837
image_3898,8.1717066e-05
image_3899,0.0004765967
image_3900,7.1730335e-07
image_3901,0.0022106534
image_3902,0.066643335
image_3903,0.00013714464
image_3904,7.5346354e-05
image_3905,0.119674265
image_3906,1.3797906e-05
image_3907,5.6883706e-05
image_3908,3.0515739e-07
image_3909,0.0034470316
image_3910,0.00033922214
image_3911,0.021389944
image_3912,0.99923766
image_3913,0.8983333
image_3914,0.09763203
image_3915,0.0030327174
image_3916,0.7679523
image_3917,0.99553376
image_3918,0.00051498786
image_3919,0.00060245267
image_3920,0.007519642
image_3921,0.0015319611
image_3922,3.088278e-06
image_3923,9.2147544e-05
image_3924,6.060044e-05
image_3925,1.6650425e-05
image_3926,0.007223073
image_3927,0.0008678786
image_3928,0.0002928982
image_3929,0.0013397003
image_3930,1.5867907e-05
image_3931,0.13554348
image_3932,0.0038299258
image_3933,4.198082e-06
image_3934,8.642578e-05
image_3935,0.002478489
image_3936,0.41745865
image_3937,1.04199735e-05
image_3938,6.1051046e-06
image_3939,0.0003737533
image_3940,0.13585135
image_3941,0.000118510456
image_3942,0.0004609804
image_3943,0.04976227
image_3944,0.00028942386
image_3945,1.3289979e-05
image_3946,3.9750233e-07
image_3947,3.279924e-06
image_3948,0.00091732736
image_3949,0.00028695678
image_3950,0.0015280512
image_3951,4.6965273e-05
image_3952,3.2359472e-05
image_3953,0.99848783
image_3954,6.640653e-08
image_3955,7.975767e-06
image_3956,0.0016684574
image_3957,0.0009261077
image_3958,0.00014626396
image_3959,1.8485447e-05
image_3960,0.0013144407
image_3961,1.509584e-05
image_3962,0.21715322
image_3963,9.119083e-05
image_3964,8.566545e-06
image_3965,8.574207e-06
image_3966,0.00032446344
image_3967,5.4801205e-07
image_3968,7.31358e-05
image_3969,0.008541627
image_3970,0.001492558
image_3971,2.3282755e-06
image_3972,1.4277621e-06
image_3973,3.0867295e-06
image_3974,0.00076599745
image_3975,0.00028336345
image_3976,0.16870475
image_3977,0.0013425325
image_3978,0.00019163887
image_3979,0.0009177399
image_3980,0.00044869736
image_3981,0.012213215
image_3982,0.00016207751
image_3983,1.7860872e-05
image_3984,0.06193005
image_3985,0.019496761
image_3986,0.0012084048
image_3987,0.0037542465
image_3988,0.80075395
image_3989,0.0015434065
image_3990,1.262271e-05
image_3991,7.155198e-05
image_3992,0.57684994
image_3993,0.019005798
image_3994,1.5851983e-06
image_3995,0.000520524
image_3996,0.15349564
image_3997,0.004549154
image_3998,1.6817023e-05
image_3999,0.82205033
image_4000,0.0005220784
image_4001,0.9983918
image_4002,0.004840715
image_4003,0.00037379435
image_4004,0.9530847
image_4005,1.3561464e-06
image_4006,0.93596727
image_4007,0.0028255964
image_4008,0.006372812
image_4009,0.0006003207
image_4010,0.04586045
image_4011,0.00045143804
image_4012,0.00021136834
image_4013,0.00013023842
image_4014,1.7619315e-05
image_4015,0.88703823
image_4016,1.4589299e-05
image_4017,8.169676e-05
image_4018,0.73892546
image_4019,6.6939937e-10
image_4020,0.00022375025
image_4021,1.8475893e-06
image_4022,0.008682241
image_4023,0.99993443
image_4024,0.0005363956
image_4025,4.948077e-07
image_4026,0.0047368077
image_4027,0.97370875
image_4028,0.00044513695
image_4029,1.2328456e-05
image_4030,0.0008726727
image_4031,3.2413358e-05
image_4032,0.0011405074
image_4033,3.665901e-05
image_4034,9.1936425e-05
image_4035,4.7489026e-05
image_4036,0.00019095685
image_4037,6.195418e-05
image_4038,9.774796e-06
image_4039,0.79252917
image_4040,0.00019633668
image_4041,0.0016085805
image_4042,4.300251e-06
image_4043,1.245494e-05
image_4044,0.0003503186
image_4045,6.3793397e-07
image_4046,2.954076e-10
image_4047,0.0023590145
image_4048,2.4492982e-05
image_4049,0.0057534156
image_4050,0.0032680426
image_4051,0.00571185
image_4052,0.006811874
image_4053,0.047451075
image_4054,5.69323e-05
image_4055,5.075347e-07
image_4056,0.00013526052
image_4057,0.00032918103
image_4058,0.00032723835
image_4059,0.0018942885
image_4060,0.00040722502
image_4061,0.21446648
image_4062,0.9981346
image_4063,0.0064037107
image_4064,0.009212175
image_4065,3.1502136e-06
image_4066,7.429694e-07
image_4067,0.00043439114
image_4068,0.0029941695
image_4069,7.2245814e-07
image_4070,0.056588896
image_4071,0.014180998
image_4072,0.0009987673
image_4073,0.00019484207
image_4074,0.007319173
image_4075,0.02184942
image_4076,0.04040183
image_4077,0.0009219216
image_4078,0.0007862804
image_4079,0.0029660806
image_4080,0.9998368
image_4081,0.001201364
image_4082,4.817656e-06
image_4083,0.6398408
image_4084,0.002239162
image_4085,0.0003309478
image_4086,0.00013701792
image_4087,0.8292567
image_4088,0.015834006
image_4089,0.0008838231
image_4090,0.00022684035
image_4091,0.9997409
image_4092,0.0010221548
image_4093,1.736944e-05
image_4094,1.4639622e-05
image_4095,0.9930705
image_4096,1.0466316e-05
image_4097,0.030767236
image_4098,7.454469e-05
image_4099,0.00064430677
image_4100,8.414347e-05
image_4101,0.0005889281
image_4102,0.7813612
image_4103,5.702489e-05
image_4104,0.021464532
image_4105,2.2574834e-05
image_4106,3.146162e-06
image_4107,0.0006311495
image_4108,0.99577636
image_4109,0.00020434623
image_4110,0.00035411582
image_4111,0.0028116326
image_4112,0.001958483
image_4113,0.001123863
image_4114,5.3327465e-05
image_4115,0.00013226045
image_4116,0.026352428
image_4117,0.00078622985
image_4118,0.005432573
image_4119,0.017451111
image_4120,0.026943337
image_4121,0.0014368
image_4122,0.0010464636
image_4123,0.007747289
image_4124,6.5087224e-05
image_4125,0.0021934435
image_4126,0.7938827
image_4127,0.00067824847
image_4128,3.1198084e-07
image_4129,0.0040129377
image_4130,3.7741638e-06
image_4131,8.141136e-07
image_4132,0.00010877046
image_4133,0.00052866834
image_4134,0.006702602
image_4135,0.00039765253
image_4136,0.9887907
image_4137,0.9591354
image_4138,0.99509954
image_4139,0.050810933
image_4140,0.0004622987
image_4141,0.7437836
image_4142,6.4118794e-06
image_4143,1.2464621e-05
image_4144,0.005528557
image_4145,0.7702674
image_4146,4.300953e-06
image_4147,2.7668518e-06
image_4148,9.734419e-06
image_4149,3.8380174e-05
image_4150,5.9313807e-06
image_4151,5.0515728e-06
image_4152,0.001082768
image_4153,5.3019503e-05
image_4154,8.09339e-06
image_4155,6.5172558e-06
image_4156,1.1988983e-06
image_4157,9.263007e-05
image_4158,0.00035200972
image_4159,0.13842808
image_4160,0.3448369
image_4161,0.9748305
image_4162,0.00016963173
image_4163,0.02138071
image_4164,0.007751872
image_4165,0.6880512
image_4166,0.5948112
image_4167,4.7784164e-07
image_4168,1.9385584e-06
image_4169,0.012464458
image_4170,9.2649e-05
image_4171,0.018313799
image_4172,0.00029839843
image_4173,0.83410364
image_4174,0.0031297416
image_4175,0.06990013
image_4176,1.5507347e-05
image_4177,2.0977961e-05
image_4178,3.8092566e-07
image_4179,0.99995625
image_4180,2.285074e-06
image_4181,0.00018150925
image_4182,0.009276838
image_4183,1.8978526e-05
image_4184,0.025353525
image_4185,0.040476423
image_4186,0.08190973
image_4187,0.0028788333
image_4188,0.00012860721
image_4189,0.0026635546
image_4190,0.95725965
image_4191,4.1044892e-05
image_4192,0.000107763284
image_4193,1.0538624e-06
image_4194,0.0036236672
image_4195,2.7946418e-05
image_4196,1.9352807e-05
image_4197,0.00045854307
image_4198,0.0003285592
image_4199,0.12388429
image_4200,0.00013181243
image_4201,0.0012102884
image_4202,3.3058153e-05
image_4203,0.004007771
image_4204,0.0021906055
image_4205,0.0028011724
image_4206,0.1731727
image_4207,0.003163394
image_4208,0.001224962
image_4209,0.00076927245
image_4210,0.0001620872
image_4211,0.010920072
image_4212,0.07561402
image_4213,4.268602e-06
image_4214,0.023634966
image_4215,0.017639652
image_4216,0.1908646
image_4217,0.0007160249
image_4218,0.0009344603
image_4219,0.00055752933
image_4220,0.0086954115
image_4221,0.017477216
image_4222,1.5177613e-05
image_4223,0.032837115
image_4224,0.022222413
image_4225,2.7791579e-05
image_4226,0.0067168223
image_4227,0.0047522304
image_4228,0.0050926674
image_4229,0.00033900555
image_4230,0.0010036197
image_4231,0.8594316
image_4232,0.763223
image_4233,0.0018870756
image_4234,0.0011165023
image_4235,0.005822969
image_4236,0.99998355
image_4237,0.8934282
image_4238,0.003023767
image_4239,4.460316e-05
image_4240,0.06115826
image_4241,5.662517e-08
image_4242,0.9340373
image_4243,2.2901825e-06
image_4244,4.6059416e-05
image_4245,0.00016756526
image_4246,0.000114775925
image_4247,0.0008430122
image_4248,0.87743545
image_4249,3.3997923e-05
image_4250,0.0006668919
image_4251,0.0004136434
image_4252,0.97940564
image_4253,0.9765171
image_4254,0.00066290115
image_4255,0.18353263
image_4256,0.00451414
image_4257,5.0358285e-05
image_4258,1.0888098e-06
image_4259,2.466378e-05
image_4260,8.658224e-06
image_4261,3.469594e-05
image_4262,0.002154943
image_4263,0.010880441
image_4264,0.000416464
image_4265,0.00126882
image_4266,1.3966074e-07
image_4267,0.0004113303
image_4268,1.7804117e-05
image_4269,0.75325364
image_4270,0.00014347497
image_4271,0.00016442758
image_4272,0.81700206
image_4273,1.0691796e-06
image_4274,0.99655277
image_4275,1.7833819e-06
image_4276,2.3212647e-06
image_4277,0.08455059
image_4278,0.00081372
image_4279,0.001008288
image_4280,0.00034026057
image_4281,0.0009304697
image_4282,0.00027345621
image_4283,0.001440112
image_4284,8.84872e-06
image_4285,3.67085e-05
image_4286,5.458346e-06
image_4287,0.0029647914
image_4288,0.016258076
image_4289,5.8113183e-06
image_4290,0.006432404
image_4291,6.628425e-05
image_4292,0.9796712
image_4293,0.0004980589
image_4294,0.0007823985
image_4295,0.26357812
image_4296,8.628348e-05
image_4297,0.9998722
image_4298,0.00019631558
image_4299,0.0012588031
image_4300,0.0001580993
image_4301,1.1958862e-05
image_4302,0.00040725755
image_4303,0.00039776045
image_4304,0.9990939
image_4305,0.0013054265
image_4306,0.767514
image_4307,8.736611e-06
image_4308,2.3009848e-06
image_4309,2.230857e-07
image_4310,1.7576e-07
image_4311,0.00011600753
image_4312,7.573991e-05
image_4313,3.4013487e-05
image_4314,0.00066439016
image_4315,0.97596
image_4316,0.07673584
image_4317,0.0028386218
image_4318,0.78241944
image_4319,0.011698328
image_4320,0.9457885
image_4321,4.6963584e-07
image_4322,0.00045703293
image_4323,0.016226115
image_4324,4.04721e-06
image_4325,0.0002166247
image_4326,1.0211543e-08
image_4327,0.0006809175
image_4328,0.6005306
image_4329,9.212525e-05
image_4330,0.0013225443
image_4331,0.0008639555
image_4332,0.0019528558
image_4333,0.16656569
image_4334,8.508576e-06
image_4335,1.8802895e-05
image_4336,7.0681917e-06
image_4337,0.0006076994
image_4338,0.00029301702
image_4339,3.8871098e-05
image_4340,3.3799522e-05
image_4341,2.7456123e-05
image_4342,0.05356267
image_4343,2.5216755e-07
image_4344,0.0009791886
image_4345,0.9638691
image_4346,0.9832262
image_4347,0.002656832
image_4348,0.8847164
image_4349,0.0021067623
image_4350,1.26322e-08
image_4351,1.3236987e-09
image_4352,1.1460335e-05
image_4353,0.9776894
image_4354,0.94859445
image_4355,0.0019326701
image_4356,1.6701523e-06
image_4357,9.237283e-08
image_4358,0.0048413095
image_4359,0.00018264703
image_4360,0.00034867585
image_4361,0.00020311185
image_4362,8.511333e-06
image_4363,0.00014616316
image_4364,0.00031364552
image_4365,0.0049417764
image_4366,6.0356186e-05
image_4367,2.4038432e-05
image_4368,0.12010999
image_4369,0.008096707
image_4370,0.00071101746
image_4371,1.9423212e-06
image_4372,0.00022828196
image_4373,0.0178569
image_4374,0.023523798
image_4375,0.98725766
image_4376,0.004594481
image_4377,6.9222574e-07
image_4378,2.2940887e-05
image_4379,0.7395949
image_4380,0.00957118
image_4381,0.010055937
image_4382,0.7831793
image_4383,0.03271838
image_4384,0.006504327
image_4385,0.91300607
image_4386,3.0244799e-05
image_4387,0.009719837
image_4388,0.0031821493
image_4389,2.0123552e-09
image_4390,0.022133421
image_4391,0.77272725
image_4392,0.019481558
image_4393,0.004662352
image_4394,0.0037366275
image_4395,9.9223125e-06
image_4396,1.3784027e-05
image_4397,0.8109327
image_4398,0.741858
image_4399,0.92740023
image_4400,0.0014601363
image_4401,3.6365775e-05
image_4402,2.5446793e-06
image_4403,0.0029605809
image_4404,0.0002927657
image_4405,0.61705923
image_4406,0.00059520465
image_4407,0.9550483
image_4408,6.98093e-08
image_4409,0.00011162621
image_4410,4.2289262e-08
image_4411,0.17049915
image_4412,1.1628592e-05
image_4413,0.0002475134
image_4414,0.0030574282
image_4415,0.00021795763
image_4416,0.033242438
image_4417,0.71076256
image_4418,0.0001670221
image_4419,0.00048570946
image_4420,0.00030792813
image_4421,0.99513566
image_4422,0.015476365
image_4423,0.002525575
image_4424,5.168259e-08
image_4425,1.2994362e-05
image_4426,0.00066055625
image_4427,0.0012741792
image_4428,0.0006399176
image_4429,0.0025202404
image_4430,0.0009816025
image_4431,0.0020557481
image_4432,0.00015353992
image_4433,0.06520272
image_4434,4.7238073e-06
image_4435,6.712052e-05
image_4436,0.0039227195
image_4437,0.02558643
image_4438,9.218414e-05
image_4439,0.00079148426
image_4440,4.434467e-06
image_4441,1.7838234e-07
image_4442,0.9892162
image_4443,1.3733193e-06
image_4444,0.71811527
image_4445,0.000980716
image_4446,5.2448704e-05
image_4447,2.030337e-05
image_4448,0.0019223822
image_4449,0.0013267908
image_4450,0.0015408713
image_4451,0.74734354
image_4452,0.00027067118
image_4453,0.99476945
image_4454,0.004465499
image_4455,0.0074686427
image_4456,0.7466607
image_4457,0.0004271868
image_4458,0.00014928471
image_4459,0.00031628675
image_4460,3.0969375e-07
image_4461,1.0291292e-07
image_4462,0.010113228
image_4463,9.5693445e-05
image_4464,0.0002809688
image_4465,0.0005734869
image_4466,0.0011058975
image_4467,0.00016311879
image_4468,1.9884179e-05
image_4469,7.949112e-06
image_4470,0.00036671327
image_4471,0.75935245
image_4472,1.9361636e-05
image_4473,0.0012320618
image_4474,0.0014688803
image_4475,0.00044409023
image_4476,0.0014168331
image_4477,0.025030985
image_4478,0.00020491917
image_4479,0.21565878
image_4480,0.00031726083
image_4481,9.181873e-05
image_4482,5.3197084e-07
image_4483,0.0001447424
image_4484,0.044539616
image_4485,0.002688292
image_4486,0.7966453
image_4487,2.6842913e-06
image_4488,0.00013938866
image_4489,0.00502234
image_4490,0.0013298797
image_4491,0.004054444
image_4492,0.18937638
image_4493,0.11635549
image_4494,0.004434578
image_4495,3.0673003e-05
image_4496,0.0037975926
image_4497,4.814647e-05
image_4498,0.8136489
image_4499,0.99308574
image_4500,0.003970003
image_4501,0.013496021
image_4502,0.029402886
image_4503,0.12721255
image_4504,0.0010590103
image_4505,0.008428089
image_4506,0.7185153
image_4507,9.1984775e-06
image_4508,0.7278744
image_4509,5.080754e-06
image_4510,3.532265e-05
image_4511,0.0024501525
image_4512,0.00031846628
image_4513,0.07713577
image_4514,3.9041584e-05
image_4515,0.00010363348
image_4516,0.00010650302
image_4517,5.5447745e-06
image_4518,0.0063914116
image_4519,0.00021356568
image_4520,0.0002574142
image_4521,1.0736454e-08
image_4522,2.0336824e-06
image_4523,1.4629288e-06
image_4524,0.00023794961
image_4525,0.001097282
image_4526,5.5206165e-06
image_4527,0.00065476104
image_4528,0.0023737005
image_4529,0.0027513276
image_4530,6.397563e-05
image_4531,0.00044785463
image_4532,0.014913338
image_4533,2.2143377e-05
image_4534,2.2676255e-05
image_4535,3.8342465e-10
image_4536,0.105650425
image_4537,3.8461472e-05
image_4538,0.008768765
image_4539,0.21203305
image_4540,0.008614901
image_4541,4.9071747e-05
image_4542,0.0022817128
image_4543,3.8817057e-06
image_4544,0.24013324
image_4545,0.00081569166
image_4546,0.00069324754
image_4547,0.00043628234
image_4548,1.0509779e-06
image_4549,2.948182e-05
image_4550,1.3557008e-05
image_4551,0.0020347307
image_4552,0.00015493752
image_4553,0.97210824
image_4554,0.019937573
image_4555,0.97117174
image_4556,1.1165364e-05
image_4557,0.00015944973
image_4558,0.00040039912
image_4559,0.011686799
image_4560,6.725697e-06
image_4561,7.4362315e-06
image_4562,9.3659755e-06
image_4563,0.0034685622
image_4564,0.738286
image_4565,0.0020289617
image_4566,1.07640235e-05
image_4567,2.301373e-05
image_4568,3.369104e-07
image_4569,0.00013873825
image_4570,0.89170825
image_4571,0.9957186
image_4572,0.0013416648
image_4573,4.7343183e-05
image_4574,0.0007224036
image_4575,0.69584316
image_4576,7.372454e-07
image_4577,0.9939195
image_4578,0.01713943
image_4579,0.0054001976
image_4580,6.0671897e-07
image_4581,0.00057559926
image_4582,2.4829983e-06
image_4583,0.0028384803
image_4584,0.0001517981
image_4585,2.5553472e-06
image_4586,0.3907204
image_4587,0.005401345
image_4588,1.5419313e-05
image_4589,1.821996e-05
image_4590,1.3578743e-05
image_4591,1.7339862e-07
image_4592,0.01842645
image_4593,8.503322e-05
image_4594,0.82197344
image_4595,7.153424e-05
image_4596,0.025470046
image_4597,0.002472388
image_4598,2.0146276e-06
image_4599,0.00012586969
image_4600,0.98123527
image_4601,5.0373455e-05
image_4602,7.015891e-07
image_4603,0.0015671091
image_4604,0.0035435485
image_4605,3.985651e-08
image_4606,1.4291674e-05
image_4607,0.9927721
image_4608,3.4905764e-07
image_4609,1.991675e-05
image_4610,7.26674e-07
image_4611,2.8821205e-07
image_4612,0.040891234
image_4613,0.0023132572
image_4614,4.6446913e-09
image_4615,0.0064314785
image_4616,7.77995e-08
image_4617,0.0019885271
image_4618,0.000110491994
image_4619,6.11963e-07
image_4620,0.0017200218
image_4621,0.000107917345
image_4622,0.0007022641
image_4623,2.0776684e-05
image_4624,0.00048385217
image_4625,0.009867855
image_4626,0.048388187
image_4627,2.5222962e-05
image_4628,1.7238127e-06
image_4629,0.00054046256
image_4630,0.15087771
image_4631,0.008281979
image_4632,0.28359962
image_4633,0.8839313
image_4634,0.647356
image_4635,0.83644795
image_4636,0.76841867
image_4637,0.00026174064
image_4638,4.255434e-05
image_4639,0.0005563971
image_4640,0.12297275
image_4641,3.0031863e-06
image_4642,0.98345643
image_4643,3.2140346e-05
image_4644,9.7394e-06
image_4645,4.5442346e-05
image_4646,0.00836461
image_4647,3.6208004e-07
image_4648,0.00043020264
image_4649,0.00017385733
image_4650,0.8861252
image_4651,0.0010347334
image_4652,0.7933192
image_4653,0.0020575845
image_4654,0.002515013
image_4655,8.315435e-06
image_4656,0.00089309295
image_4657,0.0009930853
image_4658,6.165055e-05
image_4659,2.8158504e-12
image_4660,0.00028595695
image_4661,0.9694638
image_4662,0.0002538385
image_4663,7.946974e-06
image_4664,0.011022879
image_4665,0.00033718807
image_4666,1.8141254e-06
image_4667,0.00013626885
image_4668,1.1622772e-05
image_4669,9.701866e-05
image_4670,3.059556e-05
image_4671,2.4490491e-05
image_4672,0.00029340992
image_4673,0.0009330758
image_4674,0.0017228677
image_4675,0.017246095
image_4676,0.20158425
image_4677,2.462753e-05
image_4678,0.7309897
image_4679,0.0002716481
image_4680,8.932771e-06
image_4681,9.1715656e-08
image_4682,0.0052820425
image_4683,3.509348e-05
image_4684,0.99954224
image_4685,4.700388e-05
image_4686,0.0022486206
image_4687,0.0007238458
image_4688,0.998616
image_4689,4.0641855e-05
image_4690,1.8740477e-05
image_4691,0.466615
image_4692,0.0038300306
image_4693,0.00010854884
image_4694,0.004509537
image_4695,5.1795378e-05
image_4696,0.044547357
image_4697,0.009494017
image_4698,3.1956571e-07
image_4699,2.2047367e-05
image_4700,0.99715996
image_4701,0.0009499626
image_4702,0.013999328
image_4703,0.00077348354
image_4704,0.00091111165
image_4705,7.941172e-08
image_4706,0.004605658
image_4707,0.9738285
image_4708,0.8307167
image_4709,8.471157e-08
image_4710,0.0004740591
image_4711,0.105199516
image_4712,2.4105837e-05
image_4713,2.9213534e-06
image_4714,4.7462555e-07
image_4715,3.359723e-06
image_4716,0.8258986
image_4717,1.6024083e-11
image_4718,0.028665464
image_4719,0.2011607
image_4720,0.001120731
image_4721,0.001382041
image_4722,2.746264e-05
image_4723,0.00855855
image_4724,1.6009108e-05
image_4725,0.0002214312
image_4726,2.4986998e-06
image_4727,0.0027274396
image_4728,0.0003183306
image_4729,5.41584e-05
image_4730,3.3626508e-05
image_4731,0.0004412383
image_4732,0.00050947943
image_4733,0.0020993897
image_4734,0.98703134
image_4735,1.3638785e-06
image_4736,0.9973943
image_4737,0.0046661817
image_4738,0.00092184404
image_4739,0.0036005503
image_4740,0.01947914
image_4741,0.13979694
image_4742,4.7328985e-10
image_4743,0.0034913889
image_4744,0.3838033
image_4745,3.3697896e-05
image_4746,3.9025275e-07
image_4747,0.00027528888
image_4748,5.0244313e-07
image_4749,0.00068976573
image_4750,0.000699728
image_4751,0.00077118934
image_4752,0.046866365
image_4753,2.8324253e-06
image_4754,0.00026572353
image_4755,0.00010715771
image_4756,0.69900835
image_4757,0.00016274216
image_4758,0.21416497
image_4759,1.7607475e-05
image_4760,0.023555398
image_4761,0.0022620754
image_4762,0.0005323039
image_4763,0.0066320915
image_4764,7.63264e-09
image_4765,0.00075699086
image_4766,4.030403e-07
image_4767,5.143812e-05
image_4768,1.9882144e-05
image_4769,5.6690432e-08
image_4770,0.69243234
image_4771,0.00018421782
image_4772,0.0017723618
image_4773,1.0442047e-05
image_4774,0.99852294
image_4775,0.0073594484
image_4776,2.6269896e-05
image_4777,3.4844953e-07
image_4778,1.8371498e-05
image_4779,0.00021015725
image_4780,0.0025677318
image_4781,0.000788979
image_4782,4.057814e-05
image_4783,7.9884485e-06
image_4784,1.5833534e-06
image_4785,1.8640067e-06
image_4786,0.8960923
image_4787,9.805764e-06
image_4788,0.0015513466
image_4789,0.9996548
image_4790,0.0009890541
image_4791,0.60161597
image_4792,0.00021334912
image_4793,0.003776671
image_4794,0.000579411
image_4795,0.00041346572
image_4796,0.76569676
image_4797,0.0002698912
image_4798,0.7751359
image_4799,7.3689276e-05
image_4800,0.00012041765
image_4801,5.4592106e-06
image_4802,0.0028360873
image_4803,2.8617244e-05
image_4804,0.00037629885
image_4805,7.5970306e-08
image_4806,2.2455685e-12
image_4807,0.93533576
image_4808,0.0065411776
image_4809,0.0073551517
image_4810,0.0010010509
image_4811,0.0008691777
image_4812,0.82925344
image_4813,4.276992e-05
image_4814,0.00046531932
image_4815,0.005282291
image_4816,0.921506
image_4817,0.026465636
image_4818,1.9923454e-09
image_4819,0.99567807
image_4820,0.00028698967
image_4821,0.020955373
image_4822,1.6310407e-05
image_4823,5.9729236e-06
image_4824,0.0036379083
image_4825,0.0001448303
image_4826,0.009771891
image_4827,0.0032385346
image_4828,6.69593e-05
image_4829,0.036858894
image_4830,4.9767827e-05
image_4831,0.00024655875
image_4832,5.435831e-06
image_4833,4.029354e-06
image_4834,8.319826e-06
image_4835,0.01640094
image_4836,9.951739e-05
image_4837,0.93147546
image_4838,8.780315e-08
image_4839,0.0027285926
image_4840,1.5883752e-06
image_4841,7.359641e-05
image_4842,0.99646187
image_4843,0.037824955
image_4844,0.94181633
image_4845,4.4678098e-05
image_4846,2.7254335e-05
image_4847,0.0045886487
image_4848,9.27933e-05
image_4849,0.7678137
image_4850,0.0011654173
image_4851,2.9787829e-05
image_4852,0.0026975782
image_4853,0.8791441
image_4854,4.1852993e-05
image_4855,0.0005078028
image_4856,0.00075531285
image_4857,0.00017099621
image_4858,0.0067609437
image_4859,9.6125885e-05
image_4860,3.3852513e-07
image_4861,3.8850624e-07
image_4862,2.2501466e-05
image_4863,0.00031047064
image_4864,0.00031165313
image_4865,2.3167217e-08
image_4866,0.7904824
image_4867,4.220842e-05
image_4868,0.19898415
image_4869,0.9980439
image_4870,0.19723268
image_4871,0.9966186
image_4872,0.8796704
image_4873,0.092701495
image_4874,0.00044357107
image_4875,0.09901823
image_4876,0.003150181
image_4877,0.004342107
image_4878,0.0002893108
image_4879,0.9129183
image_4880,0.027231157
image_4881,0.0077675544
image_4882,0.0006792557
image_4883,0.00082816894
image_4884,0.0032649161
image_4885,0.9985014
image_4886,1.4932473e-07
image_4887,1.2727887e-05
image_4888,8.170371e-05
image_4889,0.0029069157
image_4890,0.00011624755
image_4891,0.0019528375
image_4892,0.029827934
image_4893,0.0098567
image_4894,0.0004322707
image_4895,0.00043860113
image_4896,2.1830797e-06
image_4897,0.00071483426
image_4898,0.002282935
image_4899,0.0053787464
image_4900,6.18457e-05
image_4901,0.00030233111
image_4902,7.264332e-08
image_4903,0.009878198
image_4904,0.00054136803
image_4905,0.0025792047
image_4906,7.677249e-05
image_4907,0.0002190558
image_4908,6.483524e-06
image_4909,0.007995243
image_4910,5.21508e-07
image_4911,0.0010191086
image_4912,0.00049081515
image_4913,1.8025408e-09
image_4914,0.0004771133
image_4915,0.013287179
image_4916,0.21714148
image_4917,0.759835
image_4918,7.212995e-05
image_4919,0.00011145585
image_4920,0.00021977047
image_4921,0.0017810662
image_4922,0.0008791004
image_4923,0.002536347
image_4924,3.2515104e-06
image_4925,0.99240375
image_4926,0.009560242
image_4927,0.0018319499
image_4928,0.31355464
image_4929,0.009840518
image_4930,2.2865519e-05
image_4931,0.00014957479
image_4932,7.704373e-05
image_4933,3.6405385e-05
image_4934,0.8312771
image_4935,0.7018144
image_4936,0.046266597
image_4937,3.0846138e-06
image_4938,0.0003130683
image_4939,0.77742445
image_4940,0.00085196085
image_4941,0.96981215
image_4942,0.00016825143
image_4943,0.0005699686
image_4944,0.0035385902
image_4945,0.045447454
image_4946,1.7210823e-06
image_4947,0.69811237
image_4948,0.00010524511
image_4949,4.9588336e-05
image_4950,0.000147685
image_4951,0.7902871
image_4952,0.0016608825
image_4953,0.0010569477
image_4954,0.13650951
image_4955,0.0007626293
image_4956,0.00047949908
image_4957,0.8768252
image_4958,0.22800067
image_4959,0.038402647
image_4960,0.019613432
image_4961,2.547489e-06
image_4962,0.0004989727
image_4963,0.00020010564
image_4964,1.6763348e-05
image_4965,0.00021564132
image_4966,1.01147236e-07
image_4967,0.0003760425
image_4968,5.484968e-08
image_4969,0.00074584957
image_4970,0.81626135
image_4971,1.17525515e-05
image_4972,0.10517014
image_4973,0.07913744
image_4974,0.00018617677
image_4975,0.0056949295
image_4976,0.00018576824
image_4977,4.327045e-07
image_4978,0.11481543
image_4979,0.047611754
image_4980,0.034665685
image_4981,2.305696e-05
image_4982,1.3019073e-06
image_4983,0.00011530887
image_4984,0.00012472417
image_4985,6.766717e-05
image_4986,0.0008820336
image_4987,0.021666642
image_4988,3.811796e-05
image_4989,0.004012954
image_4990,4.442138e-05
image_4991,0.0003568821
image_4992,0.77981406
image_4993,5.7004097e-05
image_4994,0.12164767
image_4995,0.0006294338
image_4996,0.8036802
image_4997,0.0007820326
image_4998,0.0041964664
image_4999,0.004386097
image_5000,0.00016371504
image_5001,0.80436134
image_5002,0.99989897
image_5003,0.04430019
image_5004,0.00033099455
image_5005,0.9914129
image_5006,8.0716484e-07
image_5007,0.00051617617
image_5008,0.0016640655
image_5009,0.00043053192
image_5010,4.3810018e-05
image_5011,0.061458804
image_5012,0.00014931432
image_5013,0.14491805
image_5014,0.00087671005
image_5015,0.10161476
image_5016,0.194689
image_5017,0.0027387242
image_5018,0.9815725
image_5019,0.7677909
image_5020,0.99770427
image_5021,2.3926146e-05
image_5022,0.0043078656
image_5023,0.001380877
image_5024,0.17691901
image_5025,0.0005878687
image_5026,0.35280263
image_5027,0.07922221
image_5028,0.9851327
image_5029,0.00024063859
image_5030,0.0005631528
image_5031,0.018021923
image_5032,1.9449259e-05
image_5033,3.2960394e-08
image_5034,7.9121705e-08
image_5035,0.6744533
image_5036,0.00028778584
image_5037,0.0041856943
image_5038,0.0005676318
image_5039,0.0007953932
image_5040,0.00012826688
image_5041,4.139694e-05
image_5042,0.00021140272
image_5043,6.271381e-05
image_5044,0.00028027123
image_5045,0.6458393
image_5046,0.001611594
image_5047,0.06325738
image_5048,9.734083e-06
image_5049,0.001985932
image_5050,3.3032025e-05
image_5051,0.00031782553
image_5052,5.5366936e-06
image_5053,0.00324034
image_5054,0.97599745
image_5055,1.3329298e-05
image_5056,1.82784e-07
image_5057,0.0146244075
image_5058,0.00017310231
image_5059,0.00016072998
image_5060,0.00053702673
image_5061,5.5771285e-05
image_5062,0.99721617
image_5063,0.0010786153
image_5064,8.7532695e-05
image_5065,0.98269856
image_5066,0.0007184562
image_5067,0.005014167
image_5068,1.7960795e-07
image_5069,3.2758317e-06
image_5070,0.00015214659
image_5071,0.00016958863
image_5072,0.0018992791
image_5073,0.0033419682
image_5074,0.0050840387
image_5075,0.0034253774
image_5076,0.99989665
image_5077,9.7111215e-06
image_5078,0.00051981886
image_5079,0.84665394
image_5080,9.843532e-06
image_5081,0.029411966
image_5082,1.2529704e-06
image_5083,5.663752e-07
image_5084,8.472477e-05
image_5085,1.9163662e-07
image_5086,0.024626933
image_5087,0.00052605604
image_5088,0.14889625
image_5089,4.3080818e-05
image_5090,0.0886755
image_5091,0.0009502418
image_5092,0.2515135
image_5093,0.00012403444
image_5094,0.00015208652
image_5095,0.0061583044
image_5096,0.0004761143
image_5097,3.9555343e-06
image_5098,0.0014787561
image_5099,0.7243315
image_5100,0.0016069526
image_5101,0.011902022
image_5102,0.007548179
image_5103,6.895003e-06
image_5104,2.1641083e-05
image_5105,0.059441436
image_5106,0.0012806095
image_5107,0.00015889798
image_5108,3.3821917e-11
image_5109,0.27130947
image_5110,3.8263825e-05
image_5111,0.7960315
image_5112,0.02095588
image_5113,0.0020014788
image_5114,0.0024638344
image_5115,0.00038592488
image_5116,0.001594063
image_5117,9.166963e-05
image_5118,0.00110401
image_5119,0.99937665
image_5120,0.99298155
image_5121,0.837718
image_5122,0.99834025
image_5123,0.00011560666
image_5124,2.2678894e-05
image_5125,0.022652961
image_5126,0.9658078
image_5127,0.037227128
image_5128,1.3356655e-06
image_5129,0.008985462
image_5130,0.5685264
image_5131,2.1439831e-07
image_5132,0.00034604836
image_5133,0.9647199
image_5134,1.3400563e-05
image_5135,7.913582e-07
image_5136,0.7762884
image_5137,0.01090277
image_5138,1.0162486e-05
image_5139,4.583598e-07
image_5140,0.9973511
image_5141,0.02902307
image_5142,4.9892406e-06
image_5143,1.6232948e-06
image_5144,0.0004969666
image_5145,0.0013727575
image_5146,0.949932
image_5147,0.12300501
image_5148,1.8133461e-06
image_5149,0.00010897011
image_5150,0.00033574374
image_5151,0.0035717802
image_5152,7.508707e-05
image_5153,0.9945321
image_5154,0.0010340938
image_5155,3.2773795e-07
image_5156,0.050858006
image_5157,9.40392e-07
image_5158,0.00038599246
image_5159,3.3970497e-05
image_5160,0.00018550408
image_5161,0.10387733
image_5162,2.6574027e-05
image_5163,0.0039328504
image_5164,0.8384172
image_5165,0.74543023
image_5166,3.008754e-06
image_5167,0.8589345
image_5168,0.21343862
image_5169,7.418289e-10
image_5170,0.028882418
image_5171,1.3467306e-05
image_5172,9.942934e-05
image_5173,0.0013371463
image_5174,0.00045019604
image_5175,1.3734886e-05
image_5176,0.101727314
image_5177,0.0071136057
image_5178,1.0000981e-06
image_5179,0.00010228987
image_5180,0.07134004
image_5181,0.22478938
image_5182,0.5919583
image_5183,0.005758375
image_5184,6.6855966e-07
image_5185,5.5042465e-06
image_5186,3.7012072e-05
image_5187,0.00031367555
image_5188,0.00031249007
image_5189,0.1924788
image_5190,0.0005344596
image_5191,8.520952e-06
image_5192,6.643868e-06
image_5193,0.967262
image_5194,9.980906e-07
image_5195,5.3931508e-05
image_5196,0.033553928
image_5197,0.88727
image_5198,0.038670074
image_5199,1.210791e-06
image_5200,0.00019274469
image_5201,0.018522728
image_5202,0.011077782
image_5203,0.0005415921
image_5204,0.0021589047
image_5205,5.7152807e-05
image_5206,0.00012661038
image_5207,0.0009438958
image_5208,0.9958812
image_5209,5.234617e-06
image_5210,0.000792581
image_5211,0.019040316
image_5212,0.0776598
image_5213,0.0008241914
image_5214,0.014930917
image_5215,0.0026887553
image_5216,0.7892083
image_5217,2.6444561e-06
image_5218,0.0003718044
image_5219,0.00495893
image_5220,0.00019127585
image_5221,0.004062748
image_5222,0.98554516
image_5223,6.54748e-08
image_5224,0.78453207
image_5225,3.9507762e-05
image_5226,0.0006360569
image_5227,3.5223675e-06
image_5228,0.0005817119
image_5229,0.087867185
image_5230,0.8813988
image_5231,0.0025603706
image_5232,2.0535313e-06
image_5233,5.2584168e-05
image_5234,0.00011266158
image_5235,0.004280914
image_5236,0.0020288145
image_5237,0.34454787
image_5238,0.00017095539
image_5239,0.09194094
image_5240,8.311131e-07
image_5241,6.7028e-07
image_5242,0.99707806
image_5243,3.5578184e-06
image_5244,0.0077399365
image_5245,0.7347173
image_5246,5.184584e-08
image_5247,5.3701486e-05
image_5248,0.28726453
image_5249,0.9963052
image_5250,2.0798492e-05
image_5251,0.0009984626
image_5252,0.11558321
image_5253,0.0013519238
image_5254,0.0033033136
image_5255,1.5100468e-06
image_5256,0.0031263833
image_5257,0.6858504
image_5258,0.005691896
image_5259,0.031760465
image_5260,0.034380708
image_5261,0.00242613
image_5262,1.7288623e-06
image_5263,0.13419789
image_5264,0.8803247
image_5265,0.0026029986
image_5266,0.0011554655
image_5267,0.0031610972
image_5268,0.98318154
image_5269,0.0017664898
image_5270,0.00015081113
image_5271,0.008998347
image_5272,0.99996114
image_5273,0.11067996
image_5274,1.2362384e-06
image_5275,4.141403e-08
image_5276,0.029742239
image_5277,5.701041e-05
image_5278,0.00022405971
image_5279,0.004272634
image_5280,2.9144356e-05
image_5281,0.0016282847
image_5282,0.32910153
image_5283,0.9961425
image_5284,0.008414345
image_5285,0.0025357632
image_5286,0.00010554065
image_5287,0.0077481894
image_5288,0.00077675394
image_5289,0.047524653
image_5290,0.7868521
image_5291,0.010399722
image_5292,9.1720205e-05
image_5293,6.378081e-06
image_5294,0.0023127852
image_5295,0.0014040049
image_5296,0.018722504
image_5297,0.0009260983
image_5298,0.85577273
image_5299,0.0017395448
image_5300,0.97370505
image_5301,0.0018394161
image_5302,0.003054577
image_5303,0.010989996
image_5304,0.0022763307
image_5305,2.5621782e-07
image_5306,0.00024025464
image_5307,0.82405245
image_5308,0.00036034582
image_5309,0.00071422453
image_5310,1.6672275e-05
image_5311,4.0373225e-06
image_5312,0.002775609
image_5313,0.74878323
image_5314,0.00010588333
image_5315,0.0010718891
image_5316,7.498949e-07
image_5317,8.14791e-06
image_5318,0.008882457
image_5319,0.5910882
image_5320,1.702433e-05
image_5321,0.0007912334
image_5322,0.38787174
image_5323,2.2952686e-09
image_5324,0.97370785
image_5325,0.07127462
image_5326,1.50390215e-05
image_5327,0.121007025
image_5328,0.0022406434
image_5329,0.9847474
image_5330,0.91098607
image_5331,0.015533405
image_5332,0.06804873
image_5333,0.12831864
image_5334,0.07554355
image_5335,0.00069073355
image_5336,0.006119619
image_5337,0.0044106925
image_5338,0.0008831427
image_5339,0.113935545
image_5340,5.719644e-06
image_5341,0.00010218168
image_5342,0.098264605
image_5343,0.00038764463
image_5344,0.12364193
image_5345,0.13816172
image_5346,9.505597e-06
image_5347,9.242215e-05
image_5348,2.0728608e-07
image_5349,0.0009371825
image_5350,2.2118958e-05
image_5351,2.1473436e-06
image_5352,0.00018064989
image_5353,1.2398666e-08
image_5354,0.997342
image_5355,0.90846133
image_5356,8.2952654e-05
image_5357,0.038713578
image_5358,1.3095317e-05
image_5359,8.9395456e-07
image_5360,0.08216538
image_5361,0.0032833344
image_5362,1.3114094e-05
image_5363,0.22143091
image_5364,1.5937071e-06
image_5365,0.06321637
image_5366,0.00012341753
image_5367,6.240753e-05
image_5368,3.09023e-05
image_5369,0.7901677
image_5370,0.0140614845
image_5371,3.0184336e-05
image_5372,0.14091697
image_5373,3.930528e-05
image_5374,0.0004109382
image_5375,0.00014725907
image_5376,0.20818762
image_5377,0.0012336051
image_5378,4.0420542e-05
image_5379,0.009074997
image_5380,0.0029676254
image_5381,0.0001651974
image_5382,0.00026454258
image_5383,1.2863017e-05
image_5384,0.0028336127
image_5385,5.7317493e-06
image_5386,0.00093026384
image_5387,0.00025495203
image_5388,1.8924133e-06
image_5389,0.00049901253
image_5390,0.24732432
image_5391,9.693509e-05
image_5392,0.028016858
image_5393,0.007456831
image_5394,1.5923099e-05
image_5395,0.015913168
image_5396,0.00057847134
image_5397,0.0017652746
image_5398,0.0017885796
image_5399,0.0056158165
image_5400,0.0029764774
image_5401,2.71399e-05
image_5402,3.3423373e-06
image_5403,1.6387339e-06
image_5404,1.6916572e-05
image_5405,0.0071180966
image_5406,1.1369306e-06
image_5407,0.00043294896
image_5408,1.2666936e-08
image_5409,6.2646504e-05
image_5410,0.9990952
image_5411,0.97104716
image_5412,0.089062646
image_5413,2.761572e-06
image_5414,3.826589e-08
image_5415,0.005010373
image_5416,6.2959356e-05
image_5417,6.9757216e-06
image_5418,0.017918315
image_5419,1.7789347e-07
image_5420,4.3732012e-05
image_5421,0.3734078
image_5422,0.006288571
image_5423,0.00085866725
image_5424,2.6515587e-05
image_5425,7.639962e-05
image_5426,0.0014099958
image_5427,0.9735111
image_5428,0.25641873
image_5429,7.64159e-06
image_5430,0.0003499475
image_5431,3.0541406e-07
image_5432,1.4752841e-06
image_5433,0.00051962805
image_5434,4.0335216e-08
image_5435,0.005079267
image_5436,0.0006955817
image_5437,0.790747
image_5438,0.080669135
image_5439,0.01640773
image_5440,0.0046481593
image_5441,0.045394644
image_5442,0.00021345186
image_5443,0.20202038
image_5444,0.00092631235
image_5445,4.615e-06
image_5446,0.0015252507
image_5447,7.0897736e-06
image_5448,2.719786e-05
image_5449,0.0071328436
image_5450,0.0019760365
image_5451,0.017360954
image_5452,0.09753245
image_5453,0.00010383851
image_5454,0.00054655113
image_5455,2.984049e-07
image_5456,1.9268344e-05
image_5457,0.042047158
image_5458,0.800616
image_5459,3.2369e-05
image_5460,3.6993686e-06
image_5461,9.606685e-06
image_5462,0.026626399
image_5463,0.0024373902
image_5464,0.11187353
image_5465,0.0028447933
image_5466,0.0059407675
image_5467,0.0264111
image_5468,0.21757993
image_5469,0.8343295
image_5470,0.7330589
image_5471,0.0016804896
image_5472,0.7650048
image_5473,0.010567547
image_5474,0.00025604494
image_5475,0.0031678947
image_5476,0.00041585742
image_5477,1.4829851e-06
image_5478,7.898725e-05
image_5479,0.0005526468
image_5480,0.004682879
image_5481,0.90739214
image_5482,0.72151065
image_5483,0.018833255
image_5484,2.390635e-05
image_5485,2.2576603e-05
image_5486,2.3901819e-06
image_5487,1.7814975e-06
image_5488,3.0007286e-06
image_5489,0.00013457268
image_5490,0.0002813325
image_5491,2.697714e-05
image_5492,0.9979151
image_5493,0.0015965834
image_5494,1.45838585e-05
image_5495,4.9243798e-05
image_5496,0.00028181728
image_5497,5.2817377e-05
image_5498,7.617629e-09
image_5499,0.011504903
image_5500,0.0004745394
image_5501,0.0038433438
image_5502,1.7616347e-08
image_5503,0.00022053326
image_5504,8.57639e-06
image_5505,0.0001151005
image_5506,0.0036417546
image_5507,0.0002974897
image_5508,0.0007200548
image_5509,5.2234223e-05
image_5510,0.00039064835
image_5511,0.75147974
image_5512,0.0021736855
image_5513,2.5202094e-06
image_5514,0.17979568
image_5515,0.004934064
image_5516,4.36613e-08
image_5517,0.00060895365
image_5518,6.957317e-05
image_5519,2.3206076e-05
image_5520,1.0813685e-05
image_5521,5.537692e-05
image_5522,0.049925033
image_5523,7.884021e-08
image_5524,0.9735671
image_5525,6.763283e-05
image_5526,5.757081e-05
image_5527,0.2207506
image_5528,1.11356285e-05
image_5529,0.0012690091
image_5530,0.073517516
image_5531,0.0002949037
image_5532,0.0022892605
image_5533,0.0015196147
image_5534,6.1525856e-07
image_5535,0.0017051153
image_5536,0.00016683553
image_5537,0.03716096
image_5538,0.97074234
image_5539,0.012016674
image_5540,0.0090127215
image_5541,0.22038412
image_5542,0.016479196
image_5543,0.00031758216
image_5544,0.9939302
image_5545,0.0008704326
image_5546,0.0020817397
image_5547,0.00012806719
image_5548,2.664598e-05
image_5549,0.99853337
image_5550,1.859729e-05
image_5551,5.668623e-05
image_5552,0.0004049631
image_5553,0.0008715207
image_5554,0.00018391182
image_5555,0.79766506
image_5556,0.8288808
image_5557,1.9415655e-05
image_5558,0.00015302587
image_5559,0.0001859263
image_5560,0.0060791923
image_5561,0.010950819
image_5562,0.10803078
image_5563,0.92691875
image_5564,2.6275275e-06
image_5565,0.7963164
image_5566,0.8042328
image_5567,0.0027311845
image_5568,0.996054
image_5569,0.0124741215
image_5570,0.013734561
image_5571,2.3748666e-05
image_5572,3.566744e-05
image_5573,0.00041131297
image_5574,0.0004017367
image_5575,0.01101917
image_5576,0.9941293
image_5577,0.00080861134
image_5578,0.101130754
image_5579,0.16654393
image_5580,7.6631644e-05
image_5581,0.0013499407
image_5582,0.05337339
image_5583,3.0231216e-05
image_5584,0.071831994
image_5585,0.0061647883
image_5586,0.0010934602
image_5587,0.97209823
image_5588,0.14009634
image_5589,0.046714418
image_5590,0.13994919
image_5591,0.00034404767
image_5592,9.474508e-05
image_5593,5.112643e-05
image_5594,0.6113812
image_5595,0.9986936
image_5596,0.9405068
image_5597,0.00392369
image_5598,1.7351766e-06
image_5599,0.007737288
image_5600,0.0010635956
image_5601,0.0011428697
image_5602,0.0047643604
image_5603,0.029378787
image_5604,0.015033245
image_5605,2.7591268e-06
image_5606,7.002914e-05
image_5607,0.95094395
image_5608,0.00027416134
image_5609,1.9520017e-05
image_5610,0.7871461
image_5611,0.00043034332
image_5612,0.00043573472
image_5613,0.000996365
image_5614,0.88014674
image_5615,9.56984e-05
image_5616,0.21004446
image_5617,1.1264395e-06
image_5618,0.043929677
image_5619,0.00015690562
image_5620,0.19255579
image_5621,0.00013525027
image_5622,0.000196745
image_5623,0.00012777201
image_5624,0.020579249
image_5625,0.0001851013
image_5626,0.00088816084
image_5627,0.0004178227
image_5628,0.00038066984
image_5629,0.014880387
image_5630,0.0002881849
image_5631,0.15376896
image_5632,0.0052374424
image_5633,0.99897933
image_5634,0.9891833
image_5635,1.7505756e-05
image_5636,3.6195852e-05
image_5637,2.6906054e-07
image_5638,0.98875606
image_5639,9.0845435e-07
image_5640,7.732024e-07
image_5641,0.0023430912
image_5642,3.0822338e-07
image_5643,0.0037540058
image_5644,0.8740331
image_5645,0.0010657425
image_5646,0.0012807626
image_5647,5.4317476e-05
image_5648,0.0002244188
image_5649,4.0362618e-05
image_5650,1.6074885e-06
image_5651,0.014491217
image_5652,0.0001086263
image_5653,0.013635619
image_5654,0.00033996612
image_5655,0.7998467
image_5656,0.0045757154
image_5657,1.0025681e-06
image_5658,1.0821619e-08
image_5659,0.9890157
image_5660,0.00044535354
image_5661,0.98573005
image_5662,0.79389954
image_5663,0.82992125
image_5664,0.004569982
image_5665,0.7984197
image_5666,3.4467615e-05
image_5667,3.7265454e-05
image_5668,5.0141804e-05
image_5669,8.08697e-05
image_5670,1.6997473e-07
image_5671,0.0002961395
image_5672,0.003393737
image_5673,0.0002657908
image_5674,3.3627248e-06
image_5675,0.0014373777
image_5676,0.004223876
image_5677,1.2711757e-07
image_5678,8.336261e-05
image_5679,0.010841863
image_5680,0.00012981019
image_5681,0.0016450036
image_5682,3.4776525e-07
image_5683,5.2363205e-08
image_5684,3.4140983e-05
image_5685,0.0020489753
image_5686,0.00197479
image_5687,8.839654e-05
image_5688,0.0007077494
image_5689,0.00014036726
image_5690,0.001634248
image_5691,0.0002434268
image_5692,0.00039441907
image_5693,3.4349876e-05
image_5694,0.061875153
image_5695,0.0006116068
image_5696,4.6038673e-05
image_5697,1.1525402e-06
image_5698,5.2447085e-06
image_5699,0.00027448416
image_5700,0.0015068126
image_5701,0.012161499
image_5702,0.0001408346
image_5703,2.1461074e-05
image_5704,9.613754e-06
image_5705,0.009947997
image_5706,3.532708e-06
image_5707,0.95449555
image_5708,0.83582366
image_5709,3.6262256e-05
image_5710,0.00031330006
image_5711,0.00017631511
image_5712,6.734925e-05
image_5713,0.017852731
image_5714,0.001619855
image_5715,4.1497973e-05
image_5716,0.0043983907
image_5717,0.0012087678
image_5718,0.96054536
image_5719,1.7081873e-05
image_5720,9.621479e-05
image_5721,8.121631e-06
image_5722,0.012933435
image_5723,3.2164073e-05
image_5724,4.0358827e-05
image_5725,2.4581444e-05
image_5726,0.00010796952
image_5727,0.2762733
image_5728,2.6897073e-05
image_5729,0.00051209755
image_5730,0.00045801606
image_5731,0.0037896475
image_5732,0.006187439
image_5733,0.79297173
image_5734,0.00067437836
image_5735,2.8640623e-05
image_5736,1.0736954e-05
image_5737,5.7313275e-05
image_5738,4.5594978e-05
image_5739,0.00038754236
image_5740,0.0011731456
image_5741,0.022230301
image_5742,2.0849139e-07
image_5743,4.9684313e-05
image_5744,0.00011315723
image_5745,0.0011274931
image_5746,4.3773056e-05
image_5747,6.4566215e-08
image_5748,6.476619e-10
image_5749,3.1571603e-06
image_5750,0.0002676177
image_5751,0.0013448098
image_5752,0.75016767
image_5753,0.0003639739
image_5754,7.0248425e-05
image_5755,0.86340773
image_5756,0.020608302
image_5757,0.31355762
image_5758,8.069636e-05
image_5759,1.7984611e-10
image_5760,1.2972692e-05
image_5761,0.0013045488
image_5762,0.00011416078
image_5763,0.0050335363
image_5764,2.6570593e-05
image_5765,0.011261898
image_5766,0.033174157
image_5767,0.00012143312
image_5768,8.085095e-07
image_5769,0.0032535852
image_5770,0.8246632
image_5771,0.0004277614
image_5772,3.672465e-05
image_5773,7.4322015e-06
image_5774,7.4756126e-06
image_5775,7.509883e-05
image_5776,0.0031224396
image_5777,0.78200185
image_5778,0.104825206
image_5779,0.0006246639
image_5780,0.014203957
image_5781,8.9546826e-05
image_5782,0.00022729443
image_5783,0.0049507003
image_5784,0.9074304
image_5785,0.00014940789
image_5786,1.1208946e-06
image_5787,0.0018433083
image_5788,0.00030916056
image_5789,1.6068248e-05
image_5790,6.2163076e-07
image_5791,6.654543e-05
image_5792,2.4201794e-05
image_5793,2.0101637e-05
image_5794,0.7951996
image_5795,0.010421069
image_5796,0.0001570335
image_5797,0.010206405
image_5798,0.002253999
image_5799,0.003972362
image_5800,0.0012233616
image_5801,0.8173125
image_5802,0.0063913893
image_5803,0.0013120838
image_5804,0.018188505
image_5805,0.006952226
image_5806,0.00064849126
image_5807,8.867134e-05
image_5808,1.0637007e-05
image_5809,0.97176397
image_5810,0.5192057
image_5811,0.00025991182
image_5812,1.9638017e-05
image_5813,0.0051485654
image_5814,1.5780955e-05
image_5815,0.0069151046
image_5816,0.012715022
image_5817,0.0041303704
image_5818,6.8731075e-05
image_5819,4.827939e-05
image_5820,0.009259372
image_5821,0.00619629
image_5822,0.00016004023
image_5823,5.442955e-07
image_5824,5.138966e-05
image_5825,0.016156394
image_5826,8.605524e-07
image_5827,6.849608e-06
image_5828,0.00023267491
image_5829,5.3410904e-06
image_5830,0.00022039123
image_5831,0.984063
image_5832,3.142975e-06
image_5833,9.565554e-05
image_5834,0.0005197318
image_5835,0.0037672226
image_5836,0.76127875
image_5837,0.0010431826
image_5838,0.029413868
image_5839,2.6254227e-05
image_5840,3.9319403e-08
image_5841,0.00015223841
image_5842,9.287784e-06
image_5843,0.0007000463
image_5844,3.1169117e-07
image_5845,4.675722e-06
image_5846,6.9657654e-06
image_5847,0.94216037
image_5848,3.8039594e-05
image_5849,0.9990956
image_5850,0.00025767728
image_5851,0.004315518
image_5852,0.9830226
image_5853,0.0001800617
image_5854,9.208539e-05
image_5855,0.0008226777
image_5856,0.00031459183
image_5857,0.99988496
image_5858,0.017588157
image_5859,0.0062346333
image_5860,0.020376362
image_5861,5.426048e-06
image_5862,6.955771e-07
image_5863,6.1360724e-06
image_5864,7.3309116e-06
image_5865,6.161559e-06
image_5866,0.00909159
image_5867,0.0005460678
image_5868,0.0007849133
image_5869,1.1371684e-08
image_5870,0.00026701944
image_5871,0.01317395
image_5872,0.07856842
image_5873,2.2890454e-06
image_5874,2.4102189e-08
image_5875,0.00027289605
image_5876,8.804606e-07
image_5877,0.00059967936
image_5878,0.001884856
image_5879,0.00029085166
image_5880,0.15009244
image_5881,3.0203091e-05
image_5882,0.00014061903
image_5883,0.00018527855
image_5884,0.00033387222
image_5885,0.00066205504
image_5886,4.7283393e-06
image_5887,0.00067714456
image_5888,0.03646376
image_5889,0.0004008141
image_5890,0.0015050246
image_5891,0.0011088703
image_5892,3.7260143e-05
image_5893,3.973815e-06
image_5894,0.0043724445
image_5895,0.038254976
image_5896,0.0009449043
image_5897,5.0013143e-05
image_5898,8.311897e-05
image_5899,9.1528345e-06
image_5900,0.7881739
image_5901,0.027925517
image_5902,4.900162e-06
image_5903,0.0012254872
image_5904,0.0010303627
image_5905,4.331541e-07
image_5906,2.3636923e-05
image_5907,0.76198155
image_5908,0.00020534787
image_5909,1.3271514e-05
image_5910,0.018380526
image_5911,0.0008701867
image_5912,0.933989
image_5913,0.00027348317
image_5914,0.100951865
image_5915,8.355419e-06
image_5916,3.2355283e-06
image_5917,0.0003395086
image_5918,6.624937e-07
image_5919,0.9994842
image_5920,2.0833248e-05
image_5921,0.1511698
image_5922,0.15145737
image_5923,9.4739036e-08
image_5924,4.551927e-05
image_5925,0.06611276
image_5926,0.0011221084
image_5927,0.0004871369
image_5928,3.7086043e-06
image_5929,0.0031457273
image_5930,2.8438753e-06
image_5931,3.5534507e-05
image_5932,0.008200307
image_5933,0.02718828
image_5934,0.00010363599
image_5935,0.0023336392
image_5936,0.99207956
image_5937,0.0002496582
image_5938,0.98546374
image_5939,0.98128045
image_5940,0.0067949956
image_5941,0.0002699401
image_5942,0.0029442222
image_5943,0.99330556
image_5944,4.282118e-05
image_5945,0.99772096
image_5946,1.08412635e-07
image_5947,0.0006167054
image_5948,5.494902e-07
image_5949,0.01470643
image_5950,3.6137757e-05
image_5951,1.3731e-05
image_5952,0.027494624
image_5953,1.3372972e-05
image_5954,0.005446722
image_5955,1.1942789e-09
image_5956,1.1382539e-05
image_5957,1.7509454e-05
image_5958,0.7160374
image_5959,0.0009166693
image_5960,0.8314247
image_5961,3.5637646e-07
image_5962,5.6806355e-05
image_5963,0.97450304
image_5964,0.0025616845
image_5965,0.91021746
image_5966,0.02925386
image_5967,0.001430296
image_5968,0.00967318
image_5969,5.4080533e-07
image_5970,0.0005112231
image_5971,0.0012107367
image_5972,0.03193179
image_5973,5.3628428e-05
image_5974,2.3289667e-05
image_5975,0.0015829911
image_5976,1.424901e-06
image_5977,0.0014232479
image_5978,1.4951731e-05
image_5979,0.7536303
image_5980,0.0006315579
image_5981,0.017431423
image_5982,5.1212764e-06
image_5983,0.031393282
image_5984,4.6907833e-05
image_5985,0.0041881963
image_5986,0.00025124117
image_5987,0.8503728
image_5988,0.00029958092
image_5989,0.00042865667
image_5990,0.00072007685
image_5991,0.0054957764
image_5992,0.14049785
image_5993,5.984241e-05
image_5994,0.0061713825
image_5995,0.99686563
image_5996,0.7541907
image_5997,0.0018708904
image_5998,0.02439314
image_5999,0.00031427853
image_6000,0.08643748
image_6001,0.003709313
image_6002,0.0001040472
image_6003,0.9835113
image_6004,2.1298105e-05
image_6005,0.99964005
image_6006,0.0002571888
image_6007,0.00047229452
image_6008,4.1456875e-05
image_6009,0.0017834564
image_6010,5.7858262e-05
image_6011,0.9960918
image_6012,0.00038801512
image_6013,0.00028322087
image_6014,0.0006955055
image_6015,2.6896026e-07
image_6016,1.3707979e-05
image_6017,0.0010566692
image_6018,4.8884795e-05
image_6019,0.034907926
image_6020,3.3748627e-05
image_6021,7.87569e-07
image_6022,0.004688838
image_6023,0.01569065
image_6024,0.99615824
image_6025,0.0010616167
image_6026,0.9889493
image_6027,0.0006583539
image_6028,0.0165679
image_6029,0.0011248025
image_6030,0.01096489
image_6031,0.002093618
image_6032,0.94345915
image_6033,0.0002403002
image_6034,0.0015862376
image_6035,0.00012966679
image_6036,0.00018986338
image_6037,0.010637791
image_6038,0.02571095
image_6039,0.011715436
image_6040,0.000151138
image_6041,0.00038017426
image_6042,0.0026260968
image_6043,0.0076595843
image_6044,0.99509275
image_6045,0.039913148
image_6046,0.00048666217
image_6047,0.016252164
image_6048,0.12740676
image_6049,5.1399624e-05
image_6050,0.005671229
image_6051,0.0018597399
image_6052,0.009680608
image_6053,0.00026121776
image_6054,0.014181719
image_6055,0.004979831
image_6056,3.755527e-05
image_6057,0.17671826
image_6058,0.00032922003
image_6059,0.017101806
image_6060,0.28494924
image_6061,4.7289834e-08
image_6062,6.457296e-05
image_6063,0.00011091867
image_6064,0.9813806
image_6065,0.016724844
image_6066,0.9527561
image_6067,0.11020989
image_6068,0.7712162
image_6069,0.004478515
image_6070,1.4548147e-05
image_6071,3.2548332e-06
image_6072,0.00057860743
image_6073,0.9232761
image_6074,1.8747423e-07
image_6075,0.0004046359
image_6076,7.573275e-05
image_6077,9.864099e-05
image_6078,5.5325204e-06
image_6079,0.0011592485
image_6080,0.0035466112
image_6081,1.36301005e-05
image_6082,0.000108602755
image_6083,0.5580536
image_6084,0.02167953
image_6085,0.0010477186
image_6086,0.00017420732
image_6087,0.0003669673
image_6088,0.01446812
image_6089,0.00017824415
image_6090,0.0028474946
image_6091,2.2546905e-05
image_6092,0.7672887
image_6093,0.00063360797
image_6094,0.5178964
image_6095,0.02369587
image_6096,1.975886e-05
image_6097,9.388344e-05
image_6098,0.00010756617
image_6099,0.057371654
image_6100,0.00037997964
image_6101,0.00079911435
image_6102,0.00032189715
image_6103,0.95362383
image_6104,0.0013110618
image_6105,6.92067e-06
image_6106,0.00012511211
image_6107,4.5880765e-06
image_6108,0.34907937
image_6109,8.231307e-05
image_6110,0.010310814
image_6111,0.0027984618
image_6112,0.00018894748
image_6113,4.0650892e-07
image_6114,0.81173587
image_6115,0.0011980614
image_6116,2.171796e-06
image_6117,0.0076303333
image_6118,0.003484098
image_6119,0.9827352
image_6120,0.0005365177
image_6121,7.116377e-05
image_6122,0.00037124526
image_6123,0.0013419869
image_6124,0.00019912128
image_6125,0.0030737817
image_6126,0.00042119424
image_6127,7.686727e-06
image_6128,0.0017539224
image_6129,0.13574111
image_6130,4.1995183e-05
image_6131,0.00011062184
image_6132,0.6026954
image_6133,0.0021693506
image_6134,1.4326561e-05
image_6135,8.033572e-06
image_6136,0.019979179
image_6137,3.0984106e-06
image_6138,0.8106189
image_6139,0.0008456882
image_6140,0.22537634
image_6141,9.0317667e-07
image_6142,0.989522
image_6143,0.0012257249
image_6144,0.20720807
image_6145,0.25992697
image_6146,3.5246392e-06
image_6147,0.0015547625
image_6148,0.013198474
image_6149,2.1378044e-05
image_6150,0.006792512
image_6151,0.99480665
image_6152,0.024973733
image_6153,2.418967e-06
image_6154,0.9213009
image_6155,0.0012199534
image_6156,0.007443446
image_6157,0.0010629904
image_6158,0.004546967
image_6159,0.0002839492
image_6160,0.00014480019
image_6161,5.71418e-05
image_6162,3.7029018e-05
image_6163,3.1197415e-05
image_6164,0.0024074449
image_6165,0.001178836
image_6166,6.493805e-05
image_6167,1.00488954e-07
image_6168,0.0009974055
image_6169,0.000934895
image_6170,3.9318599e-07
image_6171,0.0010916115
image_6172,1.5769183e-06
image_6173,0.309059
image_6174,0.0022181207
image_6175,0.18483052
image_6176,0.0034754872
image_6177,1.0149573e-05
image_6178,1.7459417e-05
image_6179,0.9973746
image_6180,0.005459574
image_6181,4.469943e-06
image_6182,6.805777e-07
image_6183,0.00015704337
image_6184,2.262172e-06
image_6185,4.7926907e-05
image_6186,0.009651683
image_6187,0.00022128777
image_6188,8.9133425e-07
image_6189,0.24015158
image_6190,0.776862
image_6191,5.7170234e-07
image_6192,4.3709947e-06
image_6193,0.4828906
image_6194,6.082828e-05
image_6195,0.0008141041
image_6196,3.188607e-05
image_6197,0.00014142971
image_6198,0.00025622273
image_6199,0.0008248238
image_6200,0.9888996
image_6201,0.00011984769
image_6202,2.037923e-05
image_6203,6.6004744e-05
image_6204,9.032361e-06
image_6205,5.2015796e-09
image_6206,0.0015599072
image_6207,1.0149621e-05
image_6208,1.5393867e-05
image_6209,0.24018764
image_6210,8.419328e-05
image_6211,0.0038608324
image_6212,0.0031059962
image_6213,0.09170859
image_6214,0.00014912378
image_6215,0.00049485004
image_6216,8.2577e-05
image_6217,0.0037680548
image_6218,0.00023453709
image_6219,0.0004237214
image_6220,1.6716229e-05
image_6221,0.9970993
image_6222,0.9539063
image_6223,0.0002716211
image_6224,0.9992806
image_6225,0.0006041301
image_6226,0.00058447814
image_6227,0.00036198046
image_6228,0.014166059
image_6229,0.00020620873
image_6230,2.286105e-06
image_6231,1.6378863e-05
image_6232,5.0657227e-06
image_6233,2.7594207e-05
image_6234,0.00061564497
image_6235,3.945473e-10
image_6236,0.00048672504
image_6237,7.509579e-08
image_6238,0.65295964
image_6239,0.058941413
image_6240,3.9642404e-05
image_6241,4.677543e-06
image_6242,7.1549093e-06
image_6243,0.9648812
image_6244,0.0070660943
image_6245,0.637452
image_6246,4.437068e-07
image_6247,0.0014442323
image_6248,0.9614763
image_6249,0.00010345534
image_6250,2.4166693e-06
image_6251,0.000252716
image_6252,1.979008e-05
image_6253,3.2796786e-05
image_6254,0.57884157
image_6255,0.772176
image_6256,0.09912357
image_6257,0.00033808625
image_6258,0.005821586
image_6259,0.9990105
image_6260,0.020511957
image_6261,0.0047408803
image_6262,2.7840924e-06
image_6263,0.0002051462
image_6264,0.0022238484
image_6265,0.00021469235
image_6266,0.033896964
image_6267,0.00029357284
image_6268,3.989364e-06
image_6269,0.005760043
image_6270,0.027437624
image_6271,1.7315019e-06
image_6272,0.00045586005
image_6273,0.2684887
image_6274,0.99218845
image_6275,0.00017346717
image_6276,0.00025638615
image_6277,0.00012482688
image_6278,0.0004041299
image_6279,0.0024381545
image_6280,0.0016307626
image_6281,0.047309585
image_6282,0.9999993
image_6283,3.7658697e-06
image_6284,7.721144e-06
image_6285,0.011421202
image_6286,6.7962073e-06
image_6287,0.0006306223
image_6288,0.0003075208
image_6289,0.82068837
image_6290,0.00035982812
image_6291,0.76609063
image_6292,2.2568202e-06
image_6293,0.00010883204
image_6294,0.0014068575
image_6295,0.3893658
image_6296,0.00064146257
image_6297,0.00023423317
image_6298,0.7798033
image_6299,0.000119381424
image_6300,0.011177372
image_6301,0.6305077
image_6302,0.8718333
image_6303,0.9365293
image_6304,0.0048891837
image_6305,1.424225e-05
image_6306,0.0073061064
image_6307,0.0010452546
image_6308,3.6152924e-06
image_6309,0.0007971433
image_6310,0.18674764
image_6311,1.5473595e-06
image_6312,0.0049696425
image_6313,0.12611392
image_6314,0.0031753066
image_6315,0.20761617
image_6316,3.2166605e-05
image_6317,0.001718974
image_6318,0.0006999073
image_6319,3.308564e-05
image_6320,0.007491149
image_6321,0.8019341
image_6322,0.09478881
image_6323,8.500638e-05
image_6324,2.3184286e-05
image_6325,1.8718425e-06
image_6326,0.0057820603
image_6327,0.0003898701
image_6328,7.601974e-06
image_6329,4.5492186e-08
image_6330,0.9765046
image_6331,0.00043443078
image_6332,0.0006773212
image_6333,3.1092623e-05
image_6334,0.027780015
image_6335,1.858656e-05
image_6336,0.97166604
image_6337,0.0057077813
image_6338,0.94309634
image_6339,0.0056404825
image_6340,0.00014222671
image_6341,0.055448644
image_6342,0.021487975
image_6343,6.594973e-05
image_6344,0.0036434066
image_6345,0.020299058
image_6346,0.9930825
image_6347,0.0009891186
image_6348,0.004097549
image_6349,7.684106e-06
image_6350,1.1189892e-05
image_6351,0.02590089
image_6352,2.5738434e-05
image_6353,0.012822099
image_6354,0.00076554203
image_6355,0.00018548704
image_6356,0.0001184821
image_6357,0.58420104
image_6358,7.4441195e-05
image_6359,0.018411687
image_6360,0.0052420464
image_6361,0.0019183485
image_6362,3.0292765e-06
image_6363,1.0927067e-10
image_6364,0.030682575
image_6365,3.5559082e-05
image_6366,0.000519363
image_6367,0.08594698
image_6368,1.0823662e-09
image_6369,0.0012538158
image_6370,0.0073486776
image_6371,0.77076364
image_6372,0.012373498
image_6373,1.1731077e-05
image_6374,4.409945e-06
image_6375,0.02937009
image_6376,0.9993117
image_6377,0.025421537
image_6378,9.7808734e-05
image_6379,6.158995e-05
image_6380,0.020552848
image_6381,0.9376973
image_6382,0.00013602212
image_6383,0.741392
image_6384,0.0002450322
image_6385,2.3683275e-05
image_6386,0.0013969046
image_6387,0.0028323636
image_6388,0.0027303656
image_6389,0.021718223
image_6390,1.6429683e-05
image_6391,0.00066326535
image_6392,0.00041826602
image_6393,0.0002912284
image_6394,0.016544124
image_6395,0.0032288097
image_6396,4.6959325e-05
image_6397,1.2095905e-05
image_6398,6.12759e-05
image_6399,0.0006574388
image_6400,0.14064318
image_6401,1.7700415e-05
image_6402,0.08119291
image_6403,0.04494141
image_6404,0.0425461
image_6405,0.9977658
image_6406,0.00020541684
image_6407,1.3901204e-05
image_6408,5.891624e-05
image_6409,9.7561915e-06
image_6410,0.00021152415
image_6411,0.0001413738
image_6412,0.19753593
image_6413,0.009408183
image_6414,0.00038655565
image_6415,0.9877199
image_6416,3.5555422e-06
image_6417,2.6237893e-05
image_6418,0.00033611583
image_6419,0.0010052028
image_6420,9.975426e-05
image_6421,1.3162789e-05
image_6422,0.026208987
image_6423,0.003977201
image_6424,0.15900919
image_6425,0.00043389804
image_6426,0.000273633
image_6427,0.050532516
image_6428,0.0752449
image_6429,0.0016535802
image_6430,0.00039254705
image_6431,2.3319869e-07
image_6432,0.571264
image_6433,0.01598165
image_6434,0.00047149253
image_6435,0.0001155888
image_6436,0.99207956
image_6437,0.9079213
image_6438,0.0007041181
image_6439,0.0042084046
image_6440,0.021511357
image_6441,0.003705571
image_6442,1.6542313e-06
image_6443,8.338106e-05
image_6444,0.016189665
image_6445,0.95678735
image_6446,1.0038791e-06
image_6447,0.0040068757
image_6448,6.670964e-07
image_6449,7.0177875e-06
image_6450,0.00022574252
image_6451,0.75412
image_6452,0.0003936824
image_6453,6.93849e-05
image_6454,0.00017970696
image_6455,2.8127331e-05
image_6456,6.419726e-05
image_6457,0.011211726
image_6458,0.00064722693
image_6459,0.9968855
image_6460,0.023893742
image_6461,0.00032142596
image_6462,0.018783025
image_6463,0.016652627
image_6464,0.08085108
image_6465,0.0027835837
image_6466,0.8076612
image_6467,0.0059019094
image_6468,0.0019687521
image_6469,0.24167529
image_6470,0.0010268033
image_6471,0.00013430331
image_6472,0.98667693
image_6473,1.2522823e-06
image_6474,4.0062474e-07
image_6475,0.023895845
image_6476,2.8776475e-07
image_6477,0.0017808161
image_6478,7.0256675e-08
image_6479,0.00045361437
image_6480,0.00086805585
image_6481,0.010893922
image_6482,0.00010100366
image_6483,0.0002511324
image_6484,1.3715246e-06
image_6485,0.11084474
image_6486,0.6201298
image_6487,0.00012203817
image_6488,4.605217e-05
image_6489,2.9631153e-07
image_6490,0.003605247
image_6491,1.4650741e-06
image_6492,0.00048151356
image_6493,1.6093742e-05
image_6494,4.5998917e-07
image_6495,0.005561172
image_6496,0.00087316654
image_6497,0.0002506464
image_6498,6.4920246e-06
image_6499,6.401129e-06
image_6500,6.313169e-05
image_6501,0.001993616
image_6502,0.97226775
image_6503,0.0005874911
image_6504,0.17268607
image_6505,0.00074280653
image_6506,0.0024697855
image_6507,1.0498945e-05
image_6508,0.9894359
image_6509,0.00010792134
image_6510,0.005694911
image_6511,0.92298615
image_6512,1.8710145e-06
image_6513,0.0027975142
image_6514,5.551485e-06
image_6515,0.0093912855
image_6516,0.050855935
image_6517,1.680616e-05
image_6518,0.7517042
image_6519,9.5881e-05
image_6520,0.0005096523
image_6521,0.00013453062
image_6522,0.0005321386
image_6523,0.75881094
image_6524,4.7334084e-05
image_6525,2.8624245e-09
image_6526,6.3227504e-05
image_6527,0.000103692706
image_6528,0.001766646
image_6529,0.00015710041
image_6530,0.7945081
image_6531,0.00029081837
image_6532,1.6293752e-06
image_6533,0.0010925713
image_6534,2.171689e-06
image_6535,0.0011466409
image_6536,0.019253924
image_6537,0.0015948722
image_6538,0.0007322078
image_6539,7.76958e-05
image_6540,6.402675e-05
image_6541,0.0111291725
image_6542,6.3033212e-06
image_6543,0.0012779298
image_6544,0.34544325
image_6545,4.55597e-06
image_6546,0.11288881
image_6547,7.0003465e-05
image_6548,7.0304275e-05
image_6549,9.072672e-06
image_6550,0.00027976956
image_6551,0.0040631345
image_6552,2.823778e-07
image_6553,1.1353197e-06
image_6554,0.060972698
image_6555,0.71497947
image_6556,0.00016023002
image_6557,2.2539169e-08
image_6558,0.0025223712
image_6559,0.024477517
image_6560,2.3245613e-08
image_6561,0.98814803
image_6562,0.00025814745
image_6563,0.0076014595
image_6564,1.7473546e-06
image_6565,0.0056716194
image_6566,0.1107253
image_6567,4.7561174e-05
image_6568,0.0002870827
image_6569,2.6210787e-06
image_6570,0.78164136
image_6571,1.170078e-05
image_6572,0.054180644
image_6573,0.014232279
image_6574,0.7766125
image_6575,1.2354752e-05
image_6576,0.99073243
image_6577,0.9795598
image_6578,0.011357307
image_6579,0.00014850806
image_6580,0.00044211687
image_6581,0.7452084
image_6582,0.8481264
image_6583,0.00035197742
image_6584,0.001439003
image_6585,1.2835287e-05
image_6586,0.00045175658
image_6587,8.95713e-05
image_6588,1.2310301e-05
image_6589,0.0013189913
image_6590,0.0014316888
image_6591,5.3835633e-05
image_6592,0.104309425
image_6593,7.719028e-06
image_6594,1.5732054e-05
image_6595,1.4420707e-05
image_6596,1.0528436e-07
image_6597,0.0008677056
image_6598,0.0005505384
image_6599,0.042454865
image_6600,0.00016020359
image_6601,0.008329976
image_6602,0.0006785634
image_6603,0.0001229513
image_6604,0.0004613019
image_6605,0.1102875
image_6606,7.021519e-06
image_6607,0.0010128805
image_6608,9.1876325e-05
image_6609,8.0370875e-05
image_6610,7.003875e-06
image_6611,6.7597153e-07
image_6612,0.069856174
image_6613,0.029492998
image_6614,4.961996e-07
image_6615,7.4643563e-06
image_6616,4.276807e-05
image_6617,0.91911936
image_6618,1.2319693e-05
image_6619,0.0011315546
image_6620,0.00015405117
image_6621,2.3424105e-05
image_6622,0.03588308
image_6623,0.9973937
image_6624,8.343839e-07
image_6625,0.5508052
image_6626,1.954223e-07
image_6627,9.865315e-05
image_6628,6.104948e-06
image_6629,3.9248822e-05
image_6630,0.009574231
image_6631,0.7964691
image_6632,0.07523374
image_6633,0.009506885
image_6634,9.49885e-06
image_6635,0.000998114
image_6636,7.814018e-06
image_6637,0.0035871342
image_6638,0.000116333424
image_6639,0.04408572
image_6640,4.0220576e-07
image_6641,0.021655336
image_6642,3.621933e-05
image_6643,2.2691013e-06
image_6644,0.0004147849
image_6645,0.0002198267
image_6646,0.0012218489
image_6647,0.00043883052
image_6648,7.48924e-08
image_6649,0.98284656
image_6650,1.4678137e-05
image_6651,0.00028252974
image_6652,6.269802e-07
image_6653,5.6304225e-06
image_6654,0.00017215639
image_6655,0.00010128385
image_6656,0.99900734
image_6657,0.0001377917
image_6658,0.00015111481
image_6659,2.0958437e-09
image_6660,1.3872939e-05
image_6661,0.00025377877
image_6662,3.7393497e-06
image_6663,6.877065e-06
image_6664,2.7538175e-07
image_6665,5.121158e-07
image_6666,1.30090375e-05
image_6667,1.450929e-07
image_6668,0.034602977
image_6669,0.0006789798
image_6670,1.483493e-06
image_6671,0.9999088
image_6672,6.0705304e-05
image_6673,0.00064910715
image_6674,7.017091e-08
image_6675,6.506612e-08
image_6676,0.001035623
image_6677,0.00032026845
image_6678,0.0010284244
image_6679,0.0020136721
image_6680,8.835048e-05
image_6681,0.0002116338
image_6682,0.9965459
image_6683,7.6709264e-05
image_6684,0.014847834
image_6685,2.6911224e-05
image_6686,0.031582974
image_6687,0.012914029
image_6688,0.6111419
image_6689,0.9090386
image_6690,4.628137e-06
image_6691,0.0018647679
image_6692,0.97170717
image_6693,1.7745338e-05
image_6694,3.0135026e-05
image_6695,3.1185568e-06
image_6696,0.0032302265
image_6697,0.073034704
image_6698,0.5993891
image_6699,4.7218804e-05
image_6700,0.0014347169
image_6701,0.0019698166
image_6702,4.794906e-06
image_6703,0.00015070953
image_6704,6.7865744e-07
image_6705,5.44095e-06
image_6706,6.663616e-07
image_6707,0.99605304
image_6708,7.1257097e-07
image_6709,1.6003042e-06
image_6710,0.69003534
image_6711,0.0005109357
image_6712,3.6445417e-05
image_6713,0.007394554
image_6714,0.0027592245
image_6715,1.0786483e-05
image_6716,0.064178966
image_6717,3.088386e-05
image_6718,0.0016034539
image_6719,0.99609065
image_6720,0.36503845
image_6721,2.1405376e-05
image_6722,0.0104678245
image_6723,0.002746253
image_6724,3.869759e-05
image_6725,6.630356e-05
image_6726,0.97092617
image_6727,0.06324546
image_6728,0.00030177634
image_6729,0.0038833688
image_6730,3.0119574e-05
image_6731,0.0002087554
image_6732,0.030036468
image_6733,2.2832398e-06
image_6734,0.0021039976
image_6735,8.450281e-05
image_6736,0.021820115
image_6737,0.78483796
image_6738,8.1808306e-05
image_6739,0.0046714526
image_6740,0.8883382
image_6741,0.5728191
image_6742,0.79769444
image_6743,0.0127863195
image_6744,9.0882873e-10
image_6745,0.0007229799
image_6746,0.008125255
image_6747,2.3092049e-07
image_6748,0.00033623457
image_6749,0.0045290757
image_6750,0.008864189
image_6751,0.98900014
image_6752,1.2637275e-05
image_6753,0.8068832
image_6754,5.8188656e-05
image_6755,0.9985758
image_6756,0.00068791857
image_6757,0.9967221
image_6758,2.8815697e-07
image_6759,0.9048995
image_6760,0.621454
image_6761,0.8360666
image_6762,0.98002696
image_6763,0.003434743
image_6764,1.1345827e-06
image_6765,0.00014568806
image_6766,0.00081712153
image_6767,2.6996877e-05
image_6768,1.5115002e-05
image_6769,1.4538638e-07
image_6770,0.90241325
image_6771,0.00015480982
image_6772,0.015542716
image_6773,5.2814692e-05
image_6774,0.007418018
image_6775,1.7184834e-07
image_6776,1.8820249e-06
image_6777,0.00017298377
image_6778,2.6927793e-07
image_6779,6.477977e-07
image_6780,0.02645757
image_6781,0.0015492395
image_6782,0.0074894903
image_6783,0.6755633
image_6784,0.013270981
image_6785,5.3423442e-05
image_6786,0.0013909511
image_6787,0.004098731
image_6788,0.0016517201
image_6789,0.9024023
image_6790,0.0002027479
image_6791,0.00041716528
image_6792,0.001707161
image_6793,2.62597e-05
image_6794,0.00125856
image_6795,0.000110858455
image_6796,0.5799512
image_6797,0.0013776151
image_6798,0.0017870802
image_6799,0.0017667565
image_6800,3.620016e-05
image_6801,0.0059265746
image_6802,2.573888e-07
image_6803,6.5358545e-06
image_6804,0.00060733187
image_6805,0.00011833024
image_6806,0.15174767
image_6807,0.00026494206
image_6808,0.0006080492
image_6809,1.5100644e-05
image_6810,1.6234995e-07
image_6811,0.9710592
image_6812,0.0003134181
image_6813,0.007949701
image_6814,0.0012050598
image_6815,1.8890434e-05
image_6816,0.03802161
image_6817,0.00014841376
image_6818,2.7957667e-05
image_6819,0.000111246605
image_6820,2.9611556e-07
image_6821,0.002901716
image_6822,0.0008918243
image_6823,2.705723e-06
image_6824,0.020377085
image_6825,0.8144343
image_6826,0.00036782958
image_6827,0.01249838
image_6828,0.011974931
image_6829,8.9316134e-05
image_6830,0.00012183723
image_6831,0.01479112
image_6832,0.000318582
image_6833,0.018920513
image_6834,0.0011774538
image_6835,0.0001458164
image_6836,0.00025471297
image_6837,0.55163705
image_6838,0.9868771
image_6839,0.7820727
image_6840,9.8583405e-05
image_6841,1.3846652e-07
image_6842,0.00044558477
image_6843,1.3466641e-05
image_6844,0.11821923
image_6845,0.05625933
image_6846,7.750898e-06
image_6847,0.00067894347
image_6848,0.00045409898
image_6849,0.00010172994
image_6850,5.3690565e-06
image_6851,0.0005734409
image_6852,0.013197294
image_6853,0.006671185
image_6854,0.0012517624
image_6855,0.00084107206
image_6856,0.0018600646
image_6857,0.0013470753
image_6858,1.17735235e-05
image_6859,0.70297444
image_6860,0.0080969175
image_6861,0.021411613
image_6862,0.0057487134
image_6863,0.0004684759
image_6864,3.7819234e-05
image_6865,0.0047470257
image_6866,0.046503924
image_6867,4.7664167e-07
image_6868,0.989416
image_6869,0.0002779973
image_6870,0.017053109
image_6871,1.592587e-05
image_6872,0.00022066146
image_6873,0.0017879296
image_6874,0.0015224059
image_6875,0.85033906
image_6876,0.0029166788
image_6877,0.0020256971
image_6878,0.0067237793
image_6879,0.0005811283
image_6880,0.013461404
image_6881,0.0004031551
image_6882,0.00050777453
image_6883,0.00036698134
image_6884,0.0004923565
image_6885,0.0038454293
image_6886,0.9997033
image_6887,0.055045173
image_6888,0.004857287
image_6889,0.0037490092
image_6890,0.0045914096
image_6891,0.0006644346
image_6892,0.0001451609
image_6893,0.0051887534
image_6894,7.61699e-06
image_6895,0.00022204834
image_6896,0.40137815
image_6897,0.9015652
image_6898,0.0001361073
image_6899,0.00010573953
image_6900,0.97488296
image_6901,5.5343524e-05
image_6902,0.003817178
image_6903,0.0004602582
image_6904,0.018453624
image_6905,0.6100397
image_6906,0.027217764
image_6907,0.000120883895
image_6908,0.17922941
image_6909,0.9697875
image_6910,0.0006757611
image_6911,0.0038815653
image_6912,0.16293633
image_6913,0.010520507
image_6914,0.0008897179
image_6915,9.140853e-06
image_6916,0.00019377837
image_6917,7.3556616e-06
image_6918,0.16773927
image_6919,0.0022246633
image_6920,0.000513302
image_6921,5.5442157e-05
image_6922,0.95046425
image_6923,0.007818083
image_6924,0.009707947
image_6925,0.00018838097
image_6926,0.0023524023
image_6927,0.0001460306
image_6928,0.001571838
image_6929,0.0006041927
image_6930,3.1620693e-09
image_6931,0.98855007
image_6932,0.00015457986
image_6933,0.0002530743
image_6934,0.7906241
image_6935,0.0058156694
image_6936,0.007648861
image_6937,5.6558973e-05
image_6938,0.061972547
image_6939,0.000925363
image_6940,8.66164e-07
image_6941,0.78873044
image_6942,0.072252214
image_6943,0.23858185
image_6944,0.00024327858
image_6945,0.0016434428
image_6946,0.00023606917
image_6947,0.0061898297
image_6948,3.240038e-05
image_6949,0.08247134
image_6950,0.0031418246
image_6951,3.3583518e-05
image_6952,0.024475073
image_6953,0.023333242
image_6954,0.00087802473
image_6955,1.0110807e-05
image_6956,0.0006361704
image_6957,0.79360414
image_6958,0.00016804242
image_6959,8.6383056e-07
image_6960,0.0062203333
image_6961,1.7960365e-06
image_6962,0.0006513251
image_6963,0.020866036
image_6964,0.00024169931
image_6965,0.9997587
image_6966,0.0005530913
image_6967,1.03215425e-05
image_6968,3.1595333e-05
image_6969,0.7998726
image_6970,0.31122673
image_6971,0.0020790976
image_6972,4.283127e-05
image_6973,1.8762945e-08
image_6974,0.0014345252
image_6975,0.00047437122
image_6976,0.003906797
image_6977,4.224902e-05
image_6978,0.00039196198
image_6979,1.0710654e-05
image_6980,0.90048826
image_6981,9.54474e-05
image_6982,0.0011047684
image_6983,0.0053481576
image_6984,2.394776e-06
image_6985,0.08007027
image_6986,1.9933403e-05
image_6987,0.84194934
image_6988,0.009866192
image_6989,0.0030749766
image_6990,8.855131e-09
image_6991,7.99199e-06
image_6992,0.0003245374
image_6993,0.6420393
image_6994,2.7343129e-05
image_6995,0.82690465
image_6996,0.59277976
image_6997,0.0035525619
image_6998,6.821736e-05
image_6999,2.3145498e-05
image_7000,0.9999162
image_7001,2.1292548e-05
image_7002,1.1306687e-05
image_7003,1.0932293e-05
image_7004,0.000163279
image_7005,0.00069827406
image_7006,0.009470338
image_7007,0.00015477787
image_7008,0.00013215821
image_7009,4.3480827e-06
image_7010,1.1062557e-08
image_7011,0.00040300892
image_7012,0.99505925
image_7013,4.996571e-06
image_7014,0.0021046458
image_7015,0.003427188
image_7016,0.0016093657
image_7017,1.5421949e-05
image_7018,0.00024937507
image_7019,0.00036811858
image_7020,0.0034344592
image_7021,0.001007946
image_7022,0.7894659
image_7023,0.0033637718
image_7024,6.5308416e-07
image_7025,0.89701605
image_7026,0.0091688065
image_7027,0.0049012746
image_7028,0.9996202
image_7029,1.5236334e-05
image_7030,0.1306693
image_7031,0.00027949864
image_7032,0.010418508
image_7033,1.4623635e-07
image_7034,5.774371e-05
image_7035,0.00049307477
image_7036,0.5252288
image_7037,0.0028130724
image_7038,0.002122225
image_7039,0.9966581
image_7040,0.8823521
image_7041,0.7481284
image_7042,0.0012718228
image_7043,0.49987468
image_7044,0.97833765
image_7045,0.13812555
image_7046,4.014544e-05
image_7047,0.0034320974
image_7048,0.0007177669
image_7049,0.93820536
image_7050,0.0006480007
image_7051,0.009797284
image_7052,0.0039119925
image_7053,0.00048109988
image_7054,5.1831674e-05
image_7055,6.18047e-07
image_7056,0.04119217
image_7057,0.94096565
image_7058,0.0029022526
image_7059,2.2627277e-05
image_7060,0.001969425
image_7061,0.00015696618
image_7062,5.2769724e-06
image_7063,0.003429118
image_7064,0.00055122393
image_7065,0.684266
image_7066,2.6219616e-06
image_7067,0.0021764436
image_7068,0.00040473125
image_7069,0.0010940353
image_7070,0.0012250133
image_7071,0.72528875
image_7072,0.05179455
image_7073,0.00014738916
image_7074,1.5217951e-06
image_7075,0.89487517
image_7076,0.004167837
image_7077,0.0010635986
image_7078,0.0021917822
image_7079,2.303945e-09
image_7080,1.43319485e-05
image_7081,0.77670467
image_7082,0.0014014037
image_7083,0.008362337
image_7084,0.0036588907
image_7085,0.00041558399
image_7086,1.2119286e-05
image_7087,0.00030506
image_7088,2.7553731e-05
image_7089,0.04863976
image_7090,4.5197276e-06
image_7091,0.0018963797
image_7092,5.5026772e-05
image_7093,0.00037660968
image_7094,0.898247
image_7095,0.9925287
image_7096,0.7926148
image_7097,1.1877987e-08
image_7098,2.6824537e-05
image_7099,6.588336e-05
image_7100,0.9988699
image_7101,5.0847234e-07
image_7102,1.8423164e-06
image_7103,0.0002961646
image_7104,0.21414539
image_7105,0.0001295065
image_7106,0.0014625441
image_7107,5.0798357e-05
image_7108,3.439849e-05
image_7109,0.00018006502
image_7110,0.0001170512
image_7111,0.0030922955
image_7112,0.00042470603
image_7113,1.3361183e-05
image_7114,0.000106051804
image_7115,0.984998
image_7116,0.99680185
image_7117,0.00014724777
image_7118,0.6179395
image_7119,0.0036523421
image_7120,0.0005224752
image_7121,0.0001688154
image_7122,0.0037994261
image_7123,0.0019321692
image_7124,1.2721584e-06
image_7125,0.0026692268
image_7126,0.00016870271
image_7127,0.002684931
image_7128,8.065994e-06
image_7129,0.00060494186
image_7130,0.00070777745
image_7131,0.00048016146
image_7132,0.00032051525
image_7133,0.9953656
image_7134,7.875747e-05
image_7135,8.111753e-05
image_7136,0.0036437334
image_7137,0.0030555069
image_7138,0.0007010913
image_7139,0.56907415
image_7140,0.00016980042
image_7141,0.82599664
image_7142,0.0011752092
image_7143,0.016347028
image_7144,2.570091e-05
image_7145,0.8054482
image_7146,0.00056457514
image_7147,0.0003929229
image_7148,3.4553574e-05
image_7149,1.0748248e-05
image_7150,0.2022077
image_7151,6.8032776e-08
image_7152,0.0056178747
image_7153,0.0002245432
image_7154,0.9914464
image_7155,4.4171557e-05
image_7156,1.2221886e-07
image_7157,0.000604987
image_7158,0.00014658575
image_7159,0.00084156275
image_7160,0.5884775
image_7161,0.00015989998
image_7162,1.7332764e-05
image_7163,6.0146045e-05
image_7164,0.94052255
image_7165,2.0779027e-05
image_7166,0.19291478
image_7167,0.001192807
image_7168,5.7449564e-05
image_7169,1.2353366e-06
image_7170,7.5788455e-05
image_7171,0.00593558
image_7172,0.011328013
image_7173,0.7883097
image_7174,0.75436187
image_7175,1.2655543e-06
image_7176,8.838323e-08
image_7177,0.90204644
image_7178,1.1968572e-08
image_7179,3.3586304e-05
image_7180,4.3121036e-05
image_7181,0.0014507847
image_7182,0.002284993
image_7183,0.0005029512
image_7184,0.0627656
image_7185,3.2054926e-05
image_7186,0.81899285
image_7187,0.17353949
image_7188,8.138477e-05
image_7189,0.00015672698
image_7190,8.727613e-07
image_7191,0.00015635189
image_7192,0.00033116573
image_7193,0.20502874
image_7194,0.00077106146
image_7195,0.00063061947
image_7196,0.00093863264
image_7197,0.0015169848
image_7198,0.34953237
image_7199,1.002653e-07
image_7200,0.035750978
image_7201,1.2459752e-07
image_7202,2.2090628e-05
image_7203,0.00054739765
image_7204,0.60730684
image_7205,3.7509097e-05
image_7206,9.177673e-05
image_7207,1.1855501e-06
image_7208,0.045623504
image_7209,0.00076609023
image_7210,0.99982345
image_7211,0.0010371823
image_7212,0.05021838
image_7213,0.98594093
image_7214,1.5793917e-06
image_7215,0.00020121843
image_7216,0.004464546
image_7217,8.2734936e-05
image_7218,0.00023938749
image_7219,0.7021841
image_7220,5.15752e-07
image_7221,0.11533365
image_7222,0.0038642439
image_7223,0.20182993
image_7224,0.35631758
image_7225,5.0763887e-05
image_7226,0.00030065468
image_7227,0.0021777004
image_7228,8.430594e-06
image_7229,0.02324355
image_7230,0.0024089064
image_7231,7.646729e-08
image_7232,0.00017400832
image_7233,0.004020814
image_7234,2.8626682e-05
image_7235,0.0003057178
image_7236,0.00030761026
image_7237,0.8273517
image_7238,0.786919
image_7239,0.00016537303
image_7240,8.782688e-06
image_7241,0.00093985914
image_7242,0.00020081009
image_7243,0.8516772
image_7244,0.0006537879
image_7245,4.0684365e-05
image_7246,0.015062514
image_7247,4.5945712e-06
image_7248,0.0015832799
image_7249,0.0022685155
image_7250,0.03918025
image_7251,0.007564964
image_7252,0.0043170005
image_7253,0.75422746
image_7254,0.994251
image_7255,0.020368967
image_7256,0.00033232255
image_7257,0.0039936267
image_7258,0.7913933
image_7259,0.001228343
image_7260,0.97996175
image_7261,0.88224566
image_7262,8.057703e-06
image_7263,1.756693e-05
image_7264,0.834862
image_7265,0.79035556
image_7266,5.066727e-06
image_7267,2.2102426e-05
image_7268,0.97862506
image_7269,0.00020096288
image_7270,7.9945255e-07
image_7271,9.198286e-05
image_7272,1.1411692e-06
image_7273,2.9383866e-05
image_7274,0.17968854
image_7275,0.00010703127
image_7276,1.05647e-06
image_7277,0.19735858
image_7278,0.9024838
image_7279,0.0017834106
image_7280,9.870729e-07
image_7281,0.9523909
image_7282,0.016243005
image_7283,0.0045235525
image_7284,0.00016471065
image_7285,0.9972473
image_7286,0.015842456
image_7287,0.019425903
image_7288,0.0038383668
image_7289,0.8353855
image_7290,0.0008629918
image_7291,2.8859036e-05
image_7292,4.6486613e-07
image_7293,0.00023805328
image_7294,0.97027516
image_7295,0.0001291527
image_7296,0.0014213818
image_7297,0.99987197
image_7298,0.1677827
image_7299,0.00043160334
image_7300,0.16909662
image_7301,0.00043815072
image_7302,0.97676235
image_7303,0.5429727
image_7304,2.785064e-05
image_7305,0.0011764653
image_7306,0.059602868
image_7307,3.7890037e-05
image_7308,0.0025696093
image_7309,0.017255647
image_7310,2.999406e-05
image_7311,0.0016004094
image_7312,0.33636403
image_7313,0.00026842853
image_7314,0.000276807
image_7315,0.021680493
image_7316,6.107885e-05
image_7317,0.00034745928
image_7318,0.9752652
image_7319,0.5777947
image_7320,0.00062982267
image_7321,1.0885309e-06
image_7322,8.0002974e-05
image_7323,0.10630138
image_7324,5.030336e-06
image_7325,0.002172294
image_7326,0.0006536199
image_7327,0.004963304
image_7328,0.30741665
image_7329,0.9866531
image_7330,0.9818771
image_7331,3.0290217e-08
image_7332,0.0020760803
image_7333,0.00014805171
image_7334,6.26242e-06
image_7335,5.1261886e-06
image_7336,1.6199023e-05
image_7337,0.0019150659
image_7338,1.1178277e-05
image_7339,0.21850155
image_7340,0.0010868455
image_7341,0.000100240395
image_7342,0.0027346974
image_7343,0.0005864901
image_7344,2.3956632e-06
image_7345,7.783974e-09
image_7346,1.3651566e-05
image_7347,1.1303317e-05
image_7348,0.008520478
image_7349,7.420847e-07
image_7350,0.00069970824
image_7351,0.90075135
image_7352,7.369414e-05
image_7353,9.796704e-08
image_7354,0.06496445
image_7355,0.0018462124
image_7356,0.0015556907
image_7357,0.00067759224
image_7358,0.0015748625
image_7359,3.2758348e-06
image_7360,0.0073693027
image_7361,3.247753e-05
image_7362,0.00694422
image_7363,0.5782794
image_7364,0.61818886
image_7365,8.651616e-05
image_7366,1.9859186e-05
image_7367,0.0046278113
image_7368,1.1873577e-05
image_7369,0.026622029
image_7370,1.7824716e-05
image_7371,0.00012087486
image_7372,3.1200418e-06
image_7373,0.7780644
image_7374,0.00047009296
image_7375,0.8905622
image_7376,2.759788e-07
image_7377,0.7774139
image_7378,0.79622173
image_7379,0.6052742
image_7380,0.0015054615
image_7381,0.006270594
image_7382,0.9742282
image_7383,1.4505941e-05
image_7384,5.6465934e-09
image_7385,0.0017469516
image_7386,0.009462256
image_7387,9.7895145e-06
image_7388,2.0655592e-05
image_7389,0.00020986018
image_7390,0.031370033
image_7391,7.775476e-06
image_7392,7.011375e-06
image_7393,9.7524346e-05
image_7394,4.7395743e-06
image_7395,2.357151e-06
image_7396,0.017693311
image_7397,0.00169396
image_7398,0.0007607299
image_7399,0.0049037617
image_7400,0.7863605
image_7401,2.1866526e-06
image_7402,0.00054765696
image_7403,5.523941e-07
image_7404,0.0010265362
image_7405,1.8691579e-06
image_7406,0.00078774325
image_7407,6.239651e-05
image_7408,0.00023237753
image_7409,4.075472e-05
image_7410,0.00040739294
image_7411,2.825198e-07
image_7412,1.6324761e-06
image_7413,0.006053189
image_7414,0.66777694
image_7415,0.007171626
image_7416,0.000974685
image_7417,0.0012166705
image_7418,0.0017345641
image_7419,0.00023958419
image_7420,0.0005114148
image_7421,5.91801e-05
image_7422,0.00061265414
image_7423,2.698464e-06
image_7424,3.7790473e-05
image_7425,0.30416703
image_7426,0.014274735
image_7427,7.4922327e-06
image_7428,0.003248855
image_7429,0.0005652327
image_7430,0.00043440217
image_7431,9.390567e-05
image_7432,0.60028446
image_7433,0.010955619
image_7434,0.000121159814
image_7435,0.8994404
image_7436,0.00021393955
image_7437,0.00031262584
image_7438,4.0622616e-08
image_7439,0.09080109
image_7440,0.11518248
image_7441,0.0037918538
image_7442,0.044959344
image_7443,0.006972374
image_7444,0.9950448
image_7445,0.7871998
image_7446,1.0595902e-05
image_7447,0.01019871
image_7448,0.0069795987
image_7449,0.0007633475
image_7450,1.2088636e-06
image_7451,0.021821009
image_7452,3.8118793e-05
image_7453,5.077932e-07
image_7454,0.0021698112
image_7455,5.2830517e-05
image_7456,0.00056063884
image_7457,5.179562e-07
image_7458,3.8749437e-07
image_7459,0.00021391557
image_7460,0.004564577
image_7461,0.00025536257
image_7462,0.9949707
image_7463,0.7443657
image_7464,0.0016245064
image_7465,1.9226272e-05
image_7466,0.017995473
image_7467,5.6849203e-06
image_7468,0.03830119
image_7469,0.061081674
image_7470,0.0011746351
image_7471,5.9728604e-06
image_7472,0.9933953
image_7473,0.0009125245
image_7474,0.99991024
image_7475,5.181267e-05
image_7476,8.453874e-05
image_7477,0.0035675615
image_7478,0.0015583528
image_7479,1.266961e-06
image_7480,0.0006857817
image_7481,0.0058687916
image_7482,6.0460814e-05
image_7483,0.00053394923
image_7484,0.0025118003
image_7485,0.88983023
image_7486,4.693404e-05
image_7487,0.009658595
image_7488,0.015860464
image_7489,0.0001759724
image_7490,0.00017838135
image_7491,0.99993455
image_7492,1.4216286e-06
image_7493,0.16333094
image_7494,2.2794711e-05
image_7495,0.007712969
image_7496,0.0005488071
image_7497,2.740823e-08
image_7498,0.0030923209
image_7499,2.4431924e-05
image_7500,0.023279123
image_7501,0.0003163895
image_7502,0.7932228
image_7503,0.012995044
image_7504,0.9686569
image_7505,1.127969e-06
image_7506,0.00028827437
image_7507,0.0007552951
image_7508,3.5797402e-05
image_7509,0.002920017
image_7510,0.00043256837
image_7511,0.00018238454
image_7512,0.011721343
image_7513,0.96364415
image_7514,0.9648
image_7515,0.83538556
image_7516,0.0005458419
image_7517,6.9558166e-07
image_7518,0.00012123302
image_7519,0.091849186
image_7520,3.4265818e-06
image_7521,1.1833849e-06
image_7522,0.83660173
image_7523,0.85508144
image_7524,0.009487413
image_7525,0.00074476923
image_7526,0.0041187312
image_7527,1.8288089e-05
image_7528,0.0019900398
image_7529,0.012071395
image_7530,0.0012567274
image_7531,0.0028716107
image_7532,0.00044125237
image_7533,9.593864e-05
image_7534,0.0008605806
image_7535,0.004184493
image_7536,1.2005057e-06
image_7537,0.0140132615
image_7538,0.0022472208
image_7539,0.00023307624
image_7540,0.02240488
image_7541,0.00065317197
image_7542,0.99978113
image_7543,0.6898858
image_7544,0.8173133
image_7545,0.9991721
image_7546,2.190425e-05
image_7547,8.310605e-06
image_7548,0.0043988116
image_7549,1.0530556e-05
image_7550,0.0012778813
image_7551,0.99995905
image_7552,0.000566714
image_7553,0.00034225115
image_7554,0.99825215
image_7555,0.00029724708
image_7556,0.09442261
image_7557,0.002266169
image_7558,0.00025903544
image_7559,0.0051278677
image_7560,7.960621e-05
image_7561,0.04162684
image_7562,0.045200497
image_7563,5.9246828e-05
image_7564,8.994381e-06
image_7565,0.9621086
image_7566,5.1310744e-05
image_7567,0.0012145092
image_7568,0.004112066
image_7569,0.00054544123
image_7570,0.0005572799
image_7571,1.6270967e-08
image_7572,1.1409918e-08
image_7573,6.591814e-05
image_7574,8.649778e-07
image_7575,0.0003148247
image_7576,0.0005734686
image_7577,0.0007227803
image_7578,0.0007019939
image_7579,1.462473e-05
image_7580,0.9942699
image_7581,0.0017512301
image_7582,4.979155e-06
image_7583,0.032751292
image_7584,2.6325813e-06
image_7585,0.9494866
image_7586,0.0002700274
image_7587,0.7380887
image_7588,0.0014269885
image_7589,0.01224108
image_7590,0.98922294
image_7591,0.0026739328
image_7592,7.7406985e-05
image_7593,0.057352174
image_7594,0.0005384518
image_7595,0.00030518626
image_7596,5.1285486e-08
image_7597,0.00017542079
image_7598,0.08037092
image_7599,0.013726858
image_7600,0.025021559
image_7601,6.2343634e-06
image_7602,0.00021147728
image_7603,0.005720311
image_7604,0.005750741
image_7605,0.90784633
image_7606,1.2172435e-05
image_7607,5.5058615e-07
image_7608,3.1987447e-06
image_7609,0.043100968
image_7610,1.4268272e-06
image_7611,5.3476256e-06
image_7612,0.03646103
image_7613,0.0005814229
image_7614,4.2623822e-07
image_7615,3.298593e-07
image_7616,4.744607e-05
image_7617,0.0037787827
image_7618,7.4826945e-05
image_7619,0.00045615766
image_7620,0.006521373
image_7621,0.0070993933
image_7622,0.0031277745
image_7623,0.00614033
image_7624,3.2683738e-06
image_7625,5.1745087e-07
image_7626,3.9735113e-07
image_7627,1.5071517e-05
image_7628,0.0021908795
image_7629,0.8672761
image_7630,1.2157054e-07
image_7631,3.4665776e-05
image_7632,1.7649354e-05
image_7633,0.0012790671
image_7634,0.0010199279
image_7635,1.490252e-06
image_7636,0.11146755
image_7637,0.0007406261
image_7638,0.998986
image_7639,0.00023505495
image_7640,0.0001010333
image_7641,0.76920354
image_7642,0.9928614
image_7643,7.114033e-10
image_7644,0.001983054
image_7645,3.1988918e-07
image_7646,0.003425084
image_7647,8.449376e-08
image_7648,0.00013125983
image_7649,0.0005173471
image_7650,3.2763833e-06
image_7651,0.99935675
image_7652,0.003296101
image_7653,2.7321617e-05
image_7654,0.00010242505
image_7655,1.2699582e-08
image_7656,0.0044507193
image_7657,0.0009855991
image_7658,0.7789527
image_7659,1.4915102e-05
image_7660,2.4795572e-06
image_7661,0.008686926
image_7662,0.0038944746
image_7663,0.8328618
image_7664,0.00039729127
image_7665,0.005297206
image_7666,0.0043518497
image_7667,0.09713895
image_7668,5.8352238e-05
image_7669,3.3634744e-05
image_7670,0.0004444121
image_7671,1.2316066e-05
image_7672,9.510086e-05
image_7673,0.014349068
image_7674,0.000101364676
image_7675,0.0382494
image_7676,0.01576654
image_7677,0.34529603
image_7678,0.0014773682
image_7679,0.0009724541
image_7680,1.3344194e-05
image_7681,4.018766e-06
image_7682,0.0010141957
image_7683,2.8592882e-07
image_7684,0.019182071
image_7685,1.7033708e-05
image_7686,4.9511284e-05
image_7687,0.77587694
image_7688,0.55897903
image_7689,0.05460458
image_7690,0.00021884605
image_7691,0.0002708729
image_7692,0.00045539957
image_7693,1.8332696e-05
image_7694,0.00011300098
image_7695,0.0015961712
image_7696,2.2650278e-05
image_7697,0.0026227827
image_7698,0.001650024
image_7699,0.00092647696
image_7700,5.026487e-05
image_7701,0.00019508091
image_7702,1.8423312e-05
image_7703,9.057722e-05
image_7704,0.0011351919
image_7705,6.550849e-05
image_7706,0.00018699293
image_7707,6.5808986e-10
image_7708,6.857982e-05
image_7709,0.007852208
image_7710,5.7554407e-06
image_7711,0.0014575206
image_7712,0.007898722
image_7713,0.0001384
image_7714,4.429766e-05
image_7715,1.5899483e-05
image_7716,0.0065346314
image_7717,2.4949773e-06
image_7718,0.0012313116
image_7719,0.9846289
image_7720,0.00047732604
image_7721,0.79124355
image_7722,0.6174109
image_7723,8.1512835e-06
image_7724,0.0003405024
image_7725,0.03703846
image_7726,0.0033815952
image_7727,0.00018220436
image_7728,0.006081316
image_7729,0.00020910012
image_7730,0.00021602042
image_7731,0.0002566855
image_7732,0.0006938491
image_7733,0.0010839752
image_7734,0.0022040205
image_7735,0.027317835
image_7736,0.25260672
image_7737,0.0089384755
image_7738,1.1046682e-05
image_7739,0.9986214
image_7740,0.009348362
image_7741,0.0018581089
image_7742,6.0684666e-05
image_7743,0.0015685186
image_7744,9.770669e-05
image_7745,2.854507e-05
image_7746,0.0004069599
image_7747,1.9572024e-09
image_7748,0.0003722148
image_7749,1.0786152e-05
image_7750,0.0059889406
image_7751,2.8459922e-06
image_7752,2.2883101e-05
image_7753,0.00012355702
image_7754,0.07215688
image_7755,0.999956
image_7756,1.0369122e-05
image_7757,0.0022702143
image_7758,0.00350167
image_7759,0.80132234
image_7760,0.0009144246
image_7761,1.0580434e-05
image_7762,0.9953538
image_7763,0.00030440826
image_7764,0.00077544444
image_7765,0.004490249
image_7766,0.99704546
image_7767,0.012960907
image_7768,1.2468598e-05
image_7769,4.040185e-05
image_7770,0.2047602
image_7771,4.7174726e-05
image_7772,0.07427013
image_7773,0.017159715
image_7774,0.02363382
image_7775,3.196454e-05
image_7776,0.0012305706
image_7777,7.086646e-05
image_7778,0.00031800667
image_7779,0.00037660424
image_7780,0.76416
image_7781,0.0010730263
image_7782,4.708894e-08
image_7783,0.9952102
image_7784,0.86114883
image_7785,1.9888768e-05
image_7786,0.0003810182
image_7787,1.5646992e-05
image_7788,0.00023010123
image_7789,6.5162545e-05
image_7790,0.0014644408
image_7791,0.014759656
image_7792,1.2305856e-07
image_7793,2.4209216e-05
image_7794,0.0002758134
image_7795,0.0005938364
image_7796,0.0010949548
image_7797,0.73472655
image_7798,0.00083096884
image_7799,0.0012688956
image_7800,5.6105705e-07
image_7801,0.0011140152
image_7802,0.0012750431
image_7803,0.0004694161
image_7804,0.07497392
image_7805,2.4179525e-07
image_7806,3.7921312e-05
image_7807,0.026880782
image_7808,0.0031902124
image_7809,4.4454606e-05
image_7810,2.8570383e-05
image_7811,0.0007615691
image_7812,0.9983388
image_7813,0.0011386309
image_7814,7.8866506e-05
image_7815,0.020279048
image_7816,0.07341074
image_7817,0.0093320105
image_7818,3.6837305e-06
image_7819,0.004315084
image_7820,0.4522467
image_7821,0.0032856807
image_7822,0.0042804745
image_7823,2.2811451e-05
image_7824,0.00035549182
image_7825,5.157767e-05
image_7826,0.13536811
image_7827,5.887221e-05
image_7828,3.3924675e-06
image_7829,9.389188e-05
image_7830,0.0014756249
image_7831,0.0023375386
image_7832,0.01140967
image_7833,0.00010098511
image_7834,0.00108189
image_7835,0.78078234
image_7836,3.9689558e-06
image_7837,0.005599757
image_7838,0.0012332639
image_7839,0.17156753
image_7840,0.0013376588
image_7841,4.0025256e-08
image_7842,0.0068015894
image_7843,0.0340203
image_7844,0.0024753148
image_7845,0.0008399871
image_7846,0.010801826
image_7847,3.960995e-06
image_7848,0.0014264912
image_7849,0.78079605
image_7850,0.00020791899
image_7851,0.00027197937
image_7852,0.0030971968
image_7853,0.023383431
image_7854,0.0008041124
image_7855,0.0031141299
image_7856,0.9998683
image_7857,0.9902576
image_7858,1.8221386e-05
image_7859,2.1850358e-06
image_7860,0.9918342
image_7861,1.0482064e-06
image_7862,1.9434758e-06
image_7863,0.012174081
image_7864,0.0003928145
image_7865,5.316022e-05
image_7866,4.112585e-07
image_7867,0.0016573631
image_7868,8.34105e-07
image_7869,0.0027837558
image_7870,0.0005797086
image_7871,3.0539405e-07
image_7872,0.00096804334
image_7873,0.00043032397
image_7874,0.00040764158
image_7875,8.7192274e-07
image_7876,8.6219254e-10
image_7877,0.00029724906
image_7878,0.0020222599
image_7879,3.4532309e-06
image_7880,3.2720052e-06
image_7881,7.902556e-07
image_7882,0.00027652347
image_7883,0.014250988
image_7884,1.134838e-05
image_7885,0.1355836
image_7886,0.0026628075
image_7887,3.664194e-07
image_7888,0.0003862892
image_7889,0.0007253484
image_7890,1.5189991e-05
image_7891,0.057683744
image_7892,0.22762427
image_7893,0.012640402
image_7894,3.6432244e-08
image_7895,0.00067756686
image_7896,0.20833421
image_7897,2.6240064e-06
image_7898,9.143662e-05
image_7899,0.10490624
image_7900,6.507946e-06
image_7901,0.00030464807
image_7902,0.7677872
image_7903,0.01644111
image_7904,0.0012105156
image_7905,3.6269936e-05
image_7906,0.00032048
image_7907,0.00025767728
image_7908,0.0012213152
image_7909,1.0500492e-05
image_7910,3.604252e-05
image_7911,0.03646031
image_7912,0.0017148401
image_7913,1.2053436e-08
image_7914,0.7983021
image_7915,5.0658142e-05
image_7916,0.0014277535
image_7917,0.99996996
image_7918,0.010646775
image_7919,0.00144211
image_7920,1.5674186e-06
image_7921,0.005965167
image_7922,7.6880344e-05
image_7923,4.8816095e-05
image_7924,0.015186973
image_7925,0.012576281
image_7926,1.4296793e-05
image_7927,0.0039020472
image_7928,2.423119e-06
image_7929,5.8036885e-06
image_7930,0.0006263161
image_7931,4.064597e-07
image_7932,8.918571e-09
image_7933,1.8817545e-05
image_7934,5.6920697e-05
image_7935,0.7884618
image_7936,6.611159e-06
image_7937,0.0019684676
image_7938,0.000670018
image_7939,9.552896e-07
image_7940,0.0014933582
image_7941,0.7795456
image_7942,0.0023298345
image_7943,0.0011776069
image_7944,0.000116961906
image_7945,0.0003071963
image_7946,0.00365391
image_7947,0.06934641
image_7948,6.340485e-06
image_7949,0.0035145744
image_7950,0.0026968191
image_7951,0.0013230135
image_7952,0.013182189
image_7953,0.008317846
image_7954,0.0017467153
image_7955,6.7842675e-06
image_7956,0.004173267
image_7957,1.0185105e-05
image_7958,0.57851094
image_7959,0.00038425578
image_7960,0.0017191644
image_7961,0.013068325
image_7962,2.4451456e-05
image_7963,0.0023377354
image_7964,0.99304986
image_7965,2.1829037e-05
image_7966,1.3455827e-05
image_7967,0.00018289957
image_7968,0.0002859654
image_7969,0.005162802
image_7970,3.361677e-05
image_7971,0.00041846346
image_7972,0.0014821559
image_7973,0.0054176147
image_7974,3.0577173e-06
image_7975,0.78991246
image_7976,2.4241792e-05
image_7977,0.03173746
image_7978,0.010803084
image_7979,2.2117918e-06
image_7980,0.7045106
image_7981,0.00017748246
image_7982,8.1027724e-07
image_7983,0.029540615
image_7984,2.4939354e-06
image_7985,0.038053513
image_7986,0.999941
image_7987,0.007647819
image_7988,0.00018802498
image_7989,0.9095504
image_7990,0.81818676
image_7991,4.514424e-05
image_7992,5.095056e-05
image_7993,0.19712636
image_7994,1.1159711e-05
image_7995,1.9226354e-05
image_7996,1.3893854e-10
image_7997,0.0001321892
image_7998,3.4557894e-07
image_7999,0.00021525365
image_8000,0.0006079993
image_8001,0.00031658146
image_8002,5.3970063e-05
image_8003,2.967426e-06
image_8004,0.00050669606
image_8005,0.79973525
image_8006,1.7290715e-07
image_8007,0.0012629849
image_8008,0.00032463123
image_8009,0.15222672
image_8010,8.105323e-05
image_8011,2.1690925e-05
image_8012,0.8562883
image_8013,3.080298e-05
image_8014,0.00017237346
image_8015,0.0004053128
image_8016,7.219774e-05
image_8017,7.755213e-08
image_8018,0.015877249
image_8019,5.315632e-05
image_8020,0.76671076
image_8021,0.0012053835
image_8022,0.00044622264
image_8023,0.57907456
image_8024,0.0013848705
image_8025,0.0018926006
image_8026,0.019924618
image_8027,0.25761062
image_8028,0.0031159944
image_8029,0.013788877
image_8030,0.003124455
image_8031,4.5057226e-05
image_8032,0.3577682
image_8033,0.054662727
image_8034,0.0070254295
image_8035,8.04995e-06
image_8036,0.20958887
image_8037,0.98141146
image_8038,1.8894119e-07
image_8039,0.0015781521
image_8040,0.8694904
image_8041,3.362105e-06
image_8042,0.0013925782
image_8043,0.0016035864
image_8044,0.99436176
image_8045,5.007913e-08
image_8046,0.15388274
image_8047,8.024857e-05
image_8048,0.81481636
image_8049,0.00087310566
image_8050,8.259736e-05
image_8051,0.019616026
image_8052,0.016649447
image_8053,1.4488314e-05
image_8054,0.030870957
image_8055,6.378585e-05
image_8056,3.0328454e-05
image_8057,1.1643621e-05
image_8058,0.011637866
image_8059,0.00657734
image_8060,0.99922156
image_8061,5.4351794e-08
image_8062,0.00018120502
image_8063,5.6114e-05
image_8064,0.0012420714
image_8065,2.1735079e-05
image_8066,0.00044462277
image_8067,2.2779643e-05
image_8068,2.4992391e-07
image_8069,0.29596925
image_8070,0.0013280126
image_8071,6.140663e-06
image_8072,1.2520335e-05
image_8073,0.14986259
image_8074,0.00011495617
image_8075,0.0032318353
image_8076,0.073423736
image_8077,0.003133106
image_8078,0.1622597
image_8079,0.9993679
image_8080,4.8607406e-05
image_8081,2.939461e-06
image_8082,2.9068065e-06
image_8083,8.989737e-05
image_8084,0.2917964
image_8085,0.0488201
image_8086,0.026509326
image_8087,0.00712065
image_8088,2.5148998e-07
image_8089,0.005481832
image_8090,7.110028e-07
image_8091,0.00012436605
image_8092,2.06218e-06
image_8093,0.06885813
image_8094,3.1849526e-05
image_8095,1.0210775e-06
image_8096,0.0010092543
image_8097,1.7137152e-06
image_8098,0.00053811097
image_8099,0.0222856
image_8100,0.008437384
image_8101,1.6293145e-05
image_8102,0.0006702804
image_8103,0.7828429
image_8104,0.0018729917
image_8105,0.00033353752
image_8106,2.0368778e-05
image_8107,0.00041573733
image_8108,0.0003789844
image_8109,0.0004426724
image_8110,2.6774874e-06
image_8111,7.520917e-05
image_8112,3.008251e-06
image_8113,4.995345e-06
image_8114,0.99846995
image_8115,0.0018802304
image_8116,0.00028668338
image_8117,0.00056419545
image_8118,0.00042476467
image_8119,7.8426265e-06
image_8120,0.00074056146
image_8121,3.3787314e-06
image_8122,4.3978554e-05
image_8123,1.1662171e-05
image_8124,0.0024170445
image_8125,0.00016176664
image_8126,2.7649237e-06
image_8127,9.661013e-06
image_8128,1.3314979e-06
image_8129,0.1394707
image_8130,0.027824532
image_8131,0.00013947836
image_8132,0.004495068
image_8133,0.014123043
image_8134,0.0017792592
image_8135,0.038303506
image_8136,0.0014120517
image_8137,0.015912728
image_8138,0.053186014
image_8139,0.9349743
image_8140,0.00021293096
image_8141,0.00016247427
image_8142,0.013905443
image_8143,0.000430503
image_8144,0.0029511254
image_8145,0.0053379787
image_8146,0.0019573097
image_8147,6.49022e-05
image_8148,2.982964e-06
image_8149,0.09632787
image_8150,0.00012671696
image_8151,0.00053942273
image_8152,0.00043111882
image_8153,0.0057321824
image_8154,0.0006733366
image_8155,2.3526063e-05
image_8156,0.00020207657
image_8157,0.7976553
image_8158,8.095501e-07
image_8159,0.00020569493
image_8160,3.4867113e-05
image_8161,0.013985371
image_8162,0.22354084
image_8163,0.057681985
image_8164,0.0017117658
image_8165,0.98657644
image_8166,0.766502
image_8167,6.946287e-05
image_8168,0.0041337577
image_8169,0.020716704
image_8170,0.00405667
image_8171,6.8373446e-08
image_8172,0.002190486
image_8173,0.027152305
image_8174,0.00026287738
image_8175,0.00013486732
image_8176,6.105344e-05
image_8177,0.025982574
image_8178,3.3131844e-08
image_8179,2.2383374e-05
image_8180,0.7734314
image_8181,0.1007617
image_8182,0.004700789
image_8183,0.042339094
image_8184,0.7913207
image_8185,0.799173
image_8186,2.327706e-06
image_8187,2.2175505e-05
image_8188,5.549765e-10
image_8189,0.99419093
image_8190,0.0011626154
image_8191,0.00012357057
image_8192,0.0006526419
image_8193,0.90543544
image_8194,0.07023092
image_8195,0.00049778714
image_8196,0.8174416
image_8197,0.0034116637
image_8198,6.986343e-06
image_8199,7.374922e-05
image_8200,0.034921147
image_8201,7.5949e-08
image_8202,0.016906703
image_8203,0.00091327704
image_8204,0.0015984995
image_8205,0.000114310234
image_8206,0.009281964
image_8207,1.8896357e-07
image_8208,0.00020624645
image_8209,0.005569811
image_8210,0.025688447
image_8211,5.7501744e-05
image_8212,0.0001381253
image_8213,5.544335e-08
image_8214,0.997499
image_8215,0.00030377114
image_8216,0.036261667
image_8217,0.04095142
image_8218,0.0001733249
image_8219,0.013160253
image_8220,0.8004333
image_8221,0.0017833035
image_8222,0.99932015
image_8223,2.9068595e-08
image_8224,0.0010758879
image_8225,3.8581376e-07
image_8226,0.773298
image_8227,1.3683768e-05
image_8228,0.0034808996
image_8229,7.487959e-05
image_8230,1.0694885e-05
image_8231,0.00018778346
image_8232,0.0027049538
image_8233,0.76673853
image_8234,0.107095405
image_8235,0.5260304
image_8236,2.7337099e-05
image_8237,0.00470075
image_8238,1.9577064e-05
image_8239,0.0014186016
image_8240,6.5222375e-06
image_8241,7.2969706e-06
image_8242,4.3647902e-05
image_8243,0.7624953
image_8244,0.79638815
image_8245,0.0013963599
image_8246,0.94673806
image_8247,0.008640558
image_8248,1.5068827e-06
image_8249,0.0017069896
image_8250,0.00038954517
image_8251,0.0012586804
image_8252,0.8118248
image_8253,0.007881939
image_8254,0.9925551
image_8255,6.437562e-05
image_8256,0.000102593054
image_8257,0.00040290493
image_8258,0.002519885
image_8259,2.2483138e-05
image_8260,0.05552202
image_8261,0.0035071543
image_8262,0.012814247
image_8263,0.0013808
image_8264,3.3710953e-06
image_8265,0.9574808
image_8266,2.4558007e-05
image_8267,8.2339466e-05
image_8268,2.5296536e-05
image_8269,0.07001719
image_8270,0.9983889
image_8271,0.012888597
image_8272,2.09023e-06
image_8273,0.0076557714
image_8274,4.7492962e-05
image_8275,0.10670665
image_8276,6.11273e-08
image_8277,0.00014299601
image_8278,0.01892339
image_8279,1.4605096e-06
image_8280,0.9514695
image_8281,0.00048973336
image_8282,0.0032634381
image_8283,0.0028490413
image_8284,9.4426855e-07
image_8285,0.59132767
image_8286,6.900853e-05
image_8287,0.00040466298
image_8288,0.0010032
image_8289,5.0687026e-07
image_8290,0.90871567
image_8291,0.0006597
image_8292,0.00015627823
image_8293,0.00037400663
image_8294,0.10594193
image_8295,0.0005509259
image_8296,0.00014735639
image_8297,0.0006082587
image_8298,4.3789285e-05
image_8299,0.08578998
image_8300,0.0010447667
image_8301,0.0013836826
image_8302,1.3949002e-06
image_8303,3.7610662e-05
image_8304,0.00050019426
image_8305,0.0004463939
image_8306,1.02599315e-05
image_8307,2.3817236e-05
image_8308,1.0395894e-05
image_8309,5.9758595e-06
image_8310,4.790344e-05
image_8311,0.00035783206
image_8312,0.017887896
image_8313,3.1922448e-06
image_8314,5.274335e-07
image_8315,4.565624e-05
image_8316,0.0068018204
image_8317,0.0022564307
image_8318,2.408727e-06
image_8319,2.4617402e-05
image_8320,0.008185588
image_8321,0.0019716874
image_8322,0.00070855813
image_8323,0.0004917907
image_8324,0.7858816
image_8325,0.15727556
image_8326,0.00044482134
image_8327,0.0003269682
image_8328,0.00030095904
image_8329,6.9254133e-06
image_8330,0.0010116801
image_8331,0.0030816556
image_8332,0.00226577
image_8333,5.778606e-08
image_8334,9.5562995e-05
image_8335,2.6457394e-05
image_8336,4.3513484e-07
image_8337,0.00060747145
image_8338,0.1789345
image_8339,6.632265e-05
image_8340,0.009839394
image_8341,3.514827e-07
image_8342,0.0011247483
image_8343,0.00090255897
image_8344,0.002226763
image_8345,0.21164027
image_8346,0.00035685717
image_8347,1.6016649e-09
image_8348,0.0010087576
image_8349,7.7623e-05
image_8350,9.437288e-05
image_8351,0.7213505
image_8352,7.0720926e-05
image_8353,0.7630593
image_8354,2.906989e-05
image_8355,0.0012471967
image_8356,0.000454648
image_8357,5.8272214e-08
image_8358,0.0023095135
image_8359,0.0017516485
image_8360,0.0002067902
image_8361,1.7392293e-07
image_8362,7.022629e-07
image_8363,0.00043721887
image_8364,0.8655497
image_8365,3.6777114e-05
image_8366,0.0017809977
image_8367,7.78805e-05
image_8368,7.9527425e-05
image_8369,0.0022746455
image_8370,0.00034216166
image_8371,7.846873e-05
image_8372,0.0022222302
image_8373,1.7143717e-05
image_8374,2.5688521e-05
image_8375,3.751072e-05
image_8376,0.40923995
image_8377,1.37053385e-05
image_8378,0.0026766623
image_8379,1.2475718e-06
image_8380,0.0004079307
image_8381,7.9283185e-05
image_8382,0.20821011
image_8383,0.8180696
image_8384,1.22126e-06
image_8385,6.516095e-05
image_8386,0.00014826498
image_8387,0.858619
image_8388,3.510675e-05
image_8389,0.00058407243
image_8390,0.00034685206
image_8391,4.9929567e-06
image_8392,0.0009069812
image_8393,9.102832e-06
image_8394,5.889358e-05
image_8395,0.0003333802
image_8396,8.657706e-06
image_8397,0.9956076
image_8398,0.00021248932
image_8399,9.5785996e-05
image_8400,0.00023044311
image_8401,2.4325844e-05
image_8402,0.0051393434
image_8403,7.351802e-05
image_8404,0.00019076704
image_8405,0.21131006
image_8406,0.0018285703
image_8407,0.0134697985
image_8408,8.48294e-05
image_8409,0.0011974897
image_8410,0.0001450669
image_8411,0.0016309435
image_8412,4.749765e-05
image_8413,0.0021251403
image_8414,0.9915769
image_8415,0.89759827
image_8416,0.00067648804
image_8417,0.00014173845
image_8418,2.9346009e-05
image_8419,0.00033994322
image_8420,3.155228e-05
image_8421,4.994424e-08
image_8422,0.0015343002
image_8423,9.24727e-06
image_8424,3.0373178e-07
image_8425,0.02798786
image_8426,0.19581193
image_8427,0.00019833658
image_8428,1.4816149e-05
image_8429,1.03364255e-05
image_8430,1.408131e-07
image_8431,0.00012842708
image_8432,1.3406142e-06
image_8433,0.0017081718
image_8434,0.7507983
image_8435,9.139952e-07
image_8436,1.564421e-06
image_8437,0.009674234
image_8438,0.10429817
image_8439,0.0013593422
image_8440,0.0008775039
image_8441,0.7631655
image_8442,5.3127405e-06
image_8443,0.0005782879
image_8444,0.87121594
image_8445,0.0048437417
image_8446,9.355814e-05
image_8447,0.0010378682
image_8448,5.417067e-08
image_8449,0.013254052
image_8450,0.0012947603
image_8451,0.80145943
image_8452,1.4597677e-05
image_8453,9.814581e-06
image_8454,0.00054390635
image_8455,0.00032273994
image_8456,0.98665327
image_8457,0.1819648
image_8458,2.9129715e-05
image_8459,4.725507e-05
image_8460,1.7910686e-05
image_8461,0.0027302185
image_8462,2.5264085e-06
image_8463,0.00032760086
image_8464,0.003575027
image_8465,0.0004298527
image_8466,8.885126e-07
image_8467,0.96961486
image_8468,0.8667202
image_8469,0.001204605
image_8470,5.2372314e-05
image_8471,0.000501705
image_8472,1.9665264e-05
image_8473,0.0007751221
image_8474,4.531152e-06
image_8475,0.00012426866
image_8476,0.0052890168
image_8477,0.000110529996
image_8478,0.0003883845
image_8479,0.021436678
image_8480,2.9382688e-06
image_8481,2.7202896e-05
image_8482,0.5737654
image_8483,0.18033388
image_8484,0.0005051426
image_8485,0.0026071095
image_8486,5.197867e-07
image_8487,0.007934876
image_8488,0.122758105
image_8489,0.00016469054
image_8490,3.224118e-05
image_8491,0.12940909
image_8492,0.00023787656
image_8493,0.0001704533
image_8494,8.815584e-06
image_8495,0.00049484766
image_8496,1.9069224e-05
image_8497,1.2850728e-06
image_8498,0.032146007
image_8499,0.0018106286
image_8500,4.8362226e-06
image_8501,2.0942634e-05
image_8502,0.13124326
image_8503,0.0008239971
image_8504,0.0005484137
image_8505,2.8239017e-06
image_8506,7.475965e-05
image_8507,0.00021811543
image_8508,1.3907637e-09
image_8509,1.6411223e-05
image_8510,1.4433883e-05
image_8511,0.00034276958
image_8512,0.00042080728
image_8513,0.97900474
image_8514,0.7886982
image_8515,0.000506986
image_8516,0.009344063
image_8517,1.3610888e-06
image_8518,1.7822545e-06
image_8519,0.7932068
image_8520,6.304358e-06
image_8521,0.0015985299
image_8522,0.00020164653
image_8523,0.000117377844
image_8524,0.0021471144
image_8525,0.0013468583
image_8526,0.0069411984
image_8527,0.0022258682
image_8528,4.7932826e-07
image_8529,0.79310703
image_8530,0.00088577933
image_8531,6.38372e-05
image_8532,4.780037e-05
image_8533,0.12508845
image_8534,0.00023897656
image_8535,0.010573942
image_8536,0.0022434448
image_8537,0.0003899947
image_8538,0.18212874
image_8539,0.00032889564
image_8540,6.1061015e-05
image_8541,0.00062480744
image_8542,0.7579367
image_8543,0.0011825435
image_8544,0.0045858007
image_8545,0.09147462
image_8546,0.0013748361
image_8547,0.00018084036
image_8548,4.7716734e-05
image_8549,0.9550335
image_8550,7.06422e-05
image_8551,0.0010246751
image_8552,0.009164536
image_8553,0.28905404
image_8554,0.0033424958
image_8555,0.00020934615
image_8556,0.011450197
image_8557,0.21066338
image_8558,0.005794095
image_8559,1.5524178e-05
image_8560,1.377627e-05
image_8561,0.0044818134
image_8562,0.002234744
image_8563,1.965e-05
image_8564,1.4677917e-07
image_8565,0.91869354
image_8566,7.0355873e-06
image_8567,2.9305318e-05
image_8568,0.018705538
image_8569,0.026269482
image_8570,0.9752779
image_8571,0.0006991769
image_8572,0.00038736255
image_8573,0.00033135744
image_8574,0.0032134254
image_8575,0.00023989561
image_8576,0.00011580929
image_8577,0.9929842
image_8578,3.8265585e-05
image_8579,0.00045458667
image_8580,0.08531304
image_8581,0.010537595
image_8582,0.0012665896
image_8583,0.002536541
image_8584,0.0066980068
image_8585,0.00050435314
image_8586,8.951871e-06
image_8587,0.00020262464
image_8588,0.0011847116
image_8589,0.9990204
image_8590,9.682321e-06
image_8591,0.10000867
image_8592,0.00011332801
image_8593,0.99684834
image_8594,1.117262e-06
image_8595,0.00038265914
image_8596,0.045223862
image_8597,4.598154e-06
image_8598,1.1082625e-07
image_8599,0.0041468292
image_8600,0.0027316262
image_8601,0.00038963964
image_8602,3.2904761e-06
image_8603,1.17153595e-05
image_8604,0.00035004958
image_8605,8.597794e-05
image_8606,1.3309432e-05
image_8607,0.017011229
image_8608,0.00017396339
image_8609,0.029804412
image_8610,0.0004769383
image_8611,2.0093576e-05
image_8612,0.80366117
image_8613,0.0035127867
image_8614,0.00016748792
image_8615,0.0051346994
image_8616,1.6113647e-05
image_8617,1.0758482e-06
image_8618,0.021885427
image_8619,0.0008564739
image_8620,3.1537424e-05
image_8621,0.0016319391
image_8622,0.81884074
image_8623,0.00019065477
image_8624,4.7810573e-08
image_8625,0.00091811904
image_8626,1.6970894e-06
image_8627,0.008019388
image_8628,8.358979e-10
image_8629,0.7579371
image_8630,0.0020118887
image_8631,0.000522504
image_8632,0.0006683612
image_8633,0.009005163
image_8634,0.025448747
image_8635,3.4325178e-09
image_8636,0.0006672419
image_8637,0.0066564316
image_8638,0.0011924503
image_8639,0.0897516
image_8640,0.9747056
image_8641,0.006463728
image_8642,0.04761067
image_8643,0.0028016078
image_8644,0.94994473
image_8645,0.00030945658
image_8646,0.03503993
image_8647,0.0007287004
image_8648,0.0065064076
image_8649,0.00043330685
image_8650,0.00050185027
image_8651,7.5158614e-06
image_8652,7.3107244e-06
image_8653,0.79388094
image_8654,0.0015946643
image_8655,2.7825561e-05
image_8656,0.90872985
image_8657,6.137978e-05
image_8658,9.903706e-07
image_8659,2.81775e-06
image_8660,2.8033996e-08
image_8661,0.0055073174
image_8662,0.00010501864
image_8663,0.00017546289
image_8664,0.99781495
image_8665,0.0002571342
image_8666,0.9527854
image_8667,0.00029291536
image_8668,0.8477666
image_8669,0.005730764
image_8670,0.00014811683
image_8671,4.119991e-06
image_8672,9.648642e-05
image_8673,4.458434e-07
image_8674,8.834415e-05
image_8675,4.4466947e-06
image_8676,0.04421664
image_8677,0.00021857745
image_8678,0.017148282
image_8679,1.7976819e-06
image_8680,0.017263895
image_8681,0.0018438939
image_8682,3.15027e-05
image_8683,0.00080766174
image_8684,5.4106087e-05
image_8685,0.9994981
image_8686,0.00068502885
image_8687,0.0006082723
image_8688,0.020363618
image_8689,0.011431631
image_8690,0.00027296128
image_8691,0.5988834
image_8692,0.026703283
image_8693,0.00024708663
image_8694,0.000107768705
image_8695,5.1148836e-06
image_8696,0.00092883
image_8697,0.9204823
image_8698,0.00028308318
image_8699,0.12868223
image_8700,0.00036965852
image_8701,0.00343824
image_8702,0.00011220944
image_8703,6.858527e-09
image_8704,0.003754024
image_8705,0.0016753068
image_8706,5.772247e-06
image_8707,0.0037800008
image_8708,1.78285e-06
image_8709,0.00017269014
image_8710,2.9545368e-05
image_8711,0.00011799628
image_8712,3.5799003e-05
image_8713,0.85306275
image_8714,0.00855528
image_8715,0.0003768583
image_8716,3.1130035e-06
image_8717,0.0022891006
image_8718,0.0010827386
image_8719,1.2694014e-05
image_8720,0.005947802
image_8721,0.0003883079
image_8722,0.0007837523
image_8723,0.78010464
image_8724,0.0015928372
image_8725,0.57406926
image_8726,3.092966e-06
image_8727,0.0051507694
image_8728,0.0014967372
image_8729,0.00022135928
image_8730,0.7617102
image_8731,2.531506e-05
image_8732,2.53312e-06
image_8733,0.7128793
image_8734,0.0012079605
image_8735,8.583776e-05
image_8736,0.99142367
image_8737,0.16573907
image_8738,0.00057843805
image_8739,0.0013975955
image_8740,0.6566436
image_8741,0.00011603611
image_8742,9.078338e-06
image_8743,1.1026588e-08
image_8744,0.0012027317
image_8745,2.1714948e-05
image_8746,2.2225474e-07
image_8747,0.00048784996
image_8748,0.00038204936
image_8749,0.8933433
image_8750,0.00402391
image_8751,3.0317615e-09
image_8752,4.380642e-07
image_8753,4.672984e-05
image_8754,0.006782813
image_8755,0.0020866059
image_8756,3.4726272e-10
image_8757,0.015690302
image_8758,4.2425996e-05
image_8759,9.457476e-05
image_8760,1.7676823e-05
image_8761,0.0022357528
image_8762,0.00019342652
image_8763,8.298521e-06
image_8764,0.9999312
image_8765,0.97995377
image_8766,0.013768326
image_8767,2.433883e-05
image_8768,2.4658208e-05
image_8769,0.0012745984
image_8770,0.13487765
image_8771,0.0002703385
image_8772,0.00052586745
image_8773,0.8137246
image_8774,0.9984149
image_8775,4.0562695e-06
image_8776,0.9919616
image_8777,0.92406714
image_8778,0.000108878725
image_8779,0.00040577794
image_8780,0.66489685
image_8781,0.0002811969
image_8782,0.00040377595
image_8783,0.1974847
image_8784,0.04933401
image_8785,4.742986e-08
image_8786,0.21102497
image_8787,0.80052835
image_8788,0.10294057
image_8789,0.94912004
image_8790,0.00081263745
image_8791,0.0004209635
image_8792,0.00250259
image_8793,2.262574e-06
image_8794,3.4622726e-06
image_8795,0.00252174
image_8796,0.99951756
image_8797,2.3296014e-09
image_8798,0.0018330276
image_8799,6.9432217e-06
image_8800,0.0001089619
image_8801,4.0122205e-07
image_8802,6.460405e-05
image_8803,0.00023560016
image_8804,0.59969056
image_8805,0.001561404
image_8806,0.00013794126
image_8807,0.00012024571
image_8808,0.77290756
image_8809,0.002249177
image_8810,6.9833906e-05
image_8811,0.0005405972
image_8812,0.00028598175
image_8813,0.6355325
image_8814,0.25111303
image_8815,0.025771722
image_8816,3.1238036e-05
image_8817,0.0037779475
image_8818,2.0939919e-05
image_8819,0.0061946465
image_8820,0.001912201
image_8821,0.0007031392
image_8822,2.7935583e-09
image_8823,0.00015384096
image_8824,4.171563e-06
image_8825,0.00026886645
image_8826,0.04393734
image_8827,0.00033612858
image_8828,4.303977e-05
image_8829,0.00086093
image_8830,0.74259925
image_8831,0.0006038935
image_8832,0.00033892394
image_8833,0.003048037
image_8834,8.553313e-05
image_8835,0.00036686478
image_8836,0.2247617
image_8837,0.99593556
image_8838,0.003245025
image_8839,1.4655742e-06
image_8840,0.00013965585
image_8841,0.8606796
image_8842,3.891592e-05
image_8843,0.00023466106
image_8844,0.19382226
image_8845,0.00094190857
image_8846,0.1729818
image_8847,1.0542963e-05
image_8848,0.00046531338
image_8849,0.031683017
image_8850,0.000285257
image_8851,0.97368157
image_8852,0.0022583804
image_8853,0.0011823942
image_8854,0.07670362
image_8855,0.0070440485
image_8856,0.0069288528
image_8857,0.02480033
image_8858,0.0013780685
image_8859,0.9996507
image_8860,0.0012768279
image_8861,0.037733577
image_8862,0.012271655
image_8863,0.00036283722
image_8864,0.0011463807
image_8865,0.99977136
image_8866,0.0008489818
image_8867,0.002234745
image_8868,0.045401957
image_8869,0.001164484
image_8870,5.8330616e-06
image_8871,0.00012503794
image_8872,0.00013693463
image_8873,0.9921868
image_8874,0.00018457804
image_8875,0.00017462336
image_8876,0.009343047
image_8877,1.635776e-05
image_8878,0.0018336127
image_8879,0.006501911
image_8880,0.00020824725
image_8881,1.4775915e-06
image_8882,4.6691697e-05
image_8883,0.78022957
image_8884,0.000111541085
image_8885,0.00017935107
image_8886,0.00079419476
image_8887,8.9813744e-05
image_8888,0.0009979142
image_8889,0.0014016817
image_8890,2.6346524e-05
image_8891,0.84253156
image_8892,0.00044931687
image_8893,0.94497305
image_8894,0.0004203047
image_8895,0.20585373
image_8896,5.3291937e-05
image_8897,1.43472e-06
image_8898,0.008177903
image_8899,0.96332747
image_8900,5.663425e-05
image_8901,0.00076412887
image_8902,0.051537506
image_8903,0.007290975
image_8904,2.191094e-05
image_8905,5.770332e-05
image_8906,0.16021633
image_8907,7.220198e-05
image_8908,0.00070419116
image_8909,0.00011950539
image_8910,0.0001133189
image_8911,0.6171516
image_8912,0.014686845
image_8913,0.00018038467
image_8914,0.00014354009
image_8915,0.9888115
image_8916,4.99692e-07
image_8917,0.0003319212
image_8918,0.020990688
image_8919,0.0061715646
image_8920,0.0013267961
image_8921,0.0017426217
image_8922,0.9992534
image_8923,0.204207
image_8924,0.00021203229
image_8925,0.00050957943
image_8926,1.1276486e-05
image_8927,0.0947903
image_8928,2.6814687e-06
image_8929,8.620719e-06
image_8930,5.6930377e-05
image_8931,1.141651e-05
image_8932,0.003893264
image_8933,7.439834e-08
image_8934,0.017561577
image_8935,9.3941155e-05
image_8936,0.0021953383
image_8937,0.20793274
image_8938,0.027719662
image_8939,0.00897997
image_8940,0.0034389596
image_8941,3.3483346e-05
image_8942,3.1035242e-07
image_8943,0.0002799933
image_8944,0.0032803048
image_8945,0.00017562203
image_8946,0.0035629463
image_8947,0.18700379
image_8948,0.009668425
image_8949,0.99906206
image_8950,2.5311037e-06
image_8951,0.011514993
image_8952,1.5403748e-07
image_8953,0.00847883
image_8954,4.453851e-05
image_8955,0.00037117722
image_8956,1.0714673e-07
image_8957,2.6516182e-06
image_8958,0.7461204
image_8959,0.99263775
image_8960,3.1906435e-05
image_8961,0.10403691
image_8962,2.0716127e-05
image_8963,0.00088920933
image_8964,8.47573e-05
image_8965,0.7770288
image_8966,0.7734038
image_8967,2.8213069e-07
image_8968,0.0012288286
image_8969,0.00060588063
image_8970,0.0012403221
image_8971,0.00022109464
image_8972,3.9101673e-05
image_8973,0.0001237399
image_8974,0.7921858
image_8975,0.99219805
image_8976,0.00035038014
image_8977,0.00014208107
image_8978,0.0010773563
image_8979,0.0030519755
image_8980,0.00027826073
image_8981,0.0018288379
image_8982,0.00015270483
image_8983,0.0120389
image_8984,2.3792749e-05
image_8985,0.00035131205
image_8986,0.9939771
image_8987,9.4902125e-06
image_8988,0.0008065738
image_8989,5.4144425e-07
image_8990,7.5962205e-05
image_8991,2.6254264e-07
image_8992,0.012155812
image_8993,0.08907555
image_8994,1.5866586e-05
image_8995,0.7118459
image_8996,0.7913171
image_8997,0.054401346
image_8998,0.8571517
image_8999,0.0008536794
image_9000,0.00021480178
image_9001,1.8612447e-05
image_9002,0.7942736
image_9003,0.00017776436
image_9004,0.002248133
image_9005,4.9894363e-05
image_9006,0.9995878
image_9007,0.0052304748
image_9008,0.000228775
image_9009,0.008854511
image_9010,0.4270826
image_9011,2.9385008e-05
image_9012,0.00049732253
image_9013,0.0030539008
image_9014,2.5023099e-05
image_9015,0.00013472186
image_9016,0.8343973
image_9017,0.00014092308
image_9018,0.065604426
image_9019,4.7775247e-05
image_9020,0.952941
image_9021,1.8715264e-08
image_9022,2.4208965e-05
image_9023,0.00015752189
image_9024,0.9458084
image_9025,0.5107876
image_9026,0.00029824924
image_9027,4.2839303e-05
image_9028,0.123016976
image_9029,0.9817842
image_9030,0.00026603165
image_9031,4.489846e-05
image_9032,4.393293e-07
image_9033,2.7730777e-05
image_9034,1.0203512e-05
image_9035,0.00019826482
image_9036,0.00036807935
image_9037,0.0004082565
image_9038,4.9696046e-05
image_9039,0.0066390764
image_9040,0.009961657
image_9041,1.09368e-06
image_9042,1.2313695e-05
image_9043,0.0010731446
image_9044,9.510216e-06
image_9045,3.3197954e-05
image_9046,0.0006715709
image_9047,0.0013180891
image_9048,0.00021188101
image_9049,0.00032460756
image_9050,0.00051730685
image_9051,0.0052515045
image_9052,0.0026011872
image_9053,0.02127096
image_9054,0.80346453
image_9055,0.9999255
image_9056,0.012454889
image_9057,0.00024393463
image_9058,9.8160905e-05
image_9059,0.0015084859
image_9060,0.19563994
image_9061,0.00037916115
image_9062,0.07157861
image_9063,0.12522054
image_9064,0.0054737325
image_9065,0.0005921897
image_9066,4.662063e-05
image_9067,0.00037328363
image_9068,0.010887882
image_9069,0.9987868
image_9070,4.5898803e-05
image_9071,3.012891e-05
image_9072,0.014303103
image_9073,0.0062392624
image_9074,0.00016034153
image_9075,9.0355905e-05
image_9076,0.0010818376
image_9077,0.0044597876
image_9078,1.1447646e-06
image_9079,8.1593384e-07
image_9080,0.000861472
image_9081,0.09933014
image_9082,0.0009384603
image_9083,1.8954785e-05
image_9084,1.32991085e-08
image_9085,8.5088556e-07
image_9086,0.006737691
image_9087,0.03273657
image_9088,0.99772304
image_9089,0.0030411836
image_9090,0.99996114
image_9091,0.0027139531
image_9092,0.8272089
image_9093,0.0017329803
image_9094,0.00091424724
image_9095,3.6130255e-05
image_9096,7.4566684e-05
image_9097,9.896784e-05
image_9098,7.3901388e-06
image_9099,0.00069320993
image_9100,0.0047790096
image_9101,1.6131664e-06
image_9102,4.507783e-06
image_9103,3.2409065e-05
image_9104,0.0008608725
image_9105,0.00065127737
image_9106,0.3794008
image_9107,0.00271738
image_9108,9.537902e-08
image_9109,0.0011917625
image_9110,0.000178223
image_9111,2.2184608e-05
image_9112,9.631313e-05
image_9113,0.001924431
image_9114,0.990651
image_9115,0.0060872193
image_9116,0.0035439623
image_9117,0.00027569348
image_9118,0.018131794
image_9119,0.013574593
image_9120,0.021366656
image_9121,0.01097364
image_9122,8.56324e-07
image_9123,0.25563008
image_9124,0.00023483936
image_9125,0.7610049
image_9126,0.0005494641
image_9127,1.830742e-07
image_9128,0.010355759
image_9129,0.00018226956
image_9130,1.941513e-06
image_9131,0.028375067
image_9132,7.806117e-06
image_9133,0.001979737
image_9134,0.030257434
image_9135,4.709442e-05
image_9136,0.000444369
image_9137,8.263225e-05
image_9138,0.001414351
image_9139,0.0005608013
image_9140,0.001753426
image_9141,0.05917263
image_9142,0.001126889
image_9143,0.001079372
image_9144,0.00026731569
image_9145,0.003831576
image_9146,2.0174036e-06
image_9147,0.31034577
image_9148,0.9453692
image_9149,0.00019485508
image_9150,0.115811534
image_9151,0.98872304
image_9152,8.813635e-06
image_9153,0.0037455824
image_9154,9.196174e-06
image_9155,0.0011702824
image_9156,1.2640305e-05
image_9157,9.658475e-06
image_9158,8.568104e-05
image_9159,0.00061829644
image_9160,1.2931811e-07
image_9161,0.0018817103
image_9162,8.828109e-09
image_9163,0.017079394
image_9164,8.300288e-05
image_9165,0.8208706
image_9166,8.1465034e-05
image_9167,4.820039e-05
image_9168,5.7067886e-05
image_9169,0.00024871787
image_9170,2.4554183e-05
image_9171,1.666984e-06
image_9172,2.7507831e-05
image_9173,0.00033507458
image_9174,6.4804306e-05
image_9175,0.9694294
image_9176,0.00013462435
image_9177,0.0024067776
image_9178,0.00030739108
image_9179,0.53420436
image_9180,6.148946e-06
image_9181,0.08568185
image_9182,0.9960994
image_9183,0.005138182
image_9184,0.0059447046
image_9185,0.00035375316
image_9186,3.1171105e-05
image_9187,0.4022951
image_9188,0.99285054
image_9189,5.3250373e-05
image_9190,0.7712363
image_9191,4.0007377e-05
image_9192,1.5088263e-08
image_9193,0.00039856764
image_9194,2.0568206e-07
image_9195,3.103747e-05
image_9196,0.00021756477
image_9197,0.64243495
image_9198,0.62326276
image_9199,0.9184091
image_9200,0.0011882094
image_9201,0.998616
image_9202,9.676679e-05
image_9203,0.0012576343
image_9204,5.9477454e-05
image_9205,1.7349876e-05
image_9206,0.0074743186
image_9207,0.37607569
image_9208,0.0007234425
image_9209,0.010576971
image_9210,0.76429915
image_9211,0.015571758
image_9212,0.00011273152
image_9213,3.7744746e-06
image_9214,0.000151912
image_9215,2.4397017e-05
image_9216,0.0014201893
image_9217,0.2006217
image_9218,0.95958287
image_9219,0.009303892
image_9220,0.004199073
image_9221,0.036887012
image_9222,0.0004380362
image_9223,0.9426377
image_9224,0.00027159037
image_9225,0.0025655688
image_9226,8.671943e-05
image_9227,8.850129e-07
image_9228,0.03345784
image_9229,0.009558958
image_9230,0.030462325
image_9231,0.0028470296
image_9232,9.731463e-06
image_9233,1.9858335e-06
image_9234,0.00041449425
image_9235,7.237494e-06
image_9236,1.09816165e-05
image_9237,0.00035797985
image_9238,0.99996537
image_9239,0.00043185402
image_9240,0.99789125
image_9241,0.00093106856
image_9242,0.018349431
image_9243,0.0006835566
image_9244,2.3045416e-08
image_9245,1.03210405e-05
image_9246,0.0012046611
image_9247,0.0018273443
image_9248,5.0898366e-06
image_9249,0.00015934082
image_9250,4.93982e-06
image_9251,1.1121125e-05
image_9252,0.00012713548
image_9253,0.0011486248
image_9254,0.1993467
image_9255,4.463138e-10
image_9256,1.035412e-06
image_9257,0.0022642692
image_9258,0.9884521
image_9259,0.00014504736
image_9260,0.0012221356
image_9261,0.004527361
image_9262,0.010642738
image_9263,0.0062454734
image_9264,0.000112793234
image_9265,0.18355732
image_9266,0.7917832
image_9267,4.2822725e-05
image_9268,0.22193405
image_9269,0.99655974
image_9270,0.0043307818
image_9271,0.00064263
image_9272,0.061966833
image_9273,3.5298563e-05
image_9274,0.04285939
image_9275,0.00058249617
image_9276,0.00045130856
image_9277,8.5589025e-05
image_9278,0.004668023
image_9279,0.0013652154
image_9280,0.009525744
image_9281,8.857883e-06
image_9282,0.7564765
image_9283,0.0028184853
image_9284,0.002201437
image_9285,2.4221315e-06
image_9286,0.0061247363
image_9287,0.0005160195
image_9288,0.0086522885
image_9289,0.00384591
image_9290,0.7616487
image_9291,1.5353526e-05
image_9292,4.5304365e-05
image_9293,0.9999967
image_9294,0.002548539
image_9295,1.9293408e-05
image_9296,0.00033513532
image_9297,0.00022706739
image_9298,0.0017833608
image_9299,0.16521004
image_9300,0.60218936
image_9301,0.004295081
image_9302,0.021547014
image_9303,1.9118386e-05
image_9304,2.4119017e-06
image_9305,2.5898735e-05
image_9306,0.0033195438
image_9307,0.0016830068
image_9308,0.037647992
image_9309,1.2504639e-05
image_9310,0.00032799703
image_9311,0.00018443479
image_9312,4.9012964e-05
image_9313,0.0012766775
image_9314,0.9835241
image_9315,0.00046518887
image_9316,0.0019614901
image_9317,2.4817453e-05
image_9318,0.016564287
image_9319,0.0005117951
image_9320,0.00046270023
image_9321,0.00990371
image_9322,0.0003391969
image_9323,0.00029047477
image_9324,0.09436029
image_9325,0.983119
image_9326,0.00026925834
image_9327,0.040158596
image_9328,5.005073e-05
image_9329,1.4091898e-07
image_9330,0.018573672
image_9331,9.679339e-06
image_9332,0.90408015
image_9333,0.0001840471
image_9334,0.75381523
image_9335,0.00030135488
image_9336,0.01597242
image_9337,2.7695576e-06
image_9338,0.80273414
image_9339,0.002007896
image_9340,0.0021058829
image_9341,4.810658e-05
image_9342,0.78535223
image_9343,0.09132728
image_9344,0.0035909195
image_9345,0.57864445
image_9346,0.000112169626
image_9347,0.0002665302
image_9348,0.52461743
image_9349,0.19954163
image_9350,1.3475043e-06
image_9351,0.42523193
image_9352,5.6085655e-06
image_9353,0.00015236069
image_9354,2.866053e-06
image_9355,9.178692e-06
image_9356,0.0016123808
image_9357,0.0018708799
image_9358,0.040370144
image_9359,3.1397376e-05
image_9360,8.2275976e-05
image_9361,0.9999484
image_9362,0.0016431087
image_9363,0.9630828
image_9364,0.009505168
image_9365,7.019752e-12
image_9366,4.4646906e-05
image_9367,0.0010752528
image_9368,1.8731279e-07
image_9369,0.0003370912
image_9370,6.5991364e-05
image_9371,2.808993e-09
image_9372,0.050505288
image_9373,2.217837e-05
image_9374,5.7902515e-05
image_9375,0.0005469833
image_9376,9.231693e-07
image_9377,0.18729335
image_9378,0.00020128468
image_9379,1.0779759e-05
image_9380,0.009522873
image_9381,0.0034237453
image_9382,7.36017e-05
image_9383,7.4340314e-05
image_9384,1.6910228e-05
image_9385,0.0010308056
image_9386,0.06338796
image_9387,0.005544469
image_9388,0.0029142825
image_9389,3.9784645e-05
image_9390,1.2582917e-07
image_9391,0.9787415
image_9392,5.6521552e-05
image_9393,2.6934526e-07
image_9394,2.3012662e-06
image_9395,0.017575134
image_9396,2.730632e-05
image_9397,4.6315897e-08
image_9398,5.5981007e-05
image_9399,0.007414052
image_9400,0.0070190756
image_9401,0.009984054
image_9402,0.8827692
image_9403,0.013059578
image_9404,2.4674544e-05
image_9405,0.99922484
image_9406,0.99004686
image_9407,0.013012553
image_9408,0.10381903
image_9409,7.697757e-05
image_9410,0.2076196
image_9411,3.7176178e-05
image_9412,0.07260615
image_9413,0.9881306
image_9414,3.450976e-07
image_9415,0.0005300584
image_9416,0.0017939546
image_9417,0.0017013685
image_9418,7.6095273e-07
image_9419,0.0021654505
image_9420,4.958085e-05
image_9421,6.3468586e-05
image_9422,1.5078146e-07
image_9423,4.572598e-06
image_9424,0.73376036
image_9425,0.0012825942
image_9426,0.18944165
image_9427,0.00041779084
image_9428,0.97363234
image_9429,2.0268833e-06
image_9430,0.026076559
image_9431,0.9854114
image_9432,0.0009888107
image_9433,0.009219495
image_9434,6.7253495e-06
image_9435,0.9997778
image_9436,0.0007507714
image_9437,0.00014092626
image_9438,1.1614242e-07
image_9439,0.0006776928
image_9440,0.94587994
image_9441,0.00018609516
image_9442,0.0007997884
image_9443,0.00017322219
image_9444,6.739187e-05
image_9445,7.299933e-07
image_9446,0.0011710043
image_9447,4.5383007e-05
image_9448,0.0005306585
image_9449,0.026185071
image_9450,0.00017979337
image_9451,0.0020784668
image_9452,9.110554e-08
image_9453,0.004402658
image_9454,2.174473e-06
image_9455,0.00029689854
image_9456,2.3400877e-05
image_9457,0.005706708
image_9458,0.005363678
image_9459,1.9828112e-06
image_9460,0.00065849675
image_9461,0.0004936689
image_9462,4.4244834e-06
image_9463,0.00029228756
image_9464,0.013750145
image_9465,6.913948e-06
image_9466,0.00029352537
image_9467,0.0006672709
image_9468,3.5969537e-05
image_9469,8.0084e-07
image_9470,0.008692405
image_9471,0.0018550485
image_9472,0.00076295726
image_9473,2.205394e-06
image_9474,8.183152e-05
image_9475,1.538443e-05
image_9476,0.0053771697
image_9477,0.0011547704
image_9478,0.0087522855
image_9479,0.0006626247
image_9480,5.0648363e-05
image_9481,0.00047269528
image_9482,0.00023080282
image_9483,7.1408513e-06
image_9484,0.01295507
image_9485,0.013825835
image_9486,0.0005784405
image_9487,3.2089645e-06
image_9488,0.0005278588
image_9489,0.0005412607
image_9490,0.00015712694
image_9491,0.017280485
image_9492,0.026942
image_9493,2.9470488e-07
image_9494,0.012168535
image_9495,0.99284744
image_9496,7.7037654e-08
image_9497,0.007869366
image_9498,0.0026635798
image_9499,8.159031e-08
image_9500,4.339814e-05
image_9501,8.1857856e-05
image_9502,0.0005426371
image_9503,2.1534044e-05
image_9504,0.993575
image_9505,3.3181674e-05
image_9506,0.83228326
image_9507,4.0623377e-06
image_9508,0.00012059006
image_9509,0.0004599134
image_9510,0.0075661005
image_9511,0.78449255
image_9512,0.000538514
image_9513,6.117254e-05
image_9514,0.43048206
image_9515,0.73780537
image_9516,0.97158206
image_9517,0.00027751428
image_9518,2.6631653e-05
image_9519,7.226247e-05
image_9520,0.95237184
image_9521,6.513654e-06
image_9522,0.024381272
image_9523,0.0010701634
image_9524,0.7743256
image_9525,9.872006e-05
image_9526,9.3165534e-07
image_9527,5.436172e-05
image_9528,0.15989769
image_9529,0.965932
image_9530,0.005399961
image_9531,2.4880124e-05
image_9532,1.0150179e-05
image_9533,0.003057897
image_9534,0.03911656
image_9535,0.0126129035
image_9536,0.00038051198
image_9537,3.0852394e-07
image_9538,0.9148778
image_9539,0.00027325348
image_9540,0.0014693477
image_9541,0.96453816
image_9542,0.83536685
image_9543,0.99248457
image_9544,6.0785633e-06
image_9545,0.0016742233
image_9546,0.020100629
image_9547,0.00016061714
image_9548,2.5353324e-07
image_9549,0.006863964
image_9550,0.002458822
image_9551,0.001131447
image_9552,0.00023055867
image_9553,0.024031503
image_9554,7.53957e-05
image_9555,0.024450708
image_9556,0.0007137507
image_9557,0.065498844
image_9558,0.0041609383
image_9559,0.026481027
image_9560,5.617229e-05
image_9561,0.0004629256
image_9562,1.8657316e-06
image_9563,0.0013723713
image_9564,0.005587492
image_9565,6.865635e-05
image_9566,0.00603229
image_9567,0.00018774846
image_9568,0.00013840194
image_9569,0.00019561942
image_9570,8.636959e-05
image_9571,1.757124e-06
image_9572,0.008233286
image_9573,8.746734e-06
image_9574,2.8432369e-06
image_9575,4.6331552e-05
image_9576,1.1891891e-05
image_9577,0.0006587326
image_9578,2.7389655e-05
image_9579,0.89205444
image_9580,0.00012757904
image_9581,0.012207534
image_9582,2.8131492e-10
image_9583,0.001055549
image_9584,0.00034521543
image_9585,0.9992082
image_9586,0.8176069
image_9587,1.3910633e-07
image_9588,0.021718448
image_9589,0.0001383029
image_9590,0.0009177297
image_9591,9.139573e-09
image_9592,0.0004414805
image_9593,0.0047876267
image_9594,0.056811526
image_9595,0.00045615772
image_9596,3.4127843e-05
image_9597,0.61712253
image_9598,0.0012063745
image_9599,5.8901933e-06
image_9600,3.5932047e-05
image_9601,0.00013002419
image_9602,1.4236233e-05
image_9603,8.671511e-06
image_9604,0.008785117
image_9605,0.0005314715
image_9606,0.1928269
image_9607,0.013335178
image_9608,5.871927e-05
image_9609,0.0011393189
image_9610,0.026062781
image_9611,0.20453897
image_9612,1.4653806e-05
image_9613,0.0025605315
image_9614,9.874023e-05
image_9615,0.022528198
image_9616,0.9946618
image_9617,0.38946715
image_9618,0.003582636
image_9619,0.589952
image_9620,0.00046198294
image_9621,0.00024108485
image_9622,5.150047e-06
image_9623,0.6703976
image_9624,0.004238173
image_9625,0.010631837
image_9626,0.000109397624
image_9627,0.09154956
image_9628,3.6352772e-05
image_9629,0.00016028801
image_9630,1.8328211e-10
image_9631,5.722898e-06
image_9632,1.1844469e-05
image_9633,8.258829e-05
image_9634,0.009569547
image_9635,2.7308048e-05
image_9636,0.753054
image_9637,0.00026762736
image_9638,0.00012182622
image_9639,0.7955452
image_9640,4.1950865e-09
image_9641,0.52840006
image_9642,0.0018663646
image_9643,5.525727e-06
image_9644,0.0091268085
image_9645,9.638883e-09
image_9646,0.0053868387
image_9647,1.5516664e-05
image_9648,1.9059921e-07
image_9649,0.0100388955
image_9650,0.76641476
image_9651,0.99752796
image_9652,0.00010621313
image_9653,4.2439297e-06
image_9654,0.0057618655
image_9655,0.2056944
image_9656,8.173089e-06
image_9657,0.004929659
image_9658,5.9016624e-05
image_9659,0.0034911474
image_9660,2.8578366e-05
image_9661,0.00020844402
image_9662,0.003387625
image_9663,0.00037216872
image_9664,0.013130799
image_9665,3.280101e-05
image_9666,0.59178716
image_9667,0.0004430427
image_9668,0.77586377
image_9669,5.91639e-05
image_9670,9.977004e-05
image_9671,0.00012798756
image_9672,0.0750094
image_9673,3.8378355e-05
image_9674,0.00052235194
image_9675,0.0025936184
image_9676,0.00072536577
image_9677,0.9961883
image_9678,0.00058582966
image_9679,5.983338e-06
image_9680,0.3003542
image_9681,0.003677946
image_9682,0.001567825
image_9683,1.4617384e-05
image_9684,1.9356383e-05
image_9685,1.3328041e-06
image_9686,0.0013031375
image_9687,0.00049922173
image_9688,0.00014711518
image_9689,1.40225175e-05
image_9690,2.3912442e-05
image_9691,0.00065910234
image_9692,0.0023277793
image_9693,0.00010072447
image_9694,0.0004371461
image_9695,1.9170927e-06
image_9696,1.7571612e-08
image_9697,0.00010225878
image_9698,0.0014838491
image_9699,3.5487978e-05
image_9700,7.583646e-06
image_9701,0.0062691225
image_9702,1.1518914e-05
image_9703,0.0011108521
image_9704,9.402025e-07
image_9705,0.0003362893
image_9706,0.12689467
image_9707,0.011444306
image_9708,0.00019865338
image_9709,0.9789306
image_9710,0.0013155763
image_9711,0.010995038
image_9712,0.0009368667
image_9713,2.7341825e-05
image_9714,0.0067205597
image_9715,0.43004596
image_9716,0.98443115
image_9717,0.00047904538
image_9718,0.0001387526
image_9719,5.7123085e-05
image_9720,1.065713e-08
image_9721,0.06800943
image_9722,3.2917553e-05
image_9723,1.9378453e-05
image_9724,0.001932876
image_9725,4.7291815e-05
image_9726,0.00240613
image_9727,0.005252712
image_9728,1.9662637e-05
image_9729,0.0016028043
image_9730,0.004494019
image_9731,0.00018646297
image_9732,0.003654332
image_9733,5.054967e-07
image_9734,0.0007726856
image_9735,0.85197186
image_9736,3.8622966e-07
image_9737,1.5171251e-09
image_9738,9.318174e-09
image_9739,4.683269e-05
image_9740,0.0006143727
image_9741,0.00092667056
image_9742,0.00057197304
image_9743,0.18848465
image_9744,0.010039422
image_9745,0.0025801463
image_9746,0.0030043367
image_9747,1.5190781e-06
image_9748,0.00064334023
image_9749,3.0093538e-06
image_9750,0.004350175
image_9751,0.014784889
image_9752,7.20127e-06
image_9753,0.77388936
image_9754,0.00086101226
image_9755,0.0013680027
image_9756,0.09831169
image_9757,1.8031293e-05
image_9758,3.8964718e-06
image_9759,0.00014183953
image_9760,0.000661086
image_9761,0.00096451474
image_9762,0.72539496
image_9763,9.2137416e-05
image_9764,1.9900897e-06
image_9765,0.00027716495
image_9766,1.969145e-05
image_9767,0.01241728
image_9768,4.24785e-09
image_9769,0.01566116
image_9770,0.00048684163
image_9771,0.001944356
image_9772,0.0005582457
image_9773,0.0030516747
image_9774,0.00026126055
image_9775,0.00086357596
image_9776,0.8793462
image_9777,0.00028497202
image_9778,1.8325652e-05
image_9779,2.8781246e-06
image_9780,0.0003581422
image_9781,8.084018e-06
image_9782,5.909222e-05
image_9783,0.00038849493
image_9784,4.9152613e-06
image_9785,4.679968e-05
image_9786,0.0024506832
image_9787,1.9421208e-05
image_9788,6.874112e-05
image_9789,0.004048893
image_9790,5.1319737e-05
image_9791,0.0010971273
image_9792,5.856328e-05
image_9793,0.00011103287
image_9794,0.7696767
image_9795,0.0013295659
image_9796,0.003134539
image_9797,1.980806e-05
image_9798,0.0019535394
image_9799,2.2647277e-05
image_9800,0.00047912094
image_9801,0.9996748
image_9802,0.18178403
image_9803,0.21799341
image_9804,0.85121465
image_9805,0.994757
image_9806,0.14157346
image_9807,0.00024646535
image_9808,0.012754909
image_9809,6.6910803e-07
image_9810,1.9725312e-06
image_9811,5.2149324e-05
image_9812,0.9995582
image_9813,8.650098e-05
image_9814,0.00043069385
image_9815,0.7720859
image_9816,0.00024597117
image_9817,5.8178546e-05
image_9818,2.5585432e-05
image_9819,0.08382042
image_9820,0.0014322625
image_9821,9.589921e-07
image_9822,0.82987326
image_9823,0.08844311
image_9824,0.00016686447
image_9825,0.0009685658
image_9826,1.2964404e-07
image_9827,0.0034069829
image_9828,0.96705294
image_9829,0.012406743
image_9830,0.00020749473
image_9831,2.5008347e-05
image_9832,2.1403721e-07
image_9833,0.00260932
image_9834,0.67295307
image_9835,0.00076001254
image_9836,0.32184836
image_9837,0.0033520486
image_9838,0.7528152
image_9839,3.332387e-05
image_9840,0.0048055327
image_9841,0.0013289287
image_9842,6.856056e-05
image_9843,3.9234346e-06
image_9844,2.1426775e-05
image_9845,0.00014936534
image_9846,0.013329865
image_9847,5.155934e-12
image_9848,0.26236096
image_9849,9.322073e-08
image_9850,1.8065112e-08
image_9851,0.0006102057
image_9852,1.6771841e-07
image_9853,0.0015922831
image_9854,1.4425632e-06
image_9855,0.00021065856
image_9856,0.0009932839
image_9857,0.59943444
image_9858,0.0024552406
image_9859,0.00050225365
image_9860,7.3891715e-05
image_9861,0.9395883
image_9862,0.00090211444
image_9863,0.029669598
image_9864,6.697001e-07
image_9865,0.00028697483
image_9866,0.86492956
image_9867,0.03004387
image_9868,0.07085042
image_9869,0.003271524
image_9870,0.107760176
image_9871,0.90152884
image_9872,0.00016745119
image_9873,4.0339874e-09
image_9874,3.4609544e-05
image_9875,5.868384e-07
image_9876,7.3616993e-06
image_9877,0.01887789
image_9878,0.00061858137
image_9879,0.9993353
image_9880,0.9926479
image_9881,3.3449323e-05
image_9882,2.2946168e-05
image_9883,0.8782027
image_9884,0.9782876
image_9885,2.0614732e-05
image_9886,0.0018254507
image_9887,0.00018915272
image_9888,1.7866665e-08
image_9889,1.0606752e-06
image_9890,0.00076851365
image_9891,0.0012377976
image_9892,0.00013088092
image_9893,0.00013063247
image_9894,0.00029929617
image_9895,9.4371426e-05
image_9896,0.0014358945
image_9897,5.522925e-05
image_9898,0.00011647868
image_9899,0.7617961
image_9900,0.0021861868
image_9901,0.0004949075
image_9902,0.14433688
image_9903,0.0076533584
image_9904,7.083311e-08
image_9905,0.0567587
image_9906,0.0002264524
image_9907,0.00017837416
image_9908,0.01688933
image_9909,0.77012074
image_9910,0.0025662428
image_9911,0.0035435297
image_9912,8.342779e-06
image_9913,0.00018537405
image_9914,9.1881535e-05
image_9915,0.00057578634
image_9916,0.00019637046
image_9917,9.6661446e-05
image_9918,0.19675002
image_9919,0.017729819
image_9920,0.0010815042
image_9921,0.057234526
image_9922,0.7892109
image_9923,0.0021562076
image_9924,3.5995938e-06
image_9925,0.999354
image_9926,0.0035751676
image_9927,2.052056e-06
image_9928,0.08660282
image_9929,0.0008505931
image_9930,0.95037043
image_9931,0.00699867
image_9932,0.009651576
image_9933,0.00012018769
image_9934,1.5065704e-05
image_9935,0.91337395
image_9936,0.002781434
image_9937,0.5889045
image_9938,4.655991e-06
image_9939,2.187968e-06
image_9940,0.006340207
image_9941,0.0057374216
image_9942,0.00011404116
image_9943,0.00031850877
image_9944,0.011076505
image_9945,0.0002775054
image_9946,5.489743e-07
image_9947,1.4167444e-05
image_9948,9.174914e-06
image_9949,7.047956e-07
image_9950,0.0060764086
image_9951,0.00011629259
image_9952,6.031579e-08
image_9953,0.86695373
image_9954,0.00026293032
image_9955,0.013805854
image_9956,0.00012494282
image_9957,0.007696091
image_9958,0.0004733643
image_9959,0.6997181
image_9960,6.9928574e-05
image_9961,0.9875783
image_9962,9.076184e-05
image_9963,0.9972745
image_9964,0.0013515449
image_9965,0.001061766
image_9966,2.1215252e-05
image_9967,0.640541
image_9968,0.00010149133
image_9969,0.9944573
image_9970,0.00026076077
image_9971,0.009279178
image_9972,0.0010453899
image_9973,8.888147e-07
image_9974,0.0061865114
image_9975,2.5402845e-05
image_9976,2.7135883e-07
image_9977,6.820531e-05
image_9978,0.00033566088
image_9979,0.0012430712
image_9980,0.00217599
image_9981,9.97994e-06
image_9982,0.11716479
image_9983,0.00010306902
image_9984,1.5742335e-06
image_9985,0.0006844835
image_9986,0.0014678226
image_9987,2.4091492e-05
image_9988,0.0028125267
image_9989,0.00078523793
image_9990,0.7658875
image_9991,0.95020014
image_9992,0.021751968
image_9993,6.877325e-05
image_9994,0.9999538
image_9995,0.9998394
image_9996,0.01537158
image_9997,0.8021861
image_9998,0.9999033
image_9999,9.2569026e-05
image_10000,0.0009775264
image_10001,0.0006653471
image_10002,0.00016222076
image_10003,0.775004
image_10004,7.556014e-07
image_10005,5.7623445e-05
image_10006,0.0029541801
image_10007,0.00028063337
image_10008,0.0025766806
image_10009,0.00052041386
image_10010,0.000174976
image_10011,0.0010839588
image_10012,0.0026007923
image_10013,4.8695483e-07
image_10014,0.55099666
image_10015,0.0001664562
image_10016,0.0019804263
image_10017,1.4700535e-07
image_10018,1.6189812e-06
image_10019,4.391567e-06
image_10020,0.00013069651
image_10021,0.017134186
image_10022,0.0244842
image_10023,0.009840446
image_10024,1.6601773e-06
image_10025,0.00014620932
image_10026,1.1956558e-05
image_10027,0.008977764
image_10028,0.00020119257
image_10029,8.226668e-05
image_10030,0.00096191163
image_10031,9.752985e-05
image_10032,0.00024121311
image_10033,1.8916631e-05
image_10034,0.005940153
image_10035,0.0001514286
image_10036,0.98695695
image_10037,0.019461848
image_10038,0.050547194
image_10039,0.00030077132
image_10040,0.03219467
image_10041,0.0006484172
image_10042,0.0007596307
image_10043,5.8412297e-06
image_10044,0.0019663381
image_10045,0.9494091
image_10046,0.01820442
image_10047,9.166985e-06
image_10048,0.00023637101
image_10049,0.9984255
image_10050,0.0038203378
image_10051,0.000911992
image_10052,0.00029956992
image_10053,0.0030417852
image_10054,2.8996665e-05
image_10055,0.18341817
image_10056,0.00064269593
image_10057,0.3858024
image_10058,0.0019668036
image_10059,0.00017249217
image_10060,7.5257058e-06
image_10061,5.1242296e-07
image_10062,0.0022287497
image_10063,0.035463426
image_10064,3.5653426e-07
image_10065,0.0009810075
image_10066,2.2377173e-05
image_10067,0.7178411
image_10068,0.99785495
image_10069,0.0021612756
image_10070,0.83555543
image_10071,0.02459284
image_10072,0.12582298
image_10073,1.7397988e-07
image_10074,0.0003839808
image_10075,0.00073262246
image_10076,3.3117736e-05
image_10077,0.00026432995
image_10078,0.027673557
image_10079,0.029275015
image_10080,6.649304e-05
image_10081,6.1616825e-05
image_10082,0.02341212
image_10083,0.012453513
image_10084,0.00030224852
image_10085,0.0030388476
image_10086,4.7935482e-09
image_10087,8.542354e-06
image_10088,4.022769e-05
image_10089,3.68158e-05
image_10090,2.7930157e-05
image_10091,0.116184145
image_10092,0.9971026
image_10093,0.15167858
image_10094,0.0030899486
image_10095,0.16359651
image_10096,6.1345672e-06
image_10097,1.8562301e-05
image_10098,0.00010715444
image_10099,0.0005312462
image_10100,1.7394294e-08
image_10101,0.00044917455
image_10102,1.725818e-05
image_10103,9.8118435e-06
image_10104,0.90510595
image_10105,0.014059483
image_10106,4.9555274e-06
image_10107,2.1032329e-06
image_10108,6.930275e-06
image_10109,0.00012215175
image_10110,0.97462654
image_10111,0.00016931389
image_10112,2.0565005e-10
image_10113,0.0016003266
image_10114,1.2729264e-06
image_10115,0.7415823
image_10116,0.92622864
image_10117,1.4239937e-05
image_10118,0.0029052002
image_10119,0.7607995
image_10120,0.23562917
image_10121,9.29611e-05
image_10122,0.00032858033
image_10123,2.8931989e-05
image_10124,0.000929595
image_10125,9.5720105e-05
image_10126,0.029398816
image_10127,0.006179481
image_10128,0.0039845956
image_10129,0.0005086841
image_10130,0.0007034958
image_10131,0.00036169268
image_10132,0.0008648364
image_10133,0.00078960275
image_10134,0.007875125
image_10135,2.8324695e-07
image_10136,0.004332117
image_10137,1.7274375e-05
image_10138,0.0005358863
image_10139,1.345326e-05
image_10140,0.994452
image_10141,0.9127708
image_10142,0.00016826003
image_10143,0.99346817
image_10144,4.4945912e-07
image_10145,0.00075072615
image_10146,0.0031313568
image_10147,0.0012774566
image_10148,0.0062468257
image_10149,0.010595382
image_10150,0.02396747
image_10151,0.102234334
image_10152,1.1132721e-06
image_10153,7.563707e-07
image_10154,0.0034866175
image_10155,0.0018979564
image_10156,0.0018116664
image_10157,0.0008731551
image_10158,0.44013873
image_10159,0.0017855624
image_10160,0.020779291
image_10161,0.00038256458
image_10162,0.058701515
image_10163,0.0006055481
image_10164,8.659617e-05
image_10165,4.7771253e-05
image_10166,0.00011526805
image_10167,3.7216563e-05
image_10168,4.4301666e-07
image_10169,0.07181294
image_10170,0.9834225
image_10171,0.0025603212
image_10172,0.0018783573
image_10173,0.000659477
image_10174,0.009249934
image_10175,0.7186909
image_10176,0.0005506474
image_10177,0.20764208
image_10178,2.3693086e-05
image_10179,0.9350927
image_10180,2.2118825e-06
image_10181,0.00019274437
image_10182,0.0005143834
image_10183,1.2526156e-07
image_10184,0.00037590554
image_10185,1.8126319e-05
image_10186,0.00013355548
image_10187,0.0010859899
image_10188,0.9933095
image_10189,0.002244017
image_10190,6.335092e-07
image_10191,0.008312523
image_10192,0.27600682
image_10193,3.4235566e-06
image_10194,2.7836315e-05
image_10195,0.0010487537
image_10196,9.7671145e-06
image_10197,1.0026874e-05
image_10198,0.20513156
image_10199,0.99965835
image_10200,0.18106526
image_10201,0.7934261
image_10202,0.18737876
image_10203,0.11275533
image_10204,0.0013867011
image_10205,8.19728e-05
image_10206,6.470947e-05
image_10207,1.06828265e-05
image_10208,0.00010064147
image_10209,4.2038348e-05
image_10210,0.0002574582
image_10211,0.0008732845
image_10212,8.1837845e-07
image_10213,0.010516421
image_10214,0.03774549
image_10215,0.79172266
image_10216,0.054426834
image_10217,0.043267347
image_10218,0.006447746
image_10219,0.0015249244
image_10220,0.0005027747
image_10221,4.4695216e-06
image_10222,0.23963685
image_10223,0.00046409416
image_10224,0.98194015
image_10225,0.059734847
image_10226,0.03543249
image_10227,0.9999367
image_10228,0.9803542
image_10229,0.6151461
image_10230,1.5422102e-05
image_10231,0.7435769
image_10232,0.02395917
image_10233,0.89933896
image_10234,2.4913526e-05
image_10235,0.00032433082
image_10236,0.00025825645
image_10237,0.03229186
image_10238,3.184106e-07
image_10239,0.010597251
image_10240,0.7842861
image_10241,0.5263588
image_10242,8.670183e-08
image_10243,0.66352177
image_10244,6.0357934e-06
image_10245,3.576291e-06
image_10246,0.00258957
image_10247,4.3769296e-06
image_10248,2.2580875e-09
image_10249,0.00080981315
image_10250,0.00010826196
image_10251,3.014849e-05
image_10252,0.0072178207
image_10253,0.15975083
image_10254,0.0070634717
image_10255,0.028479073
image_10256,0.0029681046
image_10257,0.00083985395
image_10258,0.9998485
image_10259,0.9979316
image_10260,8.20148e-05
image_10261,0.037446357
image_10262,2.655863e-05
image_10263,0.0003080989
image_10264,0.00024728142
image_10265,1.0872465e-05
image_10266,0.0007219403
image_10267,1.6108544e-07
image_10268,0.81331956
image_10269,0.20983368
image_10270,0.77380145
image_10271,0.99629503
image_10272,1.2563887e-05
image_10273,0.0058402587
image_10274,2.1857195e-05
image_10275,0.0002449868
image_10276,3.0358713e-05
image_10277,0.045810968
image_10278,7.6160315e-05
image_10279,0.041891154
image_10280,0.0026652254
image_10281,0.00015661634
image_10282,0.0009537673
image_10283,0.032989614
image_10284,0.17565936
image_10285,7.424485e-08
image_10286,0.0019481962
image_10287,2.6661098e-06
image_10288,0.992331
image_10289,0.00035501143
image_10290,6.719712e-05
image_10291,0.99243957
image_10292,6.315306e-05
image_10293,6.9093167e-06
image_10294,0.0019361486
image_10295,0.8925628
image_10296,0.004958802
image_10297,0.0002368924
image_10298,0.7851777
image_10299,0.0014652458
image_10300,0.032830514
image_10301,0.0012014864
image_10302,0.007987998
image_10303,5.071673e-05
image_10304,6.475282e-05
image_10305,0.75900227
image_10306,8.957572e-05
image_10307,3.1092333e-07
image_10308,0.0007923052
image_10309,3.1732372e-05
image_10310,0.6300416
image_10311,0.000561623
image_10312,9.06847e-06
image_10313,1.26779805e-05
image_10314,0.7983428
image_10315,0.9999721
image_10316,7.3018244e-05
image_10317,0.0018741828
image_10318,0.0008238524
image_10319,0.00011503186
image_10320,0.00024798224
image_10321,4.5573906e-06
image_10322,1.2971495e-07
image_10323,0.0006635451
image_10324,0.001806129
image_10325,3.0785463e-06
image_10326,1.6421801e-07
image_10327,3.868966e-06
image_10328,0.7371793
image_10329,0.00019921601
image_10330,0.78570044
image_10331,0.65264857
image_10332,5.4403634e-05
image_10333,0.00021653439
image_10334,0.0012374384
image_10335,0.000120366385
image_10336,4.046583e-10
image_10337,0.00083517336
image_10338,0.0038664155
image_10339,1.5597813e-06
image_10340,8.770697e-05
image_10341,4.236036e-05
image_10342,0.005471046
image_10343,0.11160644
image_10344,0.00015739091
image_10345,0.0001022645
image_10346,0.00072604197
image_10347,0.00037758442
image_10348,0.997116
image_10349,4.0147243e-06
image_10350,0.114306584
image_10351,0.0011838543
image_10352,0.0027618906
image_10353,0.99904346
image_10354,0.00011857718
image_10355,1.3251434e-05
image_10356,0.000103414466
image_10357,0.00044208913
image_10358,1.2481925e-05
image_10359,0.98514867
image_10360,0.0076907384
image_10361,0.0051984573
image_10362,0.0043246304
image_10363,2.0150983e-05
image_10364,0.0094473325
image_10365,0.0011615481
image_10366,0.89120734
image_10367,0.0019639614
image_10368,0.00020058255
image_10369,0.008565463
image_10370,0.0069125653
image_10371,4.970921e-06
image_10372,3.5783942e-06
image_10373,0.00042417255
image_10374,0.030415595
image_10375,0.001940992
image_10376,0.000379662
image_10377,0.00016981908
image_10378,0.0072537493
image_10379,1.1672385e-06
image_10380,0.00090533803
image_10381,3.1185307e-05
image_10382,6.8940744e-06
image_10383,0.00039013894
image_10384,1.3764896e-06
image_10385,0.9755744
image_10386,0.04584875
image_10387,2.6997977e-06
image_10388,0.00030821882
image_10389,0.00049297
image_10390,0.80134857
image_10391,0.0015522565
image_10392,0.953953
image_10393,0.0006961704
image_10394,7.197113e-05
image_10395,9.564107e-05
image_10396,7.152577e-07
image_10397,4.098637e-07
image_10398,0.92479694
image_10399,3.3376123e-06
image_10400,1.9450212e-07
image_10401,0.00035606307
image_10402,0.0061233197
image_10403,8.380126e-09
image_10404,0.0011169441
image_10405,0.0030928825
image_10406,0.75908333
image_10407,0.00010884106
image_10408,0.00054386293
image_10409,0.00023070158
image_10410,0.0006181713
image_10411,0.32081696
image_10412,2.0848036e-05
image_10413,0.00013938964
image_10414,0.00016906229
image_10415,5.6260687e-06
image_10416,0.9974827
image_10417,0.0003068682
image_10418,0.2539526
image_10419,1.3561172e-05
image_10420,0.95038503
image_10421,3.7923822e-08
image_10422,0.0075375075
image_10423,0.99437225
image_10424,0.001826539
image_10425,9.375163e-06
image_10426,0.0004801659
image_10427,0.019855713
image_10428,0.99991727
image_10429,0.0002071562
image_10430,0.00029944186
image_10431,0.9943393
image_10432,0.0007988943
image_10433,0.0009597959
image_10434,0.0055365283
image_10435,0.79544646
image_10436,0.0007002704
image_10437,0.0061595356
image_10438,2.3882647e-05
image_10439,1.2343598e-05
image_10440,0.00042527303
image_10441,0.9984101
image_10442,1.2494392e-05
image_10443,0.9570993
image_10444,4.8910268e-05
image_10445,1.7698272e-05
image_10446,5.530424e-05
image_10447,2.8171526e-05
image_10448,0.27615273
image_10449,0.83302325
image_10450,0.00019225973
image_10451,0.00029687452
image_10452,0.0018190618
image_10453,0.00038274447
image_10454,0.0021977883
image_10455,9.424036e-07
image_10456,0.00041720388
image_10457,0.23746014
image_10458,0.00037752552
image_10459,0.002633452
image_10460,0.0023121606
image_10461,2.2491317e-06
image_10462,0.0005528324
image_10463,0.000190564
image_10464,1.0334518e-08
image_10465,3.2836866e-08
image_10466,8.9031586e-05
image_10467,0.015844442
image_10468,0.03427125
image_10469,0.038214147
image_10470,0.0016879445
image_10471,3.612153e-05
image_10472,0.023179475
image_10473,0.009592002
image_10474,0.7738744
image_10475,3.46285e-05
image_10476,0.00066071155
image_10477,0.7450945
image_10478,6.1869316e-05
image_10479,0.0004150099
image_10480,0.017803632
image_10481,0.00017938184
image_10482,0.0057811122
image_10483,0.00022419333
image_10484,1.1357076e-08
image_10485,0.00021465372
image_10486,0.00042241463
image_10487,0.000114231254
image_10488,8.008589e-06
image_10489,0.14997676
image_10490,0.009956882
image_10491,0.00011647475
image_10492,0.0001802696
image_10493,0.010126253
image_10494,0.2177108
image_10495,1.0307072e-08
image_10496,5.5382814e-05
image_10497,9.094898e-06
image_10498,0.0004338497
image_10499,0.00015191472
image_10500,0.9871376
image_10501,0.0006904247
image_10502,6.7541405e-05
image_10503,6.8792e-05
image_10504,0.002266379
image_10505,0.5889826
image_10506,0.5052901
image_10507,0.9681095
image_10508,6.036961e-08
image_10509,3.6298843e-05
image_10510,0.0018575963
image_10511,1.7730676e-07
image_10512,0.00048202445
image_10513,0.00014368995
image_10514,4.654544e-06
image_10515,0.012780379
image_10516,0.9586766
image_10517,0.0009266465
image_10518,0.9884145
image_10519,0.008005229
image_10520,4.1104067e-06
image_10521,0.0022344335
image_10522,0.0016032332
image_10523,4.6363035e-05
image_10524,0.030019438
image_10525,0.99777234
image_10526,6.9775843e-09
image_10527,0.00019905064
image_10528,0.00024948665
image_10529,3.2651513e-07
image_10530,0.0020438745
image_10531,0.00059514365
image_10532,0.71358865
image_10533,0.0012384986
image_10534,0.68295276
image_10535,2.4316216e-06
image_10536,0.9365693
image_10537,7.489938e-06
image_10538,0.043673147
image_10539,6.3243904e-05
image_10540,3.657531e-05
image_10541,0.012154369
image_10542,0.00046891856
image_10543,1.9611393e-06
image_10544,0.63042223
image_10545,0.99378145
image_10546,3.5536684e-06
image_10547,3.2835803e-07
image_10548,0.00051887135
image_10549,0.0061521265
image_10550,6.771569e-05
image_10551,2.9743416e-07
image_10552,0.00017062461
image_10553,0.00010133944
image_10554,5.162862e-06
image_10555,0.00024984474
image_10556,7.263974e-05
image_10557,0.98624146
image_10558,0.00013427246
image_10559,9.824977e-06
image_10560,4.7882255e-05
image_10561,0.99682677
image_10562,0.007536096
image_10563,3.385909e-07
image_10564,0.0005044088
image_10565,9.0849855e-05
image_10566,0.9363535
image_10567,3.172888e-05
image_10568,7.2552684e-06
image_10569,0.5641903
image_10570,2.6568276e-07
image_10571,2.0346866e-05
image_10572,4.2872707e-06
image_10573,0.0010548426
image_10574,0.021501591
image_10575,0.20774399
image_10576,0.0001586802
image_10577,0.0015338054
image_10578,2.4354717e-06
image_10579,1.4224004e-05
image_10580,0.99983704
image_10581,3.1482497e-05
image_10582,0.65667915
image_10583,0.009146249
image_10584,0.0015180081
image_10585,0.04905159
image_10586,0.00024991462
image_10587,0.00029061182
image_10588,0.99942935
image_10589,0.0011866711
image_10590,5.1026862e-05
image_10591,0.00042134448
image_10592,0.0004993003
image_10593,0.00016154874
image_10594,0.004863802
image_10595,5.507673e-07
image_10596,1.5407164e-05
image_10597,0.0018074126
image_10598,3.2348275e-08
image_10599,0.00037320354
image_10600,0.9905952
image_10601,2.121606e-06
image_10602,0.9362734
image_10603,2.8174135e-08
image_10604,5.667733e-05
image_10605,3.4015848e-06
image_10606,2.534922e-05
image_10607,9.6580825e-06
image_10608,0.00019099127
image_10609,0.0038369494
image_10610,1.0521885e-05
image_10611,0.0006447629
image_10612,0.016802274
image_10613,0.21425441
image_10614,0.83806795
image_10615,1.5094239e-06
image_10616,2.9962344e-08
image_10617,0.0001036373
image_10618,0.0015307062
image_10619,0.9999624
image_10620,0.012888694
image_10621,0.95491284
image_10622,0.016295282
image_10623,0.0026916366
image_10624,7.765946e-07
image_10625,0.008496651
image_10626,2.2046675e-05
image_10627,0.00048329763
image_10628,0.044013362
image_10629,0.0005868142
image_10630,0.020397961
image_10631,3.164716e-05
image_10632,1.7069412e-07
image_10633,2.690721e-05
image_10634,0.010343705
image_10635,1.799331e-05
image_10636,0.00036290142
image_10637,0.9997087
image_10638,0.7043118
image_10639,0.10876871
image_10640,0.9932102
image_10641,0.7693986
image_10642,0.20666702
image_10643,0.0001436663
image_10644,0.0003498211
image_10645,0.00056293025
image_10646,0.007978956
image_10647,1.4291059e-05
image_10648,0.006512673
image_10649,0.00050261314
image_10650,0.0049061673
image_10651,4.181271e-06
image_10652,0.012347531
image_10653,0.99741864
image_10654,0.00018968902
image_10655,0.005111996
image_10656,0.00062154396
image_10657,0.8098944
image_10658,2.240923e-06
image_10659,1.4076693e-05
image_10660,0.00011713097
image_10661,0.00032290386
image_10662,9.325934e-05
image_10663,0.019361787
image_10664,0.00016083359
image_10665,5.4802567e-06
image_10666,0.9892374
image_10667,0.0035660542
image_10668,0.7406316
image_10669,0.7921634
image_10670,7.890836e-05
image_10671,0.00011338012
image_10672,4.0072384e-05
image_10673,0.06222733
image_10674,1.8722342e-06
image_10675,1.0284557e-05
image_10676,0.0007410203
image_10677,0.0006368167
image_10678,2.3652145e-05
image_10679,6.2855535e-05
image_10680,2.829271e-05
image_10681,7.1936556e-06
image_10682,0.0011892294
image_10683,0.001868551
image_10684,0.00015105741
image_10685,0.9996593
image_10686,0.95940864
image_10687,4.2267004e-08
image_10688,0.00043290138
image_10689,0.010270137
image_10690,0.033176854
image_10691,4.2936954e-06
image_10692,0.0017187654
image_10693,7.507831e-05
image_10694,0.018673288
image_10695,0.9930692
image_10696,1.926221e-06
image_10697,5.216824e-05
image_10698,0.0605397
image_10699,7.8189805e-06
image_10700,0.02675036
image_10701,3.52227e-05
image_10702,6.220107e-05
image_10703,9.1419e-05
image_10704,0.030404583
image_10705,5.2727286e-05
image_10706,0.00084741437
image_10707,0.0002804156
image_10708,4.530923e-05
image_10709,0.3256398
image_10710,0.0047434475
image_10711,0.0013661443
image_10712,2.849659e-05
image_10713,0.8348123
image_10714,0.0001410386
image_10715,0.012045468
image_10716,0.0063319593
image_10717,0.0053649982
image_10718,0.0003119347
image_10719,0.0043950886
image_10720,0.0013970387
image_10721,1.55892e-06
image_10722,1.5222209e-05
image_10723,0.10083242
image_10724,5.7980697e-06
image_10725,0.0016596909
image_10726,0.0012746218
image_10727,0.0007747787
image_10728,0.0004035444
image_10729,4.026502e-05
image_10730,4.356528e-07
image_10731,2.5195457e-06
image_10732,0.001175746
image_10733,0.15577725
image_10734,5.4303717e-05
image_10735,0.75815356
image_10736,1.1552922e-05
image_10737,5.5444852e-06
image_10738,5.127647e-06
image_10739,0.0002731391
image_10740,0.0019466851
image_10741,0.00097369985
image_10742,9.447802e-07
image_10743,0.0002538887
image_10744,0.056025688
image_10745,0.042398285
image_10746,1.4154726e-05
image_10747,3.34364e-05
image_10748,0.005147564
image_10749,0.0014112872
image_10750,0.1085836
image_10751,0.9650447
image_10752,0.011848101
image_10753,0.0033318
image_10754,4.6402334e-07
image_10755,0.00059723394
image_10756,0.012759476
image_10757,8.191112e-06
image_10758,0.46280584
image_10759,0.011036634
image_10760,0.0067750746
image_10761,0.0010849186
image_10762,0.0038387622
image_10763,1.3190385e-07
image_10764,0.80411196
image_10765,0.0004934005
image_10766,0.020515244
image_10767,0.0010448089
image_10768,9.561693e-07
image_10769,3.813044e-05
image_10770,0.00024893283
image_10771,0.0028604832
image_10772,0.11839987
image_10773,0.003935083
image_10774,0.003011096
image_10775,2.6676712e-06
image_10776,0.040029686
image_10777,0.0073993783
image_10778,0.00026716624
image_10779,3.849879e-07
image_10780,0.98692024
image_10781,0.19826353
image_10782,0.0009306508
image_10783,0.0024359575
image_10784,0.00097163074
image_10785,0.00088330347
image_10786,0.99916947
image_10787,0.00071585085
image_10788,0.022447418
image_10789,2.2887734e-05
image_10790,0.71589077
image_10791,0.00010439169
image_10792,3.6109582e-06
image_10793,0.1106374
image_10794,0.82318467
image_10795,0.0019986813
image_10796,3.134283e-06
image_10797,0.00122598
image_10798,0.00022136426
image_10799,0.00021905769
image_10800,0.75535667
image_10801,0.008906461
image_10802,1.2491773e-05
image_10803,1.7455378e-07
image_10804,0.14633045
image_10805,0.00044299645
image_10806,0.00016939509
image_10807,1.4499705e-05
image_10808,0.00088353327
image_10809,2.9795798e-05
image_10810,7.060358e-05
image_10811,9.163696e-05
image_10812,0.00072567817
image_10813,0.0002843716
image_10814,0.22520947
image_10815,0.0025825421
image_10816,0.08461815
image_10817,0.0027906913
image_10818,0.0249683
image_10819,6.320911e-05
image_10820,0.008525563
image_10821,0.9775381
image_10822,3.3375115e-06
image_10823,0.0019755838
image_10824,0.0005040298
image_10825,0.96891326
image_10826,0.005538171
image_10827,0.001098986
image_10828,0.026883833
image_10829,0.0015988299
image_10830,0.9853287
image_10831,6.326184e-05
image_10832,0.07641114
image_10833,5.2634964e-06
image_10834,0.20842272
image_10835,0.00018992284
image_10836,0.59041613
image_10837,0.0011034622
image_10838,0.033870704
image_10839,0.0037926782
image_10840,1.8264429e-05
image_10841,4.4199962e-05
image_10842,5.862196e-07
image_10843,0.005832326
image_10844,0.002572158
image_10845,8.241273e-06
image_10846,0.00352641
image_10847,0.0007874143
image_10848,0.00026227854
image_10849,0.0120410435
image_10850,0.00024473798
image_10851,0.00022966205
image_10852,0.06687456
image_10853,0.0002347088
image_10854,0.6200269
image_10855,0.0055534807
image_10856,3.4439163e-05
image_10857,0.0035589659
image_10858,4.6545054e-05
image_10859,5.5516706e-05
image_10860,0.033014044
image_10861,0.000367207
image_10862,0.001829433
image_10863,0.0020874399
image_10864,8.456493e-06
image_10865,1.3408889e-05
image_10866,0.00012014271
image_10867,0.9980945
image_10868,0.8815886
image_10869,1.4045976e-07
image_10870,4.4472648e-07
image_10871,0.0062855734
image_10872,2.6766065e-07
image_10873,0.84313214
image_10874,0.37374437
image_10875,2.5356621e-05
image_10876,0.8392117
image_10877,0.0022686406
image_10878,5.517694e-07
image_10879,4.998961e-05
image_10880,0.00041041902
image_10881,0.007463663
image_10882,0.00037670377
image_10883,0.005373436
image_10884,0.9985179
image_10885,0.00014441233
image_10886,8.8458044e-05
image_10887,1.5373753e-05
image_10888,0.007906799
image_10889,0.00019294891
image_10890,2.5719013e-05
image_10891,0.9993612
image_10892,0.4063117
image_10893,0.00012482496
image_10894,0.0053092875
image_10895,0.006315074
image_10896,7.630855e-06
image_10897,0.0039654057
image_10898,0.0011296687
image_10899,8.040721e-06
image_10900,0.00053276384
image_10901,0.0013566061
image_10902,0.047592305
image_10903,2.581052e-06
image_10904,0.99488807
image_10905,0.000619986
image_10906,0.0010991449
image_10907,0.00059898105
image_10908,0.0036670193
image_10909,3.8380535e-06
image_10910,0.01939015
image_10911,8.3098e-05
image_10912,0.00036263894
image_10913,5.490335e-05
image_10914,0.0017228966
image_10915,0.0003640728
image_10916,0.00011010136
image_10917,0.016200231
image_10918,0.007960396
image_10919,0.00078974164
image_10920,0.03966092
image_10921,0.0017166212
image_10922,0.04443529
image_10923,0.0072424067
image_10924,0.99672353
image_10925,0.035567287
image_10926,0.7760902
image_10927,0.0009053049
image_10928,1.3749471e-06
image_10929,0.00018033957
image_10930,0.013835866
image_10931,0.00012579017
image_10932,5.089094e-05
image_10933,4.4160697e-06
image_10934,0.007026162
image_10935,0.76050735
image_10936,0.0014717375
image_10937,0.24433717
image_10938,0.008698878
image_10939,0.0010608089
image_10940,0.74526346
image_10941,0.0019006026
image_10942,0.0011398987
image_10943,0.23799115
image_10944,6.4997126e-05
image_10945,0.00045396195
image_10946,0.05869296
image_10947,0.79294515
image_10948,0.0032285023
image_10949,0.0002747703
image_10950,4.4451906e-07
image_10951,0.5441207
image_10952,1.2634958e-06
image_10953,2.978713e-06
image_10954,4.95979e-06
image_10955,0.011504945
image_10956,0.00027011742
image_10957,0.092182525
image_10958,2.7262471e-05
image_10959,1.7081875e-05
image_10960,0.37375408
image_10961,3.8592363e-05
image_10962,0.00069916947
image_10963,5.1209277e-05
image_10964,8.884711e-05
image_10965,0.014326554
image_10966,0.00084726757
image_10967,0.0013684599
image_10968,0.619822
image_10969,0.00020455754
image_10970,4.9515813e-07
image_10971,0.00014535242
image_10972,0.0006652529
image_10973,2.9202752e-06
image_10974,0.061904125
image_10975,8.402744e-05
image_10976,0.00030229622
image_10977,2.7775725e-06
image_10978,0.0089981295
image_10979,7.62763e-06
image_10980,3.0048705e-05
image_10981,0.9993112
image_10982,2.6264092e-06
image_10983,0.0060805744
image_10984,2.5865924e-07
image_10985,2.0290956e-05
image_10986,6.7981535e-05
image_10987,0.000115378556
image_10988,4.5834327e-05
image_10989,0.108951084
image_10990,0.00072519307
image_10991,7.9019046e-05
image_10992,0.00624286
image_10993,0.99977756
image_10994,0.0006895655
image_10995,0.004259046
image_10996,0.0034950534
image_10997,0.20144087
image_10998,0.0015456505
image_10999,0.014387006
image_11000,1.371647e-06
image_11001,0.8087696
image_11002,0.07682986
image_11003,1.9358708e-05
image_11004,0.00028706447
image_11005,2.2572069e-05
image_11006,0.0002719468
image_11007,1.23987875e-05
image_11008,0.00096491363
image_11009,0.001803576
image_11010,0.0053638876
image_11011,0.00051017565
image_11012,0.00017432612
image_11013,0.0029679057
image_11014,3.449858e-05
image_11015,0.76332116
image_11016,0.00012919611
image_11017,0.0037601644
image_11018,2.8028291e-05
image_11019,0.00022934352
image_11020,1.7076352e-05
image_11021,1.43631e-06
image_11022,0.39924407
image_11023,0.14591196
image_11024,0.01501422
image_11025,2.7347689e-08
image_11026,0.0011764683
image_11027,0.1536474
image_11028,5.4026397e-05
image_11029,3.5309373e-09
image_11030,0.00025151967
image_11031,0.782921
image_11032,0.0006478436
image_11033,0.00022394891
image_11034,0.21106686
image_11035,0.009054292
image_11036,3.585549e-05
image_11037,0.15426882
image_11038,0.15214284
image_11039,0.55886114
image_11040,0.0026842318
image_11041,1.6841526e-07
image_11042,0.0069587706
image_11043,0.020733759
image_11044,1.2638696e-05
image_11045,0.0008720467
image_11046,0.0006714901
image_11047,0.58404136
image_11048,0.93826073
image_11049,2.3910075e-05
image_11050,0.9526665
image_11051,0.00044041596
image_11052,0.0024310495
image_11053,0.675401
image_11054,0.22905123
image_11055,0.04292322
image_11056,0.009195478
image_11057,0.0008580572
image_11058,0.99771214
image_11059,0.0003098183
image_11060,0.0007876231
image_11061,0.0005751985
image_11062,0.00043276197
image_11063,0.0019072775
image_11064,1.4589732e-05
image_11065,0.01296411
image_11066,0.00012816754
image_11067,0.036458407
image_11068,0.00025146897
image_11069,0.004032142
image_11070,2.92259e-06
image_11071,0.009673029
image_11072,1.768023e-05
image_11073,0.563171
image_11074,0.061633907
image_11075,0.99952614
image_11076,3.707348e-05
image_11077,0.0068266494
image_11078,0.99618924
image_11079,0.00028018304
image_11080,0.99679977
image_11081,0.0003994566
image_11082,0.0007515743
image_11083,0.008350911
image_11084,0.9339528
image_11085,2.1621911e-08
image_11086,0.002657447
image_11087,4.34689e-08
image_11088,0.00014357152
image_11089,3.1619278e-05
image_11090,0.0008461917
image_11091,0.0034138253
image_11092,0.008079504
image_11093,1.1590485e-06
image_11094,0.0035639987
image_11095,0.0019126734
image_11096,0.00015624386
image_11097,2.4798148e-08
image_11098,0.9968307
image_11099,0.00074747036
image_11100,0.00040800738
image_11101,0.00040777226
image_11102,0.00033496905
image_11103,0.002827202
image_11104,0.001367745
image_11105,7.74005e-05
image_11106,0.00024783553
image_11107,0.00061867933
image_11108,5.4964996e-05
image_11109,0.00033196033
image_11110,1.6686678e-05
image_11111,0.54588443
image_11112,2.9154612e-06
image_11113,0.007611609
image_11114,0.010463597
image_11115,0.00031469218
image_11116,0.000103547274
image_11117,0.0061385455
image_11118,0.025281986
image_11119,0.59477353
image_11120,0.0006250143
image_11121,6.8760846e-06
image_11122,0.090021364
image_11123,0.0025490434
image_11124,0.0022068762
image_11125,0.0003253261
image_11126,1.497425e-05
image_11127,0.007573568
image_11128,0.7417395
image_11129,8.3738805e-06
image_11130,0.032230712
image_11131,7.786375e-06
image_11132,0.0075627235
image_11133,0.0001546102
image_11134,0.98083234
image_11135,0.015185273
image_11136,0.065898344
image_11137,0.9898592
image_11138,0.0042308867
image_11139,0.00010707904
image_11140,0.7513435
image_11141,0.032362483
image_11142,8.249926e-06
image_11143,0.01846483
image_11144,0.0011051234
image_11145,5.8559726e-07
image_11146,0.00033315434
image_11147,0.002000521
image_11148,0.97329277
image_11149,0.010311274
image_11150,0.00030561961
image_11151,5.449813e-06
image_11152,0.064862356
image_11153,0.0037648429
image_11154,0.003767695
image_11155,0.001413379
image_11156,9.671058e-05
image_11157,0.00012369768
image_11158,8.3242005e-05
image_11159,0.00494178
image_11160,0.000985045
image_11161,2.8747982e-07
image_11162,0.0013154038
image_11163,0.013267873
image_11164,0.014519559
image_11165,0.00051614374
image_11166,0.2125614
image_11167,0.9828513
image_11168,3.8252404e-07
image_11169,0.11587038
image_11170,3.101319e-06
image_11171,6.446007e-05
image_11172,0.00052515964
image_11173,8.294653e-07
image_11174,0.99967253
image_11175,3.8363213e-10
image_11176,0.00046797047
image_11177,2.0897089e-05
image_11178,0.00026411962
image_11179,5.7273564e-06
image_11180,5.810003e-06
image_11181,0.002150475
image_11182,0.0026534337
image_11183,3.3673074e-05
image_11184,0.0026017518
image_11185,0.043177474
image_11186,0.0008346521
image_11187,0.0071638934
image_11188,0.0006706926
image_11189,0.998783
image_11190,0.018054746
image_11191,0.00067805254
image_11192,0.0009991879
image_11193,3.092154e-05
image_11194,2.4244102e-07
image_11195,0.57871747
image_11196,6.7262374e-07
image_11197,0.00040714594
image_11198,0.009763863
image_11199,0.000547408
image_11200,8.27852e-05
image_11201,0.00016759479
image_11202,0.000504067
image_11203,0.010709633
image_11204,0.000104017716
image_11205,0.00045527425
image_11206,1.8069544e-06
image_11207,0.00096121867
image_11208,0.00024388026
image_11209,1.1213206e-05
image_11210,0.12851337
image_11211,5.405729e-06
image_11212,0.95410603
image_11213,0.19101098
image_11214,2.2968942e-09
image_11215,0.9879674
image_11216,1.6835638e-07
image_11217,0.95967203
image_11218,0.81039584
image_11219,0.00028397283
image_11220,1.4534484e-07
image_11221,5.5752826e-05
image_11222,0.98746926
image_11223,6.0094877e-05
image_11224,0.0065059364
image_11225,0.00016481878
image_11226,0.7667374
image_11227,0.20099759
image_11228,0.03957156
image_11229,0.0828381
image_11230,0.08137242
image_11231,0.20111522
image_11232,0.00087420346
image_11233,0.013932165
image_11234,0.0009815239
image_11235,0.9801915
image_11236,1.3456521e-05
image_11237,0.7496393
image_11238,0.00010331927
image_11239,5.3077405e-05
image_11240,0.0013159453
image_11241,0.0025587608
image_11242,0.0016403878
image_11243,0.0047154883
image_11244,0.0002691787
image_11245,0.00019437185
image_11246,0.9630723
image_11247,0.0009123943
image_11248,3.3157605e-05
image_11249,2.1475469e-07
image_11250,0.046421073
image_11251,0.0011310148
image_11252,0.26651114
image_11253,3.4959405e-05
image_11254,0.011736906
image_11255,0.010315254
image_11256,0.00026187373
image_11257,0.00087080547
image_11258,0.00570768
image_11259,0.0053108707
image_11260,0.00033297748
image_11261,0.009509297
image_11262,0.0004139713
image_11263,2.7381073e-05
image_11264,0.005836771
image_11265,1.04673596e-07
image_11266,0.78865254
image_11267,2.2062627e-06
image_11268,0.028767139
image_11269,0.008490266
image_11270,0.00058709993
image_11271,8.559887e-05
image_11272,0.0005866303
image_11273,0.9965826
image_11274,0.010078338
image_11275,0.9990604
image_11276,0.7955104
image_11277,0.0015343768
image_11278,0.00011111784
image_11279,0.0002816171
image_11280,0.94384444
image_11281,0.0032429672
image_11282,3.5249475e-05
image_11283,0.019320212
image_11284,0.0050860904
image_11285,0.0005027225
image_11286,2.344155e-05
image_11287,0.0049906163
image_11288,8.7603534e-05
image_11289,0.00019161134
image_11290,0.6044673
image_11291,0.9999962
image_11292,0.00026562388
image_11293,0.98449945
image_11294,0.0064442903
image_11295,0.010646392
image_11296,0.00015777447
image_11297,0.0006031487
image_11298,0.00045308174
image_11299,9.98693e-06
image_11300,0.01202094
image_11301,0.9973998
image_11302,2.3731268e-07
image_11303,2.8232225e-05
image_11304,0.59665287
image_11305,2.6244657e-05
image_11306,3.0254843e-05
image_11307,6.2709136e-05
image_11308,0.9978641
image_11309,0.9984033
image_11310,0.015823588
image_11311,0.0014385865
image_11312,0.0032280562
image_11313,0.00018852967
image_11314,4.5412104e-05
image_11315,1.8479498e-06
image_11316,0.00073978247
image_11317,2.538862e-06
image_11318,0.0211618
image_11319,0.9990928
image_11320,5.4973293e-07
image_11321,0.20745814
image_11322,0.7158711
image_11323,1.146595e-06
image_11324,7.613965e-06
image_11325,0.022912987
image_11326,1.2522264e-06
image_11327,0.0049780444
image_11328,0.00013794628
image_11329,0.0014876117
image_11330,1.1150687e-06
image_11331,1.9253454e-05
image_11332,1.0305786e-05
image_11333,0.010888796
image_11334,0.005993628
image_11335,0.0015677718
image_11336,0.00032427124
image_11337,0.00036977444
image_11338,1.11699734e-07
image_11339,0.3998872
image_11340,0.00015778208
image_11341,0.019394755
image_11342,0.00028675585
image_11343,0.0005882442
image_11344,0.0004512812
image_11345,0.0031499853
image_11346,0.018886415
image_11347,0.7968447
image_11348,0.00056220655
image_11349,6.4783944e-07
image_11350,0.9985742
image_11351,0.00013160436
image_11352,3.295818e-05
image_11353,0.00024225177
image_11354,0.0008769594
image_11355,0.00018994644
image_11356,0.9986595
image_11357,0.21808285
image_11358,0.59120125
image_11359,7.708426e-05
image_11360,7.1722843e-07
image_11361,0.0014869223
image_11362,0.020036954
image_11363,1.006801e-06
image_11364,0.7926785
image_11365,2.285933e-05
image_11366,0.00037009094
image_11367,0.00029945886
image_11368,0.00039500356
image_11369,0.78678846
image_11370,0.48472604
image_11371,4.4545057e-05
image_11372,0.0099730715
image_11373,0.601501
image_11374,0.014553145
image_11375,0.25464505
image_11376,3.3556169e-06
image_11377,0.20278025
image_11378,0.00013401335
image_11379,2.7216613e-05
image_11380,0.7913839
image_11381,0.00018261198
image_11382,1.6718242e-05
image_11383,0.0046848706
image_11384,0.00014123056
image_11385,0.00053780613
image_11386,0.00018006033
image_11387,2.691682e-08
image_11388,0.00012351689
image_11389,8.2359e-06
image_11390,0.0019540987
image_11391,0.00015650172
image_11392,0.00023959269
image_11393,0.9929397
image_11394,0.92644584
image_11395,0.00040505402
image_11396,0.9917363
image_11397,6.0143164e-05
image_11398,0.001467614
image_11399,0.46512362
image_11400,2.956925e-05
image_11401,0.00015708021
image_11402,0.0008655448
image_11403,0.0001157766
image_11404,0.0006930105
image_11405,0.0002783942
image_11406,0.0041242335
image_11407,0.9937463
image_11408,4.6957962e-07
image_11409,0.78459543
image_11410,9.023958e-06
image_11411,0.0008071987
image_11412,6.240605e-06
image_11413,5.9288134e-08
image_11414,0.10469985
image_11415,1.5093987e-06
image_11416,4.7517125e-05
image_11417,0.00010726997
image_11418,1.1809252e-05
image_11419,0.0015375346
image_11420,0.074731335
image_11421,0.15663296
image_11422,4.0835195e-05
image_11423,1.3861849e-05
image_11424,0.00097359053
image_11425,0.048579402
image_11426,5.581421e-07
image_11427,0.007554843
image_11428,0.019820768
image_11429,7.7429315e-05
image_11430,5.6311317e-05
image_11431,5.9368787e-05
image_11432,0.0018539891
image_11433,3.7756133e-06
image_11434,9.905116e-07
image_11435,0.7904179
image_11436,0.0001826729
image_11437,0.0045412574
image_11438,8.455425e-08
image_11439,0.9771749
image_11440,0.00047818833
image_11441,5.4061693e-06
image_11442,0.009840995
image_11443,0.0031603784
image_11444,0.75150543
image_11445,0.0019582708
image_11446,1.1038812e-05
image_11447,7.50783e-05
image_11448,0.026541414
image_11449,7.5781577e-06
image_11450,0.0031532706
image_11451,7.971103e-06
image_11452,0.596326
image_11453,1.9479776e-07
image_11454,0.1632235
image_11455,2.6495796e-05
image_11456,0.7710232
image_11457,0.39599705
image_11458,0.78776145
image_11459,0.00033698633
image_11460,0.0023616422
image_11461,0.0009041398
image_11462,0.00019461419
image_11463,2.149183e-05
image_11464,0.00010975157
image_11465,3.4548342e-05
image_11466,0.007603745
image_11467,3.095844e-08
image_11468,0.00056843914
image_11469,0.00013046485
image_11470,0.79412234
image_11471,0.00041060083
image_11472,0.2052103
image_11473,0.00011874823
image_11474,3.0504605e-06
image_11475,0.24154744
image_11476,0.9212518
image_11477,9.310461e-08
image_11478,8.737585e-05
image_11479,1.5179279e-06
image_11480,5.9328983e-08
image_11481,0.00887458
image_11482,3.631309e-08
image_11483,0.00012364301
image_11484,4.0926093e-07
image_11485,9.781672e-06
image_11486,1.7298502e-05
image_11487,0.00021597001
image_11488,0.0059088906
image_11489,0.9536023
image_11490,1.4060987e-07
image_11491,0.0011697374
image_11492,0.00064958725
image_11493,0.058201794
image_11494,0.0057360814
image_11495,0.00087993743
image_11496,3.3966073e-06
image_11497,0.0017624527
image_11498,0.00015908429
image_11499,0.01335343
image_11500,0.0004089728
image_11501,5.285583e-07
image_11502,5.3939446e-05
image_11503,0.7779611
image_11504,0.062971875
image_11505,1.49927e-08
image_11506,0.005311464
image_11507,4.6089597e-05
image_11508,0.005650384
image_11509,1.9110966e-07
image_11510,0.99178165
image_11511,0.0059553953
image_11512,0.0014128953
image_11513,0.009898178
image_11514,2.4017722e-06
image_11515,0.0008398348
image_11516,0.0007556974
image_11517,0.0009351852
image_11518,1.0954199e-08
image_11519,0.0014231377
image_11520,0.85778296
image_11521,0.0050855996
image_11522,0.9820661
image_11523,0.1385723
image_11524,0.41627473
image_11525,0.00022636789
image_11526,2.8049057e-05
image_11527,9.774411e-05
image_11528,0.3879866
image_11529,0.0005789241
image_11530,0.7803307
image_11531,0.0015583676
image_11532,2.3773882e-05
image_11533,0.99063194
image_11534,0.14367375
image_11535,0.72693014
image_11536,0.00036153395
image_11537,9.8825934e-05
image_11538,0.0001504512
image_11539,0.031840608
image_11540,0.0008567334
image_11541,4.627742e-06
image_11542,1.2063259e-05
image_11543,0.0035554892
image_11544,0.09797589
image_11545,0.9986762
image_11546,0.6397395
image_11547,0.00033850543
image_11548,3.851688e-06
image_11549,3.0112238e-05
image_11550,0.00024512867
image_11551,9.3654335e-06
image_11552,4.8293565e-05
image_11553,0.00013881805
image_11554,8.490359e-08
image_11555,4.033118e-06
image_11556,0.00046244444
image_11557,0.00012919254
image_11558,7.110441e-05
image_11559,0.89105064
image_11560,0.034927655
image_11561,1.0610118e-05
image_11562,0.8917726
image_11563,0.00024287972
image_11564,0.00013329694
image_11565,0.0005837581
image_11566,5.3076485e-07
image_11567,4.1298395e-06
image_11568,0.21945162
image_11569,0.00016078609
image_11570,2.969503e-08
image_11571,0.8843701
image_11572,0.040457197
image_11573,0.0020046837
image_11574,1.0898004e-05
image_11575,0.00016817576
image_11576,0.0058821533
image_11577,0.001736196
image_11578,0.15229878
image_11579,0.9785391
image_11580,0.120525986
image_11581,0.001585993
image_11582,0.0057295403
image_11583,0.009302488
image_11584,5.739961e-05
image_11585,0.12087121
image_11586,0.05240214
image_11587,0.23732126
image_11588,2.5178519e-08
image_11589,0.00029462046
image_11590,0.0012424439
image_11591,0.0012686665
image_11592,0.72261167
image_11593,0.00043355275
image_11594,7.0999e-11
image_11595,0.0008242071
image_11596,3.3222786e-06
image_11597,2.616791e-05
image_11598,2.7490214e-06
image_11599,0.06937227
image_11600,0.20933598
image_11601,0.00047271195
image_11602,1.0806158e-05
image_11603,0.0025928752
image_11604,0.010855939
image_11605,7.709094e-07
image_11606,0.0008217772
image_11607,7.420189e-06
image_11608,0.00063807704
image_11609,0.0020462684
image_11610,7.864243e-06
image_11611,0.93298495
image_11612,7.145495e-07
image_11613,1.2169017e-05
image_11614,0.00061256345
image_11615,7.0787006e-05
image_11616,5.468888e-06
image_11617,0.001068939
image_11618,0.007945214
image_11619,0.002090813
image_11620,0.0010016242
image_11621,7.879872e-05
image_11622,0.003724296
image_11623,0.0007928461
image_11624,0.0001312368
image_11625,0.0022694948
image_11626,0.0003776213
image_11627,0.059689373
image_11628,0.008113342
image_11629,0.046842817
image_11630,1.7249282e-05
image_11631,0.002733506
image_11632,0.00029580246
image_11633,0.0003457347
image_11634,0.00013081101
image_11635,0.011232545
image_11636,1.4850739e-05
image_11637,8.954939e-07
image_11638,0.008301771
image_11639,9.689761e-07
image_11640,0.0077025844
image_11641,0.0011813047
image_11642,0.000299878
image_11643,0.00027231843
image_11644,1.4325125e-05
image_11645,0.0005901755
image_11646,0.003045806
image_11647,0.0029108473
image_11648,0.008186605
image_11649,0.8875009
image_11650,3.6279484e-06
image_11651,0.00014071219
image_11652,1.6701764e-05
image_11653,8.328547e-06
image_11654,0.021168163
image_11655,4.8588027e-09
image_11656,0.0073887105
image_11657,0.09688004
image_11658,0.00025364172
image_11659,0.0002683265
image_11660,0.0029331334
image_11661,0.011804933
image_11662,5.9938275e-06
image_11663,1.0787035e-05
image_11664,0.01038271
image_11665,5.305409e-07
image_11666,0.037873436
image_11667,0.01691241
image_11668,0.16397083
image_11669,4.7471367e-05
image_11670,4.0963136e-05
image_11671,6.3678485e-06
image_11672,1.9851713e-07
image_11673,0.00038074347
image_11674,0.0004775725
image_11675,0.0029262062
image_11676,6.882287e-08
image_11677,7.4667496e-06
image_11678,0.9507301
image_11679,2.7833173e-07
image_11680,7.442632e-05
image_11681,2.3215621e-07
image_11682,0.0027479483
image_11683,3.2470576e-05
image_11684,0.02741522
image_11685,2.4316912e-05
image_11686,2.2116556e-06
image_11687,9.4799935e-07
image_11688,0.0012547455
image_11689,0.002630724
image_11690,0.00016126223
image_11691,1.9348536e-06
image_11692,0.0002945094
image_11693,0.0008229261
image_11694,0.04236085
image_11695,1.1813735e-05
image_11696,3.372276e-05
image_11697,4.0056024e-05
image_11698,0.014304625
image_11699,0.10649626
image_11700,0.9998629
image_11701,5.905713e-05
image_11702,1.0275953e-05
image_11703,0.0011380312
image_11704,0.00073836406
image_11705,0.94806564
image_11706,0.0026401305
image_11707,0.00016718757
image_11708,0.0028036595
image_11709,0.0003414698
image_11710,0.0004555462
image_11711,0.0049400586
image_11712,0.7446196
image_11713,0.055038627
image_11714,0.0013725938
image_11715,0.00036307878
image_11716,0.0022015949
image_11717,8.904017e-08
image_11718,3.621335e-05
image_11719,0.0014900682
image_11720,0.9928789
image_11721,0.004165911
image_11722,0.037129465
image_11723,0.9973352
image_11724,0.00087338855
image_11725,0.35625696
image_11726,0.049280167
image_11727,0.0009866902
image_11728,8.974395e-06
image_11729,0.0021085946
image_11730,0.99645936
image_11731,8.4529795e-08
image_11732,0.03701002
image_11733,0.14839783
image_11734,0.03428016
image_11735,0.00023551437
image_11736,1.3524516e-06
image_11737,0.21701208
image_11738,0.9900677
image_11739,0.007993927
image_11740,0.00089284277
image_11741,0.001478102
image_11742,9.334739e-06
image_11743,0.0022925432
image_11744,0.000541626
image_11745,0.75010383
image_11746,0.00045194352
image_11747,0.0068625426
image_11748,2.4619072e-05
image_11749,0.7874432
image_11750,1.7148112e-07
image_11751,4.9622322e-05
image_11752,9.814375e-05
image_11753,0.018560212
image_11754,0.8822458
image_11755,9.008149e-06
image_11756,0.008685082
image_11757,4.816825e-05
image_11758,0.7237084
image_11759,0.9922915
image_11760,0.9908506
image_11761,0.009901302
image_11762,0.00018828787
image_11763,6.0758845e-07
image_11764,0.14915645
image_11765,0.9152696
image_11766,0.0007079697
image_11767,2.7443863e-05
image_11768,0.030243944
image_11769,0.013223479
image_11770,0.051208697
image_11771,5.8988975e-05
image_11772,9.040366e-05
image_11773,0.002483551
image_11774,0.0044761496
image_11775,0.99703664
image_11776,0.7618696
image_11777,0.9818577
image_11778,0.031857893
image_11779,0.0012567551
image_11780,0.00012827464
image_11781,0.0035274592
image_11782,0.00011764015
image_11783,1.1807626e-05
image_11784,4.1044404e-05
image_11785,6.5987306e-06
image_11786,0.00025463972
image_11787,0.0025883499
image_11788,0.6332426
image_11789,0.00012195071
image_11790,0.057326704
image_11791,3.1359878e-06
image_11792,0.14511676
image_11793,3.9326456e-05
image_11794,8.635588e-10
image_11795,0.00242191
image_11796,0.07072751
image_11797,0.0003902131
image_11798,3.5174235e-05
image_11799,0.56401175
image_11800,0.22439712
image_11801,0.00016019495
image_11802,0.32453567
image_11803,5.1693984e-05
image_11804,0.0042055147
image_11805,3.3038206e-05
image_11806,0.9997324
image_11807,0.00029929884
image_11808,7.1230475e-06
image_11809,3.1650174e-08
image_11810,0.007640888
image_11811,5.4221808e-05
image_11812,0.03652877
image_11813,1.4115787e-05
image_11814,0.19152543
image_11815,0.73163486
image_11816,0.00058592507
image_11817,0.7962252
image_11818,0.0029524472
image_11819,0.8010161
image_11820,0.0063824356
image_11821,0.00024053305
image_11822,9.1781585e-05
image_11823,0.9966403
image_11824,1.47699775e-05
image_11825,0.00038983696
image_11826,0.8037017
image_11827,1.1366068e-05
image_11828,0.00033111646
image_11829,0.0023765545
image_11830,3.7407677e-05
image_11831,7.210771e-05
image_11832,0.0009935322
image_11833,0.0001985121
image_11834,0.0026927772
image_11835,0.3895954
image_11836,6.737406e-05
image_11837,0.00075602834
image_11838,0.025490925
image_11839,3.821939e-05
image_11840,0.016180972
image_11841,0.0067245755
image_11842,0.00019267152
image_11843,9.654203e-07
image_11844,0.007205625
image_11845,0.7811391
image_11846,0.00025601877
image_11847,0.00016454878
image_11848,1.0433014e-05
image_11849,4.5649836e-07
image_11850,0.00017524222
image_11851,4.06157e-06
image_11852,2.8840077e-06
image_11853,2.6694133e-06
image_11854,0.00083962886
image_11855,0.89711523
image_11856,0.7797879
image_11857,4.905644e-05
image_11858,0.99484825
image_11859,0.036582865
image_11860,0.5868941
image_11861,0.00031244598
image_11862,0.00025904673
image_11863,0.99605453
image_11864,0.0006546124
image_11865,0.0002645483
image_11866,0.00014321727
image_11867,0.2506528
image_11868,0.9979075
image_11869,0.79188335
image_11870,0.010084579
image_11871,0.00038970244
image_11872,5.726601e-05
image_11873,0.18484247
image_11874,2.484053e-09
image_11875,0.36420006
image_11876,0.00018095676
image_11877,0.07853738
image_11878,1.922468e-05
image_11879,0.0009641299
image_11880,0.006775858
image_11881,8.6479395e-06
image_11882,0.0016988094
image_11883,1.2121118e-06
image_11884,0.0030558226
image_11885,1.3896731e-08
image_11886,7.532397e-07
image_11887,1.6768212e-06
image_11888,0.0025118936
image_11889,0.99368477
image_11890,0.0030184349
image_11891,0.00064072595
image_11892,0.034366846
image_11893,0.0011372061
image_11894,0.79644823
image_11895,1.3352499e-07
image_11896,0.00054664403
image_11897,0.19731298
image_11898,1.7577411e-06
image_11899,3.7892693e-09
image_11900,0.21663332
image_11901,0.0013683946
image_11902,5.284896e-06
image_11903,0.0016129109
image_11904,0.031180289
image_11905,0.00014650973
image_11906,0.004405352
image_11907,0.0062473924
image_11908,0.00047154026
image_11909,0.6173203
image_11910,0.00034536043
image_11911,0.1793234
image_11912,0.9675841
image_11913,6.8203526e-06
image_11914,5.4237134e-06
image_11915,0.9518782
image_11916,1.8209596e-06
image_11917,1.1858821e-05
image_11918,0.019043606
image_11919,0.000504293
image_11920,0.81874806
image_11921,0.024061242
image_11922,0.011834687
image_11923,0.00019407464
image_11924,5.6626163e-07
image_11925,0.03349179
image_11926,0.0005984236
image_11927,0.0063055484
image_11928,0.010221103
image_11929,0.14409482
image_11930,0.008545416
image_11931,1.9623161e-07
image_11932,0.00013876773
image_11933,6.9728035e-06
image_11934,0.00079288485
image_11935,0.002725087
image_11936,8.854029e-05
image_11937,0.0004520585
image_11938,0.043300327
image_11939,0.81958634
image_11940,0.9712485
image_11941,0.0006402519
image_11942,0.037939757
image_11943,5.620974e-07
image_11944,0.0024524636
image_11945,0.00024560938
image_11946,0.80068636
image_11947,0.00051325676
image_11948,0.007925448
image_11949,6.169004e-08
image_11950,0.0019688155
image_11951,0.9967092
image_11952,0.001069781
image_11953,1.2038939e-06
image_11954,0.124252975
image_11955,0.00066767726
image_11956,0.022341583
image_11957,0.0001646926
image_11958,0.00049422897
image_11959,0.00013383126
image_11960,3.2768316e-05
image_11961,0.0023874384
image_11962,0.014481381
image_11963,0.00029210033
image_11964,0.013399664
image_11965,0.0025487298
image_11966,0.8437078
image_11967,9.054992e-05
image_11968,0.00028946786
image_11969,0.01346882
image_11970,0.00011623303
image_11971,0.0005537452
image_11972,9.943626e-06
image_11973,0.0001717975
image_11974,0.021311047
image_11975,0.96226263
image_11976,0.021636542
image_11977,0.9982909
image_11978,8.199959e-05
image_11979,0.00013646815
image_11980,0.65724814
image_11981,2.4714488e-08
image_11982,0.005270579
image_11983,0.01925153
image_11984,0.0004642628
image_11985,0.0017598711
image_11986,0.00019151747
image_11987,0.000104413324
image_11988,0.00020071235
image_11989,7.2167124e-05
image_11990,0.00022185182
image_11991,0.00028125738
image_11992,0.000970813
image_11993,0.0035633834
image_11994,0.99807477
image_11995,8.004669e-06
image_11996,0.010147275
image_11997,0.0029447933
image_11998,0.009782298
image_11999,0.0010728778
image_12000,3.6807338e-05
image_12001,0.98647225
image_12002,0.0007372213
image_12003,3.5162186e-05
image_12004,3.3561155e-05
image_12005,6.4702735e-06
image_12006,0.00016204473
image_12007,7.4129815e-07
image_12008,0.002344357
image_12009,0.9834749
image_12010,0.0010802487
image_12011,8.841182e-05
image_12012,5.1800555e-05
image_12013,0.012531137
image_12014,0.9598011
image_12015,0.28261697
image_12016,0.78820634
image_12017,0.0030636457
image_12018,0.85591984
image_12019,2.263825e-05
image_12020,4.4966666e-05
image_12021,0.18614379
image_12022,0.0017435026
image_12023,1.7282768e-05
image_12024,0.9677644
image_12025,0.11604205
image_12026,2.8209627e-07
image_12027,0.014835419
image_12028,5.6061134e-09
image_12029,6.0781076e-05
image_12030,4.513379e-06
image_12031,0.0058971825
image_12032,8.7058994e-05
image_12033,0.79429007
image_12034,0.0006047071
image_12035,0.003723245
image_12036,0.03293164
image_12037,0.00075438595
image_12038,0.00017177494
image_12039,0.00011923862
image_12040,0.0013249526
image_12041,0.00076983904
image_12042,0.0006076107
image_12043,0.00051161257
image_12044,0.02544399
image_12045,4.9090604e-06
image_12046,0.0002799814
image_12047,4.4289704e-06
image_12048,0.0018489565
image_12049,0.0017857471
image_12050,0.012588995
image_12051,3.2053835e-05
image_12052,7.1455725e-05
image_12053,9.534107e-05
image_12054,8.6088985e-06
image_12055,1.8412135e-05
image_12056,5.5719975e-05
image_12057,0.00049549376
image_12058,1.2240372e-06
image_12059,4.8842332e-05
image_12060,0.64063257
image_12061,1.7927297e-07
image_12062,0.00031047786
image_12063,4.742779e-06
image_12064,0.0011519595
image_12065,0.0020124856
image_12066,0.0049765175
image_12067,0.007982512
image_12068,0.006658168
image_12069,2.3061948e-07
image_12070,0.8929535
image_12071,4.883132e-05
image_12072,0.06552081
image_12073,3.8376957e-06
image_12074,0.00019438444
image_12075,3.5510857e-05
image_12076,9.03207e-06
image_12077,1.911173e-06
image_12078,0.9968312
image_12079,0.006367367
image_12080,0.012085355
image_12081,4.8020404e-08
image_12082,0.006702563
image_12083,0.00024893566
image_12084,0.00019198445
image_12085,1.971434e-06
image_12086,0.78395617
image_12087,0.005643377
image_12088,0.010434721
image_12089,0.0039260453
image_12090,1.6196243e-05
image_12091,0.00010861694
image_12092,4.4416025e-05
image_12093,1.9258016e-05
image_12094,7.0487426e-06
image_12095,1.1134891e-05
image_12096,0.065763295
image_12097,1.908512e-05
image_12098,0.0008299715
image_12099,0.0065779076
image_12100,0.79164946
image_12101,0.9560692
image_12102,0.0020702807
image_12103,5.1249677e-05
image_12104,0.00026631381
image_12105,2.482985e-06
image_12106,0.0153301805
image_12107,0.0077396957
image_12108,0.91457653
image_12109,9.3090486e-05
image_12110,0.0012895633
image_12111,0.0010951698
image_12112,4.4808614e-05
image_12113,0.97927547
image_12114,0.5795866
image_12115,0.001012552
image_12116,2.4309724e-05
image_12117,0.00016461729
image_12118,0.17115247
image_12119,0.9140996
image_12120,0.04367939
image_12121,0.00013177554
image_12122,6.3205516e-05
image_12123,5.48729e-07
image_12124,0.005476621
image_12125,3.922925e-10
image_12126,8.525685e-05
image_12127,0.00034615764
image_12128,0.020002449
image_12129,0.00023399084
image_12130,0.00031627517
image_12131,6.453082e-06
image_12132,2.417639e-07
image_12133,0.567364
image_12134,7.055178e-07
image_12135,5.459016e-08
image_12136,0.00011122975
image_12137,0.0012644227
image_12138,0.87647986
image_12139,0.99646723
image_12140,0.0020812964
image_12141,0.23145048
image_12142,4.8136048e-05
image_12143,4.6151916e-05
image_12144,0.005116373
image_12145,0.0001975911
image_12146,0.0002298975
image_12147,0.008009371
image_12148,0.012774068
image_12149,3.914843e-05
image_12150,1.3718701e-06
image_12151,0.0009245631
image_12152,0.890304
image_12153,0.0013344487
image_12154,0.00041704663
image_12155,0.00045860544
image_12156,0.00018210267
image_12157,0.0015744462
image_12158,1.6595792e-05
image_12159,0.0068272445
image_12160,0.99972034
image_12161,0.00051365973
image_12162,0.9986496
image_12163,0.0077765128
image_12164,0.0015094626
image_12165,0.0011223442
image_12166,0.25029457
image_12167,0.0044806306
image_12168,8.845535e-07
image_12169,0.996928
image_12170,0.00016405212
image_12171,0.005469101
image_12172,0.0038501676
image_12173,0.00044620637
image_12174,0.99570006
image_12175,0.00015343956
image_12176,0.0016852655
image_12177,1.0513815e-05
image_12178,0.00048663886
image_12179,2.0637373e-05
image_12180,0.010264028
image_12181,0.008036812
image_12182,1.6297565e-06
image_12183,8.68176e-05
image_12184,1.7664503e-06
image_12185,0.00084470946
image_12186,0.00011334265
image_12187,0.3534861
image_12188,0.00015888765
image_12189,0.0013394358
image_12190,7.9424444e-07
image_12191,9.43233e-05
image_12192,6.829922e-06
image_12193,0.90093637
image_12194,0.0061529186
image_12195,0.004673835
image_12196,0.0068791253
image_12197,0.5829016
image_12198,0.0013245232
image_12199,0.00024078478
image_12200,8.055127e-05
image_12201,3.2530738e-07
image_12202,0.00059293414
image_12203,0.00092317513
image_12204,1.3010092e-06
image_12205,4.771919e-07
image_12206,1.0628879e-05
image_12207,0.0004654922
image_12208,0.0844446
image_12209,0.00013422835
image_12210,0.0009749729
image_12211,0.80296993
image_12212,0.00024817412
image_12213,0.00042459602
image_12214,0.0008419208
image_12215,1.05376685e-05
image_12216,0.00073238637
image_12217,1.864418e-05
image_12218,1.1243892e-06
image_12219,0.024462614
image_12220,0.16216455
image_12221,0.7194754
image_12222,0.00094008865
image_12223,0.00081117736
image_12224,0.0012703371
image_12225,7.241957e-06
image_12226,0.016824152
image_12227,0.0006035714
image_12228,5.4414948e-05
image_12229,6.426009e-05
image_12230,0.0010939531
image_12231,0.018190365
image_12232,0.0024983385
image_12233,0.00063944067
image_12234,2.3743733e-07
image_12235,0.00011868807
image_12236,0.0008389448
image_12237,1.4896513e-06
image_12238,2.0862986e-05
image_12239,1.5899074e-06
image_12240,1.6742e-05
image_12241,6.3463594e-05
image_12242,0.00046718647
image_12243,1.7735842e-05
image_12244,0.00062619406
image_12245,0.06534583
image_12246,0.2764764
image_12247,0.6303374
image_12248,0.01988869
image_12249,0.6052742
image_12250,0.6516542
image_12251,0.00075244973
image_12252,0.0044964915
image_12253,1.3162317e-05
image_12254,0.0014844995
image_12255,0.0017897995
image_12256,2.7319299e-08
image_12257,3.1670133e-05
image_12258,0.99983215
image_12259,8.8815934e-05
image_12260,0.0013721408
image_12261,0.0001213623
image_12262,9.421422e-05
image_12263,2.6342206e-05
image_12264,0.00801262
image_12265,0.9478661
image_12266,0.008446607
image_12267,0.052091986
image_12268,1.074536e-05
image_12269,0.00022073968
image_12270,2.0930518e-05
image_12271,0.9899202
image_12272,0.6856936
image_12273,8.5746515e-06
image_12274,6.411704e-06
image_12275,7.0795286e-05
image_12276,0.0026696753
image_12277,0.05082134
image_12278,0.0034902052
image_12279,0.683745
image_12280,3.7530474e-06
image_12281,0.018991519
image_12282,0.0007641155
image_12283,4.7238013e-06
image_12284,2.7659055e-06
image_12285,8.772581e-05
image_12286,0.0068001505
image_12287,0.00010190328
image_12288,3.893461e-05
image_12289,0.014519491
image_12290,4.1398437e-07
image_12291,5.3533086e-07
image_12292,0.99909073
image_12293,0.78194284
image_12294,0.992944
image_12295,1.0944987e-06
image_12296,0.0068790363
image_12297,2.440364e-06
image_12298,0.0005750806
image_12299,7.270825e-05
image_12300,0.007828655
image_12301,0.0018253474
image_12302,0.00017377896
image_12303,0.0010104697
image_12304,0.7842996
image_12305,0.000826853
image_12306,0.00448996
image_12307,0.00011670008
image_12308,0.007181799
image_12309,0.000202878
image_12310,0.005198164
image_12311,2.4376022e-06
image_12312,2.0952446e-05
image_12313,3.5621844e-05
image_12314,0.39453632
image_12315,0.00013008039
image_12316,0.023255145
image_12317,0.00028455904
image_12318,2.997895e-06
image_12319,1.9449901e-06
image_12320,0.00053207914
image_12321,0.21431616
image_12322,0.00064625783
image_12323,5.4096004e-06
image_12324,1.4374646e-05
image_12325,0.75222695
image_12326,0.012802945
image_12327,0.8112414
image_12328,0.69505596
image_12329,1.3764386e-06
image_12330,0.029545415
image_12331,0.8062634
image_12332,0.01643757
image_12333,0.004941386
image_12334,0.00038084577
image_12335,0.97627294
image_12336,0.9999853
image_12337,0.010994216
image_12338,0.93227226
image_12339,1.04699485e-08
image_12340,0.7598038
image_12341,6.101078e-05
image_12342,3.2308621e-06
image_12343,3.354664e-05
image_12344,0.3850484
image_12345,0.025527894
image_12346,0.0022908498
image_12347,4.0260066e-08
image_12348,1.0464659e-07
image_12349,0.915656
image_12350,0.0014919128
image_12351,0.029644223
image_12352,0.9108166
image_12353,0.0036826073
image_12354,0.0035510643
image_12355,0.00015071144
image_12356,0.084657
image_12357,0.00026425216
image_12358,0.00013427965
image_12359,0.0024101192
image_12360,0.00041260367
image_12361,0.0085068345
image_12362,0.0032196192
image_12363,9.546782e-06
image_12364,1.9061371e-06
image_12365,0.0020304231
image_12366,0.00026078266
image_12367,4.65471e-06
image_12368,0.9266847
image_12369,0.00022633548
image_12370,0.00018150896
image_12371,3.394651e-07
image_12372,0.0018615716
image_12373,0.018802531
image_12374,0.0012084702
image_12375,0.99496233
image_12376,0.7438129
image_12377,0.0008092559
image_12378,0.0010092491
image_12379,0.004858665
image_12380,0.99840426
image_12381,6.9214504e-05
image_12382,5.123695e-07
image_12383,4.1696556e-05
image_12384,2.928925e-10
image_12385,1.5207092e-06
image_12386,0.0045531075
image_12387,0.00026051328
image_12388,6.630595e-05
image_12389,0.00083052204
image_12390,0.0011714199
image_12391,0.79014486
image_12392,5.001923e-06
image_12393,7.031332e-05
image_12394,0.0014388388
image_12395,0.82202375
image_12396,0.71605045
image_12397,0.5390235
image_12398,8.9870366e-05
image_12399,0.011132907
image_12400,0.81495345
image_12401,3.8475832e-07
image_12402,0.010930752
image_12403,0.0003143939
image_12404,5.2384894e-06
image_12405,5.4301613e-06
image_12406,0.98068094
image_12407,0.0069312416
image_12408,4.2907835e-05
image_12409,9.273611e-05
image_12410,1.5281081e-06
image_12411,0.004647617
image_12412,6.8112274e-07
image_12413,0.0006300171
image_12414,0.01465565
image_12415,0.024995599
image_12416,0.02295443
image_12417,0.001311616
image_12418,0.85629356
image_12419,0.0031208992
image_12420,0.0016768129
image_12421,0.87599885
image_12422,0.00019280452
image_12423,0.0010003974
image_12424,0.0053406553
image_12425,6.786861e-05
image_12426,6.8702655e-05
image_12427,9.219389e-05
image_12428,0.00016118996
image_12429,0.004538785
image_12430,0.0002491214
image_12431,1.51595195e-05
image_12432,6.522096e-05
image_12433,0.00010778116
image_12434,0.00097603863
image_12435,5.2842317e-09
image_12436,0.16389182
image_12437,2.050681e-05
image_12438,0.2922799
image_12439,0.0016464104
image_12440,0.94771504
image_12441,0.0021173572
image_12442,0.0070836963
image_12443,0.29959908
image_12444,0.0002610592
image_12445,7.763474e-05
image_12446,0.0010096723
image_12447,0.99674
image_12448,6.0244383e-06
image_12449,0.97312504
image_12450,0.0027859104
image_12451,0.9820925
image_12452,0.0023611705
image_12453,0.0012636753
image_12454,1.0122856e-05
image_12455,0.00050153665
image_12456,0.7948576
image_12457,2.040761e-06
image_12458,0.23079565
image_12459,1.3502492e-07
image_12460,0.00018710898
image_12461,0.00028340935
image_12462,0.7611431
image_12463,3.3172357e-06
image_12464,0.012991838
image_12465,0.0009217234
image_12466,0.5907516
image_12467,6.0688675e-05
image_12468,1.1980809e-06
image_12469,0.010686388
image_12470,0.0020639908
image_12471,7.669862e-06
image_12472,0.9900553
image_12473,0.9985161
image_12474,4.0317762e-05
image_12475,4.733081e-05
image_12476,7.268619e-07
image_12477,0.99005795
image_12478,0.0013651499
image_12479,0.0023613
image_12480,0.0004809883
image_12481,0.99895376
image_12482,9.282112e-05
image_12483,0.0004877805
image_12484,0.00012731034
image_12485,0.0015293983
image_12486,0.0026744062
image_12487,0.80301917
image_12488,0.0010205902
image_12489,0.000480215
image_12490,0.9999501
image_12491,1.8754761e-05
image_12492,0.99661016
image_12493,0.7907748
image_12494,2.2868035e-05
image_12495,0.00015314182
image_12496,7.5548337e-06
image_12497,0.13249081
image_12498,3.6544578e-05
image_12499,1.5771642e-05
image_12500,0.57650256
image_12501,0.008963212
image_12502,8.186909e-05
image_12503,8.77838e-06
image_12504,0.000119349366
image_12505,0.0004955068
image_12506,0.7999722
image_12507,0.0010232368
image_12508,2.3216115e-05
image_12509,0.0062308772
image_12510,0.00048711887
image_12511,0.00027163583
image_12512,0.00014413292
image_12513,9.001901e-07
image_12514,3.3899218e-05
image_12515,0.7987213
image_12516,0.008493001
image_12517,0.019651959
image_12518,0.005449337
image_12519,0.00014175056
image_12520,4.024274e-06
image_12521,0.9994352
image_12522,0.0015381076
image_12523,0.0043958537
image_12524,0.0014650847
image_12525,0.0071840663
image_12526,0.75827557
image_12527,1.268183e-05
image_12528,0.9636043
image_12529,2.5767285e-06
image_12530,7.5947405e-06
image_12531,0.017850298
image_12532,0.00010515694
image_12533,0.49520212
image_12534,0.0013267626
image_12535,0.005869829
image_12536,0.0016769797
image_12537,0.068635106
image_12538,0.01655584
image_12539,0.00028791418
image_12540,6.308266e-05
image_12541,3.8256718e-07
image_12542,0.004924993
image_12543,0.036664393
image_12544,0.003529073
image_12545,1.0474111e-05
image_12546,0.0007376482
image_12547,0.00025457208
image_12548,3.844409e-05
image_12549,0.0002352042
image_12550,0.0041307253
image_12551,0.00025875043
image_12552,0.60963
image_12553,8.252835e-05
image_12554,5.74393e-05
image_12555,0.010992611
image_12556,9.314607e-06
image_12557,4.0079635e-06
image_12558,6.3078232e-06
image_12559,2.6288712e-06
image_12560,7.319027e-05
image_12561,0.0015814021
image_12562,3.440942e-07
image_12563,7.014238e-06
image_12564,0.00011314533
image_12565,0.0004972635
image_12566,0.18554091
image_12567,0.99608326
image_12568,0.0015752976
image_12569,1.3037548e-05
image_12570,0.011283056
image_12571,0.0038559893
image_12572,0.0016112884
image_12573,0.00025147462
image_12574,0.00015839828
image_12575,0.0008422402
image_12576,1.8395037e-06
image_12577,0.0011554782
image_12578,0.00323817
image_12579,0.15956007
image_12580,0.00012258269
image_12581,0.0004378176
image_12582,0.3115192
image_12583,0.00075578067
image_12584,1.1501554e-05
image_12585,0.7789053
image_12586,0.0017346432
image_12587,0.010770611
image_12588,0.023917548
image_12589,0.00030266342
image_12590,1.6011356e-05
image_12591,0.19536763
image_12592,4.88811e-06
image_12593,0.00043693944
image_12594,0.0014290335
image_12595,0.0004106679
image_12596,0.99604535
image_12597,0.005754384
image_12598,7.355357e-05
image_12599,0.014776187
image_12600,0.011805096
image_12601,0.013587462
image_12602,0.61459196
image_12603,0.00023196751
image_12604,0.004413713
image_12605,0.08541031
image_12606,1.8923529e-05
image_12607,0.0015758711
image_12608,4.871968e-07
image_12609,0.00021130529
image_12610,0.005742385
image_12611,0.0030600855
image_12612,0.00022831952
image_12613,3.4548037e-05
image_12614,0.0005539447
image_12615,0.7545234
image_12616,0.99884856
image_12617,0.000106361054
image_12618,0.006937091
image_12619,0.74115384
image_12620,1.6577735e-05
image_12621,0.19739458
image_12622,0.99886346
image_12623,3.3305005e-07
image_12624,1.0811063e-05
image_12625,0.041602336
image_12626,0.00032335886
image_12627,4.7458212e-05
image_12628,0.99797666
image_12629,0.00089752517
image_12630,0.99983656
image_12631,0.028763171
image_12632,0.4299215
image_12633,1.0709111e-05
image_12634,0.004874218
image_12635,0.092114076
image_12636,0.000616768
image_12637,0.057829127
image_12638,0.04281797
image_12639,0.0001752456
image_12640,1.8297666e-05
image_12641,2.0592648e-05
image_12642,8.037074e-06
image_12643,0.0009532039
image_12644,0.0015828675
image_12645,0.00036996725
image_12646,0.00083246274
image_12647,0.00083404157
image_12648,0.09533569
image_12649,0.0005367359
image_12650,9.092075e-06
image_12651,1.4768344e-07
image_12652,4.773976e-06
image_12653,0.00015573131
image_12654,0.0026380355
image_12655,2.0636487e-06
image_12656,0.0004570032
image_12657,0.5916375
image_12658,7.1373265e-06
image_12659,0.7106322
image_12660,1.0766735e-06
image_12661,0.0013399906
image_12662,0.0035922006
image_12663,0.0005839962
image_12664,0.6277553
image_12665,0.0003955386
image_12666,0.9995142
image_12667,0.9864311
image_12668,0.0013835221
image_12669,3.5499033e-05
image_12670,0.7910762
image_12671,8.374065e-06
image_12672,0.013752962
image_12673,0.9981468
image_12674,2.7126523e-05
image_12675,0.99759763
image_12676,0.00015793252
image_12677,0.0005106018
image_12678,5.56671e-07
image_12679,0.005702789
image_12680,0.86793077
image_12681,5.3733947e-05
image_12682,0.2012128
image_12683,0.0006655584
image_12684,2.6001679e-05
image_12685,0.00095638895
image_12686,1.2795378e-05
image_12687,0.015030809
image_12688,1.5412982e-07
image_12689,0.7511177
image_12690,0.9991148
image_12691,0.00046551495
image_12692,1.7306103e-07
image_12693,0.00015823162
image_12694,0.00072113663
image_12695,0.00042776426
image_12696,0.0012348575
image_12697,9.280865e-08
image_12698,1.503995e-05
image_12699,0.00013906028
image_12700,0.0005923803
image_12701,0.0011212393
image_12702,5.7477946e-06
image_12703,0.0040633297
image_12704,3.9219826e-06
image_12705,0.7352356
image_12706,0.99781597
image_12707,0.018330835
image_12708,0.1946401
image_12709,0.97575307
image_12710,0.4466858
image_12711,8.187596e-05
image_12712,6.765223e-07
image_12713,0.21656747
image_12714,1.1198968e-06
image_12715,0.00015092704
image_12716,0.0003808068
image_12717,9.358752e-05
image_12718,0.41813308
image_12719,9.207293e-06
image_12720,1.6464002e-05
image_12721,0.00057541433
image_12722,2.2401418e-05
image_12723,0.00012076409
image_12724,0.12138648
image_12725,0.9807421
image_12726,4.761021e-06
image_12727,0.0024896185
image_12728,7.773581e-05
image_12729,0.0089150295
image_12730,0.0017745718
image_12731,2.0605892e-05
image_12732,5.0733248e-05
image_12733,0.00014671191
image_12734,0.017297959
image_12735,0.0006665851
image_12736,6.449248e-05
image_12737,0.0021165896
image_12738,0.016467452
image_12739,0.9990306
image_12740,0.009427306
image_12741,4.367655e-08
image_12742,0.017727233
image_12743,0.014391323
image_12744,0.0044944678
image_12745,0.00013370512
image_12746,0.0012487795
image_12747,5.0814844e-05
image_12748,0.0069999252
image_12749,2.1526666e-05
image_12750,0.000154996
image_12751,0.0007981587
image_12752,8.4075697e-07
image_12753,0.8028781
image_12754,0.75272906
image_12755,0.010249543
image_12756,0.38678157
image_12757,0.0014630727
image_12758,7.9253165e-05
image_12759,3.6656344e-05
image_12760,0.0004233322
image_12761,0.0042032325
image_12762,6.1151586e-06
image_12763,0.002253907
image_12764,2.0061907e-06
image_12765,0.025491573
image_12766,0.99961907
image_12767,7.769199e-09
image_12768,0.00091594097
image_12769,0.9819693
image_12770,0.000288392
image_12771,2.0223238e-06
image_12772,4.6664318e-05
image_12773,0.0009287399
image_12774,4.062229e-05
image_12775,0.00075368094
image_12776,3.9880033e-05
image_12777,6.417601e-06
image_12778,0.36144456
image_12779,0.004458365
image_12780,3.1588308e-05
image_12781,0.68016243
image_12782,0.00074799
image_12783,8.918634e-06
image_12784,0.008914864
image_12785,0.78212625
image_12786,4.728935e-06
image_12787,4.0710603e-08
image_12788,0.40175313
image_12789,0.00040185687
image_12790,0.9269684
image_12791,0.0066846707
image_12792,7.398511e-05
image_12793,4.7044243e-05
image_12794,2.185215e-05
image_12795,5.2895643e-06
image_12796,0.0014601226
image_12797,0.0040745824
image_12798,0.016226223
image_12799,0.68990713
image_12800,0.0023795313
image_12801,0.08134862
image_12802,5.9244403e-08
image_12803,0.0056976834
image_12804,0.019842274
image_12805,0.0051657027
image_12806,0.00015694764
image_12807,0.00031353644
image_12808,0.001023983
image_12809,2.3501489e-05
image_12810,0.995302
image_12811,4.048307e-09
image_12812,0.99955225
image_12813,0.79121524
image_12814,0.9987479
image_12815,0.0014312405
image_12816,6.4051615e-05
image_12817,0.005941376
image_12818,0.0013109655
image_12819,0.0015596778
image_12820,0.0002480304
image_12821,0.06492844
image_12822,0.00029849264
image_12823,0.7698871
image_12824,0.04626568
image_12825,0.10236844
image_12826,9.0215025e-07
image_12827,0.020885315
image_12828,0.78487945
image_12829,0.0086773
image_12830,2.6541558e-05
image_12831,0.00014310656
image_12832,0.75818753
image_12833,0.00465415
image_12834,0.015712513
image_12835,0.024863146
image_12836,0.0005406155
image_12837,0.72254455
image_12838,0.00022072489
image_12839,2.0575772e-09
image_12840,0.0002893844
image_12841,0.00049131515
image_12842,2.5060339e-05
image_12843,0.0013841526
image_12844,6.9052653e-06
image_12845,0.058232732
image_12846,0.9335873
image_12847,0.0003799245
image_12848,3.3688375e-05
image_12849,0.99985325
image_12850,0.0023565716
image_12851,0.022741947
image_12852,0.022657577
image_12853,0.0021632737
image_12854,0.0036470508
image_12855,0.00035465788
image_12856,0.0005848279
image_12857,1.441745e-07
image_12858,0.87077856
image_12859,5.2000546e-09
image_12860,0.0007111792
image_12861,0.00074986566
image_12862,0.7386359
image_12863,0.89094377
image_12864,0.023745958
image_12865,0.047248207
image_12866,0.04222938
image_12867,2.185853e-05
image_12868,0.00046610273
image_12869,7.75473e-05
image_12870,0.009990386
image_12871,1.2680671e-07
image_12872,1.7083532e-05
image_12873,0.001484458
image_12874,4.1705944e-06
image_12875,4.029078e-05
image_12876,0.094363764
image_12877,0.0002361095
image_12878,0.9853803
image_12879,0.98784626
image_12880,1.6416285e-05
image_12881,5.5785836e-07
image_12882,0.0017972168
image_12883,0.7265003
image_12884,0.0007631817
image_12885,0.00066868967
image_12886,0.09604064
image_12887,0.0009280737
image_12888,1.206697e-05
image_12889,0.0022723211
image_12890,0.0003222847
image_12891,0.98751426
image_12892,0.00015786961
image_12893,0.0024030409
image_12894,0.0034225553
image_12895,0.012573993
image_12896,0.0016782631
image_12897,4.91067e-06
image_12898,0.122636616
image_12899,3.166425e-05
image_12900,0.9881641
image_12901,1.2159485e-06
image_12902,0.0003732471
image_12903,5.268248e-12
image_12904,0.0008946187
image_12905,0.00072224205
image_12906,1.8837853e-05
image_12907,0.00077249197
image_12908,0.0001599785
image_12909,0.007161792
image_12910,0.0051177167
image_12911,9.704887e-07
image_12912,0.99861276
image_12913,0.0016406998
image_12914,0.9465226
image_12915,0.5537491
image_12916,2.5266945e-06
image_12917,0.009360636
image_12918,1.6278248e-07
image_12919,0.002349176
image_12920,0.008000659
image_12921,8.41741e-08
image_12922,0.0038064606
image_12923,8.533949e-05
image_12924,0.6196063
image_12925,0.004340393
image_12926,0.0030849013
image_12927,0.0024405164
image_12928,0.00061489013
image_12929,0.00068697555
image_12930,0.0015245104
image_12931,0.0403646
image_12932,4.3516444e-05
image_12933,0.011075817
image_12934,0.0003676876
image_12935,0.00014333507
image_12936,0.0013817613
image_12937,1.9815743e-05
image_12938,0.0036627331
image_12939,0.0005478042
image_12940,1.09446555e-05
image_12941,1.5333919e-05
image_12942,0.00035721032
image_12943,0.009364787
image_12944,0.0020662434
image_12945,2.4639323e-06
image_12946,0.00016626668
image_12947,8.365492e-06
image_12948,4.353704e-06
image_12949,2.5578488e-06
image_12950,0.00019026427
image_12951,0.000102418155
image_12952,0.00026383478
image_12953,0.0058517586
image_12954,0.00040536292
image_12955,4.530026e-08
image_12956,0.24268915
image_12957,0.001049361
image_12958,1.4366006e-10
image_12959,0.00016940827
image_12960,7.1706665e-05
image_12961,5.0105473e-06
image_12962,0.009706168
image_12963,0.0017644885
image_12964,0.02550473
image_12965,0.16843586
image_12966,3.0030264e-06
image_12967,0.0017995889
image_12968,0.9997748
image_12969,1.4357379e-05
image_12970,2.8250688e-05
image_12971,0.018806046
image_12972,0.90063727
image_12973,4.0668642e-11
image_12974,0.00034575223
image_12975,0.0062602703
image_12976,3.446797e-05
image_12977,0.0008926402
image_12978,0.00026537714
image_12979,0.0018158085
image_12980,0.0040067276
image_12981,7.6236915e-07
image_12982,0.00015339389
image_12983,0.009240907
image_12984,0.6011643
image_12985,0.9998995
image_12986,0.1795922
image_12987,1.8443061e-05
image_12988,0.0013351692
image_12989,0.0015566594
image_12990,0.0010396871
image_12991,3.3929693e-05
image_12992,0.90487283
image_12993,5.091647e-05
image_12994,0.88015616
image_12995,0.0002924835
image_12996,0.00011755726
image_12997,0.0010759165
image_12998,2.108574e-05
image_12999,3.0319707e-05
image_13000,2.9948375e-05
image_13001,0.0012522753
image_13002,0.0019601136
image_13003,0.0014955101
image_13004,0.061515525
image_13005,0.00023402408
image_13006,1.2474364e-05
image_13007,0.00024290977
image_13008,0.4161484
image_13009,0.0007699529
image_13010,6.323001e-05
image_13011,0.0019543106
image_13012,6.5803106e-05
image_13013,0.012128693
image_13014,6.7704264e-06
image_13015,4.2351846e-08
image_13016,0.7972795
image_13017,0.78094125
image_13018,6.6022693e-07
image_13019,7.808124e-05
image_13020,0.0029574805
image_13021,2.9666398e-07
image_13022,0.0002928094
image_13023,9.613113e-05
image_13024,0.9240688
image_13025,0.00011009685
image_13026,0.0021880465
image_13027,5.041901e-08
image_13028,0.0004648297
image_13029,0.00074942503
image_13030,0.00033935954
image_13031,0.01824123
image_13032,4.7926906e-06
image_13033,0.9993103
image_13034,0.0013139518
image_13035,0.030931521
image_13036,9.416338e-07
image_13037,0.0018046134
image_13038,0.00015487078
image_13039,0.04953099
image_13040,0.0025236844
image_13041,0.99913174
image_13042,3.8642333e-06
image_13043,0.008739262
image_13044,3.2604958e-06
image_13045,0.0266838
image_13046,2.3626628e-08
image_13047,0.0042007766
image_13048,6.2057945e-05
image_13049,0.00026242505
image_13050,0.00012739415
image_13051,0.96510077
image_13052,0.0025372533
image_13053,4.3804257e-06
image_13054,2.4383313e-05
image_13055,0.002892389
image_13056,0.15821719
image_13057,0.9988624
image_13058,0.0005134081
image_13059,6.813465e-06
image_13060,0.03045578
image_13061,0.0120373545
image_13062,0.12664808
image_13063,0.0009879817
image_13064,0.00015025052
image_13065,0.04581529
image_13066,0.0015812133
image_13067,0.0007039593
image_13068,0.0002564464
image_13069,2.0488395e-07
image_13070,1.4913619e-06
image_13071,0.0020070074
image_13072,0.005681071
image_13073,0.9966808
image_13074,0.0001086729
image_13075,0.46956217
image_13076,0.0005220504
image_13077,0.17535472
image_13078,0.40692458
image_13079,0.00046248245
image_13080,0.00847727
image_13081,0.0003874541
image_13082,0.0006026285
image_13083,0.083243325
image_13084,0.0013034435
image_13085,0.8138672
image_13086,1.3690714e-06
image_13087,9.4138864e-05
image_13088,0.9640432
image_13089,3.829243e-07
image_13090,0.012218516
image_13091,0.0024077105
image_13092,0.00018354818
image_13093,8.2122315e-05
image_13094,1.8816507e-05
image_13095,0.15931813
image_13096,8.365227e-06
image_13097,2.9539518e-05
image_13098,0.00042920257
image_13099,5.5467102e-05
image_13100,0.009504275
image_13101,0.99517715
image_13102,0.73396933
image_13103,0.000543568
image_13104,0.004015957
image_13105,0.0024294357
image_13106,0.9644914
image_13107,0.0017268714
image_13108,0.942084
image_13109,0.0038660425
image_13110,1.1794636e-05
image_13111,0.0037147615
image_13112,0.00060768507
image_13113,2.4437097e-05
image_13114,3.6092315e-05
image_13115,0.022476396
image_13116,0.0023644033
image_13117,0.00013435588
image_13118,0.0014087203
image_13119,0.00054701825
image_13120,0.00011009856
image_13121,0.7786076
image_13122,0.81879485
image_13123,0.0028989306
image_13124,3.0185232e-09
image_13125,2.0112367e-08
image_13126,0.0007640435
image_13127,8.424455e-08
image_13128,0.9929255
image_13129,0.00090432825
image_13130,4.1521014e-07
image_13131,0.002586754
image_13132,0.99918246
image_13133,0.19084987
image_13134,0.00011715505
image_13135,7.445403e-06
image_13136,0.9255854
image_13137,0.003950661
image_13138,0.9996102
image_13139,0.010719322
image_13140,0.00946661
image_13141,0.00017052094
image_13142,0.0002869655
image_13143,0.00051100925
image_13144,0.004068698
image_13145,0.015787607
image_13146,1.0824976e-06
image_13147,0.0005415709
image_13148,0.00044380937
image_13149,0.00020136609
image_13150,0.101529494
image_13151,0.00084205775
image_13152,1.0783983e-06
image_13153,4.9132365e-07
image_13154,3.1772713e-06
image_13155,0.0001468525
image_13156,1.1708487e-08
image_13157,0.00033675652
image_13158,6.0742245e-06
image_13159,0.06840225
image_13160,0.5809983
image_13161,0.9998323
image_13162,8.0236525e-05
image_13163,0.008044073
image_13164,7.088096e-06
image_13165,0.7773253
image_13166,0.99607015
image_13167,0.001052707
image_13168,0.002445098
image_13169,1.4861799e-05
image_13170,0.002801101
image_13171,0.012419314
image_13172,0.009757614
image_13173,0.0037602042
image_13174,0.9953816
image_13175,0.00023180958
image_13176,0.0004491483
image_13177,0.10271704
image_13178,0.0013458391
image_13179,7.622659e-05
image_13180,0.9036046
image_13181,0.00056002755
image_13182,0.001004929
image_13183,0.0019994103
image_13184,0.0022238675
image_13185,0.12644333
image_13186,0.0098511055
image_13187,0.00061748386
image_13188,0.0001452008
image_13189,0.00019260302
image_13190,0.27030802
image_13191,0.0043031354
image_13192,0.009115734
image_13193,1.358414e-05
image_13194,0.9970671
image_13195,0.9970162
image_13196,1.9393094e-05
image_13197,0.010717471
image_13198,0.00022421815
image_13199,0.01696011
image_13200,6.824439e-08
image_13201,3.425751e-05
image_13202,5.0308034e-07
image_13203,0.76564944
image_13204,0.6722968
image_13205,0.0008372646
image_13206,1.0435622e-05
image_13207,0.0042024106
image_13208,0.09579176
image_13209,0.00027671922
image_13210,7.71352e-06
image_13211,0.6711686
image_13212,0.00071999716
image_13213,0.0011583387
image_13214,0.012850145
image_13215,0.0058974912
image_13216,1.1256735e-08
image_13217,1.5537121e-06
image_13218,0.00060160307
image_13219,0.82979286
image_13220,0.005178594
image_13221,2.2628555e-07
image_13222,0.87338865
image_13223,1.2267537e-05
image_13224,6.882921e-06
image_13225,0.22581208
image_13226,0.041938018
image_13227,1.9112513e-06
image_13228,0.04099904
image_13229,1.0427153e-05
image_13230,4.690725e-09
image_13231,0.011347746
image_13232,0.0010624769
image_13233,0.48483077
image_13234,0.71183175
image_13235,1.6809089e-07
image_13236,0.0020139196
image_13237,0.20874661
image_13238,2.241818e-05
image_13239,0.02481465
image_13240,0.0025348435
image_13241,8.706202e-06
image_13242,0.00023004276
image_13243,0.8799206
image_13244,2.1969274e-06
image_13245,1.4036665e-05
image_13246,0.04511878
image_13247,0.0012491855
image_13248,0.00012490424
image_13249,2.331964e-05
image_13250,1.6482441e-05
image_13251,9.392142e-05
image_13252,0.04468806
image_13253,0.002785089
image_13254,1.5243881e-05
image_13255,0.00015293228
image_13256,8.894285e-08
image_13257,7.5251395e-05
image_13258,0.003605961
image_13259,5.8267847e-07
image_13260,6.607725e-05
image_13261,5.413104e-06
image_13262,0.0013419596
image_13263,2.36618e-05
image_13264,9.03004e-05
image_13265,0.9921887
image_13266,0.00059136504
image_13267,8.7286186e-05
image_13268,0.0017865427
image_13269,0.00012059845
image_13270,0.00037764612
image_13271,0.008323491
image_13272,0.00036358755
image_13273,0.04015381
image_13274,0.00026401697
image_13275,0.00015332113
image_13276,0.0046274317
image_13277,0.0011578952
image_13278,4.1831263e-06
image_13279,6.4186534e-06
image_13280,4.1029423e-05
image_13281,0.0022526537
image_13282,0.011234755
image_13283,7.3534566e-06
image_13284,0.0006148343
image_13285,0.0011647677
image_13286,0.000513917
image_13287,0.014840409
image_13288,0.0010633363
image_13289,0.79016256
image_13290,1.9424884e-05
image_13291,0.00012507445
image_13292,2.2630572e-07
image_13293,2.1346389e-06
image_13294,0.015573629
image_13295,0.00028937857
image_13296,3.0038884e-05
image_13297,0.9997808
image_13298,1.7298078e-05
image_13299,0.9919027
image_13300,3.018635e-05
image_13301,0.0009069792
image_13302,7.414373e-08
image_13303,2.567134e-06
image_13304,6.981582e-05
image_13305,6.076938e-07
image_13306,0.0001654283
image_13307,0.0009683435
image_13308,0.0013801164
image_13309,0.00011589661
image_13310,1.5873974e-08
image_13311,0.5935353
image_13312,0.5430385
image_13313,0.0014087418
image_13314,0.012120945
image_13315,0.00025263685
image_13316,0.0013374501
image_13317,6.3719212e-06
image_13318,0.15717548
image_13319,0.0007330823
image_13320,0.0071372604
image_13321,0.0023145196
image_13322,0.0032367765
image_13323,1.5328224e-05
image_13324,0.0019473918
image_13325,0.0060736695
image_13326,0.0044118245
image_13327,0.0013094991
image_13328,0.0026391156
image_13329,3.754637e-08
image_13330,0.0006103311
image_13331,5.0794915e-07
image_13332,1.2782404e-05
image_13333,0.008042887
image_13334,0.0018737303
image_13335,0.96978664
image_13336,1.0474946e-05
image_13337,3.115049e-06
image_13338,0.00013135624
image_13339,0.027214142
image_13340,0.05299157
image_13341,0.018157108
image_13342,0.13919932
image_13343,3.3917357e-05
image_13344,0.009547348
image_13345,9.9949924e-05
image_13346,8.235218e-06
image_13347,0.001932234
image_13348,0.0056121796
image_13349,0.00087088096
image_13350,9.6441785e-05
image_13351,4.248634e-08
image_13352,0.64806867
image_13353,0.0012373757
image_13354,0.0041059656
image_13355,2.3668992e-05
image_13356,0.0011848491
image_13357,0.0016954899
image_13358,0.00026702211
image_13359,0.023028146
image_13360,0.00062773895
image_13361,0.0021514394
image_13362,0.011168766
image_13363,0.028681012
image_13364,0.002890389
image_13365,3.550886e-05
image_13366,0.00011832661
image_13367,0.030436728
image_13368,0.00048221758
image_13369,4.903233e-07
image_13370,0.00012161557
image_13371,3.1884948e-09
image_13372,0.0011867712
image_13373,0.016456787
image_13374,5.183569e-05
image_13375,0.00012615116
image_13376,1.1121705e-05
image_13377,0.76066446
image_13378,0.00055142725
image_13379,0.04233798
image_13380,0.00021292813
image_13381,0.0021400538
image_13382,0.99914324
image_13383,0.0038708034
image_13384,0.10005939
image_13385,5.648654e-07
image_13386,0.00016614594
image_13387,0.007469387
image_13388,0.00034881453
image_13389,3.4974233e-05
image_13390,0.00013984
image_13391,0.0013166759
image_13392,0.0104644485
image_13393,1.9316376e-06
image_13394,0.00054203917
image_13395,0.0030472074
image_13396,1.300518e-05
image_13397,0.061047412
image_13398,0.0030007905
image_13399,3.5097997e-05
image_13400,0.00058449805
image_13401,2.860366e-05
image_13402,1.8604751e-05
image_13403,2.2209088e-06
image_13404,0.19628242
image_13405,0.0014543248
image_13406,0.48721728
image_13407,0.019468864
image_13408,0.00071008375
image_13409,7.813667e-06
image_13410,0.0017443788
image_13411,4.2300642e-05
image_13412,0.0004266065
image_13413,0.0035973028
image_13414,0.8192854
image_13415,9.1282294e-07
image_13416,0.32470638
image_13417,0.17646214
image_13418,0.0044345707
image_13419,0.000289594
image_13420,0.0001378906
image_13421,0.001412018
image_13422,0.9911079
image_13423,5.6005856e-06
image_13424,0.0004283017
image_13425,0.00053795695
image_13426,0.0002484685
image_13427,0.7739064
image_13428,0.41029078
image_13429,2.8524877e-07
image_13430,0.0030321588
image_13431,0.00069119234
image_13432,0.22463602
image_13433,0.75332844
image_13434,0.0044303364
image_13435,0.0041100224
image_13436,2.2736123e-05
image_13437,0.020611964
image_13438,5.4270513e-06
image_13439,0.71247977
image_13440,0.002737092
image_13441,1.3213997e-05
image_13442,0.10309106
image_13443,0.9896575
image_13444,0.0041293493
image_13445,2.694048e-05
image_13446,0.7058704
image_13447,0.00016399802
image_13448,0.0030575392
image_13449,0.0018975835
image_13450,0.9757854
image_13451,3.5669982e-05
image_13452,8.007433e-06
image_13453,0.00020753166
image_13454,0.00026043068
image_13455,0.00290664
image_13456,0.0037838733
image_13457,0.046339903
image_13458,0.00061646034
image_13459,0.6036327
image_13460,0.00032330537
image_13461,0.003213508
image_13462,0.0004997105
image_13463,0.20034546
image_13464,0.0004369919
image_13465,2.2527348e-07
image_13466,0.06519399
image_13467,2.189236e-06
image_13468,9.1989386e-07
image_13469,0.00017207237
image_13470,0.9932338
image_13471,0.0010794376
image_13472,0.017938936
image_13473,0.9171976
image_13474,0.99258626
image_13475,0.0024113895
image_13476,9.87483e-06
image_13477,4.612174e-05
image_13478,0.00013185272
image_13479,0.00031441398
image_13480,0.023092074
image_13481,3.913161e-06
image_13482,0.009658448
image_13483,0.0072901016
image_13484,1.0569992e-07
image_13485,0.000165038
image_13486,0.00041267156
image_13487,0.00077184686
image_13488,4.5689612e-06
image_13489,0.014152227
image_13490,0.0029921418
image_13491,0.92861915
image_13492,6.2750616e-05
image_13493,0.00047295325
image_13494,0.69663966
image_13495,0.8075185
image_13496,0.00015871461
image_13497,9.5289477e-07
image_13498,1.3635631e-06
image_13499,0.007939201
image_13500,0.01919534
image_13501,0.0015431852
image_13502,0.00089276617
image_13503,1.9715455e-06
image_13504,0.68588173
image_13505,7.2022915e-05
image_13506,1.425217e-06
image_13507,0.9396349
image_13508,0.0005754151
image_13509,6.629919e-05
image_13510,0.99805284
image_13511,0.0018851041
image_13512,1.4878814e-06
image_13513,0.00011847267
image_13514,0.094219446
image_13515,0.012618156
image_13516,0.67120343
image_13517,0.021132464
image_13518,0.00065374526
image_13519,4.3296375e-05
image_13520,0.004410092
image_13521,1.0652782e-06
image_13522,3.0095027e-05
image_13523,0.0027011773
image_13524,0.00023441098
image_13525,4.8549104e-08
image_13526,7.512864e-07
image_13527,0.14566033
image_13528,0.0073730177
image_13529,6.0039005e-05
image_13530,0.6648679
image_13531,0.007827343
image_13532,0.0037557855
image_13533,0.0006334495
image_13534,0.0121825505
image_13535,2.071652e-06
image_13536,0.00089741877
image_13537,0.699872
image_13538,7.199126e-07
image_13539,0.0036685928
image_13540,0.0048002424
image_13541,0.012739039
image_13542,0.018392732
image_13543,0.9103898
image_13544,3.2295582e-06
image_13545,0.03951441
image_13546,5.0654926e-05
image_13547,4.4057862e-05
image_13548,3.340678e-05
image_13549,0.0046594664
image_13550,0.038393404
image_13551,5.490159e-05
image_13552,0.000113776005
image_13553,0.00023386723
image_13554,5.5622854e-07
image_13555,1.771429e-06
image_13556,0.0050674523
image_13557,0.005608147
image_13558,0.6186559
image_13559,6.213258e-05
image_13560,0.0018322669
image_13561,1.1902935e-07
image_13562,0.0021959464
image_13563,0.000406635
image_13564,9.854987e-06
image_13565,0.00029794418
image_13566,0.00057027163
image_13567,0.00021439274
image_13568,0.00026223907
image_13569,0.0126910545
image_13570,0.0005311187
image_13571,0.0016540557
image_13572,0.00045551738
image_13573,3.2004048e-06
image_13574,0.0016230203
image_13575,0.015625041
image_13576,0.0016312276
image_13577,0.03504795
image_13578,8.8035275e-05
image_13579,0.0002654132
image_13580,0.00016845527
image_13581,1.0376797e-05
image_13582,0.00012097205
image_13583,0.002831902
image_13584,0.002108936
image_13585,0.008500819
image_13586,7.5089165e-06
image_13587,0.00085607043
image_13588,0.9599747
image_13589,0.96650296
image_13590,6.113629e-05
image_13591,5.0624512e-06
image_13592,7.094525e-05
image_13593,2.6887697e-06
image_13594,0.00018572625
image_13595,3.35304e-05
image_13596,1.3227348e-06
image_13597,0.9698374
image_13598,0.0034781836
image_13599,1.4292842e-05
image_13600,2.8121453e-06
image_13601,0.0004443403
image_13602,0.08465846
image_13603,1.4308649e-05
image_13604,0.17277727
image_13605,0.0003777307
image_13606,0.20485312
image_13607,0.0025259925
image_13608,1.5541136e-06
image_13609,0.6183922
image_13610,3.7331624e-06
image_13611,0.007907591
image_13612,0.0032259328
image_13613,3.0964847e-07
image_13614,0.04901952
image_13615,6.844783e-05
image_13616,0.009708207
image_13617,0.33285636
image_13618,1.1478956e-07
image_13619,0.0001569819
image_13620,0.0017201623
image_13621,0.00018042272
image_13622,3.3213608e-05
image_13623,0.0005164605
image_13624,0.81100947
image_13625,0.005599416
image_13626,0.0005048838
image_13627,0.00014962713
image_13628,0.0020494787
image_13629,2.8586648e-05
image_13630,0.13961145
image_13631,0.9998816
image_13632,5.1146235e-05
image_13633,0.0010885298
image_13634,0.0061145267
image_13635,2.5818522e-06
image_13636,0.005034485
image_13637,3.8916754e-05
image_13638,0.00038003118
image_13639,0.00015440516
image_13640,2.8554455e-06
image_13641,0.00048018253
image_13642,0.00032177888
image_13643,5.512028e-06
image_13644,0.00010088526
image_13645,0.13875093
image_13646,4.4683304e-05
image_13647,0.8628319
image_13648,1.9671318e-06
image_13649,1.0981742e-06
image_13650,0.00018057806
image_13651,0.0011404653
image_13652,0.38628408
image_13653,0.030067388
image_13654,0.0008093196
image_13655,0.9725547
image_13656,1.4202892e-07
image_13657,1.9525944e-05
image_13658,0.0024036276
image_13659,0.0015768588
image_13660,0.00029497498
image_13661,0.008573298
image_13662,0.011583196
image_13663,0.0009448165
image_13664,0.0005756961
image_13665,0.000632973
image_13666,0.00064117834
image_13667,4.2781203e-06
image_13668,7.924051e-06
image_13669,1.8104442e-05
image_13670,1.987832e-06
image_13671,6.2811145e-05
image_13672,5.356281e-08
image_13673,0.0061045587
image_13674,0.00019615871
image_13675,0.00048347685
image_13676,2.7196472e-06
image_13677,2.2659053e-05
image_13678,0.00027284242
image_13679,6.861465e-05
image_13680,0.61812013
image_13681,0.008174135
image_13682,6.0680304e-05
image_13683,0.00014060002
image_13684,0.00051206467
image_13685,2.3176047e-10
image_13686,1.5811129e-05
image_13687,0.99941003
image_13688,2.3450114e-06
image_13689,0.0009167759
image_13690,0.0006639756
image_13691,0.012390916
image_13692,1.8572837e-05
image_13693,0.99920297
image_13694,0.0016388774
image_13695,0.0003015887
image_13696,0.0027194046
image_13697,3.7891266e-05
image_13698,0.06475971
image_13699,3.3445185e-06
image_13700,0.0013999715
image_13701,0.00065965304
image_13702,0.0005417935
image_13703,0.009303265
image_13704,0.26190785
image_13705,0.05322525
image_13706,0.79148227
image_13707,0.8026321
image_13708,0.0034637803
image_13709,0.00034773565
image_13710,7.624599e-09
image_13711,8.447928e-06
image_13712,0.00029528677
image_13713,1.4212372e-07
image_13714,0.004355928
image_13715,0.0044998117
image_13716,0.0005004315
image_13717,2.2038548e-06
image_13718,0.0014667279
image_13719,0.79114974
image_13720,3.5353743e-05
image_13721,0.9076149
image_13722,0.00010997191
image_13723,0.7285702
image_13724,4.3515076e-05
image_13725,7.162246e-05
image_13726,3.0558782e-05
image_13727,0.035448216
image_13728,1.7403904e-06
image_13729,1.4487451e-06
image_13730,0.0056374334
image_13731,0.99423456
image_13732,1.1321712e-08
image_13733,4.4084678e-05
image_13734,0.06506407
image_13735,3.250519e-07
image_13736,0.0006702617
image_13737,4.752587e-06
image_13738,1.4477897e-05
image_13739,0.008137029
image_13740,5.555754e-05
image_13741,5.905157e-05
image_13742,1.4720153e-05
image_13743,0.99712735
image_13744,4.8069975e-05
image_13745,0.00012005986
image_13746,0.0020180952
image_13747,0.00015060355
image_13748,2.463372e-06
image_13749,0.0003247483
image_13750,0.922583
image_13751,6.260859e-06
image_13752,6.6150926e-05
image_13753,0.9882478
image_13754,0.8795122
image_13755,0.21244434
image_13756,0.030244593
image_13757,0.08931615
image_13758,1.6555473e-06
image_13759,2.5958506e-08
image_13760,0.00038920602
image_13761,0.006797701
image_13762,4.328641e-05
image_13763,0.17910376
image_13764,0.010000743
image_13765,0.0005376631
image_13766,0.0012846412
image_13767,0.9998871
image_13768,9.03112e-06
image_13769,0.06625885
image_13770,0.001721145
image_13771,0.018369228
image_13772,0.041989926
image_13773,0.0021725476
image_13774,0.81112576
image_13775,0.9963901
image_13776,0.039425164
image_13777,0.013741726
image_13778,1.7529379e-06
image_13779,7.056922e-07
image_13780,8.79959e-06
image_13781,0.0027814647
image_13782,0.00015221423
image_13783,1.881097e-05
image_13784,0.00027476458
image_13785,4.4402777e-06
image_13786,0.07823217
image_13787,3.3539393e-09
image_13788,0.0047433246
image_13789,7.653335e-05
image_13790,2.0994252e-05
image_13791,0.0028162876
image_13792,0.00015514564
image_13793,0.0022533643
image_13794,0.00010995536
image_13795,0.0015709578
image_13796,0.14566061
image_13797,4.044628e-05
image_13798,2.1215258e-06
image_13799,0.1081495
image_13800,0.00039881142
image_13801,0.00021980901
image_13802,0.012500101
image_13803,0.009620061
image_13804,0.03302376
image_13805,0.0031498817
image_13806,0.27522594
image_13807,1.6436139e-05
image_13808,0.01375914
image_13809,1.5617524e-06
image_13810,0.00010940243
image_13811,0.94281113
image_13812,0.82408154
image_13813,0.018139437
image_13814,0.00019405478
image_13815,0.030912416
image_13816,2.104938e-07
image_13817,0.00059259066
image_13818,0.0032119313
image_13819,5.8844284e-06
image_13820,0.00013405792
image_13821,3.386393e-05
image_13822,0.0015573706
image_13823,0.009045672
image_13824,0.0007709232
image_13825,0.0022237366
image_13826,0.0067303963
image_13827,0.001281804
image_13828,4.7040015e-05
image_13829,0.0002892977
image_13830,0.052438363
image_13831,0.00070315064
image_13832,0.0003176609
image_13833,2.627198e-07
image_13834,0.009366423
image_13835,6.2540654e-05
image_13836,0.0013992642
image_13837,8.3257044e-07
image_13838,0.9916401
image_13839,0.0004017856
image_13840,3.6693461e-07
image_13841,0.00063474453
image_13842,3.9868638e-07
image_13843,0.0018244169
image_13844,0.005564842
image_13845,1.0119113e-05
image_13846,1.667296e-07
image_13847,0.00011552759
image_13848,0.99890226
image_13849,1.7927818e-05
image_13850,0.0028070584
image_13851,0.0008679173
image_13852,1.0760892e-05
image_13853,7.792998e-05
image_13854,0.00016601571
image_13855,0.63752043
image_13856,0.0018690447
image_13857,0.0017903785
image_13858,2.0643952e-06
image_13859,0.0013872298
image_13860,0.00072724273
image_13861,0.110232376
image_13862,0.0020021829
image_13863,0.00045043736
image_13864,0.4156107
image_13865,0.011294023
image_13866,0.0010939471
image_13867,7.147777e-08
image_13868,0.0045191566
image_13869,0.00084026315
image_13870,0.0004716071
image_13871,1.5271498e-05
image_13872,0.0007333057
image_13873,0.008281191
image_13874,0.0012884922
image_13875,0.010387035
image_13876,2.8721588e-05
image_13877,1.775118e-06
image_13878,0.0010570362
image_13879,0.0031912052
image_13880,0.8537657
image_13881,3.794438e-05
image_13882,0.9863491
image_13883,4.2880473e-07
image_13884,0.000113691305
image_13885,2.3333871e-07
image_13886,0.0006139032
image_13887,0.00029275054
image_13888,0.00014696133
image_13889,1.2865768e-05
image_13890,9.29317e-05
image_13891,0.00023489169
image_13892,0.0033356713
image_13893,0.0069253566
image_13894,0.11754462
image_13895,0.0011753063
image_13896,0.24369314
image_13897,0.8145131
image_13898,0.0028176357
image_13899,0.000114332885
image_13900,3.2267828e-05
image_13901,0.92370766
image_13902,3.7097006e-06
image_13903,0.0007520543
image_13904,0.044375133
image_13905,3.744813e-07
image_13906,0.9999687
image_13907,4.221436e-06
image_13908,0.011091939
image_13909,0.99350053
image_13910,0.0107057085
image_13911,3.3241218e-08
image_13912,4.631397e-05
image_13913,7.003623e-07
image_13914,1.4273966e-06
image_13915,2.2217616e-06
image_13916,0.016210603
image_13917,0.00023714738
image_13918,0.00019159104
image_13919,0.73701024
image_13920,0.2282377
image_13921,3.462029e-06
image_13922,0.043273296
image_13923,0.052532144
image_13924,0.1539737
image_13925,0.034547776
image_13926,6.7188054e-08
image_13927,0.02191231
image_13928,0.14155835
image_13929,0.000115472314
image_13930,7.493381e-05
image_13931,0.00048661203
image_13932,0.0036239647
image_13933,0.003986017
image_13934,9.135518e-06
image_13935,3.188845e-05
image_13936,0.00014152787
image_13937,9.2826995e-05
image_13938,0.0017291857
image_13939,0.0074120304
image_13940,0.00048266345
image_13941,0.0008176203
image_13942,4.111269e-06
image_13943,0.00033812062
image_13944,0.00038984593
image_13945,0.38551557
image_13946,2.5431473e-05
image_13947,0.002478562
image_13948,0.076213
image_13949,0.0003480494
image_13950,2.1249143e-08
image_13951,0.0005149543
image_13952,2.246042e-05
image_13953,1.4045674e-05
image_13954,4.1944084e-05
image_13955,0.00039175025
image_13956,0.00011960298
image_13957,0.00062344474
image_13958,0.00010824705
image_13959,1.2121953e-07
image_13960,0.9212674
image_13961,0.0013328365
image_13962,0.0010632675
image_13963,0.05266785
image_13964,0.0038846831
image_13965,0.85606754
image_13966,7.738153e-05
image_13967,5.5273256e-07
image_13968,0.5313337
image_13969,0.054457836
image_13970,9.3426155e-05
image_13971,5.297422e-09
image_13972,0.01431366
image_13973,1.7670937e-06
image_13974,0.00014380796
image_13975,2.7364254e-06
image_13976,2.12457e-05
image_13977,0.006705214
image_13978,0.0029919907
image_13979,0.00070431095
image_13980,3.844496e-06
image_13981,0.00016714267
image_13982,0.0066134552
image_13983,0.057952274
image_13984,0.010139021
image_13985,7.953618e-06
image_13986,0.039875574
image_13987,0.00030020633
image_13988,0.9860951
image_13989,0.00029303817
image_13990,0.0016331112
image_13991,0.009506463
image_13992,1.0169797e-05
image_13993,0.008076663
image_13994,4.6922738e-05
image_13995,0.18096995
image_13996,5.6973624e-07
image_13997,0.0012823631
image_13998,0.8706038
image_13999,0.99140847
image_14000,8.260553e-05
image_14001,0.00067225343
image_14002,0.13046807
image_14003,0.9806088
image_14004,1.9916275e-08
image_14005,0.003737329
image_14006,0.016818807
image_14007,0.13845077
image_14008,0.00062221626
image_14009,0.00038028212
image_14010,0.27712774
image_14011,0.00066969806
image_14012,0.0001422651
image_14013,4.426636e-05
image_14014,0.00668505
image_14015,7.871019e-05
image_14016,0.00022209401
image_14017,0.58901453
image_14018,6.852713e-05
image_14019,0.00010073236
image_14020,0.0029232365
image_14021,1.7648663e-06
image_14022,0.0014745459
image_14023,0.9818703
image_14024,0.04398004
image_14025,0.96599627
image_14026,1.6512387e-09
image_14027,0.041233953
image_14028,6.135837e-05
image_14029,0.0051139016
image_14030,0.24852419
image_14031,3.1998506e-09
image_14032,0.010184361
image_14033,0.0038306545
image_14034,2.1918104e-05
image_14035,0.96125925
image_14036,4.589847e-05
image_14037,0.00012319701
image_14038,0.97081304
image_14039,0.00334403
image_14040,0.00080246007
image_14041,0.9959403
image_14042,3.0413987e-06
image_14043,0.013059576
image_14044,0.0018655588
image_14045,0.0009429346
image_14046,0.00024516546
image_14047,0.008630183
image_14048,3.2974049e-06
image_14049,0.64419913
image_14050,9.1846516e-05
image_14051,0.015358322
image_14052,0.0006143839
image_14053,0.016195621
image_14054,0.55236924
image_14055,0.012477741
image_14056,0.9891586
image_14057,7.4416585e-06
image_14058,0.9950367
image_14059,0.0020051673
image_14060,1.725283e-05
image_14061,0.88890064
image_14062,3.3630593e-05
image_14063,0.0018734387
image_14064,2.5992708e-06
image_14065,1.5555606e-05
image_14066,0.00092242775
image_14067,0.0007533366
image_14068,0.80212283
image_14069,0.009307619
image_14070,1.4686736e-07
image_14071,0.059147224
image_14072,0.042653248
image_14073,0.00022701616
image_14074,4.0891846e-05
image_14075,1.8517441e-05
image_14076,0.00048612422
image_14077,0.5640377
image_14078,0.12505049
image_14079,0.0010862217
image_14080,2.0401214e-05
image_14081,0.0041371677
image_14082,0.009752706
image_14083,1.7084693e-07
image_14084,8.1590053e-07
image_14085,0.0066848025
image_14086,4.5615612e-05
image_14087,0.0028232438
image_14088,2.8566883e-05
image_14089,0.079399176
image_14090,0.9762709
image_14091,0.7482303
image_14092,0.0029714673
image_14093,0.00022310481
image_14094,2.8728391e-05
image_14095,0.01620122
image_14096,0.19309938
image_14097,0.98240256
image_14098,8.116122e-05
image_14099,1.2351572e-05
image_14100,1.451676e-05
image_14101,6.9089176e-05
image_14102,6.518064e-06
image_14103,0.0016005663
image_14104,4.2184212e-05
image_14105,0.15066662
image_14106,0.8917279
image_14107,0.87385
image_14108,0.0007801273
image_14109,2.7711472e-05
image_14110,1.817625e-05
image_14111,3.0743835e-05
image_14112,0.010880299
image_14113,3.7678958e-05
image_14114,8.557297e-06
image_14115,0.000110230016
image_14116,4.466499e-06
image_14117,0.00039299825
image_14118,0.0012736972
image_14119,0.17012325
image_14120,0.0005857084
image_14121,0.0036843538
image_14122,4.290907e-08
image_14123,0.99874485
image_14124,0.7890762
image_14125,0.9968749
image_14126,0.22524795
image_14127,0.0005662928
image_14128,2.0490445e-05
image_14129,0.004321835
image_14130,0.14886561
image_14131,0.00042539876
image_14132,6.754136e-06
image_14133,1.9841746e-05
image_14134,0.032341905
image_14135,0.00013026074
image_14136,0.2262449
image_14137,2.6143998e-06
image_14138,0.00039065373
image_14139,1.9701529e-05
image_14140,8.737723e-06
image_14141,5.8197482e-05
image_14142,0.03354744
image_14143,0.00022642438
image_14144,0.00050991715
image_14145,0.0043078484
image_14146,7.5263683e-06
image_14147,7.825641e-05
image_14148,0.2402378
image_14149,0.014520633
image_14150,2.7365659e-05
image_14151,0.026080271
image_14152,1.675163e-05
image_14153,0.0018882336
image_14154,1.2670778e-05
image_14155,0.00030379213
image_14156,2.9828727e-05
image_14157,0.76793057
image_14158,0.00061901705
image_14159,0.0028580164
image_14160,0.9986474
image_14161,0.029542025
image_14162,6.4511565e-05
image_14163,0.06760711
image_14164,0.000450115
image_14165,0.26292568
image_14166,0.0017629757
image_14167,0.0008484443
image_14168,0.9910592
image_14169,6.438498e-05
image_14170,0.004868111
image_14171,0.000118703756
image_14172,1.1343391e-05
image_14173,1.1944545e-05
image_14174,0.0014035009
image_14175,0.0025733225
image_14176,0.011217372
image_14177,0.026685596
image_14178,2.104348e-05
image_14179,0.004294494
image_14180,5.3465433e-06
image_14181,0.99965036
image_14182,2.2512872e-05
image_14183,0.019163657
image_14184,2.050104e-05
image_14185,6.381197e-05
image_14186,6.690073e-05
image_14187,0.00014124849
image_14188,0.00034216663
image_14189,0.0009834603
image_14190,0.07558606
image_14191,0.009492458
image_14192,0.89613855
image_14193,0.22775489
image_14194,0.00029223308
image_14195,0.0003008882
image_14196,6.507893e-05
image_14197,1.4717688e-05
image_14198,9.509505e-05
image_14199,0.0001176114
image_14200,0.0047100238
image_14201,0.0033533275
image_14202,0.00011891331
image_14203,0.0006652983
image_14204,6.952168e-05
image_14205,0.00013055369
image_14206,0.47586468
image_14207,0.00079644285
image_14208,0.584185
image_14209,0.0030999877
image_14210,0.0040661856
image_14211,0.0020396498
image_14212,0.00060855254
image_14213,0.0013532431
image_14214,0.0019202519
image_14215,0.0052537736
image_14216,0.5838088
image_14217,1.0481636e-05
image_14218,0.0102234315
image_14219,2.1592647e-05
image_14220,0.00048109697
image_14221,8.232939e-06
image_14222,2.015865e-06
image_14223,0.00035861752
image_14224,0.73933375
image_14225,0.85441524
image_14226,0.00043930032
image_14227,0.9980307
image_14228,0.00048114115
image_14229,0.0069156615
image_14230,0.027861003
image_14231,7.625433e-05
image_14232,0.032222793
image_14233,0.0016238037
image_14234,0.8578193
image_14235,0.9532817
image_14236,1.3459635e-06
image_14237,0.00024910067
image_14238,0.0008443624
image_14239,1.0993102e-06
image_14240,0.0004887712
image_14241,0.009129618
image_14242,3.4951667e-05
image_14243,0.9098582
image_14244,9.83481e-08
image_14245,0.010061972
image_14246,0.0003581341
image_14247,0.01447401
image_14248,8.945821e-06
image_14249,0.0014504488
image_14250,0.00297079
image_14251,0.0024174906
image_14252,0.22207464
image_14253,0.19504541
image_14254,0.0029659797
image_14255,0.17791629
image_14256,0.00018260235
image_14257,0.00012732853
image_14258,9.280566e-06
image_14259,0.7693447
image_14260,0.88546264
image_14261,0.0013343785
image_14262,1.733715e-05
image_14263,1.111961e-06
image_14264,0.998687
image_14265,0.03764082
image_14266,0.0014353191
image_14267,0.009115383
image_14268,0.99836147
image_14269,9.2638686e-05
image_14270,0.69649094
image_14271,4.7668327e-05
image_14272,0.002159114
image_14273,3.6567103e-06
image_14274,0.0007680197
image_14275,0.0006524896
image_14276,0.0027855313
image_14277,0.011997106
image_14278,2.5825075e-05
image_14279,0.8694351
image_14280,0.2749482
image_14281,0.03730976
image_14282,0.82075685
image_14283,0.19723962
image_14284,0.0009970911
image_14285,3.102377e-06
image_14286,9.810656e-06
image_14287,0.0047897575
image_14288,0.0011624462
image_14289,0.80070144
image_14290,0.00021595633
image_14291,0.04601747
image_14292,1.6965353e-06
image_14293,2.845471e-06
image_14294,0.0010912278
image_14295,2.9452195e-07
image_14296,0.0050714836
image_14297,0.00033040176
image_14298,0.0015222692
image_14299,0.4410398
image_14300,5.387845e-06
image_14301,4.911544e-09
image_14302,0.00012696019
image_14303,1.718984e-08
image_14304,1.0442161e-06
image_14305,0.00012262727
image_14306,0.0028030244
image_14307,6.0738976e-06
image_14308,0.12534672
image_14309,9.102509e-06
image_14310,0.0021525945
image_14311,0.0022649146
image_14312,0.0013818883
image_14313,0.0011045753
image_14314,0.9904657
image_14315,0.040343054
image_14316,0.000107466476
image_14317,7.6725e-05
image_14318,0.22779013
image_14319,7.652602e-05
image_14320,0.99999756
image_14321,0.00021932101
image_14322,1.0020781e-06
image_14323,0.19333862
image_14324,0.0028396975
image_14325,0.0016081622
image_14326,2.1355018e-07
image_14327,0.11980615
image_14328,0.001362425
image_14329,0.001640319
image_14330,1.272789e-07
image_14331,0.008663576
image_14332,0.0022091959
image_14333,0.0007441614
image_14334,0.0008387269
image_14335,0.00081705535
image_14336,4.0513714e-05
image_14337,4.7053427e-06
image_14338,7.1757877e-06
image_14339,2.3940302e-05
image_14340,0.9503542
image_14341,2.2655408e-08
image_14342,0.14931783
image_14343,0.00011451571
image_14344,0.0585936
image_14345,0.9724853
image_14346,0.14138553
image_14347,0.9078435
image_14348,0.0049019814
image_14349,0.004385501
image_14350,0.00035289762
image_14351,0.98530865
image_14352,0.007709526
image_14353,0.92993987
image_14354,3.2286152e-05
image_14355,1.42918325e-05
image_14356,8.722417e-05
image_14357,0.13944861
image_14358,0.00020740394
image_14359,0.0004991776
image_14360,0.0009793127
image_14361,4.6005744e-06
image_14362,0.0014729274
image_14363,0.8716901
image_14364,0.026825372
image_14365,0.0014947307
image_14366,1.4068917e-05
image_14367,0.0021800213
image_14368,1.3692004e-06
image_14369,0.0076426836
image_14370,1.6530885e-08
image_14371,0.7953093
image_14372,8.069387e-06
image_14373,0.0035089958
image_14374,0.0006976527
image_14375,0.03105278
image_14376,0.27010947
image_14377,0.00010120598
image_14378,0.0016709432
image_14379,3.7938647e-05
image_14380,5.675348e-05
image_14381,0.0005256055
image_14382,0.9904209
image_14383,0.0033433249
image_14384,6.131744e-05
image_14385,6.0650655e-07
image_14386,0.7920133
image_14387,2.1250443e-07
image_14388,1.9872591e-07
image_14389,0.05382625
image_14390,0.9548522
image_14391,0.0054856045
image_14392,4.719471e-06
image_14393,0.0023673042
image_14394,7.2559474e-06
image_14395,0.0009999675
image_14396,2.380944e-06
image_14397,0.8061826
image_14398,2.1094957e-06
image_14399,0.0818967
image_14400,0.00014147544
image_14401,0.020378334
image_14402,0.00039436817
image_14403,0.0064552347
image_14404,0.002513552
image_14405,0.008919874
image_14406,0.0071736723
image_14407,0.00020720481
image_14408,4.2743642e-07
image_14409,0.0005158709
image_14410,0.0050816797
image_14411,0.0011808451
image_14412,2.4395278e-05
image_14413,1.3402736e-05
image_14414,0.049898077
image_14415,2.9698118e-05
image_14416,7.3895003e-06
image_14417,0.01744614
image_14418,0.9980513
image_14419,0.0015859944
image_14420,0.009196812
image_14421,0.010668423
image_14422,0.0025478562
image_14423,5.2751027e-05
image_14424,0.00065467856
image_14425,8.570608e-05
image_14426,4.328849e-08
image_14427,0.0012038646
image_14428,0.016768375
image_14429,0.0008641556
image_14430,0.02198416
image_14431,3.6683997e-07
image_14432,8.181685e-05
image_14433,4.0159507e-06
image_14434,0.0031084719
image_14435,5.1424995e-06
image_14436,0.0029904917
image_14437,2.4471636e-05
image_14438,0.00055629294
image_14439,0.0039959555
image_14440,2.8649583e-06
image_14441,1.8880251e-05
image_14442,0.9915565
image_14443,0.00019959254
image_14444,0.0023164917
image_14445,0.002571425
image_14446,0.00025729262
image_14447,0.7624398
image_14448,0.6296634
image_14449,0.00017627227
image_14450,0.00035814842
image_14451,8.762268e-07
image_14452,0.00038627876
image_14453,0.0013196053
image_14454,0.96168125
image_14455,0.0004780829
image_14456,0.01453989
image_14457,6.041057e-07
image_14458,0.0082450695
image_14459,4.104602e-05
image_14460,0.9992204
image_14461,1.0141504e-05
image_14462,0.11789674
image_14463,0.00067688536
image_14464,4.949303e-06
image_14465,0.00035478268
image_14466,0.7415652
image_14467,0.0006840895
image_14468,0.008159056
image_14469,2.0266674e-05
image_14470,0.002654962
image_14471,0.00044171035
image_14472,0.0007170914
image_14473,0.010124169
image_14474,1.2464392e-05
image_14475,0.0016526203
image_14476,1.475685e-05
image_14477,1.0830348e-05
image_14478,0.0036783896
image_14479,3.3288152e-06
image_14480,0.004314261
image_14481,0.0003896233
image_14482,0.00031957758
image_14483,4.6091833e-07
image_14484,0.0016126849
image_14485,0.99752796
image_14486,0.0019296032
image_14487,0.9388205
image_14488,0.0033396108
image_14489,0.0005148413
image_14490,3.5758853e-07
image_14491,0.79236186
image_14492,0.9931099
image_14493,1.268915e-05
image_14494,0.0007426429
image_14495,6.1870174e-05
image_14496,0.04979354
image_14497,0.007740421
image_14498,0.0029001865
image_14499,0.583654
image_14500,1.8877765e-06
image_14501,9.0991335e-08
image_14502,0.00082104746
image_14503,0.00025973277
image_14504,6.181047e-06
image_14505,1.954545e-06
image_14506,0.00036129513
image_14507,4.4950184e-06
image_14508,3.2410298e-06
image_14509,0.000110458575
image_14510,6.181707e-07
image_14511,0.050119635
image_14512,0.010220028
image_14513,0.19815427
image_14514,0.922794
image_14515,0.009072056
image_14516,0.92748487
image_14517,0.0005760047
image_14518,0.5892507
image_14519,0.0028897282
image_14520,0.00012780359
image_14521,0.92054105
image_14522,6.5170316e-06
image_14523,7.548866e-06
image_14524,0.0006056774
image_14525,0.00042802235
image_14526,0.0019037614
image_14527,0.0046569174
image_14528,4.1258986e-06
image_14529,0.00052160374
image_14530,0.00034872664
image_14531,9.743568e-05
image_14532,0.00010686263
image_14533,6.7172645e-05
image_14534,0.00035549956
image_14535,0.95699203
image_14536,0.19012469
image_14537,0.001536927
image_14538,1.4390094e-05
image_14539,0.0023734712
image_14540,1.7663169e-06
image_14541,0.00027934418
image_14542,0.0027815052
image_14543,0.0029356664
image_14544,1.6747573e-07
image_14545,1.4252455e-06
image_14546,0.0075175595
image_14547,0.88403964
image_14548,1.2892478e-06
image_14549,1.2131183e-07
image_14550,6.6064936e-06
image_14551,0.056368914
image_14552,0.8871752
image_14553,7.242273e-05
image_14554,0.8775301
image_14555,0.00011325495
image_14556,0.04734545
image_14557,4.5492834e-06
image_14558,0.001371931
image_14559,0.00044487338
image_14560,0.00083727355
image_14561,9.472645e-06
image_14562,0.0037276107
image_14563,0.0006463129
image_14564,0.072477825
image_14565,0.00042105705
image_14566,0.82024705
image_14567,3.0895344e-06
image_14568,1.3970692e-05
image_14569,0.0007016612
image_14570,0.99848574
image_14571,0.00030290365
image_14572,8.0667174e-05
image_14573,0.00045461446
image_14574,0.0001496964
image_14575,0.18021283
image_14576,0.020249933
image_14577,0.035282247
image_14578,0.141147
image_14579,0.00043773977
image_14580,0.0068348777
image_14581,0.039420277
image_14582,0.0047955057
image_14583,2.1576252e-06
image_14584,0.025853647
image_14585,0.8852423
image_14586,0.0011632147
image_14587,7.3744966e-05
image_14588,0.0009373827
image_14589,0.0058686193
image_14590,0.00014426702
image_14591,5.831535e-05
image_14592,0.033342987
image_14593,0.00015689859
image_14594,9.5390515e-11
image_14595,8.954413e-05
image_14596,0.0024513612
image_14597,0.0025685139
image_14598,9.94567e-06
image_14599,0.010049222
image_14600,8.499786e-06
image_14601,1.9915146e-06
image_14602,2.9915e-06
image_14603,0.06147895
image_14604,0.063132465
image_14605,0.04250298
image_14606,0.9948549
image_14607,2.5270322e-07
image_14608,0.00023191072
image_14609,4.314844e-06
image_14610,8.190163e-06
image_14611,0.00020499484
image_14612,1.2359998e-05
image_14613,0.00046907965
image_14614,0.008041473
image_14615,1.8957455e-06
image_14616,5.948449e-05
image_14617,0.18003741
image_14618,0.000422718
image_14619,0.9798671
image_14620,0.00022965256
image_14621,0.99150985
image_14622,0.0021301967
image_14623,5.8176693e-06
image_14624,1.8265508e-05
image_14625,0.0014832569
image_14626,7.593563e-05
image_14627,0.003096754
image_14628,0.0014467414
image_14629,0.004224454
image_14630,0.0014224425
image_14631,0.0401787
image_14632,5.72111e-06
image_14633,0.9912069
image_14634,9.78885e-06
image_14635,0.0005069698
image_14636,2.2572278e-05
image_14637,0.000714854
image_14638,0.94646657
image_14639,2.3282428e-06
image_14640,1.9423216e-05
image_14641,3.0838575e-07
image_14642,0.009222193
image_14643,0.00014955884
image_14644,0.018919308
image_14645,0.00030158443
image_14646,0.00036684144
image_14647,2.6604832e-05
image_14648,0.0007885344
image_14649,0.0006554758
image_14650,0.005560598
image_14651,0.99751425
image_14652,1.7563167e-05
image_14653,0.0010945081
image_14654,0.09174767
image_14655,8.346326e-06
image_14656,0.19541124
image_14657,0.00038959537
image_14658,0.0010330749
image_14659,2.5800768e-05
image_14660,1.0410222e-05
image_14661,0.010931165
image_14662,0.95996267
image_14663,0.05907251
image_14664,4.159291e-05
image_14665,1.4469859e-07
image_14666,0.7499908
image_14667,0.34716386
image_14668,0.04425592
image_14669,0.00024158414
image_14670,0.00038235402
image_14671,0.001397952
image_14672,0.0033230004
image_14673,0.00034587504
image_14674,1.502555e-10
image_14675,0.0018676752
image_14676,0.052859075
image_14677,4.94938e-06
image_14678,8.728272e-05
image_14679,0.00047938654
image_14680,0.011658156
image_14681,0.03004251
image_14682,0.8111652
image_14683,0.9047315
image_14684,0.047621317
image_14685,0.019414753
image_14686,0.005312326
image_14687,0.0016326354
image_14688,0.30062506
image_14689,0.99998796
image_14690,0.79728574
image_14691,0.0019644895
image_14692,0.0022457778
image_14693,2.3960569e-05
image_14694,0.0003477715
image_14695,0.0033267627
image_14696,0.1313262
image_14697,0.83491635
image_14698,0.7496129
image_14699,1.2407991e-05
image_14700,0.3406188
image_14701,0.007858282
image_14702,2.1387443e-06
image_14703,0.9857347
image_14704,4.0730545e-05
image_14705,0.010628289
image_14706,1.3123574e-05
image_14707,0.004765273
image_14708,0.0007841101
image_14709,0.0063071265
image_14710,9.091622e-05
image_14711,2.2728595e-06
image_14712,7.304545e-05
image_14713,4.001126e-06
image_14714,2.9988183e-07
image_14715,0.03375202
image_14716,0.00545527
image_14717,0.0008790876
image_14718,0.00042204215
image_14719,1.6394932e-05
image_14720,0.0019862694
image_14721,0.9075093
image_14722,0.06045626
image_14723,1.2229648e-05
image_14724,7.979476e-05
image_14725,0.0016648729
image_14726,0.0007740697
image_14727,0.0018867103
image_14728,0.0033382438
image_14729,0.0028095508
image_14730,0.0012378503
image_14731,0.000331667
image_14732,2.9551473e-05
image_14733,0.000586115
image_14734,1.4647384e-08
image_14735,2.7790256e-05
image_14736,0.18144739
image_14737,5.6574606e-07
image_14738,0.6830427
image_14739,0.0017862242
image_14740,1.4871156e-05
image_14741,9.1407924e-07
image_14742,8.703582e-06
image_14743,0.84467185
image_14744,0.8922504
image_14745,0.79520786
image_14746,5.7330826e-06
image_14747,0.00050371344
image_14748,4.150279e-05
image_14749,0.0034519495
image_14750,5.1298075e-06
image_14751,0.97906697
image_14752,0.020912739
image_14753,0.0003471454
image_14754,0.0009709358
image_14755,0.00016155644
image_14756,8.637835e-06
image_14757,0.00072315906
image_14758,6.0417347e-07
image_14759,8.868317e-05
image_14760,0.00039186177
image_14761,0.00051104854
image_14762,0.08513956
image_14763,0.002666691
image_14764,0.0013163462
image_14765,0.9809966
image_14766,0.032320555
image_14767,0.0027402674
image_14768,2.7663407e-06
image_14769,5.5411215e-07
image_14770,3.5508147e-06
image_14771,1.5181269e-06
image_14772,0.0026961486
image_14773,0.9538392
image_14774,0.0018945686
image_14775,0.0050315526
image_14776,2.6478392e-07
image_14777,5.3090785e-06
image_14778,8.464832e-06
image_14779,0.00051820464
image_14780,0.00051080924
image_14781,7.58302e-06
image_14782,4.6066043e-07
image_14783,0.02185513
image_14784,0.91976714
image_14785,0.0011262579
image_14786,0.00044276862
image_14787,0.00021856817
image_14788,1.6578332e-07
image_14789,0.00020802864
image_14790,1.4914488e-06
image_14791,0.97625273
image_14792,1.9829795e-05
image_14793,0.03616113
image_14794,5.589764e-07
image_14795,0.0013519835
image_14796,0.062162872
image_14797,0.04138936
image_14798,0.0024754498
image_14799,0.0032621713
image_14800,3.4279612e-05
image_14801,7.089178e-06
image_14802,1.5803776e-05
image_14803,0.021611683
image_14804,0.03201122
image_14805,0.0003358092
image_14806,5.9689677e-07
image_14807,0.00027556522
image_14808,0.8437685
image_14809,0.023929445
image_14810,6.1326864e-06
image_14811,1.4876506e-05
image_14812,0.99719524
image_14813,0.004657951
image_14814,0.0061318604
image_14815,0.0001269564
image_14816,0.00016363265
image_14817,8.045545e-07
image_14818,0.9270443
image_14819,0.00040978327
image_14820,0.00548742
image_14821,1.3157329e-07
image_14822,0.0005253351
image_14823,0.0014445707
image_14824,0.01278067
image_14825,2.9379328e-07
image_14826,0.99754274
image_14827,0.03128554
image_14828,4.2070938e-06
image_14829,0.0045471173
image_14830,7.220233e-06
image_14831,0.0016209006
image_14832,0.7580429
image_14833,1.4607336e-05
image_14834,0.7463858
image_14835,0.011802979
image_14836,0.014904389
image_14837,0.00020312605
image_14838,9.92636e-05
image_14839,1.0264427e-05
image_14840,0.00013229239
image_14841,2.0606185e-05
image_14842,0.1622623
image_14843,0.0007906951
image_14844,2.942457e-09
image_14845,8.604721e-05
image_14846,0.03844016
image_14847,0.0038589723
image_14848,0.0019256338
image_14849,8.210263e-06
image_14850,0.000491758
image_14851,3.9236798e-07
image_14852,0.00021808113
image_14853,0.006412332
image_14854,1.759487e-05
image_14855,3.887682e-05
image_14856,0.0025780161
image_14857,0.9987809
image_14858,1.5543462e-07
image_14859,0.0018635535
image_14860,6.78592e-05
image_14861,3.693536e-06
image_14862,0.9958998
image_14863,0.00016004924
image_14864,0.00010431046
image_14865,0.0005551583
image_14866,0.00024733003
image_14867,0.010881403
image_14868,0.79601824
image_14869,3.417114e-05
image_14870,1.5708538e-07
image_14871,0.994963
image_14872,1.4706536e-05
image_14873,0.0042829053
image_14874,0.005661018
image_14875,0.9337454
image_14876,0.95338875
image_14877,0.001983154
image_14878,0.84433514
image_14879,0.018094866
image_14880,3.3782944e-05
image_14881,0.0028148426
image_14882,7.520296e-07
image_14883,0.0011630061
image_14884,0.0014557436
image_14885,0.0138213225
image_14886,1.7832755e-05
image_14887,0.003283934
image_14888,0.09019891
image_14889,0.00040537879
image_14890,0.00052332063
image_14891,0.012812227
image_14892,1.6906662e-05
image_14893,0.0042923554
image_14894,6.512352e-07
image_14895,6.0738123e-05
image_14896,0.0005089823
image_14897,0.7450727
image_14898,1.5661864e-05
image_14899,1.0831863e-05
image_14900,0.38445103
image_14901,0.0072423797
image_14902,0.9842435
image_14903,0.74082303
image_14904,0.00052049605
image_14905,0.9996433
image_14906,0.00014001603
image_14907,0.012386498
image_14908,0.0009278336
image_14909,0.0941964
image_14910,3.5061832e-05
image_14911,0.99997514
image_14912,0.03210204
image_14913,0.7415054
image_14914,0.097665936
image_14915,0.01029139
image_14916,0.0025989013
image_14917,0.0023984178
image_14918,0.1554489
image_14919,0.97917074
image_14920,9.238845e-06
image_14921,0.157505
image_14922,0.035450723
image_14923,0.00031783356
image_14924,0.78998536
image_14925,0.0023394057
image_14926,0.68921804
image_14927,0.02044614
image_14928,0.16005227
image_14929,0.029927075
image_14930,5.2338953e-07
image_14931,0.0017472053
image_14932,0.0013990726
image_14933,4.0512414e-06
image_14934,0.00089620496
image_14935,0.1398559
image_14936,0.9080055
image_14937,0.015892869
image_14938,0.0032620712
image_14939,4.2876443e-05
image_14940,0.988917
image_14941,7.688222e-05
image_14942,0.009885275
image_14943,0.00012516354
image_14944,0.0001701514
image_14945,0.002057135
image_14946,0.0011850456
image_14947,0.99894357
image_14948,4.2319643e-06
image_14949,0.99823594
image_14950,0.0016749476
image_14951,0.00021777497
image_14952,0.0003877466
image_14953,8.3407417e-07
image_14954,6.1640014e-07
image_14955,3.6620295e-06
image_14956,8.0648115e-06
image_14957,7.510752e-05
image_14958,0.0058500087
image_14959,0.981257
image_14960,0.0009065445
image_14961,0.0044267713
image_14962,9.3154756e-07
image_14963,0.04615178
image_14964,0.78329194
image_14965,0.79875875
image_14966,0.0008002442
image_14967,4.6104833e-05
image_14968,0.0011327569
image_14969,0.0018676394
image_14970,0.0027315295
image_14971,2.7372374e-07
image_14972,3.1789444e-08
image_14973,0.001251584
image_14974,2.6634261e-05
image_14975,0.0056980983
image_14976,0.0014323982
image_14977,0.0035975336
image_14978,0.0012180842
image_14979,0.0014693767
image_14980,0.1465945
image_14981,0.006405916
image_14982,5.092609e-06
image_14983,0.8379905
image_14984,0.9826069
image_14985,0.9986366
image_14986,0.0004750209
image_14987,0.00018906439
image_14988,3.2829043e-06
image_14989,0.000213858
image_14990,0.0030902273
image_14991,0.72007763
image_14992,0.00057131995
image_14993,0.0002965841
image_14994,0.0012080099
image_14995,0.00015845535
image_14996,0.00029058324
image_14997,0.00010431082
image_14998,8.62805e-05
image_14999,6.20313e-05
image_15000,8.557979e-07
image_15001,0.005285266
image_15002,0.25970846
image_15003,0.007631034
image_15004,1.1586425e-06
image_15005,0.023631928
image_15006,0.0010327845
image_15007,0.082445584
image_15008,0.00010446261
image_15009,0.00023230116
image_15010,7.635454e-06
image_15011,4.6495985e-05
image_15012,0.001534587
image_15013,0.78656495
image_15014,8.752207e-05
image_15015,0.0034065763
image_15016,7.868864e-05
image_15017,2.0334925e-05
image_15018,0.8070202
image_15019,0.8047004
image_15020,0.7858846
image_15021,0.0209421
image_15022,0.005391502
image_15023,0.9846658
image_15024,0.0029047276
image_15025,0.00017706183
image_15026,0.8981391
image_15027,0.009593438
image_15028,2.0248114e-09
image_15029,0.5951625
image_15030,0.8700645
image_15031,2.479945e-05
image_15032,1.7735923e-05
image_15033,0.011338864
image_15034,0.046663057
image_15035,0.008406446
image_15036,6.1675127e-07
image_15037,0.001536703
image_15038,0.0010620371
image_15039,0.5664537
image_15040,0.0009960542
image_15041,0.8177303
image_15042,0.17668843
image_15043,0.04709244
image_15044,0.0009506118
image_15045,1.7929935e-06
image_15046,0.9994118
image_15047,3.6039291e-06
image_15048,0.18942848
image_15049,5.732115e-06
image_15050,0.013387316
image_15051,2.3930486e-05
image_15052,0.0002748696
image_15053,7.3162955e-05
image_15054,2.3892238e-05
image_15055,0.0011933775
image_15056,1.9099964e-09
image_15057,0.9974822
image_15058,0.00011392785
image_15059,0.0028042726
image_15060,7.40399e-05
image_15061,0.6815926
image_15062,0.007463596
image_15063,0.0035936031
image_15064,0.00017800511
image_15065,7.61824e-07
image_15066,0.63633513
image_15067,0.002024775
image_15068,0.70864415
image_15069,3.845505e-05
image_15070,1.03267585e-05
image_15071,0.06316358
image_15072,8.830182e-06
image_15073,6.296319e-06
image_15074,0.00011561098
image_15075,0.0025420575
image_15076,1.571076e-05
image_15077,2.476408e-05
image_15078,0.00038983423
image_15079,0.9411982
image_15080,0.019096114
image_15081,7.0494124e-08
image_15082,1.3302363e-07
image_15083,5.642516e-05
image_15084,2.931945e-05
image_15085,0.914346
image_15086,0.0064834002
image_15087,0.59360874
image_15088,0.009128781
image_15089,7.720875e-06
image_15090,0.0004756508
image_15091,0.38169184
image_15092,0.9771058
image_15093,0.000621923
image_15094,0.0014358158
image_15095,0.95532036
image_15096,0.010373637
image_15097,2.1512794e-06
image_15098,9.47439e-05
image_15099,2.0672715e-06
image_15100,0.00023435666
image_15101,1.789624e-05
image_15102,0.00011920635
image_15103,0.99997807
image_15104,0.00438839
image_15105,0.003121613
image_15106,0.038520478
image_15107,4.0279574e-05
image_15108,0.9267589
image_15109,0.024576196
image_15110,7.944167e-05
image_15111,1.2119241e-06
image_15112,0.00036913744
image_15113,0.076417185
image_15114,0.00030065124
image_15115,0.0069618155
image_15116,1.2714495e-05
image_15117,0.0031875614
image_15118,0.00049197854
image_15119,3.5924418e-06
image_15120,7.041287e-06
image_15121,0.0026069183
image_15122,3.378497e-06
image_15123,0.0057098907
image_15124,0.21514627
image_15125,0.0008457978
image_15126,3.9383733e-05
image_15127,0.009501197
image_15128,0.09491457
image_15129,0.00041892874
image_15130,0.0010790626
image_15131,0.001085859
image_15132,0.00045538647
image_15133,2.0321759e-06
image_15134,0.026503965
image_15135,5.8566173e-05
image_15136,0.0005902295
image_15137,0.76851153
image_15138,0.000153143
image_15139,0.99961466
image_15140,0.0001775451
image_15141,1.6549143e-06
image_15142,0.00014139671
image_15143,7.602626e-07
image_15144,4.1977863e-05
image_15145,0.40160692
image_15146,0.0014757593
image_15147,0.0014115559
image_15148,0.00020781977
image_15149,3.2291072e-07
image_15150,0.0016033542
image_15151,0.87230706
image_15152,0.00026795463
image_15153,0.0012013679
image_15154,6.408177e-08
image_15155,0.00014550053
image_15156,0.014159656
image_15157,0.0007099918
image_15158,0.003783237
image_15159,5.746592e-05
image_15160,0.0006821852
image_15161,0.008441821
image_15162,0.9770255
image_15163,9.822617e-05
image_15164,0.0010569025
image_15165,0.0015929141
image_15166,0.00011884401
image_15167,3.1069106e-07
image_15168,0.034278117
image_15169,0.016565198
image_15170,0.00023363903
image_15171,3.5794485e-05
image_15172,2.0042888e-05
image_15173,0.00030683348
image_15174,0.0003286781
image_15175,0.048707936
image_15176,0.0006511553
image_15177,1.7407028e-05
image_15178,0.00027873542
image_15179,0.0016585279
image_15180,1.8982438e-06
image_15181,0.0038500195
image_15182,0.0013479625
image_15183,0.014621437
image_15184,0.0003203713
image_15185,0.00034804555
image_15186,0.00027159386
image_15187,6.206604e-06
image_15188,0.9317047
image_15189,0.012913477
image_15190,8.6672706e-08
image_15191,0.003919796
image_15192,0.80809784
image_15193,0.55855024
image_15194,7.015237e-06
image_15195,0.85743916
image_15196,0.012386081
image_15197,3.169285e-07
image_15198,0.00014613807
image_15199,2.3748205e-05
image_15200,0.018977568
image_15201,2.5110614e-06
image_15202,0.0009378111
image_15203,5.1278657e-05
image_15204,0.0017500996
image_15205,0.0001530677
image_15206,0.08115702
image_15207,3.301379e-05
image_15208,4.5975824e-08
image_15209,4.9512855e-05
image_15210,4.656964e-06
image_15211,0.01375042
image_15212,0.00031408793
image_15213,1.9329951e-05
image_15214,0.0003288562
image_15215,0.00052851567
image_15216,5.195808e-05
image_15217,0.0145138735
image_15218,1.7735381e-05
image_15219,0.9924718
image_15220,0.00016865763
image_15221,0.99544907
image_15222,0.004204811
image_15223,0.031730216
image_15224,1.6191816e-05
image_15225,1.791635e-05
image_15226,0.00012595109
image_15227,0.37575662
image_15228,5.824916e-06
image_15229,0.00015998616
image_15230,0.00016336574
image_15231,0.00010352449
image_15232,0.99024945
image_15233,0.0103302
image_15234,3.1737793e-05
image_15235,0.001832823
image_15236,0.013811421
image_15237,4.9703285e-05
image_15238,0.90917665
image_15239,0.014303783
image_15240,4.848952e-06
image_15241,0.009482058
image_15242,3.664767e-06
image_15243,0.0001243366
image_15244,0.0008115921
image_15245,0.0027059123
image_15246,1.0668392e-05
image_15247,7.722295e-06
image_15248,0.004357447
image_15249,0.00041202176
image_15250,0.9805809
image_15251,0.0022225697
image_15252,0.99995816
image_15253,0.7893194
image_15254,0.95156634
image_15255,6.5939537e-07
image_15256,4.605913e-07
image_15257,0.0077935457
image_15258,0.003083123
image_15259,0.0034931463
image_15260,0.0052274237
image_15261,0.00013320976
image_15262,1.236145e-06
image_15263,0.85333705
image_15264,3.592846e-05
image_15265,1.9799948e-08
image_15266,0.5800139
image_15267,0.005531634
image_15268,0.00046398776
image_15269,0.00033873477
image_15270,1.0252223e-05
image_15271,0.0020853027
image_15272,3.8705988e-07
image_15273,0.000263412
image_15274,2.4267232e-05
image_15275,0.00038748796
image_15276,0.82483995
image_15277,0.00021598782
image_15278,0.03311962
image_15279,2.5663892e-05
image_15280,0.007519756
image_15281,2.7161817e-05
image_15282,1.4315204e-06
image_15283,3.5348587e-06
image_15284,1.0728935e-06
image_15285,1.6848051e-05
image_15286,2.1797136e-06
image_15287,0.31363207
image_15288,0.050648365
image_15289,0.00015691249
image_15290,0.00042265054
image_15291,0.03609591
image_15292,0.0027062066
image_15293,0.027381063
image_15294,0.9949255
image_15295,1.1775464e-06
image_15296,0.0015278975
image_15297,0.00060345745
image_15298,0.00046028048
image_15299,0.1489467
image_15300,0.037667453
image_15301,0.9999758
image_15302,0.0036614703
image_15303,7.522604e-06
image_15304,9.3780836e-05
image_15305,8.385418e-06
image_15306,4.196353e-06
image_15307,0.00013122227
image_15308,3.0150504e-06
image_15309,0.763381
image_15310,0.79062307
image_15311,9.26211e-06
image_15312,5.593142e-08
image_15313,0.4733314
image_15314,0.0077947723
image_15315,0.0005016271
image_15316,0.0025806057
image_15317,0.00013498403
image_15318,0.00040338543
image_15319,0.00042627496
image_15320,6.619038e-05
image_15321,1.8311963e-05
image_15322,2.9494011e-05
image_15323,1.1119185e-05
image_15324,3.2171934e-07
image_15325,0.9144634
image_15326,0.31778264
image_15327,0.97517014
image_15328,0.0009537563
image_15329,8.927898e-05
image_15330,0.93426216
image_15331,0.0003347526
image_15332,0.00014302005
image_15333,0.99744654
image_15334,0.0024173735
image_15335,0.7680257
image_15336,5.0769057e-05
image_15337,6.8751856e-06
image_15338,1.4166781e-05
image_15339,0.0061741187
image_15340,0.015012144
image_15341,0.00068676495
image_15342,0.00026928802
image_15343,0.0001704443
image_15344,0.00053776026
image_15345,0.9696553
image_15346,4.3964183e-06
image_15347,0.043955617
image_15348,0.15016863
image_15349,0.0022238265
image_15350,0.0028518462
image_15351,0.0004056283
image_15352,0.020135283
image_15353,0.9714006
image_15354,2.1526419e-06
image_15355,0.19461529
image_15356,6.272955e-05
image_15357,0.00012705891
image_15358,0.01248385
image_15359,0.00048189488
image_15360,0.7306248
image_15361,0.40398532
image_15362,5.3937736e-05
image_15363,0.11085074
image_15364,1.9371051e-05
image_15365,0.13055816
image_15366,0.0037634664
image_15367,0.0051121768
image_15368,4.11949e-06
image_15369,0.00051404425
image_15370,0.00037840483
image_15371,0.00092402
image_15372,3.3685883e-05
image_15373,0.002418005
image_15374,0.00020510465
image_15375,0.00014029464
image_15376,0.0002710764
image_15377,0.0015398425
image_15378,0.9556248
image_15379,0.59673643
image_15380,1.3330205e-07
image_15381,0.0031005666
image_15382,0.014304399
image_15383,0.8718697
image_15384,0.011278823
image_15385,3.065225e-06
image_15386,0.00021859753
image_15387,0.9989693
image_15388,0.0010340398
image_15389,0.034110077
image_15390,0.0011328033
image_15391,7.764031e-07
image_15392,0.0008158626
image_15393,0.971267
image_15394,0.0033541145
image_15395,3.4526995e-05
image_15396,1.0526546e-05
image_15397,1.8443448e-06
image_15398,0.34316668
image_15399,0.0005849675
image_15400,0.008945466
image_15401,3.5337547e-07
image_15402,0.00022419421
image_15403,0.0011257604
image_15404,3.232616e-06
image_15405,0.7208543
image_15406,0.00018243914
image_15407,0.40491807
image_15408,3.6120562e-06
image_15409,0.00045736667
image_15410,0.6831652
image_15411,6.028686e-06
image_15412,0.00020896
image_15413,0.00013462201
image_15414,7.977575e-05
image_15415,6.806645e-05
image_15416,0.0040997807
image_15417,6.6562425e-05
image_15418,0.005375226
image_15419,2.979131e-09
image_15420,5.775505e-07
image_15421,0.73493755
image_15422,0.7434076
image_15423,0.0006427922
image_15424,0.0052730488
image_15425,0.13480699
image_15426,0.00024661073
image_15427,0.86356854
image_15428,8.59338e-07
image_15429,1.4063429e-05
image_15430,0.0011077938
image_15431,1.2542865e-06
image_15432,6.0110888e-05
image_15433,0.00032043352
image_15434,5.8639075e-06
image_15435,1.1553908e-05
image_15436,0.0004010194
image_15437,0.75254714
image_15438,2.4120787e-05
image_15439,3.389382e-06
image_15440,0.003070498
image_15441,2.1670246e-05
image_15442,1.3865147e-05
image_15443,0.00026453685
image_15444,0.0014551962
image_15445,0.0007120295
image_15446,0.0016690469
image_15447,0.00051643467
image_15448,0.026520668
image_15449,0.022659786
image_15450,3.1684522e-07
image_15451,8.344938e-06
image_15452,0.005055679
image_15453,2.355599e-05
image_15454,1.1757108e-06
image_15455,0.00014822696
image_15456,1.8601313e-05
image_15457,0.5443691
image_15458,0.0058511076
image_15459,0.0012316209
image_15460,0.0012616515
image_15461,0.7053805
image_15462,1.3630962e-05
image_15463,0.0010208129
image_15464,4.967186e-06
image_15465,0.0003605949
image_15466,0.8118149
image_15467,0.00041556353
image_15468,9.233957e-06
image_15469,1.4621474e-05
image_15470,0.00041837688
image_15471,0.12044558
image_15472,0.00035465963
image_15473,0.0006737792
image_15474,3.7934355e-05
image_15475,0.0016570633
image_15476,0.007918285
image_15477,3.772213e-08
image_15478,0.0006077716
image_15479,7.932654e-05
image_15480,0.0020191015
image_15481,0.00038989534
image_15482,0.0016788659
image_15483,0.0008373141
image_15484,0.034991138
image_15485,0.00010666212
image_15486,2.5346035e-06
image_15487,0.025259659
image_15488,0.9747927
image_15489,0.00215608
image_15490,0.08538867
image_15491,0.36403018
image_15492,0.0038859285
image_15493,5.217545e-05
image_15494,0.008255239
image_15495,9.51532e-06
image_15496,4.2433458e-06
image_15497,0.02361408
image_15498,0.0010791165
image_15499,8.2798704e-07
image_15500,0.72312856
image_15501,0.14176062
image_15502,2.2031973e-05
image_15503,0.00040114787
image_15504,0.00025417426
image_15505,0.051115997
image_15506,3.0125982e-05
image_15507,7.472302e-05
image_15508,1.5382279e-06
image_15509,0.00075780327
image_15510,1.7229462e-06
image_15511,0.0076241107
image_15512,2.0545867e-06
image_15513,0.0010588751
image_15514,0.0003402186
image_15515,0.91885424
image_15516,0.00041359419
image_15517,0.009703626
image_15518,0.5304915
image_15519,0.0006584211
image_15520,0.9708468
image_15521,7.898752e-06
image_15522,8.0746344e-05
image_15523,0.00046389713
image_15524,0.68526626
image_15525,1.4365921e-06
image_15526,9.13262e-06
image_15527,0.006669144
image_15528,0.0009831905
image_15529,1.2870017e-07
image_15530,0.0022120809
image_15531,0.0006094333
image_15532,0.01972021
image_15533,5.6475183e-06
image_15534,0.83336335
image_15535,0.99884164
image_15536,0.0018783265
image_15537,0.0048052953
image_15538,0.20322555
image_15539,9.005827e-05
image_15540,0.00085768104
image_15541,0.000810397
image_15542,1.7636373e-06
image_15543,0.00020025294
image_15544,0.0013342658
image_15545,0.00018777864
image_15546,3.2623961e-06
image_15547,0.00015655697
image_15548,0.99083257
image_15549,0.003951109
image_15550,2.6979437e-06
image_15551,0.7754205
image_15552,3.829753e-05
image_15553,2.3991233e-05
image_15554,6.396246e-05
image_15555,3.529994e-05
image_15556,0.01516407
image_15557,5.3479474e-05
image_15558,6.778442e-07
image_15559,0.00014839512
image_15560,0.000267727
image_15561,8.628863e-06
image_15562,5.6163135e-06
image_15563,1.4974191e-05
image_15564,0.027215417
image_15565,0.0007000645
image_15566,0.15619981
image_15567,0.9896765
image_15568,0.00044343364
image_15569,0.00016838856
image_15570,0.015910204
image_15571,0.99903417
image_15572,0.0007812191
image_15573,0.001701839
image_15574,0.00085040205
image_15575,3.8495684e-05
image_15576,0.00015750271
image_15577,0.0006029347
image_15578,0.02266423
image_15579,0.00046478794
image_15580,0.0009807902
image_15581,1.36993485e-05
image_15582,0.009696342
image_15583,0.004334871
image_15584,0.02396543
image_15585,0.7838448
image_15586,0.0021168415
image_15587,0.9989249
image_15588,0.9540224
image_15589,0.011805488
image_15590,0.001787154
image_15591,0.026869515
image_15592,2.040709e-06
image_15593,0.999591
image_15594,0.009513833
image_15595,8.699792e-06
image_15596,0.008531269
image_15597,2.13352e-05
image_15598,1.1114063e-09
image_15599,0.011556438
image_15600,0.00015017303
image_15601,0.00077880133
image_15602,5.0930175e-05
image_15603,2.5910376e-05
image_15604,0.056104135
image_15605,2.8641323e-05
image_15606,0.0029875194
image_15607,0.0010636238
image_15608,2.3423723e-05
image_15609,4.0347886e-06
image_15610,5.387533e-06
image_15611,4.6369496e-05
image_15612,0.17394376
image_15613,3.580756e-07
image_15614,0.0468411
image_15615,0.00034008853
image_15616,8.28646e-05
image_15617,0.0023870405
image_15618,0.42659247
image_15619,5.5334145e-05
image_15620,0.028486447
image_15621,0.9921758
image_15622,0.0003239622
image_15623,0.8666426
image_15624,0.0003885267
image_15625,0.76544553
image_15626,0.00038577127
image_15627,0.0024943114
image_15628,0.0015557734
image_15629,7.1081085e-05
image_15630,0.9456561
image_15631,0.016480198
image_15632,0.002473346
image_15633,3.815411e-05
image_15634,6.383962e-07
image_15635,0.08062137
image_15636,0.39035422
image_15637,0.016435575
image_15638,0.9951385
image_15639,0.0013996973
image_15640,1.5455826e-07
image_15641,0.03365709
image_15642,0.051615223
image_15643,8.665047e-05
image_15644,1.2744259e-05
image_15645,0.0070901364
image_15646,0.0008213464
image_15647,5.4354492e-05
image_15648,0.003987195
image_15649,0.99468637
image_15650,0.97001517
image_15651,0.00058315403
image_15652,0.0013929438
image_15653,9.769572e-09
image_15654,0.00018663927
image_15655,0.00013467713
image_15656,2.358172e-06
image_15657,5.078807e-05
image_15658,0.99451864
image_15659,0.0010977739
image_15660,4.9243965e-05
image_15661,2.2558022e-05
image_15662,6.2821864e-06
image_15663,6.0189536e-06
image_15664,0.0058416286
image_15665,0.79686666
image_15666,0.003243487
image_15667,0.015069609
image_15668,9.3389635e-06
image_15669,0.00011689376
image_15670,0.9844842
image_15671,0.9979753
image_15672,0.00047653032
image_15673,0.664088
image_15674,9.782481e-07
image_15675,5.1692446e-06
image_15676,7.1281785e-05
image_15677,1.2702026e-06
image_15678,5.8443106e-07
image_15679,0.001102872
image_15680,1.6068746e-08
image_15681,1.486726e-05
image_15682,0.001685125
image_15683,3.561855e-06
image_15684,0.07124527
image_15685,0.0003226411
image_15686,7.03151e-06
image_15687,0.0028655357
image_15688,0.001753022
image_15689,0.0006483335
image_15690,0.00084419677
image_15691,6.354938e-08
image_15692,0.13908112
image_15693,0.21944964
image_15694,0.0021511768
image_15695,0.016135965
image_15696,0.00029701658
image_15697,0.08777186
image_15698,5.2169715e-05
image_15699,1.1976551e-05
image_15700,0.00039552414
image_15701,0.0002132795
image_15702,0.00022940224
image_15703,3.1647713e-05
image_15704,0.9245618
image_15705,0.00015429017
image_15706,0.8363718
image_15707,1.157621e-05
image_15708,0.08924877
image_15709,0.010502917
image_15710,0.91936857
image_15711,0.00033125086
image_15712,0.00024119331
image_15713,0.21875834
image_15714,1.367353e-05
image_15715,0.7813586
image_15716,2.0597953e-07
image_15717,0.00075022806
image_15718,0.008218692
image_15719,0.0004372723
image_15720,0.0026934678
image_15721,0.00020890425
image_15722,4.8866903e-05
image_15723,0.93793964
image_15724,0.034640938
image_15725,0.0053229197
image_15726,0.97935224
image_15727,0.00010802648
image_15728,0.00017316402
image_15729,0.009123025
image_15730,0.0023772502
image_15731,4.00524e-05
image_15732,0.0017011048
image_15733,0.00012617184
image_15734,0.0009251416
image_15735,1.7752154e-07
image_15736,8.2399565e-05
image_15737,0.0021999022
image_15738,1.0002993e-05
image_15739,0.10029409
image_15740,4.9787224e-05
image_15741,0.83856857
image_15742,0.14527863
image_15743,0.0016228573
image_15744,0.77190876
image_15745,0.00031098461
image_15746,0.13023172
image_15747,0.99199176
image_15748,0.0045389934
image_15749,0.033715717
image_15750,0.96565986
image_15751,0.00017466869
image_15752,2.9160026e-05
image_15753,9.386899e-05
image_15754,2.9950223e-05
image_15755,0.00022544315
image_15756,1.1844136e-07
image_15757,0.00018524117
image_15758,0.04206702
image_15759,0.015615346
image_15760,0.0009612858
image_15761,0.0005273067
image_15762,0.0011640664
image_15763,0.007784441
image_15764,0.0019654767
image_15765,0.00039149317
image_15766,0.020028666
image_15767,0.0015422106
image_15768,8.8284665e-05
image_15769,2.5214308e-06
image_15770,0.0001831141
image_15771,0.00021773262
image_15772,4.017135e-11
image_15773,0.0002497337
image_15774,0.012615063
image_15775,0.005573638
image_15776,0.9647774
image_15777,3.1155578e-06
image_15778,4.5096654e-06
image_15779,0.7824302
image_15780,3.63023e-05
image_15781,0.009835881
image_15782,6.900218e-07
image_15783,2.0494317e-08
image_15784,0.002426094
image_15785,0.00035704952
image_15786,0.00021678388
image_15787,2.0893622e-06
image_15788,0.16038574
image_15789,3.2997847e-05
image_15790,0.001903448
image_15791,0.0005910618
image_15792,6.35111e-05
image_15793,0.0003692426
image_15794,6.65726e-07
image_15795,1.4463143e-05
image_15796,0.14081633
image_15797,8.398718e-05
image_15798,0.01198765
image_15799,0.0032137888
image_15800,0.00064362376
image_15801,3.8903073e-07
image_15802,0.0002392739
image_15803,0.0007460843
image_15804,5.2952936e-07
image_15805,0.13705325
image_15806,0.99903584
image_15807,0.9174702
image_15808,8.1905986e-05
image_15809,0.0004984666
image_15810,0.07803862
image_15811,7.111596e-05
image_15812,0.7821106
image_15813,1.2502824e-05
image_15814,0.0017555021
image_15815,0.005801978
image_15816,0.004661034
image_15817,0.000994314
image_15818,0.00030078116
image_15819,1.3769029e-05
image_15820,0.0006245989
image_15821,0.99867177
image_15822,0.0015444543
image_15823,0.01336525
image_15824,0.0002359919
image_15825,0.013392113
image_15826,0.0003610152
image_15827,1.018786e-07
image_15828,3.790646e-05
image_15829,0.114505544
image_15830,0.00019288572
image_15831,2.231914e-06
image_15832,2.2837394e-08
image_15833,0.95380855
image_15834,0.003244476
image_15835,3.5099652e-05
image_15836,0.92298985
image_15837,0.25957802
image_15838,0.0004327421
image_15839,0.00024047245
image_15840,0.6160425
image_15841,0.7928015
image_15842,8.021371e-06
image_15843,0.75126153
image_15844,7.036047e-05
image_15845,0.0002019735
image_15846,0.00014843322
image_15847,0.0028459204
image_15848,1.4819335e-09
image_15849,0.003960605
image_15850,0.011345198
image_15851,3.8154023e-05
image_15852,0.09135046
image_15853,0.00313281
image_15854,0.009228725
image_15855,0.9957293
image_15856,0.009572406
image_15857,8.700839e-06
image_15858,8.556257e-06
image_15859,0.011330867
image_15860,0.27920324
image_15861,0.40428668
image_15862,0.00076710945
image_15863,4.038566e-05
image_15864,7.993653e-05
image_15865,0.026233766
image_15866,2.1821477e-05
image_15867,0.0050695296
image_15868,2.0181673e-05
image_15869,2.0168067e-05
image_15870,0.00926222
image_15871,4.131504e-05
image_15872,0.000687481
image_15873,0.010208884
image_15874,0.00031333123
image_15875,5.7231387e-05
image_15876,1.3818382e-06
image_15877,0.000863861
image_15878,0.6641811
image_15879,1.4477794e-06
image_15880,0.037562817
image_15881,0.09234453
image_15882,0.000767642
image_15883,2.1099785e-07
image_15884,0.0072303144
image_15885,3.116924e-06
image_15886,0.00033733906
image_15887,0.94602203
image_15888,0.00023706045
image_15889,0.0050606485
image_15890,0.00022210776
image_15891,0.0007803339
image_15892,6.6718585e-06
image_15893,0.001733575
image_15894,0.00014440416
image_15895,0.00012793465
image_15896,7.047331e-05
image_15897,0.98443925
image_15898,0.9600951
image_15899,0.9458095
image_15900,2.0459079e-06
image_15901,0.000105503466
image_15902,0.00023306863
image_15903,0.0017558644
image_15904,0.0020525386
image_15905,0.12681769
image_15906,0.012546933
image_15907,4.5494024e-05
image_15908,0.7297472
image_15909,0.00074691285
image_15910,1.814851e-10
image_15911,0.068958
image_15912,0.00034325934
image_15913,6.4913365e-05
image_15914,0.017303461
image_15915,7.360947e-05
image_15916,0.011236485
image_15917,2.7114093e-05
image_15918,0.03139366
image_15919,5.8313355e-05
image_15920,7.762179e-06
image_15921,0.00016381609
image_15922,0.9806695
image_15923,0.0001594885
image_15924,0.01273805
image_15925,4.5482142e-05
image_15926,0.016695183
image_15927,0.77213955
image_15928,0.9698713
image_15929,0.0021012144
image_15930,0.00068122265
image_15931,0.8646956
image_15932,0.79263735
image_15933,0.001759893
image_15934,0.99090844
image_15935,0.0012444302
image_15936,0.58288515
image_15937,0.009744661
image_15938,0.006782071
image_15939,1.601243e-05
image_15940,0.135872
image_15941,0.02829968
image_15942,0.00030104874
image_15943,0.0021582514
image_15944,0.00058622914
image_15945,3.56308e-05
image_15946,0.9944881
image_15947,0.00022902971
image_15948,0.0021164715
image_15949,0.0023159515
image_15950,0.00048816652
image_15951,0.12190986
image_15952,0.5655954
image_15953,6.6378107e-06
image_15954,0.00040031943
image_15955,0.0013036141
image_15956,0.0002498094
image_15957,0.0001853359
image_15958,0.5888901
image_15959,0.0986578
image_15960,1.4496854e-06
image_15961,0.0005865746
image_15962,0.0024398118
image_15963,0.0065303454
image_15964,7.889391e-06
image_15965,6.9711685e-05
image_15966,0.008191241
image_15967,0.0052947598
image_15968,1.05585805e-05
image_15969,6.7537156e-05
image_15970,0.73822594
image_15971,2.6990252e-05
image_15972,0.99444807
image_15973,0.0005506779
image_15974,3.3999686e-07
image_15975,0.99083734
image_15976,3.4821549e-06
image_15977,0.00044753848
image_15978,0.0003352215
image_15979,2.384967e-06
image_15980,7.86667e-05
image_15981,0.14828403
image_15982,0.023260314
image_15983,0.05801053
image_15984,0.00018396862
image_15985,1.3977696e-05
image_15986,7.256275e-05
image_15987,0.00023412518
image_15988,0.00019030676
image_15989,5.414799e-07
image_15990,9.672749e-05
image_15991,0.0003270232
image_15992,0.00022788109
image_15993,0.996058
image_15994,0.9860213
image_15995,0.8024072
image_15996,0.005423964
image_15997,0.8719996
image_15998,1.6151931e-05
image_15999,4.5546156e-05
image_16000,7.1399572e-06
image_16001,0.9976181
image_16002,0.99624646
image_16003,0.0037474614
image_16004,6.890394e-06
image_16005,0.008017309
image_16006,0.00073671126
image_16007,0.0033871736
image_16008,0.000103485814
image_16009,0.00012466013
image_16010,0.01231605
image_16011,0.0006758325
image_16012,0.0003672013
image_16013,2.2266275e-05
image_16014,0.04974414
image_16015,1.4035845e-05
image_16016,0.00012030729
image_16017,1.660399e-05
image_16018,0.0062796017
image_16019,9.9672725e-06
image_16020,2.6702333e-08
image_16021,0.0006277883
image_16022,0.00052922964
image_16023,3.6906722e-06
image_16024,0.0088171335
image_16025,0.9405707
image_16026,0.0013148095
image_16027,0.00073199224
image_16028,0.00074019015
image_16029,0.000102514765
image_16030,8.296781e-07
image_16031,0.00038919065
image_16032,0.039955568
image_16033,2.5108795e-05
image_16034,0.0018821777
image_16035,0.97857314
image_16036,0.1991185
image_16037,8.040686e-06
image_16038,1.1409848e-05
image_16039,6.236203e-06
image_16040,0.0031108567
image_16041,0.9744425
image_16042,0.0025437996
image_16043,4.426761e-05
image_16044,0.00016806349
image_16045,2.423803e-07
image_16046,0.9674469
image_16047,0.000373693
image_16048,2.5996522e-05
image_16049,8.47127e-05
image_16050,2.4985226e-07
image_16051,1.7388735e-05
image_16052,2.6629532e-05
image_16053,0.0018434364
image_16054,0.9941862
image_16055,0.00013895544
image_16056,1.205276e-05
image_16057,0.07310392
image_16058,1.3645866e-05
image_16059,1.5241696e-06
image_16060,0.006809491
image_16061,0.97805643
image_16062,0.03345696
image_16063,0.15225226
image_16064,0.0004448595
image_16065,2.9159978e-06
image_16066,1.48649015e-05
image_16067,0.9955965
image_16068,0.14115322
image_16069,0.0020422458
image_16070,0.0004040291
image_16071,1.458818e-05
image_16072,2.539558e-05
image_16073,0.99998105
image_16074,4.8526264e-05
image_16075,0.00016600934
image_16076,0.00027031606
image_16077,0.00058431865
image_16078,0.056974806
image_16079,0.00015971686
image_16080,0.0024307373
image_16081,0.002106524
image_16082,0.002320467
image_16083,0.08125488
image_16084,0.0036119602
image_16085,5.0513325e-05
image_16086,0.0025073076
image_16087,8.572878e-05
image_16088,0.0043429406
image_16089,1.429538e-09
image_16090,0.00064773584
image_16091,0.0020637847
image_16092,0.8779367
image_16093,0.0057521174
image_16094,0.95989645
image_16095,1.5390138e-05
image_16096,0.0015030869
image_16097,0.036675584
image_16098,3.0131455e-06
image_16099,0.0004535259
image_16100,0.017200794
image_16101,0.00019744846
image_16102,0.0022670648
image_16103,5.1415714e-07
image_16104,0.12116407
image_16105,2.6568006e-05
image_16106,0.99549425
image_16107,0.00035129325
image_16108,0.09535532
image_16109,1.2441986e-05
image_16110,0.9999167
image_16111,0.0015304689
image_16112,0.0075194966
image_16113,0.037324864
image_16114,7.684481e-06
image_16115,2.0776667e-07
image_16116,0.000106277075
image_16117,0.00083613535
image_16118,0.0004239465
image_16119,0.14715108
image_16120,0.001082815
image_16121,0.0043836525
image_16122,0.9889984
image_16123,0.0024537595
image_16124,0.94868636
image_16125,0.0010095793
image_16126,9.915439e-07
image_16127,0.0009470057
image_16128,6.90096e-06
image_16129,0.00027475643
image_16130,0.0015803147
image_16131,3.057833e-06
image_16132,0.00038723688
image_16133,0.99888253
image_16134,0.00085800723
image_16135,5.958815e-07
image_16136,0.11552636
image_16137,0.0017395034
image_16138,0.91986704
image_16139,0.9997161
image_16140,0.002722601
image_16141,0.00032918112
image_16142,0.14790747
image_16143,0.0035660134
image_16144,1.0378761e-06
image_16145,3.9746652e-07
image_16146,0.00070635125
image_16147,0.9882478
image_16148,0.00020500844
image_16149,0.01492952
image_16150,0.00018128892
image_16151,9.18878e-05
image_16152,0.0043234103
image_16153,0.0001182321
image_16154,0.00135961
image_16155,3.965484e-06
image_16156,1.6668965e-06
image_16157,0.02015344
image_16158,0.01342739
image_16159,0.000231746
image_16160,0.8677983
image_16161,0.008335464
image_16162,5.8284197e-05
image_16163,0.0027927442
image_16164,0.00051504135
image_16165,0.2697194
image_16166,0.0038332585
image_16167,0.0011158148
image_16168,1.9078085e-05
image_16169,0.00042493473
image_16170,1.3349797e-06
image_16171,0.9611193
image_16172,0.01108178
image_16173,0.00022174757
image_16174,0.17835087
image_16175,2.6412836e-05
image_16176,3.9666993e-05
image_16177,0.018082723
image_16178,0.0001901882
image_16179,0.94707716
image_16180,0.0036646018
image_16181,0.00089140865
image_16182,1.0202737e-07
image_16183,0.67858243
image_16184,0.20688725
image_16185,3.438192e-05
image_16186,0.0017709683
image_16187,0.733058
image_16188,0.00058018265
image_16189,0.00010251475
image_16190,0.0050765276
image_16191,9.569146e-05
image_16192,3.973244e-05
image_16193,0.0012967165
image_16194,0.0017645294
image_16195,1.778814e-06
image_16196,0.050770167
image_16197,0.00060385326
image_16198,0.00014170408
image_16199,3.8841466e-05
image_16200,0.00015033653
image_16201,9.5826326e-05
image_16202,0.0006525991
image_16203,0.99140346
image_16204,1.0054816e-05
image_16205,0.0034179399
image_16206,2.05294e-06
image_16207,0.0021104293
image_16208,0.00082919863
image_16209,2.2499538e-07
image_16210,0.9997535
image_16211,5.328679e-05
image_16212,0.0014249617
image_16213,0.13882491
image_16214,1.808441e-05
image_16215,7.398345e-05
image_16216,0.0004993309
image_16217,0.9945071
image_16218,0.0011017204
image_16219,0.9401884
image_16220,0.033719625
image_16221,0.0010307293
image_16222,3.2139084e-07
image_16223,8.825104e-05
image_16224,0.054866984
image_16225,0.0024289659
image_16226,0.7054982
image_16227,4.054477e-06
image_16228,0.002240696
image_16229,0.22556221
image_16230,0.003621583
image_16231,0.00020990003
image_16232,1.2078369e-06
image_16233,0.0001740637
image_16234,0.991848
image_16235,0.10541262
image_16236,0.00043066748
image_16237,0.00019674285
image_16238,0.00012511936
image_16239,0.00011125844
image_16240,0.0037664485
image_16241,1.4590432e-06
image_16242,0.0011487317
image_16243,0.59192085
image_16244,0.0057079373
image_16245,0.0012895125
image_16246,5.618443e-05
image_16247,0.015447379
image_16248,0.80174625
image_16249,0.86198527
image_16250,0.0020073284
image_16251,4.298012e-05
image_16252,3.9258215e-05
image_16253,0.6892589
image_16254,0.001940251
image_16255,0.9614557
image_16256,0.3090829
image_16257,0.00035691302
image_16258,0.0025506727
image_16259,0.00010299717
image_16260,3.5391759e-07
image_16261,1.2861876e-06
image_16262,2.8625742e-05
image_16263,0.00012754851
image_16264,0.015235986
image_16265,0.00042071525
image_16266,8.071422e-06
image_16267,0.61634773
image_16268,0.09727156
image_16269,0.0017080586
image_16270,0.00038487557
image_16271,0.0050748433
image_16272,2.0157438e-05
image_16273,1.3535606e-05
image_16274,0.00011603857
image_16275,1.7798713e-05
image_16276,1.5180758e-05
image_16277,0.000650598
image_16278,5.372606e-06
image_16279,8.321813e-05
image_16280,0.92221594
image_16281,0.027019616
image_16282,0.26122358
image_16283,0.006012154
image_16284,0.00059792306
image_16285,1.088175e-05
image_16286,0.009823439
image_16287,0.9477639
image_16288,0.0011736499
image_16289,0.0001406556
image_16290,0.00010944909
image_16291,0.00070811255
image_16292,0.9977231
image_16293,0.9316138
image_16294,0.00037159366
image_16295,0.092036456
image_16296,0.01150954
image_16297,1.1772545e-05
image_16298,0.9267235
image_16299,2.4650176e-06
image_16300,7.264178e-07
image_16301,7.5924174e-05
image_16302,8.098188e-06
image_16303,3.8024165e-05
image_16304,0.0034356574
image_16305,0.024455328
image_16306,0.00024713605
image_16307,0.4145587
image_16308,0.0010271406
image_16309,0.00021831816
image_16310,0.0081838295
image_16311,0.66281337
image_16312,0.002935722
image_16313,0.002386475
image_16314,5.765743e-05
image_16315,0.00039811886
image_16316,0.7814097
image_16317,0.18069804
image_16318,0.008050127
image_16319,2.7414553e-06
image_16320,0.000106679814
image_16321,0.07277935
image_16322,0.00034379034
image_16323,0.00044034445
image_16324,0.0051121516
image_16325,0.0005402902
image_16326,0.005523981
image_16327,6.496914e-05
image_16328,2.8358357e-07
image_16329,9.4900606e-05
image_16330,0.03262447
image_16331,0.026344795
image_16332,0.0010069115
image_16333,6.744897e-08
image_16334,5.4317293e-06
image_16335,0.001177559
image_16336,0.79601634
image_16337,2.4506364e-05
image_16338,0.0002350248
image_16339,0.9999851
image_16340,0.0005687298
image_16341,1.0698348e-05
image_16342,0.00021127587
image_16343,0.0002883738
image_16344,0.0017720948
image_16345,3.6103804e-05
image_16346,0.0013342975
image_16347,0.00016555359
image_16348,0.00022317015
image_16349,0.006334032
image_16350,7.9810794e-05
image_16351,0.076007724
image_16352,0.7685176
image_16353,0.0001352633
image_16354,0.97829854
image_16355,2.4590481e-05
image_16356,0.0006288093
image_16357,2.9087091e-06
image_16358,4.3945503e-05
image_16359,0.0011302358
image_16360,0.2283209
image_16361,0.00018938465
image_16362,0.0009811772
image_16363,0.0005354556
image_16364,2.5053072e-07
image_16365,0.0004624667
image_16366,1.2100086e-05
image_16367,0.0009799607
image_16368,0.78205717
image_16369,2.6040416e-06
image_16370,0.9944594
image_16371,9.212895e-05
image_16372,0.0011131547
image_16373,0.00193496
image_16374,0.023158744
image_16375,0.0013055301
image_16376,7.54473e-05
image_16377,3.651921e-05
image_16378,0.00031967176
image_16379,8.1575877e-07
image_16380,0.00025462004
image_16381,0.012492579
image_16382,0.018535757
image_16383,3.2924058e-06
image_16384,0.00021254292
image_16385,0.00067177694
image_16386,0.59709454
image_16387,0.83829653
image_16388,0.00026978395
image_16389,7.7832794e-07
image_16390,0.005606777
image_16391,0.062202945
image_16392,0.010356881
image_16393,0.009825531
image_16394,4.287638e-06
image_16395,4.2013007e-06
image_16396,0.059409566
image_16397,0.0009039412
image_16398,0.00032132212
image_16399,0.020620905
image_16400,0.0021164138
image_16401,5.2450225e-05
image_16402,0.00097582606
image_16403,0.0017947543
image_16404,0.9963639
image_16405,0.0009687011
image_16406,7.172634e-05
image_16407,0.0006625065
image_16408,0.00034355625
image_16409,6.156466e-05
image_16410,0.12664427
image_16411,0.0002008295
image_16412,3.0810552e-05
image_16413,0.0023434325
image_16414,0.4121599
image_16415,0.00016569733
image_16416,0.00020193987
image_16417,4.050672e-05
image_16418,0.39773387
image_16419,6.2171515e-05
image_16420,0.6972358
image_16421,0.0002882979
image_16422,5.1637713e-08
image_16423,0.051354785
image_16424,2.1411182e-05
image_16425,0.7845745
image_16426,0.001924583
image_16427,0.00018641051
image_16428,0.00068384333
image_16429,0.00018988295
image_16430,0.0058718305
image_16431,1.1570707e-07
image_16432,0.0033057956
image_16433,0.7925524
image_16434,0.03147128
image_16435,0.19030304
image_16436,0.002081422
image_16437,0.9921388
image_16438,0.00032189622
image_16439,0.0010498117
image_16440,0.0017879214
image_16441,4.8610837e-06
image_16442,8.522278e-06
image_16443,0.05164171
image_16444,3.1300438e-06
image_16445,1.978676e-05
image_16446,0.0022632626
image_16447,0.88293064
image_16448,0.018282756
image_16449,0.73534673
image_16450,0.009537059
image_16451,0.0016451869
image_16452,2.3429253e-05
image_16453,0.0071769804
image_16454,0.002943999
image_16455,0.00686385
image_16456,0.0034296387
image_16457,9.295434e-05
image_16458,2.0369722e-05
image_16459,0.99909896
image_16460,0.005226584
image_16461,0.00025974138
image_16462,1.6812794e-06
image_16463,2.1372784e-07
image_16464,0.007909896
image_16465,0.015079729
image_16466,0.27767554
image_16467,0.04917982
image_16468,0.28654534
image_16469,0.0024321484
image_16470,4.1084735e-05
image_16471,3.8601766e-09
image_16472,0.760352
image_16473,0.014410634
image_16474,0.0017496833
image_16475,0.22531646
image_16476,0.96079266
image_16477,0.9999976
image_16478,0.7746719
image_16479,0.0005412898
image_16480,0.99892634
image_16481,0.98487574
image_16482,1.2803728e-05
image_16483,2.1943812e-05
image_16484,6.7501537e-06
image_16485,0.002516408
image_16486,5.1437437e-05
image_16487,0.0026414434
image_16488,4.2751576e-06
image_16489,0.00016191023
image_16490,3.0158806e-05
image_16491,0.0023718805
image_16492,2.1011361e-05
image_16493,9.2437775e-05
image_16494,1.9686553e-05
image_16495,0.00048525538
image_16496,0.9113972
image_16497,0.017422402
image_16498,0.16084681
image_16499,0.97140026
image_16500,2.6372589e-05
image_16501,0.0006288146
image_16502,0.0023680166
image_16503,0.015185712
image_16504,3.484485e-05
image_16505,1.7680858e-08
image_16506,0.0010101297
image_16507,5.7533332e-05
image_16508,8.173112e-05
image_16509,0.0003362053
image_16510,0.98154795
image_16511,0.00013109317
image_16512,0.30533677
image_16513,0.7902969
image_16514,0.78975505
image_16515,0.0009813204
image_16516,0.7058575
image_16517,0.078606464
image_16518,6.662206e-06
image_16519,2.8205026e-05
image_16520,0.58695686
image_16521,0.05552508
image_16522,0.045941953
image_16523,2.5080012e-06
image_16524,0.00014728206
image_16525,0.009544414
image_16526,3.0112628e-06
image_16527,0.009939416
image_16528,0.0021284672
image_16529,0.0045852726
image_16530,0.001964143
image_16531,0.0051983483
image_16532,6.183343e-05
image_16533,0.73149496
image_16534,0.0008315166
image_16535,0.21802565
image_16536,0.0028555659
image_16537,0.035127424
image_16538,0.00040487677
image_16539,0.15130523
image_16540,0.003305289
image_16541,3.0503676e-05
image_16542,0.004265723
image_16543,0.00027391437
image_16544,0.010046104
image_16545,0.0025644344
image_16546,4.2412296e-08
image_16547,0.00026981495
image_16548,0.00013154699
image_16549,0.00020768559
image_16550,0.00012367358
image_16551,0.00032435235
image_16552,0.0019185486
image_16553,0.0029117537
image_16554,0.49691808
image_16555,0.8695785
image_16556,0.00012213935
image_16557,2.8718418e-07
image_16558,0.0022713004
image_16559,8.233623e-05
image_16560,7.3794126e-08
image_16561,5.5864405e-08
image_16562,8.6757806e-05
image_16563,0.049777884
image_16564,4.1172902e-06
image_16565,2.662632e-05
image_16566,4.4660177e-05
image_16567,0.96809876
image_16568,0.0018814004
image_16569,0.00085867103
image_16570,0.7744914
image_16571,1.2720886e-07
image_16572,0.9722253
image_16573,0.0037543783
image_16574,0.011973834
image_16575,0.11652914
image_16576,0.0019043088
image_16577,0.057832386
