image_name,label
image_1,0.13699444311402084
image_2,0.13699444311402084
image_3,0.13699444311402084
image_4,0.13699444311402084
image_5,0.13699444311402084
image_6,0.13699444311402084
image_7,0.13699444311402084
image_8,0.13699444311402084
image_9,0.13699444311402084
image_10,0.13699444311402084
image_11,0.13699444311402084
image_12,0.13699444311402084
image_13,0.13699444311402084
image_14,0.13699444311402084
image_15,0.13699444311402084
image_16,0.13699444311402084
image_17,0.13699444311402084
image_18,0.13699444311402084
image_19,0.13699444311402084
image_20,0.13699444311402084
image_21,0.13699444311402084
image_22,0.13699444311402084
image_23,0.13699444311402084
image_24,0.13699444311402084
image_25,0.13699444311402084
image_26,0.13699444311402084
image_27,0.13699444311402084
image_28,0.13699444311402084
image_29,0.13699444311402084
image_30,0.13699444311402084
image_31,0.13699444311402084
image_32,0.13699444311402084
image_33,0.13699444311402084
image_34,0.13699444311402084
image_35,0.13699444311402084
image_36,0.13699444311402084
image_37,0.13699444311402084
image_38,0.13699444311402084
image_39,0.13699444311402084
image_40,0.13699444311402084
image_41,0.13699444311402084
image_42,0.13699444311402084
image_43,0.13699444311402084
image_44,0.13699444311402084
image_45,0.13699444311402084
image_46,0.13699444311402084
image_47,0.13699444311402084
image_48,0.13699444311402084
image_49,0.13699444311402084
image_50,0.13699444311402084
image_51,0.13699444311402084
image_52,0.13699444311402084
image_53,0.13699444311402084
image_54,0.13699444311402084
image_55,0.13699444311402084
image_56,0.13699444311402084
image_57,0.13699444311402084
image_58,0.13699444311402084
image_59,0.13699444311402084
image_60,0.13699444311402084
image_61,0.13699444311402084
image_62,0.13699444311402084
image_63,0.13699444311402084
image_64,0.13699444311402084
image_65,0.13699444311402084
image_66,0.13699444311402084
image_67,0.13699444311402084
image_68,0.13699444311402084
image_69,0.13699444311402084
image_70,0.13699444311402084
image_71,0.13699444311402084
image_72,0.13699444311402084
image_73,0.13699444311402084
image_74,0.13699444311402084
image_75,0.13699444311402084
image_76,0.13699444311402084
image_77,0.13699444311402084
image_78,0.13699444311402084
image_79,0.13699444311402084
image_80,0.13699444311402084
image_81,0.13699444311402084
image_82,0.13699444311402084
image_83,0.13699444311402084
image_84,0.13699444311402084
image_85,0.13699444311402084
image_86,0.13699444311402084
image_87,0.13699444311402084
image_88,0.13699444311402084
image_89,0.13699444311402084
image_90,0.13699444311402084
image_91,0.13699444311402084
image_92,0.13699444311402084
image_93,0.13699444311402084
image_94,0.13699444311402084
image_95,0.13699444311402084
image_96,0.13699444311402084
image_97,0.13699444311402084
image_98,0.13699444311402084
image_99,0.13699444311402084
image_100,0.13699444311402084
image_101,0.13699444311402084
image_102,0.13699444311402084
image_103,0.13699444311402084
image_104,0.13699444311402084
image_105,0.13699444311402084
image_106,0.13699444311402084
image_107,0.13699444311402084
image_108,0.13699444311402084
image_109,0.13699444311402084
image_110,0.13699444311402084
image_111,0.13699444311402084
image_112,0.13699444311402084
image_113,0.13699444311402084
image_114,0.13699444311402084
image_115,0.13699444311402084
image_116,0.13699444311402084
image_117,0.13699444311402084
image_118,0.13699444311402084
image_119,0.13699444311402084
image_120,0.13699444311402084
image_121,0.13699444311402084
image_122,0.13699444311402084
image_123,0.13699444311402084
image_124,0.13699444311402084
image_125,0.13699444311402084
image_126,0.13699444311402084
image_127,0.13699444311402084
image_128,0.13699444311402084
image_129,0.13699444311402084
image_130,0.13699444311402084
image_131,0.13699444311402084
image_132,0.13699444311402084
image_133,0.13699444311402084
image_134,0.13699444311402084
image_135,0.13699444311402084
image_136,0.13699444311402084
image_137,0.13699444311402084
image_138,0.13699444311402084
image_139,0.13699444311402084
image_140,0.13699444311402084
image_141,0.13699444311402084
image_142,0.13699444311402084
image_143,0.13699444311402084
image_144,0.13699444311402084
image_145,0.13699444311402084
image_146,0.13699444311402084
image_147,0.13699444311402084
image_148,0.13699444311402084
image_149,0.13699444311402084
image_150,0.13699444311402084
image_151,0.13699444311402084
image_152,0.13699444311402084
image_153,0.13699444311402084
image_154,0.13699444311402084
image_155,0.13699444311402084
image_156,0.13699444311402084
image_157,0.13699444311402084
image_158,0.13699444311402084
image_159,0.13699444311402084
image_160,0.13699444311402084
image_161,0.13699444311402084
image_162,0.13699444311402084
image_163,0.13699444311402084
image_164,0.13699444311402084
image_165,0.13699444311402084
image_166,0.13699444311402084
image_167,0.13699444311402084
image_168,0.13699444311402084
image_169,0.13699444311402084
image_170,0.13699444311402084
image_171,0.13699444311402084
image_172,0.13699444311402084
image_173,0.13699444311402084
image_174,0.13699444311402084
image_175,0.13699444311402084
image_176,0.13699444311402084
image_177,0.13699444311402084
image_178,0.13699444311402084
image_179,0.13699444311402084
image_180,0.13699444311402084
image_181,0.13699444311402084
image_182,0.13699444311402084
image_183,0.13699444311402084
image_184,0.13699444311402084
image_185,0.13699444311402084
image_186,0.13699444311402084
image_187,0.13699444311402084
image_188,0.13699444311402084
image_189,0.13699444311402084
image_190,0.13699444311402084
image_191,0.13699444311402084
image_192,0.13699444311402084
image_193,0.13699444311402084
image_194,0.13699444311402084
image_195,0.13699444311402084
image_196,0.13699444311402084
image_197,0.13699444311402084
image_198,0.13699444311402084
image_199,0.13699444311402084
image_200,0.13699444311402084
image_201,0.13699444311402084
image_202,0.13699444311402084
image_203,0.13699444311402084
image_204,0.13699444311402084
image_205,0.13699444311402084
image_206,0.13699444311402084
image_207,0.13699444311402084
image_208,0.13699444311402084
image_209,0.13699444311402084
image_210,0.13699444311402084
image_211,0.13699444311402084
image_212,0.13699444311402084
image_213,0.13699444311402084
image_214,0.13699444311402084
image_215,0.13699444311402084
image_216,0.13699444311402084
image_217,0.13699444311402084
image_218,0.13699444311402084
image_219,0.13699444311402084
image_220,0.13699444311402084
image_221,0.13699444311402084
image_222,0.13699444311402084
image_223,0.13699444311402084
image_224,0.13699444311402084
image_225,0.13699444311402084
image_226,0.13699444311402084
image_227,0.13699444311402084
image_228,0.13699444311402084
image_229,0.13699444311402084
image_230,0.13699444311402084
image_231,0.13699444311402084
image_232,0.13699444311402084
image_233,0.13699444311402084
image_234,0.13699444311402084
image_235,0.13699444311402084
image_236,0.13699444311402084
image_237,0.13699444311402084
image_238,0.13699444311402084
image_239,0.13699444311402084
image_240,0.13699444311402084
image_241,0.13699444311402084
image_242,0.13699444311402084
image_243,0.13699444311402084
image_244,0.13699444311402084
image_245,0.13699444311402084
image_246,0.13699444311402084
image_247,0.13699444311402084
image_248,0.13699444311402084
image_249,0.13699444311402084
image_250,0.13699444311402084
image_251,0.13699444311402084
image_252,0.13699444311402084
image_253,0.13699444311402084
image_254,0.13699444311402084
image_255,0.13699444311402084
image_256,0.13699444311402084
image_257,0.13699444311402084
image_258,0.13699444311402084
image_259,0.13699444311402084
image_260,0.13699444311402084
image_261,0.13699444311402084
image_262,0.13699444311402084
image_263,0.13699444311402084
image_264,0.13699444311402084
image_265,0.13699444311402084
image_266,0.13699444311402084
image_267,0.13699444311402084
image_268,0.13699444311402084
image_269,0.13699444311402084
image_270,0.13699444311402084
image_271,0.13699444311402084
image_272,0.13699444311402084
image_273,0.13699444311402084
image_274,0.13699444311402084
image_275,0.13699444311402084
image_276,0.13699444311402084
image_277,0.13699444311402084
image_278,0.13699444311402084
image_279,0.13699444311402084
image_280,0.13699444311402084
image_281,0.13699444311402084
image_282,0.13699444311402084
image_283,0.13699444311402084
image_284,0.13699444311402084
image_285,0.13699444311402084
image_286,0.13699444311402084
image_287,0.13699444311402084
image_288,0.13699444311402084
image_289,0.13699444311402084
image_290,0.13699444311402084
image_291,0.13699444311402084
image_292,0.13699444311402084
image_293,0.13699444311402084
image_294,0.13699444311402084
image_295,0.13699444311402084
image_296,0.13699444311402084
image_297,0.13699444311402084
image_298,0.13699444311402084
image_299,0.13699444311402084
image_300,0.13699444311402084
image_301,0.13699444311402084
image_302,0.13699444311402084
image_303,0.13699444311402084
image_304,0.13699444311402084
image_305,0.13699444311402084
image_306,0.13699444311402084
image_307,0.13699444311402084
image_308,0.13699444311402084
image_309,0.13699444311402084
image_310,0.13699444311402084
image_311,0.13699444311402084
image_312,0.13699444311402084
image_313,0.13699444311402084
image_314,0.13699444311402084
image_315,0.13699444311402084
image_316,0.13699444311402084
image_317,0.13699444311402084
image_318,0.13699444311402084
image_319,0.13699444311402084
image_320,0.13699444311402084
image_321,0.13699444311402084
image_322,0.13699444311402084
image_323,0.13699444311402084
image_324,0.13699444311402084
image_325,0.13699444311402084
image_326,0.13699444311402084
image_327,0.13699444311402084
image_328,0.13699444311402084
image_329,0.13699444311402084
image_330,0.13699444311402084
image_331,0.13699444311402084
image_332,0.13699444311402084
image_333,0.13699444311402084
image_334,0.13699444311402084
image_335,0.13699444311402084
image_336,0.13699444311402084
image_337,0.13699444311402084
image_338,0.13699444311402084
image_339,0.13699444311402084
image_340,0.13699444311402084
image_341,0.13699444311402084
image_342,0.13699444311402084
image_343,0.13699444311402084
image_344,0.13699444311402084
image_345,0.13699444311402084
image_346,0.13699444311402084
image_347,0.13699444311402084
image_348,0.13699444311402084
image_349,0.13699444311402084
image_350,0.13699444311402084
image_351,0.13699444311402084
image_352,0.13699444311402084
image_353,0.13699444311402084
image_354,0.13699444311402084
image_355,0.13699444311402084
image_356,0.13699444311402084
image_357,0.13699444311402084
image_358,0.13699444311402084
image_359,0.13699444311402084
image_360,0.13699444311402084
image_361,0.13699444311402084
image_362,0.13699444311402084
image_363,0.13699444311402084
image_364,0.13699444311402084
image_365,0.13699444311402084
image_366,0.13699444311402084
image_367,0.13699444311402084
image_368,0.13699444311402084
image_369,0.13699444311402084
image_370,0.13699444311402084
image_371,0.13699444311402084
image_372,0.13699444311402084
image_373,0.13699444311402084
image_374,0.13699444311402084
image_375,0.13699444311402084
image_376,0.13699444311402084
image_377,0.13699444311402084
image_378,0.13699444311402084
image_379,0.13699444311402084
image_380,0.13699444311402084
image_381,0.13699444311402084
image_382,0.13699444311402084
image_383,0.13699444311402084
image_384,0.13699444311402084
image_385,0.13699444311402084
image_386,0.13699444311402084
image_387,0.13699444311402084
image_388,0.13699444311402084
image_389,0.13699444311402084
image_390,0.13699444311402084
image_391,0.13699444311402084
image_392,0.13699444311402084
image_393,0.13699444311402084
image_394,0.13699444311402084
image_395,0.13699444311402084
image_396,0.13699444311402084
image_397,0.13699444311402084
image_398,0.13699444311402084
image_399,0.13699444311402084
image_400,0.13699444311402084
image_401,0.13699444311402084
image_402,0.13699444311402084
image_403,0.13699444311402084
image_404,0.13699444311402084
image_405,0.13699444311402084
image_406,0.13699444311402084
image_407,0.13699444311402084
image_408,0.13699444311402084
image_409,0.13699444311402084
image_410,0.13699444311402084
image_411,0.13699444311402084
image_412,0.13699444311402084
image_413,0.13699444311402084
image_414,0.13699444311402084
image_415,0.13699444311402084
image_416,0.13699444311402084
image_417,0.13699444311402084
image_418,0.13699444311402084
image_419,0.13699444311402084
image_420,0.13699444311402084
image_421,0.13699444311402084
image_422,0.13699444311402084
image_423,0.13699444311402084
image_424,0.13699444311402084
image_425,0.13699444311402084
image_426,0.13699444311402084
image_427,0.13699444311402084
image_428,0.13699444311402084
image_429,0.13699444311402084
image_430,0.13699444311402084
image_431,0.13699444311402084
image_432,0.13699444311402084
image_433,0.13699444311402084
image_434,0.13699444311402084
image_435,0.13699444311402084
image_436,0.13699444311402084
image_437,0.13699444311402084
image_438,0.13699444311402084
image_439,0.13699444311402084
image_440,0.13699444311402084
image_441,0.13699444311402084
image_442,0.13699444311402084
image_443,0.13699444311402084
image_444,0.13699444311402084
image_445,0.13699444311402084
image_446,0.13699444311402084
image_447,0.13699444311402084
image_448,0.13699444311402084
image_449,0.13699444311402084
image_450,0.13699444311402084
image_451,0.13699444311402084
image_452,0.13699444311402084
image_453,0.13699444311402084
image_454,0.13699444311402084
image_455,0.13699444311402084
image_456,0.13699444311402084
image_457,0.13699444311402084
image_458,0.13699444311402084
image_459,0.13699444311402084
image_460,0.13699444311402084
image_461,0.13699444311402084
image_462,0.13699444311402084
image_463,0.13699444311402084
image_464,0.13699444311402084
image_465,0.13699444311402084
image_466,0.13699444311402084
image_467,0.13699444311402084
image_468,0.13699444311402084
image_469,0.13699444311402084
image_470,0.13699444311402084
image_471,0.13699444311402084
image_472,0.13699444311402084
image_473,0.13699444311402084
image_474,0.13699444311402084
image_475,0.13699444311402084
image_476,0.13699444311402084
image_477,0.13699444311402084
image_478,0.13699444311402084
image_479,0.13699444311402084
image_480,0.13699444311402084
image_481,0.13699444311402084
image_482,0.13699444311402084
image_483,0.13699444311402084
image_484,0.13699444311402084
image_485,0.13699444311402084
image_486,0.13699444311402084
image_487,0.13699444311402084
image_488,0.13699444311402084
image_489,0.13699444311402084
image_490,0.13699444311402084
image_491,0.13699444311402084
image_492,0.13699444311402084
image_493,0.13699444311402084
image_494,0.13699444311402084
image_495,0.13699444311402084
image_496,0.13699444311402084
image_497,0.13699444311402084
image_498,0.13699444311402084
image_499,0.13699444311402084
image_500,0.13699444311402084
image_501,0.13699444311402084
image_502,0.13699444311402084
image_503,0.13699444311402084
image_504,0.13699444311402084
image_505,0.13699444311402084
image_506,0.13699444311402084
image_507,0.13699444311402084
image_508,0.13699444311402084
image_509,0.13699444311402084
image_510,0.13699444311402084
image_511,0.13699444311402084
image_512,0.13699444311402084
image_513,0.13699444311402084
image_514,0.13699444311402084
image_515,0.13699444311402084
image_516,0.13699444311402084
image_517,0.13699444311402084
image_518,0.13699444311402084
image_519,0.13699444311402084
image_520,0.13699444311402084
image_521,0.13699444311402084
image_522,0.13699444311402084
image_523,0.13699444311402084
image_524,0.13699444311402084
image_525,0.13699444311402084
image_526,0.13699444311402084
image_527,0.13699444311402084
image_528,0.13699444311402084
image_529,0.13699444311402084
image_530,0.13699444311402084
image_531,0.13699444311402084
image_532,0.13699444311402084
image_533,0.13699444311402084
image_534,0.13699444311402084
image_535,0.13699444311402084
image_536,0.13699444311402084
image_537,0.13699444311402084
image_538,0.13699444311402084
image_539,0.13699444311402084
image_540,0.13699444311402084
image_541,0.13699444311402084
image_542,0.13699444311402084
image_543,0.13699444311402084
image_544,0.13699444311402084
image_545,0.13699444311402084
image_546,0.13699444311402084
image_547,0.13699444311402084
image_548,0.13699444311402084
image_549,0.13699444311402084
image_550,0.13699444311402084
image_551,0.13699444311402084
image_552,0.13699444311402084
image_553,0.13699444311402084
image_554,0.13699444311402084
image_555,0.13699444311402084
image_556,0.13699444311402084
image_557,0.13699444311402084
image_558,0.13699444311402084
image_559,0.13699444311402084
image_560,0.13699444311402084
image_561,0.13699444311402084
image_562,0.13699444311402084
image_563,0.13699444311402084
image_564,0.13699444311402084
image_565,0.13699444311402084
image_566,0.13699444311402084
image_567,0.13699444311402084
image_568,0.13699444311402084
image_569,0.13699444311402084
image_570,0.13699444311402084
image_571,0.13699444311402084
image_572,0.13699444311402084
image_573,0.13699444311402084
image_574,0.13699444311402084
image_575,0.13699444311402084
image_576,0.13699444311402084
image_577,0.13699444311402084
image_578,0.13699444311402084
image_579,0.13699444311402084
image_580,0.13699444311402084
image_581,0.13699444311402084
image_582,0.13699444311402084
image_583,0.13699444311402084
image_584,0.13699444311402084
image_585,0.13699444311402084
image_586,0.13699444311402084
image_587,0.13699444311402084
image_588,0.13699444311402084
image_589,0.13699444311402084
image_590,0.13699444311402084
image_591,0.13699444311402084
image_592,0.13699444311402084
image_593,0.13699444311402084
image_594,0.13699444311402084
image_595,0.13699444311402084
image_596,0.13699444311402084
image_597,0.13699444311402084
image_598,0.13699444311402084
image_599,0.13699444311402084
image_600,0.13699444311402084
image_601,0.13699444311402084
image_602,0.13699444311402084
image_603,0.13699444311402084
image_604,0.13699444311402084
image_605,0.13699444311402084
image_606,0.13699444311402084
image_607,0.13699444311402084
image_608,0.13699444311402084
image_609,0.13699444311402084
image_610,0.13699444311402084
image_611,0.13699444311402084
image_612,0.13699444311402084
image_613,0.13699444311402084
image_614,0.13699444311402084
image_615,0.13699444311402084
image_616,0.13699444311402084
image_617,0.13699444311402084
image_618,0.13699444311402084
image_619,0.13699444311402084
image_620,0.13699444311402084
image_621,0.13699444311402084
image_622,0.13699444311402084
image_623,0.13699444311402084
image_624,0.13699444311402084
image_625,0.13699444311402084
image_626,0.13699444311402084
image_627,0.13699444311402084
image_628,0.13699444311402084
image_629,0.13699444311402084
image_630,0.13699444311402084
image_631,0.13699444311402084
image_632,0.13699444311402084
image_633,0.13699444311402084
image_634,0.13699444311402084
image_635,0.13699444311402084
image_636,0.13699444311402084
image_637,0.13699444311402084
image_638,0.13699444311402084
image_639,0.13699444311402084
image_640,0.13699444311402084
image_641,0.13699444311402084
image_642,0.13699444311402084
image_643,0.13699444311402084
image_644,0.13699444311402084
image_645,0.13699444311402084
image_646,0.13699444311402084
image_647,0.13699444311402084
image_648,0.13699444311402084
image_649,0.13699444311402084
image_650,0.13699444311402084
image_651,0.13699444311402084
image_652,0.13699444311402084
image_653,0.13699444311402084
image_654,0.13699444311402084
image_655,0.13699444311402084
image_656,0.13699444311402084
image_657,0.13699444311402084
image_658,0.13699444311402084
image_659,0.13699444311402084
image_660,0.13699444311402084
image_661,0.13699444311402084
image_662,0.13699444311402084
image_663,0.13699444311402084
image_664,0.13699444311402084
image_665,0.13699444311402084
image_666,0.13699444311402084
image_667,0.13699444311402084
image_668,0.13699444311402084
image_669,0.13699444311402084
image_670,0.13699444311402084
image_671,0.13699444311402084
image_672,0.13699444311402084
image_673,0.13699444311402084
image_674,0.13699444311402084
image_675,0.13699444311402084
image_676,0.13699444311402084
image_677,0.13699444311402084
image_678,0.13699444311402084
image_679,0.13699444311402084
image_680,0.13699444311402084
image_681,0.13699444311402084
image_682,0.13699444311402084
image_683,0.13699444311402084
image_684,0.13699444311402084
image_685,0.13699444311402084
image_686,0.13699444311402084
image_687,0.13699444311402084
image_688,0.13699444311402084
image_689,0.13699444311402084
image_690,0.13699444311402084
image_691,0.13699444311402084
image_692,0.13699444311402084
image_693,0.13699444311402084
image_694,0.13699444311402084
image_695,0.13699444311402084
image_696,0.13699444311402084
image_697,0.13699444311402084
image_698,0.13699444311402084
image_699,0.13699444311402084
image_700,0.13699444311402084
image_701,0.13699444311402084
image_702,0.13699444311402084
image_703,0.13699444311402084
image_704,0.13699444311402084
image_705,0.13699444311402084
image_706,0.13699444311402084
image_707,0.13699444311402084
image_708,0.13699444311402084
image_709,0.13699444311402084
image_710,0.13699444311402084
image_711,0.13699444311402084
image_712,0.13699444311402084
image_713,0.13699444311402084
image_714,0.13699444311402084
image_715,0.13699444311402084
image_716,0.13699444311402084
image_717,0.13699444311402084
image_718,0.13699444311402084
image_719,0.13699444311402084
image_720,0.13699444311402084
image_721,0.13699444311402084
image_722,0.13699444311402084
image_723,0.13699444311402084
image_724,0.13699444311402084
image_725,0.13699444311402084
image_726,0.13699444311402084
image_727,0.13699444311402084
image_728,0.13699444311402084
image_729,0.13699444311402084
image_730,0.13699444311402084
image_731,0.13699444311402084
image_732,0.13699444311402084
image_733,0.13699444311402084
image_734,0.13699444311402084
image_735,0.13699444311402084
image_736,0.13699444311402084
image_737,0.13699444311402084
image_738,0.13699444311402084
image_739,0.13699444311402084
image_740,0.13699444311402084
image_741,0.13699444311402084
image_742,0.13699444311402084
image_743,0.13699444311402084
image_744,0.13699444311402084
image_745,0.13699444311402084
image_746,0.13699444311402084
image_747,0.13699444311402084
image_748,0.13699444311402084
image_749,0.13699444311402084
image_750,0.13699444311402084
image_751,0.13699444311402084
image_752,0.13699444311402084
image_753,0.13699444311402084
image_754,0.13699444311402084
image_755,0.13699444311402084
image_756,0.13699444311402084
image_757,0.13699444311402084
image_758,0.13699444311402084
image_759,0.13699444311402084
image_760,0.13699444311402084
image_761,0.13699444311402084
image_762,0.13699444311402084
image_763,0.13699444311402084
image_764,0.13699444311402084
image_765,0.13699444311402084
image_766,0.13699444311402084
image_767,0.13699444311402084
image_768,0.13699444311402084
image_769,0.13699444311402084
image_770,0.13699444311402084
image_771,0.13699444311402084
image_772,0.13699444311402084
image_773,0.13699444311402084
image_774,0.13699444311402084
image_775,0.13699444311402084
image_776,0.13699444311402084
image_777,0.13699444311402084
image_778,0.13699444311402084
image_779,0.13699444311402084
image_780,0.13699444311402084
image_781,0.13699444311402084
image_782,0.13699444311402084
image_783,0.13699444311402084
image_784,0.13699444311402084
image_785,0.13699444311402084
image_786,0.13699444311402084
image_787,0.13699444311402084
image_788,0.13699444311402084
image_789,0.13699444311402084
image_790,0.13699444311402084
image_791,0.13699444311402084
image_792,0.13699444311402084
image_793,0.13699444311402084
image_794,0.13699444311402084
image_795,0.13699444311402084
image_796,0.13699444311402084
image_797,0.13699444311402084
image_798,0.13699444311402084
image_799,0.13699444311402084
image_800,0.13699444311402084
image_801,0.13699444311402084
image_802,0.13699444311402084
image_803,0.13699444311402084
image_804,0.13699444311402084
image_805,0.13699444311402084
image_806,0.13699444311402084
image_807,0.13699444311402084
image_808,0.13699444311402084
image_809,0.13699444311402084
image_810,0.13699444311402084
image_811,0.13699444311402084
image_812,0.13699444311402084
image_813,0.13699444311402084
image_814,0.13699444311402084
image_815,0.13699444311402084
image_816,0.13699444311402084
image_817,0.13699444311402084
image_818,0.13699444311402084
image_819,0.13699444311402084
image_820,0.13699444311402084
image_821,0.13699444311402084
image_822,0.13699444311402084
image_823,0.13699444311402084
image_824,0.13699444311402084
image_825,0.13699444311402084
image_826,0.13699444311402084
image_827,0.13699444311402084
image_828,0.13699444311402084
image_829,0.13699444311402084
image_830,0.13699444311402084
image_831,0.13699444311402084
image_832,0.13699444311402084
image_833,0.13699444311402084
image_834,0.13699444311402084
image_835,0.13699444311402084
image_836,0.13699444311402084
image_837,0.13699444311402084
image_838,0.13699444311402084
image_839,0.13699444311402084
image_840,0.13699444311402084
image_841,0.13699444311402084
image_842,0.13699444311402084
image_843,0.13699444311402084
image_844,0.13699444311402084
image_845,0.13699444311402084
image_846,0.13699444311402084
image_847,0.13699444311402084
image_848,0.13699444311402084
image_849,0.13699444311402084
image_850,0.13699444311402084
image_851,0.13699444311402084
image_852,0.13699444311402084
image_853,0.13699444311402084
image_854,0.13699444311402084
image_855,0.13699444311402084
image_856,0.13699444311402084
image_857,0.13699444311402084
image_858,0.13699444311402084
image_859,0.13699444311402084
image_860,0.13699444311402084
image_861,0.13699444311402084
image_862,0.13699444311402084
image_863,0.13699444311402084
image_864,0.13699444311402084
image_865,0.13699444311402084
image_866,0.13699444311402084
image_867,0.13699444311402084
image_868,0.13699444311402084
image_869,0.13699444311402084
image_870,0.13699444311402084
image_871,0.13699444311402084
image_872,0.13699444311402084
image_873,0.13699444311402084
image_874,0.13699444311402084
image_875,0.13699444311402084
image_876,0.13699444311402084
image_877,0.13699444311402084
image_878,0.13699444311402084
image_879,0.13699444311402084
image_880,0.13699444311402084
image_881,0.13699444311402084
image_882,0.13699444311402084
image_883,0.13699444311402084
image_884,0.13699444311402084
image_885,0.13699444311402084
image_886,0.13699444311402084
image_887,0.13699444311402084
image_888,0.13699444311402084
image_889,0.13699444311402084
image_890,0.13699444311402084
image_891,0.13699444311402084
image_892,0.13699444311402084
image_893,0.13699444311402084
image_894,0.13699444311402084
image_895,0.13699444311402084
image_896,0.13699444311402084
image_897,0.13699444311402084
image_898,0.13699444311402084
image_899,0.13699444311402084
image_900,0.13699444311402084
image_901,0.13699444311402084
image_902,0.13699444311402084
image_903,0.13699444311402084
image_904,0.13699444311402084
image_905,0.13699444311402084
image_906,0.13699444311402084
image_907,0.13699444311402084
image_908,0.13699444311402084
image_909,0.13699444311402084
image_910,0.13699444311402084
image_911,0.13699444311402084
image_912,0.13699444311402084
image_913,0.13699444311402084
image_914,0.13699444311402084
image_915,0.13699444311402084
image_916,0.13699444311402084
image_917,0.13699444311402084
image_918,0.13699444311402084
image_919,0.13699444311402084
image_920,0.13699444311402084
image_921,0.13699444311402084
image_922,0.13699444311402084
image_923,0.13699444311402084
image_924,0.13699444311402084
image_925,0.13699444311402084
image_926,0.13699444311402084
image_927,0.13699444311402084
image_928,0.13699444311402084
image_929,0.13699444311402084
image_930,0.13699444311402084
image_931,0.13699444311402084
image_932,0.13699444311402084
image_933,0.13699444311402084
image_934,0.13699444311402084
image_935,0.13699444311402084
image_936,0.13699444311402084
image_937,0.13699444311402084
image_938,0.13699444311402084
image_939,0.13699444311402084
image_940,0.13699444311402084
image_941,0.13699444311402084
image_942,0.13699444311402084
image_943,0.13699444311402084
image_944,0.13699444311402084
image_945,0.13699444311402084
image_946,0.13699444311402084
image_947,0.13699444311402084
image_948,0.13699444311402084
image_949,0.13699444311402084
image_950,0.13699444311402084
image_951,0.13699444311402084
image_952,0.13699444311402084
image_953,0.13699444311402084
image_954,0.13699444311402084
image_955,0.13699444311402084
image_956,0.13699444311402084
image_957,0.13699444311402084
image_958,0.13699444311402084
image_959,0.13699444311402084
image_960,0.13699444311402084
image_961,0.13699444311402084
image_962,0.13699444311402084
image_963,0.13699444311402084
image_964,0.13699444311402084
image_965,0.13699444311402084
image_966,0.13699444311402084
image_967,0.13699444311402084
image_968,0.13699444311402084
image_969,0.13699444311402084
image_970,0.13699444311402084
image_971,0.13699444311402084
image_972,0.13699444311402084
image_973,0.13699444311402084
image_974,0.13699444311402084
image_975,0.13699444311402084
image_976,0.13699444311402084
image_977,0.13699444311402084
image_978,0.13699444311402084
image_979,0.13699444311402084
image_980,0.13699444311402084
image_981,0.13699444311402084
image_982,0.13699444311402084
image_983,0.13699444311402084
image_984,0.13699444311402084
image_985,0.13699444311402084
image_986,0.13699444311402084
image_987,0.13699444311402084
image_988,0.13699444311402084
image_989,0.13699444311402084
image_990,0.13699444311402084
image_991,0.13699444311402084
image_992,0.13699444311402084
image_993,0.13699444311402084
image_994,0.13699444311402084
image_995,0.13699444311402084
image_996,0.13699444311402084
image_997,0.13699444311402084
image_998,0.13699444311402084
image_999,0.13699444311402084
image_1000,0.13699444311402084
image_1001,0.13699444311402084
image_1002,0.13699444311402084
image_1003,0.13699444311402084
image_1004,0.13699444311402084
image_1005,0.13699444311402084
image_1006,0.13699444311402084
image_1007,0.13699444311402084
image_1008,0.13699444311402084
image_1009,0.13699444311402084
image_1010,0.13699444311402084
image_1011,0.13699444311402084
image_1012,0.13699444311402084
image_1013,0.13699444311402084
image_1014,0.13699444311402084
image_1015,0.13699444311402084
image_1016,0.13699444311402084
image_1017,0.13699444311402084
image_1018,0.13699444311402084
image_1019,0.13699444311402084
image_1020,0.13699444311402084
image_1021,0.13699444311402084
image_1022,0.13699444311402084
image_1023,0.13699444311402084
image_1024,0.13699444311402084
image_1025,0.13699444311402084
image_1026,0.13699444311402084
image_1027,0.13699444311402084
image_1028,0.13699444311402084
image_1029,0.13699444311402084
image_1030,0.13699444311402084
image_1031,0.13699444311402084
image_1032,0.13699444311402084
image_1033,0.13699444311402084
image_1034,0.13699444311402084
image_1035,0.13699444311402084
image_1036,0.13699444311402084
image_1037,0.13699444311402084
image_1038,0.13699444311402084
image_1039,0.13699444311402084
image_1040,0.13699444311402084
image_1041,0.13699444311402084
image_1042,0.13699444311402084
image_1043,0.13699444311402084
image_1044,0.13699444311402084
image_1045,0.13699444311402084
image_1046,0.13699444311402084
image_1047,0.13699444311402084
image_1048,0.13699444311402084
image_1049,0.13699444311402084
image_1050,0.13699444311402084
image_1051,0.13699444311402084
image_1052,0.13699444311402084
image_1053,0.13699444311402084
image_1054,0.13699444311402084
image_1055,0.13699444311402084
image_1056,0.13699444311402084
image_1057,0.13699444311402084
image_1058,0.13699444311402084
image_1059,0.13699444311402084
image_1060,0.13699444311402084
image_1061,0.13699444311402084
image_1062,0.13699444311402084
image_1063,0.13699444311402084
image_1064,0.13699444311402084
image_1065,0.13699444311402084
image_1066,0.13699444311402084
image_1067,0.13699444311402084
image_1068,0.13699444311402084
image_1069,0.13699444311402084
image_1070,0.13699444311402084
image_1071,0.13699444311402084
image_1072,0.13699444311402084
image_1073,0.13699444311402084
image_1074,0.13699444311402084
image_1075,0.13699444311402084
image_1076,0.13699444311402084
image_1077,0.13699444311402084
image_1078,0.13699444311402084
image_1079,0.13699444311402084
image_1080,0.13699444311402084
image_1081,0.13699444311402084
image_1082,0.13699444311402084
image_1083,0.13699444311402084
image_1084,0.13699444311402084
image_1085,0.13699444311402084
image_1086,0.13699444311402084
image_1087,0.13699444311402084
image_1088,0.13699444311402084
image_1089,0.13699444311402084
image_1090,0.13699444311402084
image_1091,0.13699444311402084
image_1092,0.13699444311402084
image_1093,0.13699444311402084
image_1094,0.13699444311402084
image_1095,0.13699444311402084
image_1096,0.13699444311402084
image_1097,0.13699444311402084
image_1098,0.13699444311402084
image_1099,0.13699444311402084
image_1100,0.13699444311402084
image_1101,0.13699444311402084
image_1102,0.13699444311402084
image_1103,0.13699444311402084
image_1104,0.13699444311402084
image_1105,0.13699444311402084
image_1106,0.13699444311402084
image_1107,0.13699444311402084
image_1108,0.13699444311402084
image_1109,0.13699444311402084
image_1110,0.13699444311402084
image_1111,0.13699444311402084
image_1112,0.13699444311402084
image_1113,0.13699444311402084
image_1114,0.13699444311402084
image_1115,0.13699444311402084
image_1116,0.13699444311402084
image_1117,0.13699444311402084
image_1118,0.13699444311402084
image_1119,0.13699444311402084
image_1120,0.13699444311402084
image_1121,0.13699444311402084
image_1122,0.13699444311402084
image_1123,0.13699444311402084
image_1124,0.13699444311402084
image_1125,0.13699444311402084
image_1126,0.13699444311402084
image_1127,0.13699444311402084
image_1128,0.13699444311402084
image_1129,0.13699444311402084
image_1130,0.13699444311402084
image_1131,0.13699444311402084
image_1132,0.13699444311402084
image_1133,0.13699444311402084
image_1134,0.13699444311402084
image_1135,0.13699444311402084
image_1136,0.13699444311402084
image_1137,0.13699444311402084
image_1138,0.13699444311402084
image_1139,0.13699444311402084
image_1140,0.13699444311402084
image_1141,0.13699444311402084
image_1142,0.13699444311402084
image_1143,0.13699444311402084
image_1144,0.13699444311402084
image_1145,0.13699444311402084
image_1146,0.13699444311402084
image_1147,0.13699444311402084
image_1148,0.13699444311402084
image_1149,0.13699444311402084
image_1150,0.13699444311402084
image_1151,0.13699444311402084
image_1152,0.13699444311402084
image_1153,0.13699444311402084
image_1154,0.13699444311402084
image_1155,0.13699444311402084
image_1156,0.13699444311402084
image_1157,0.13699444311402084
image_1158,0.13699444311402084
image_1159,0.13699444311402084
image_1160,0.13699444311402084
image_1161,0.13699444311402084
image_1162,0.13699444311402084
image_1163,0.13699444311402084
image_1164,0.13699444311402084
image_1165,0.13699444311402084
image_1166,0.13699444311402084
image_1167,0.13699444311402084
image_1168,0.13699444311402084
image_1169,0.13699444311402084
image_1170,0.13699444311402084
image_1171,0.13699444311402084
image_1172,0.13699444311402084
image_1173,0.13699444311402084
image_1174,0.13699444311402084
image_1175,0.13699444311402084
image_1176,0.13699444311402084
image_1177,0.13699444311402084
image_1178,0.13699444311402084
image_1179,0.13699444311402084
image_1180,0.13699444311402084
image_1181,0.13699444311402084
image_1182,0.13699444311402084
image_1183,0.13699444311402084
image_1184,0.13699444311402084
image_1185,0.13699444311402084
image_1186,0.13699444311402084
image_1187,0.13699444311402084
image_1188,0.13699444311402084
image_1189,0.13699444311402084
image_1190,0.13699444311402084
image_1191,0.13699444311402084
image_1192,0.13699444311402084
image_1193,0.13699444311402084
image_1194,0.13699444311402084
image_1195,0.13699444311402084
image_1196,0.13699444311402084
image_1197,0.13699444311402084
image_1198,0.13699444311402084
image_1199,0.13699444311402084
image_1200,0.13699444311402084
image_1201,0.13699444311402084
image_1202,0.13699444311402084
image_1203,0.13699444311402084
image_1204,0.13699444311402084
image_1205,0.13699444311402084
image_1206,0.13699444311402084
image_1207,0.13699444311402084
image_1208,0.13699444311402084
image_1209,0.13699444311402084
image_1210,0.13699444311402084
image_1211,0.13699444311402084
image_1212,0.13699444311402084
image_1213,0.13699444311402084
image_1214,0.13699444311402084
image_1215,0.13699444311402084
image_1216,0.13699444311402084
image_1217,0.13699444311402084
image_1218,0.13699444311402084
image_1219,0.13699444311402084
image_1220,0.13699444311402084
image_1221,0.13699444311402084
image_1222,0.13699444311402084
image_1223,0.13699444311402084
image_1224,0.13699444311402084
image_1225,0.13699444311402084
image_1226,0.13699444311402084
image_1227,0.13699444311402084
image_1228,0.13699444311402084
image_1229,0.13699444311402084
image_1230,0.13699444311402084
image_1231,0.13699444311402084
image_1232,0.13699444311402084
image_1233,0.13699444311402084
image_1234,0.13699444311402084
image_1235,0.13699444311402084
image_1236,0.13699444311402084
image_1237,0.13699444311402084
image_1238,0.13699444311402084
image_1239,0.13699444311402084
image_1240,0.13699444311402084
image_1241,0.13699444311402084
image_1242,0.13699444311402084
image_1243,0.13699444311402084
image_1244,0.13699444311402084
image_1245,0.13699444311402084
image_1246,0.13699444311402084
image_1247,0.13699444311402084
image_1248,0.13699444311402084
image_1249,0.13699444311402084
image_1250,0.13699444311402084
image_1251,0.13699444311402084
image_1252,0.13699444311402084
image_1253,0.13699444311402084
image_1254,0.13699444311402084
image_1255,0.13699444311402084
image_1256,0.13699444311402084
image_1257,0.13699444311402084
image_1258,0.13699444311402084
image_1259,0.13699444311402084
image_1260,0.13699444311402084
image_1261,0.13699444311402084
image_1262,0.13699444311402084
image_1263,0.13699444311402084
image_1264,0.13699444311402084
image_1265,0.13699444311402084
image_1266,0.13699444311402084
image_1267,0.13699444311402084
image_1268,0.13699444311402084
image_1269,0.13699444311402084
image_1270,0.13699444311402084
image_1271,0.13699444311402084
image_1272,0.13699444311402084
image_1273,0.13699444311402084
image_1274,0.13699444311402084
image_1275,0.13699444311402084
image_1276,0.13699444311402084
image_1277,0.13699444311402084
image_1278,0.13699444311402084
image_1279,0.13699444311402084
image_1280,0.13699444311402084
image_1281,0.13699444311402084
image_1282,0.13699444311402084
image_1283,0.13699444311402084
image_1284,0.13699444311402084
image_1285,0.13699444311402084
image_1286,0.13699444311402084
image_1287,0.13699444311402084
image_1288,0.13699444311402084
image_1289,0.13699444311402084
image_1290,0.13699444311402084
image_1291,0.13699444311402084
image_1292,0.13699444311402084
image_1293,0.13699444311402084
image_1294,0.13699444311402084
image_1295,0.13699444311402084
image_1296,0.13699444311402084
image_1297,0.13699444311402084
image_1298,0.13699444311402084
image_1299,0.13699444311402084
image_1300,0.13699444311402084
image_1301,0.13699444311402084
image_1302,0.13699444311402084
image_1303,0.13699444311402084
image_1304,0.13699444311402084
image_1305,0.13699444311402084
image_1306,0.13699444311402084
image_1307,0.13699444311402084
image_1308,0.13699444311402084
image_1309,0.13699444311402084
image_1310,0.13699444311402084
image_1311,0.13699444311402084
image_1312,0.13699444311402084
image_1313,0.13699444311402084
image_1314,0.13699444311402084
image_1315,0.13699444311402084
image_1316,0.13699444311402084
image_1317,0.13699444311402084
image_1318,0.13699444311402084
image_1319,0.13699444311402084
image_1320,0.13699444311402084
image_1321,0.13699444311402084
image_1322,0.13699444311402084
image_1323,0.13699444311402084
image_1324,0.13699444311402084
image_1325,0.13699444311402084
image_1326,0.13699444311402084
image_1327,0.13699444311402084
image_1328,0.13699444311402084
image_1329,0.13699444311402084
image_1330,0.13699444311402084
image_1331,0.13699444311402084
image_1332,0.13699444311402084
image_1333,0.13699444311402084
image_1334,0.13699444311402084
image_1335,0.13699444311402084
image_1336,0.13699444311402084
image_1337,0.13699444311402084
image_1338,0.13699444311402084
image_1339,0.13699444311402084
image_1340,0.13699444311402084
image_1341,0.13699444311402084
image_1342,0.13699444311402084
image_1343,0.13699444311402084
image_1344,0.13699444311402084
image_1345,0.13699444311402084
image_1346,0.13699444311402084
image_1347,0.13699444311402084
image_1348,0.13699444311402084
image_1349,0.13699444311402084
image_1350,0.13699444311402084
image_1351,0.13699444311402084
image_1352,0.13699444311402084
image_1353,0.13699444311402084
image_1354,0.13699444311402084
image_1355,0.13699444311402084
image_1356,0.13699444311402084
image_1357,0.13699444311402084
image_1358,0.13699444311402084
image_1359,0.13699444311402084
image_1360,0.13699444311402084
image_1361,0.13699444311402084
image_1362,0.13699444311402084
image_1363,0.13699444311402084
image_1364,0.13699444311402084
image_1365,0.13699444311402084
image_1366,0.13699444311402084
image_1367,0.13699444311402084
image_1368,0.13699444311402084
image_1369,0.13699444311402084
image_1370,0.13699444311402084
image_1371,0.13699444311402084
image_1372,0.13699444311402084
image_1373,0.13699444311402084
image_1374,0.13699444311402084
image_1375,0.13699444311402084
image_1376,0.13699444311402084
image_1377,0.13699444311402084
image_1378,0.13699444311402084
image_1379,0.13699444311402084
image_1380,0.13699444311402084
image_1381,0.13699444311402084
image_1382,0.13699444311402084
image_1383,0.13699444311402084
image_1384,0.13699444311402084
image_1385,0.13699444311402084
image_1386,0.13699444311402084
image_1387,0.13699444311402084
image_1388,0.13699444311402084
image_1389,0.13699444311402084
image_1390,0.13699444311402084
image_1391,0.13699444311402084
image_1392,0.13699444311402084
image_1393,0.13699444311402084
image_1394,0.13699444311402084
image_1395,0.13699444311402084
image_1396,0.13699444311402084
image_1397,0.13699444311402084
image_1398,0.13699444311402084
image_1399,0.13699444311402084
image_1400,0.13699444311402084
image_1401,0.13699444311402084
image_1402,0.13699444311402084
image_1403,0.13699444311402084
image_1404,0.13699444311402084
image_1405,0.13699444311402084
image_1406,0.13699444311402084
image_1407,0.13699444311402084
image_1408,0.13699444311402084
image_1409,0.13699444311402084
image_1410,0.13699444311402084
image_1411,0.13699444311402084
image_1412,0.13699444311402084
image_1413,0.13699444311402084
image_1414,0.13699444311402084
image_1415,0.13699444311402084
image_1416,0.13699444311402084
image_1417,0.13699444311402084
image_1418,0.13699444311402084
image_1419,0.13699444311402084
image_1420,0.13699444311402084
image_1421,0.13699444311402084
image_1422,0.13699444311402084
image_1423,0.13699444311402084
image_1424,0.13699444311402084
image_1425,0.13699444311402084
image_1426,0.13699444311402084
image_1427,0.13699444311402084
image_1428,0.13699444311402084
image_1429,0.13699444311402084
image_1430,0.13699444311402084
image_1431,0.13699444311402084
image_1432,0.13699444311402084
image_1433,0.13699444311402084
image_1434,0.13699444311402084
image_1435,0.13699444311402084
image_1436,0.13699444311402084
image_1437,0.13699444311402084
image_1438,0.13699444311402084
image_1439,0.13699444311402084
image_1440,0.13699444311402084
image_1441,0.13699444311402084
image_1442,0.13699444311402084
image_1443,0.13699444311402084
image_1444,0.13699444311402084
image_1445,0.13699444311402084
image_1446,0.13699444311402084
image_1447,0.13699444311402084
image_1448,0.13699444311402084
image_1449,0.13699444311402084
image_1450,0.13699444311402084
image_1451,0.13699444311402084
image_1452,0.13699444311402084
image_1453,0.13699444311402084
image_1454,0.13699444311402084
image_1455,0.13699444311402084
image_1456,0.13699444311402084
image_1457,0.13699444311402084
image_1458,0.13699444311402084
image_1459,0.13699444311402084
image_1460,0.13699444311402084
image_1461,0.13699444311402084
image_1462,0.13699444311402084
image_1463,0.13699444311402084
image_1464,0.13699444311402084
image_1465,0.13699444311402084
image_1466,0.13699444311402084
image_1467,0.13699444311402084
image_1468,0.13699444311402084
image_1469,0.13699444311402084
image_1470,0.13699444311402084
image_1471,0.13699444311402084
image_1472,0.13699444311402084
image_1473,0.13699444311402084
image_1474,0.13699444311402084
image_1475,0.13699444311402084
image_1476,0.13699444311402084
image_1477,0.13699444311402084
image_1478,0.13699444311402084
image_1479,0.13699444311402084
image_1480,0.13699444311402084
image_1481,0.13699444311402084
image_1482,0.13699444311402084
image_1483,0.13699444311402084
image_1484,0.13699444311402084
image_1485,0.13699444311402084
image_1486,0.13699444311402084
image_1487,0.13699444311402084
image_1488,0.13699444311402084
image_1489,0.13699444311402084
image_1490,0.13699444311402084
image_1491,0.13699444311402084
image_1492,0.13699444311402084
image_1493,0.13699444311402084
image_1494,0.13699444311402084
image_1495,0.13699444311402084
image_1496,0.13699444311402084
image_1497,0.13699444311402084
image_1498,0.13699444311402084
image_1499,0.13699444311402084
image_1500,0.13699444311402084
image_1501,0.13699444311402084
image_1502,0.13699444311402084
image_1503,0.13699444311402084
image_1504,0.13699444311402084
image_1505,0.13699444311402084
image_1506,0.13699444311402084
image_1507,0.13699444311402084
image_1508,0.13699444311402084
image_1509,0.13699444311402084
image_1510,0.13699444311402084
image_1511,0.13699444311402084
image_1512,0.13699444311402084
image_1513,0.13699444311402084
image_1514,0.13699444311402084
image_1515,0.13699444311402084
image_1516,0.13699444311402084
image_1517,0.13699444311402084
image_1518,0.13699444311402084
image_1519,0.13699444311402084
image_1520,0.13699444311402084
image_1521,0.13699444311402084
image_1522,0.13699444311402084
image_1523,0.13699444311402084
image_1524,0.13699444311402084
image_1525,0.13699444311402084
image_1526,0.13699444311402084
image_1527,0.13699444311402084
image_1528,0.13699444311402084
image_1529,0.13699444311402084
image_1530,0.13699444311402084
image_1531,0.13699444311402084
image_1532,0.13699444311402084
image_1533,0.13699444311402084
image_1534,0.13699444311402084
image_1535,0.13699444311402084
image_1536,0.13699444311402084
image_1537,0.13699444311402084
image_1538,0.13699444311402084
image_1539,0.13699444311402084
image_1540,0.13699444311402084
image_1541,0.13699444311402084
image_1542,0.13699444311402084
image_1543,0.13699444311402084
image_1544,0.13699444311402084
image_1545,0.13699444311402084
image_1546,0.13699444311402084
image_1547,0.13699444311402084
image_1548,0.13699444311402084
image_1549,0.13699444311402084
image_1550,0.13699444311402084
image_1551,0.13699444311402084
image_1552,0.13699444311402084
image_1553,0.13699444311402084
image_1554,0.13699444311402084
image_1555,0.13699444311402084
image_1556,0.13699444311402084
image_1557,0.13699444311402084
image_1558,0.13699444311402084
image_1559,0.13699444311402084
image_1560,0.13699444311402084
image_1561,0.13699444311402084
image_1562,0.13699444311402084
image_1563,0.13699444311402084
image_1564,0.13699444311402084
image_1565,0.13699444311402084
image_1566,0.13699444311402084
image_1567,0.13699444311402084
image_1568,0.13699444311402084
image_1569,0.13699444311402084
image_1570,0.13699444311402084
image_1571,0.13699444311402084
image_1572,0.13699444311402084
image_1573,0.13699444311402084
image_1574,0.13699444311402084
image_1575,0.13699444311402084
image_1576,0.13699444311402084
image_1577,0.13699444311402084
image_1578,0.13699444311402084
image_1579,0.13699444311402084
image_1580,0.13699444311402084
image_1581,0.13699444311402084
image_1582,0.13699444311402084
image_1583,0.13699444311402084
image_1584,0.13699444311402084
image_1585,0.13699444311402084
image_1586,0.13699444311402084
image_1587,0.13699444311402084
image_1588,0.13699444311402084
image_1589,0.13699444311402084
image_1590,0.13699444311402084
image_1591,0.13699444311402084
image_1592,0.13699444311402084
image_1593,0.13699444311402084
image_1594,0.13699444311402084
image_1595,0.13699444311402084
image_1596,0.13699444311402084
image_1597,0.13699444311402084
image_1598,0.13699444311402084
image_1599,0.13699444311402084
image_1600,0.13699444311402084
image_1601,0.13699444311402084
image_1602,0.13699444311402084
image_1603,0.13699444311402084
image_1604,0.13699444311402084
image_1605,0.13699444311402084
image_1606,0.13699444311402084
image_1607,0.13699444311402084
image_1608,0.13699444311402084
image_1609,0.13699444311402084
image_1610,0.13699444311402084
image_1611,0.13699444311402084
image_1612,0.13699444311402084
image_1613,0.13699444311402084
image_1614,0.13699444311402084
image_1615,0.13699444311402084
image_1616,0.13699444311402084
image_1617,0.13699444311402084
image_1618,0.13699444311402084
image_1619,0.13699444311402084
image_1620,0.13699444311402084
image_1621,0.13699444311402084
image_1622,0.13699444311402084
image_1623,0.13699444311402084
image_1624,0.13699444311402084
image_1625,0.13699444311402084
image_1626,0.13699444311402084
image_1627,0.13699444311402084
image_1628,0.13699444311402084
image_1629,0.13699444311402084
image_1630,0.13699444311402084
image_1631,0.13699444311402084
image_1632,0.13699444311402084
image_1633,0.13699444311402084
image_1634,0.13699444311402084
image_1635,0.13699444311402084
image_1636,0.13699444311402084
image_1637,0.13699444311402084
image_1638,0.13699444311402084
image_1639,0.13699444311402084
image_1640,0.13699444311402084
image_1641,0.13699444311402084
image_1642,0.13699444311402084
image_1643,0.13699444311402084
image_1644,0.13699444311402084
image_1645,0.13699444311402084
image_1646,0.13699444311402084
image_1647,0.13699444311402084
image_1648,0.13699444311402084
image_1649,0.13699444311402084
image_1650,0.13699444311402084
image_1651,0.13699444311402084
image_1652,0.13699444311402084
image_1653,0.13699444311402084
image_1654,0.13699444311402084
image_1655,0.13699444311402084
image_1656,0.13699444311402084
image_1657,0.13699444311402084
image_1658,0.13699444311402084
image_1659,0.13699444311402084
image_1660,0.13699444311402084
image_1661,0.13699444311402084
image_1662,0.13699444311402084
image_1663,0.13699444311402084
image_1664,0.13699444311402084
image_1665,0.13699444311402084
image_1666,0.13699444311402084
image_1667,0.13699444311402084
image_1668,0.13699444311402084
image_1669,0.13699444311402084
image_1670,0.13699444311402084
image_1671,0.13699444311402084
image_1672,0.13699444311402084
image_1673,0.13699444311402084
image_1674,0.13699444311402084
image_1675,0.13699444311402084
image_1676,0.13699444311402084
image_1677,0.13699444311402084
image_1678,0.13699444311402084
image_1679,0.13699444311402084
image_1680,0.13699444311402084
image_1681,0.13699444311402084
image_1682,0.13699444311402084
image_1683,0.13699444311402084
image_1684,0.13699444311402084
image_1685,0.13699444311402084
image_1686,0.13699444311402084
image_1687,0.13699444311402084
image_1688,0.13699444311402084
image_1689,0.13699444311402084
image_1690,0.13699444311402084
image_1691,0.13699444311402084
image_1692,0.13699444311402084
image_1693,0.13699444311402084
image_1694,0.13699444311402084
image_1695,0.13699444311402084
image_1696,0.13699444311402084
image_1697,0.13699444311402084
image_1698,0.13699444311402084
image_1699,0.13699444311402084
image_1700,0.13699444311402084
image_1701,0.13699444311402084
image_1702,0.13699444311402084
image_1703,0.13699444311402084
image_1704,0.13699444311402084
image_1705,0.13699444311402084
image_1706,0.13699444311402084
image_1707,0.13699444311402084
image_1708,0.13699444311402084
image_1709,0.13699444311402084
image_1710,0.13699444311402084
image_1711,0.13699444311402084
image_1712,0.13699444311402084
image_1713,0.13699444311402084
image_1714,0.13699444311402084
image_1715,0.13699444311402084
image_1716,0.13699444311402084
image_1717,0.13699444311402084
image_1718,0.13699444311402084
image_1719,0.13699444311402084
image_1720,0.13699444311402084
image_1721,0.13699444311402084
image_1722,0.13699444311402084
image_1723,0.13699444311402084
image_1724,0.13699444311402084
image_1725,0.13699444311402084
image_1726,0.13699444311402084
image_1727,0.13699444311402084
image_1728,0.13699444311402084
image_1729,0.13699444311402084
image_1730,0.13699444311402084
image_1731,0.13699444311402084
image_1732,0.13699444311402084
image_1733,0.13699444311402084
image_1734,0.13699444311402084
image_1735,0.13699444311402084
image_1736,0.13699444311402084
image_1737,0.13699444311402084
image_1738,0.13699444311402084
image_1739,0.13699444311402084
image_1740,0.13699444311402084
image_1741,0.13699444311402084
image_1742,0.13699444311402084
image_1743,0.13699444311402084
image_1744,0.13699444311402084
image_1745,0.13699444311402084
image_1746,0.13699444311402084
image_1747,0.13699444311402084
image_1748,0.13699444311402084
image_1749,0.13699444311402084
image_1750,0.13699444311402084
image_1751,0.13699444311402084
image_1752,0.13699444311402084
image_1753,0.13699444311402084
image_1754,0.13699444311402084
image_1755,0.13699444311402084
image_1756,0.13699444311402084
image_1757,0.13699444311402084
image_1758,0.13699444311402084
image_1759,0.13699444311402084
image_1760,0.13699444311402084
image_1761,0.13699444311402084
image_1762,0.13699444311402084
image_1763,0.13699444311402084
image_1764,0.13699444311402084
image_1765,0.13699444311402084
image_1766,0.13699444311402084
image_1767,0.13699444311402084
image_1768,0.13699444311402084
image_1769,0.13699444311402084
image_1770,0.13699444311402084
image_1771,0.13699444311402084
image_1772,0.13699444311402084
image_1773,0.13699444311402084
image_1774,0.13699444311402084
image_1775,0.13699444311402084
image_1776,0.13699444311402084
image_1777,0.13699444311402084
image_1778,0.13699444311402084
image_1779,0.13699444311402084
image_1780,0.13699444311402084
image_1781,0.13699444311402084
image_1782,0.13699444311402084
image_1783,0.13699444311402084
image_1784,0.13699444311402084
image_1785,0.13699444311402084
image_1786,0.13699444311402084
image_1787,0.13699444311402084
image_1788,0.13699444311402084
image_1789,0.13699444311402084
image_1790,0.13699444311402084
image_1791,0.13699444311402084
image_1792,0.13699444311402084
image_1793,0.13699444311402084
image_1794,0.13699444311402084
image_1795,0.13699444311402084
image_1796,0.13699444311402084
image_1797,0.13699444311402084
image_1798,0.13699444311402084
image_1799,0.13699444311402084
image_1800,0.13699444311402084
image_1801,0.13699444311402084
image_1802,0.13699444311402084
image_1803,0.13699444311402084
image_1804,0.13699444311402084
image_1805,0.13699444311402084
image_1806,0.13699444311402084
image_1807,0.13699444311402084
image_1808,0.13699444311402084
image_1809,0.13699444311402084
image_1810,0.13699444311402084
image_1811,0.13699444311402084
image_1812,0.13699444311402084
image_1813,0.13699444311402084
image_1814,0.13699444311402084
image_1815,0.13699444311402084
image_1816,0.13699444311402084
image_1817,0.13699444311402084
image_1818,0.13699444311402084
image_1819,0.13699444311402084
image_1820,0.13699444311402084
image_1821,0.13699444311402084
image_1822,0.13699444311402084
image_1823,0.13699444311402084
image_1824,0.13699444311402084
image_1825,0.13699444311402084
image_1826,0.13699444311402084
image_1827,0.13699444311402084
image_1828,0.13699444311402084
image_1829,0.13699444311402084
image_1830,0.13699444311402084
image_1831,0.13699444311402084
image_1832,0.13699444311402084
image_1833,0.13699444311402084
image_1834,0.13699444311402084
image_1835,0.13699444311402084
image_1836,0.13699444311402084
image_1837,0.13699444311402084
image_1838,0.13699444311402084
image_1839,0.13699444311402084
image_1840,0.13699444311402084
image_1841,0.13699444311402084
image_1842,0.13699444311402084
image_1843,0.13699444311402084
image_1844,0.13699444311402084
image_1845,0.13699444311402084
image_1846,0.13699444311402084
image_1847,0.13699444311402084
image_1848,0.13699444311402084
image_1849,0.13699444311402084
image_1850,0.13699444311402084
image_1851,0.13699444311402084
image_1852,0.13699444311402084
image_1853,0.13699444311402084
image_1854,0.13699444311402084
image_1855,0.13699444311402084
image_1856,0.13699444311402084
image_1857,0.13699444311402084
image_1858,0.13699444311402084
image_1859,0.13699444311402084
image_1860,0.13699444311402084
image_1861,0.13699444311402084
image_1862,0.13699444311402084
image_1863,0.13699444311402084
image_1864,0.13699444311402084
image_1865,0.13699444311402084
image_1866,0.13699444311402084
image_1867,0.13699444311402084
image_1868,0.13699444311402084
image_1869,0.13699444311402084
image_1870,0.13699444311402084
image_1871,0.13699444311402084
image_1872,0.13699444311402084
image_1873,0.13699444311402084
image_1874,0.13699444311402084
image_1875,0.13699444311402084
image_1876,0.13699444311402084
image_1877,0.13699444311402084
image_1878,0.13699444311402084
image_1879,0.13699444311402084
image_1880,0.13699444311402084
image_1881,0.13699444311402084
image_1882,0.13699444311402084
image_1883,0.13699444311402084
image_1884,0.13699444311402084
image_1885,0.13699444311402084
image_1886,0.13699444311402084
image_1887,0.13699444311402084
image_1888,0.13699444311402084
image_1889,0.13699444311402084
image_1890,0.13699444311402084
image_1891,0.13699444311402084
image_1892,0.13699444311402084
image_1893,0.13699444311402084
image_1894,0.13699444311402084
image_1895,0.13699444311402084
image_1896,0.13699444311402084
image_1897,0.13699444311402084
image_1898,0.13699444311402084
image_1899,0.13699444311402084
image_1900,0.13699444311402084
image_1901,0.13699444311402084
image_1902,0.13699444311402084
image_1903,0.13699444311402084
image_1904,0.13699444311402084
image_1905,0.13699444311402084
image_1906,0.13699444311402084
image_1907,0.13699444311402084
image_1908,0.13699444311402084
image_1909,0.13699444311402084
image_1910,0.13699444311402084
image_1911,0.13699444311402084
image_1912,0.13699444311402084
image_1913,0.13699444311402084
image_1914,0.13699444311402084
image_1915,0.13699444311402084
image_1916,0.13699444311402084
image_1917,0.13699444311402084
image_1918,0.13699444311402084
image_1919,0.13699444311402084
image_1920,0.13699444311402084
image_1921,0.13699444311402084
image_1922,0.13699444311402084
image_1923,0.13699444311402084
image_1924,0.13699444311402084
image_1925,0.13699444311402084
image_1926,0.13699444311402084
image_1927,0.13699444311402084
image_1928,0.13699444311402084
image_1929,0.13699444311402084
image_1930,0.13699444311402084
image_1931,0.13699444311402084
image_1932,0.13699444311402084
image_1933,0.13699444311402084
image_1934,0.13699444311402084
image_1935,0.13699444311402084
image_1936,0.13699444311402084
image_1937,0.13699444311402084
image_1938,0.13699444311402084
image_1939,0.13699444311402084
image_1940,0.13699444311402084
image_1941,0.13699444311402084
image_1942,0.13699444311402084
image_1943,0.13699444311402084
image_1944,0.13699444311402084
image_1945,0.13699444311402084
image_1946,0.13699444311402084
image_1947,0.13699444311402084
image_1948,0.13699444311402084
image_1949,0.13699444311402084
image_1950,0.13699444311402084
image_1951,0.13699444311402084
image_1952,0.13699444311402084
image_1953,0.13699444311402084
image_1954,0.13699444311402084
image_1955,0.13699444311402084
image_1956,0.13699444311402084
image_1957,0.13699444311402084
image_1958,0.13699444311402084
image_1959,0.13699444311402084
image_1960,0.13699444311402084
image_1961,0.13699444311402084
image_1962,0.13699444311402084
image_1963,0.13699444311402084
image_1964,0.13699444311402084
image_1965,0.13699444311402084
image_1966,0.13699444311402084
image_1967,0.13699444311402084
image_1968,0.13699444311402084
image_1969,0.13699444311402084
image_1970,0.13699444311402084
image_1971,0.13699444311402084
image_1972,0.13699444311402084
image_1973,0.13699444311402084
image_1974,0.13699444311402084
image_1975,0.13699444311402084
image_1976,0.13699444311402084
image_1977,0.13699444311402084
image_1978,0.13699444311402084
image_1979,0.13699444311402084
image_1980,0.13699444311402084
image_1981,0.13699444311402084
image_1982,0.13699444311402084
image_1983,0.13699444311402084
image_1984,0.13699444311402084
image_1985,0.13699444311402084
image_1986,0.13699444311402084
image_1987,0.13699444311402084
image_1988,0.13699444311402084
image_1989,0.13699444311402084
image_1990,0.13699444311402084
image_1991,0.13699444311402084
image_1992,0.13699444311402084
image_1993,0.13699444311402084
image_1994,0.13699444311402084
image_1995,0.13699444311402084
image_1996,0.13699444311402084
image_1997,0.13699444311402084
image_1998,0.13699444311402084
image_1999,0.13699444311402084
image_2000,0.13699444311402084
image_2001,0.13699444311402084
image_2002,0.13699444311402084
image_2003,0.13699444311402084
image_2004,0.13699444311402084
image_2005,0.13699444311402084
image_2006,0.13699444311402084
image_2007,0.13699444311402084
image_2008,0.13699444311402084
image_2009,0.13699444311402084
image_2010,0.13699444311402084
image_2011,0.13699444311402084
image_2012,0.13699444311402084
image_2013,0.13699444311402084
image_2014,0.13699444311402084
image_2015,0.13699444311402084
image_2016,0.13699444311402084
image_2017,0.13699444311402084
image_2018,0.13699444311402084
image_2019,0.13699444311402084
image_2020,0.13699444311402084
image_2021,0.13699444311402084
image_2022,0.13699444311402084
image_2023,0.13699444311402084
image_2024,0.13699444311402084
image_2025,0.13699444311402084
image_2026,0.13699444311402084
image_2027,0.13699444311402084
image_2028,0.13699444311402084
image_2029,0.13699444311402084
image_2030,0.13699444311402084
image_2031,0.13699444311402084
image_2032,0.13699444311402084
image_2033,0.13699444311402084
image_2034,0.13699444311402084
image_2035,0.13699444311402084
image_2036,0.13699444311402084
image_2037,0.13699444311402084
image_2038,0.13699444311402084
image_2039,0.13699444311402084
image_2040,0.13699444311402084
image_2041,0.13699444311402084
image_2042,0.13699444311402084
image_2043,0.13699444311402084
image_2044,0.13699444311402084
image_2045,0.13699444311402084
image_2046,0.13699444311402084
image_2047,0.13699444311402084
image_2048,0.13699444311402084
image_2049,0.13699444311402084
image_2050,0.13699444311402084
image_2051,0.13699444311402084
image_2052,0.13699444311402084
image_2053,0.13699444311402084
image_2054,0.13699444311402084
image_2055,0.13699444311402084
image_2056,0.13699444311402084
image_2057,0.13699444311402084
image_2058,0.13699444311402084
image_2059,0.13699444311402084
image_2060,0.13699444311402084
image_2061,0.13699444311402084
image_2062,0.13699444311402084
image_2063,0.13699444311402084
image_2064,0.13699444311402084
image_2065,0.13699444311402084
image_2066,0.13699444311402084
image_2067,0.13699444311402084
image_2068,0.13699444311402084
image_2069,0.13699444311402084
image_2070,0.13699444311402084
image_2071,0.13699444311402084
image_2072,0.13699444311402084
image_2073,0.13699444311402084
image_2074,0.13699444311402084
image_2075,0.13699444311402084
image_2076,0.13699444311402084
image_2077,0.13699444311402084
image_2078,0.13699444311402084
image_2079,0.13699444311402084
image_2080,0.13699444311402084
image_2081,0.13699444311402084
image_2082,0.13699444311402084
image_2083,0.13699444311402084
image_2084,0.13699444311402084
image_2085,0.13699444311402084
image_2086,0.13699444311402084
image_2087,0.13699444311402084
image_2088,0.13699444311402084
image_2089,0.13699444311402084
image_2090,0.13699444311402084
image_2091,0.13699444311402084
image_2092,0.13699444311402084
image_2093,0.13699444311402084
image_2094,0.13699444311402084
image_2095,0.13699444311402084
image_2096,0.13699444311402084
image_2097,0.13699444311402084
image_2098,0.13699444311402084
image_2099,0.13699444311402084
image_2100,0.13699444311402084
image_2101,0.13699444311402084
image_2102,0.13699444311402084
image_2103,0.13699444311402084
image_2104,0.13699444311402084
image_2105,0.13699444311402084
image_2106,0.13699444311402084
image_2107,0.13699444311402084
image_2108,0.13699444311402084
image_2109,0.13699444311402084
image_2110,0.13699444311402084
image_2111,0.13699444311402084
image_2112,0.13699444311402084
image_2113,0.13699444311402084
image_2114,0.13699444311402084
image_2115,0.13699444311402084
image_2116,0.13699444311402084
image_2117,0.13699444311402084
image_2118,0.13699444311402084
image_2119,0.13699444311402084
image_2120,0.13699444311402084
image_2121,0.13699444311402084
image_2122,0.13699444311402084
image_2123,0.13699444311402084
image_2124,0.13699444311402084
image_2125,0.13699444311402084
image_2126,0.13699444311402084
image_2127,0.13699444311402084
image_2128,0.13699444311402084
image_2129,0.13699444311402084
image_2130,0.13699444311402084
image_2131,0.13699444311402084
image_2132,0.13699444311402084
image_2133,0.13699444311402084
image_2134,0.13699444311402084
image_2135,0.13699444311402084
image_2136,0.13699444311402084
image_2137,0.13699444311402084
image_2138,0.13699444311402084
image_2139,0.13699444311402084
image_2140,0.13699444311402084
image_2141,0.13699444311402084
image_2142,0.13699444311402084
image_2143,0.13699444311402084
image_2144,0.13699444311402084
image_2145,0.13699444311402084
image_2146,0.13699444311402084
image_2147,0.13699444311402084
image_2148,0.13699444311402084
image_2149,0.13699444311402084
image_2150,0.13699444311402084
image_2151,0.13699444311402084
image_2152,0.13699444311402084
image_2153,0.13699444311402084
image_2154,0.13699444311402084
image_2155,0.13699444311402084
image_2156,0.13699444311402084
image_2157,0.13699444311402084
image_2158,0.13699444311402084
image_2159,0.13699444311402084
image_2160,0.13699444311402084
image_2161,0.13699444311402084
image_2162,0.13699444311402084
image_2163,0.13699444311402084
image_2164,0.13699444311402084
image_2165,0.13699444311402084
image_2166,0.13699444311402084
image_2167,0.13699444311402084
image_2168,0.13699444311402084
image_2169,0.13699444311402084
image_2170,0.13699444311402084
image_2171,0.13699444311402084
image_2172,0.13699444311402084
image_2173,0.13699444311402084
image_2174,0.13699444311402084
image_2175,0.13699444311402084
image_2176,0.13699444311402084
image_2177,0.13699444311402084
image_2178,0.13699444311402084
image_2179,0.13699444311402084
image_2180,0.13699444311402084
image_2181,0.13699444311402084
image_2182,0.13699444311402084
image_2183,0.13699444311402084
image_2184,0.13699444311402084
image_2185,0.13699444311402084
image_2186,0.13699444311402084
image_2187,0.13699444311402084
image_2188,0.13699444311402084
image_2189,0.13699444311402084
image_2190,0.13699444311402084
image_2191,0.13699444311402084
image_2192,0.13699444311402084
image_2193,0.13699444311402084
image_2194,0.13699444311402084
image_2195,0.13699444311402084
image_2196,0.13699444311402084
image_2197,0.13699444311402084
image_2198,0.13699444311402084
image_2199,0.13699444311402084
image_2200,0.13699444311402084
image_2201,0.13699444311402084
image_2202,0.13699444311402084
image_2203,0.13699444311402084
image_2204,0.13699444311402084
image_2205,0.13699444311402084
image_2206,0.13699444311402084
image_2207,0.13699444311402084
image_2208,0.13699444311402084
image_2209,0.13699444311402084
image_2210,0.13699444311402084
image_2211,0.13699444311402084
image_2212,0.13699444311402084
image_2213,0.13699444311402084
image_2214,0.13699444311402084
image_2215,0.13699444311402084
image_2216,0.13699444311402084
image_2217,0.13699444311402084
image_2218,0.13699444311402084
image_2219,0.13699444311402084
image_2220,0.13699444311402084
image_2221,0.13699444311402084
image_2222,0.13699444311402084
image_2223,0.13699444311402084
image_2224,0.13699444311402084
image_2225,0.13699444311402084
image_2226,0.13699444311402084
image_2227,0.13699444311402084
image_2228,0.13699444311402084
image_2229,0.13699444311402084
image_2230,0.13699444311402084
image_2231,0.13699444311402084
image_2232,0.13699444311402084
image_2233,0.13699444311402084
image_2234,0.13699444311402084
image_2235,0.13699444311402084
image_2236,0.13699444311402084
image_2237,0.13699444311402084
image_2238,0.13699444311402084
image_2239,0.13699444311402084
image_2240,0.13699444311402084
image_2241,0.13699444311402084
image_2242,0.13699444311402084
image_2243,0.13699444311402084
image_2244,0.13699444311402084
image_2245,0.13699444311402084
image_2246,0.13699444311402084
image_2247,0.13699444311402084
image_2248,0.13699444311402084
image_2249,0.13699444311402084
image_2250,0.13699444311402084
image_2251,0.13699444311402084
image_2252,0.13699444311402084
image_2253,0.13699444311402084
image_2254,0.13699444311402084
image_2255,0.13699444311402084
image_2256,0.13699444311402084
image_2257,0.13699444311402084
image_2258,0.13699444311402084
image_2259,0.13699444311402084
image_2260,0.13699444311402084
image_2261,0.13699444311402084
image_2262,0.13699444311402084
image_2263,0.13699444311402084
image_2264,0.13699444311402084
image_2265,0.13699444311402084
image_2266,0.13699444311402084
image_2267,0.13699444311402084
image_2268,0.13699444311402084
image_2269,0.13699444311402084
image_2270,0.13699444311402084
image_2271,0.13699444311402084
image_2272,0.13699444311402084
image_2273,0.13699444311402084
image_2274,0.13699444311402084
image_2275,0.13699444311402084
image_2276,0.13699444311402084
image_2277,0.13699444311402084
image_2278,0.13699444311402084
image_2279,0.13699444311402084
image_2280,0.13699444311402084
image_2281,0.13699444311402084
image_2282,0.13699444311402084
image_2283,0.13699444311402084
image_2284,0.13699444311402084
image_2285,0.13699444311402084
image_2286,0.13699444311402084
image_2287,0.13699444311402084
image_2288,0.13699444311402084
image_2289,0.13699444311402084
image_2290,0.13699444311402084
image_2291,0.13699444311402084
image_2292,0.13699444311402084
image_2293,0.13699444311402084
image_2294,0.13699444311402084
image_2295,0.13699444311402084
image_2296,0.13699444311402084
image_2297,0.13699444311402084
image_2298,0.13699444311402084
image_2299,0.13699444311402084
image_2300,0.13699444311402084
image_2301,0.13699444311402084
image_2302,0.13699444311402084
image_2303,0.13699444311402084
image_2304,0.13699444311402084
image_2305,0.13699444311402084
image_2306,0.13699444311402084
image_2307,0.13699444311402084
image_2308,0.13699444311402084
image_2309,0.13699444311402084
image_2310,0.13699444311402084
image_2311,0.13699444311402084
image_2312,0.13699444311402084
image_2313,0.13699444311402084
image_2314,0.13699444311402084
image_2315,0.13699444311402084
image_2316,0.13699444311402084
image_2317,0.13699444311402084
image_2318,0.13699444311402084
image_2319,0.13699444311402084
image_2320,0.13699444311402084
image_2321,0.13699444311402084
image_2322,0.13699444311402084
image_2323,0.13699444311402084
image_2324,0.13699444311402084
image_2325,0.13699444311402084
image_2326,0.13699444311402084
image_2327,0.13699444311402084
image_2328,0.13699444311402084
image_2329,0.13699444311402084
image_2330,0.13699444311402084
image_2331,0.13699444311402084
image_2332,0.13699444311402084
image_2333,0.13699444311402084
image_2334,0.13699444311402084
image_2335,0.13699444311402084
image_2336,0.13699444311402084
image_2337,0.13699444311402084
image_2338,0.13699444311402084
image_2339,0.13699444311402084
image_2340,0.13699444311402084
image_2341,0.13699444311402084
image_2342,0.13699444311402084
image_2343,0.13699444311402084
image_2344,0.13699444311402084
image_2345,0.13699444311402084
image_2346,0.13699444311402084
image_2347,0.13699444311402084
image_2348,0.13699444311402084
image_2349,0.13699444311402084
image_2350,0.13699444311402084
image_2351,0.13699444311402084
image_2352,0.13699444311402084
image_2353,0.13699444311402084
image_2354,0.13699444311402084
image_2355,0.13699444311402084
image_2356,0.13699444311402084
image_2357,0.13699444311402084
image_2358,0.13699444311402084
image_2359,0.13699444311402084
image_2360,0.13699444311402084
image_2361,0.13699444311402084
image_2362,0.13699444311402084
image_2363,0.13699444311402084
image_2364,0.13699444311402084
image_2365,0.13699444311402084
image_2366,0.13699444311402084
image_2367,0.13699444311402084
image_2368,0.13699444311402084
image_2369,0.13699444311402084
image_2370,0.13699444311402084
image_2371,0.13699444311402084
image_2372,0.13699444311402084
image_2373,0.13699444311402084
image_2374,0.13699444311402084
image_2375,0.13699444311402084
image_2376,0.13699444311402084
image_2377,0.13699444311402084
image_2378,0.13699444311402084
image_2379,0.13699444311402084
image_2380,0.13699444311402084
image_2381,0.13699444311402084
image_2382,0.13699444311402084
image_2383,0.13699444311402084
image_2384,0.13699444311402084
image_2385,0.13699444311402084
image_2386,0.13699444311402084
image_2387,0.13699444311402084
image_2388,0.13699444311402084
image_2389,0.13699444311402084
image_2390,0.13699444311402084
image_2391,0.13699444311402084
image_2392,0.13699444311402084
image_2393,0.13699444311402084
image_2394,0.13699444311402084
image_2395,0.13699444311402084
image_2396,0.13699444311402084
image_2397,0.13699444311402084
image_2398,0.13699444311402084
image_2399,0.13699444311402084
image_2400,0.13699444311402084
image_2401,0.13699444311402084
image_2402,0.13699444311402084
image_2403,0.13699444311402084
image_2404,0.13699444311402084
image_2405,0.13699444311402084
image_2406,0.13699444311402084
image_2407,0.13699444311402084
image_2408,0.13699444311402084
image_2409,0.13699444311402084
image_2410,0.13699444311402084
image_2411,0.13699444311402084
image_2412,0.13699444311402084
image_2413,0.13699444311402084
image_2414,0.13699444311402084
image_2415,0.13699444311402084
image_2416,0.13699444311402084
image_2417,0.13699444311402084
image_2418,0.13699444311402084
image_2419,0.13699444311402084
image_2420,0.13699444311402084
image_2421,0.13699444311402084
image_2422,0.13699444311402084
image_2423,0.13699444311402084
image_2424,0.13699444311402084
image_2425,0.13699444311402084
image_2426,0.13699444311402084
image_2427,0.13699444311402084
image_2428,0.13699444311402084
image_2429,0.13699444311402084
image_2430,0.13699444311402084
image_2431,0.13699444311402084
image_2432,0.13699444311402084
image_2433,0.13699444311402084
image_2434,0.13699444311402084
image_2435,0.13699444311402084
image_2436,0.13699444311402084
image_2437,0.13699444311402084
image_2438,0.13699444311402084
image_2439,0.13699444311402084
image_2440,0.13699444311402084
image_2441,0.13699444311402084
image_2442,0.13699444311402084
image_2443,0.13699444311402084
image_2444,0.13699444311402084
image_2445,0.13699444311402084
image_2446,0.13699444311402084
image_2447,0.13699444311402084
image_2448,0.13699444311402084
image_2449,0.13699444311402084
image_2450,0.13699444311402084
image_2451,0.13699444311402084
image_2452,0.13699444311402084
image_2453,0.13699444311402084
image_2454,0.13699444311402084
image_2455,0.13699444311402084
image_2456,0.13699444311402084
image_2457,0.13699444311402084
image_2458,0.13699444311402084
image_2459,0.13699444311402084
image_2460,0.13699444311402084
image_2461,0.13699444311402084
image_2462,0.13699444311402084
image_2463,0.13699444311402084
image_2464,0.13699444311402084
image_2465,0.13699444311402084
image_2466,0.13699444311402084
image_2467,0.13699444311402084
image_2468,0.13699444311402084
image_2469,0.13699444311402084
image_2470,0.13699444311402084
image_2471,0.13699444311402084
image_2472,0.13699444311402084
image_2473,0.13699444311402084
image_2474,0.13699444311402084
image_2475,0.13699444311402084
image_2476,0.13699444311402084
image_2477,0.13699444311402084
image_2478,0.13699444311402084
image_2479,0.13699444311402084
image_2480,0.13699444311402084
image_2481,0.13699444311402084
image_2482,0.13699444311402084
image_2483,0.13699444311402084
image_2484,0.13699444311402084
image_2485,0.13699444311402084
image_2486,0.13699444311402084
image_2487,0.13699444311402084
image_2488,0.13699444311402084
image_2489,0.13699444311402084
image_2490,0.13699444311402084
image_2491,0.13699444311402084
image_2492,0.13699444311402084
image_2493,0.13699444311402084
image_2494,0.13699444311402084
image_2495,0.13699444311402084
image_2496,0.13699444311402084
image_2497,0.13699444311402084
image_2498,0.13699444311402084
image_2499,0.13699444311402084
image_2500,0.13699444311402084
image_2501,0.13699444311402084
image_2502,0.13699444311402084
image_2503,0.13699444311402084
image_2504,0.13699444311402084
image_2505,0.13699444311402084
image_2506,0.13699444311402084
image_2507,0.13699444311402084
image_2508,0.13699444311402084
image_2509,0.13699444311402084
image_2510,0.13699444311402084
image_2511,0.13699444311402084
image_2512,0.13699444311402084
image_2513,0.13699444311402084
image_2514,0.13699444311402084
image_2515,0.13699444311402084
image_2516,0.13699444311402084
image_2517,0.13699444311402084
image_2518,0.13699444311402084
image_2519,0.13699444311402084
image_2520,0.13699444311402084
image_2521,0.13699444311402084
image_2522,0.13699444311402084
image_2523,0.13699444311402084
image_2524,0.13699444311402084
image_2525,0.13699444311402084
image_2526,0.13699444311402084
image_2527,0.13699444311402084
image_2528,0.13699444311402084
image_2529,0.13699444311402084
image_2530,0.13699444311402084
image_2531,0.13699444311402084
image_2532,0.13699444311402084
image_2533,0.13699444311402084
image_2534,0.13699444311402084
image_2535,0.13699444311402084
image_2536,0.13699444311402084
image_2537,0.13699444311402084
image_2538,0.13699444311402084
image_2539,0.13699444311402084
image_2540,0.13699444311402084
image_2541,0.13699444311402084
image_2542,0.13699444311402084
image_2543,0.13699444311402084
image_2544,0.13699444311402084
image_2545,0.13699444311402084
image_2546,0.13699444311402084
image_2547,0.13699444311402084
image_2548,0.13699444311402084
image_2549,0.13699444311402084
image_2550,0.13699444311402084
image_2551,0.13699444311402084
image_2552,0.13699444311402084
image_2553,0.13699444311402084
image_2554,0.13699444311402084
image_2555,0.13699444311402084
image_2556,0.13699444311402084
image_2557,0.13699444311402084
image_2558,0.13699444311402084
image_2559,0.13699444311402084
image_2560,0.13699444311402084
image_2561,0.13699444311402084
image_2562,0.13699444311402084
image_2563,0.13699444311402084
image_2564,0.13699444311402084
image_2565,0.13699444311402084
image_2566,0.13699444311402084
image_2567,0.13699444311402084
image_2568,0.13699444311402084
image_2569,0.13699444311402084
image_2570,0.13699444311402084
image_2571,0.13699444311402084
image_2572,0.13699444311402084
image_2573,0.13699444311402084
image_2574,0.13699444311402084
image_2575,0.13699444311402084
image_2576,0.13699444311402084
image_2577,0.13699444311402084
image_2578,0.13699444311402084
image_2579,0.13699444311402084
image_2580,0.13699444311402084
image_2581,0.13699444311402084
image_2582,0.13699444311402084
image_2583,0.13699444311402084
image_2584,0.13699444311402084
image_2585,0.13699444311402084
image_2586,0.13699444311402084
image_2587,0.13699444311402084
image_2588,0.13699444311402084
image_2589,0.13699444311402084
image_2590,0.13699444311402084
image_2591,0.13699444311402084
image_2592,0.13699444311402084
image_2593,0.13699444311402084
image_2594,0.13699444311402084
image_2595,0.13699444311402084
image_2596,0.13699444311402084
image_2597,0.13699444311402084
image_2598,0.13699444311402084
image_2599,0.13699444311402084
image_2600,0.13699444311402084
image_2601,0.13699444311402084
image_2602,0.13699444311402084
image_2603,0.13699444311402084
image_2604,0.13699444311402084
image_2605,0.13699444311402084
image_2606,0.13699444311402084
image_2607,0.13699444311402084
image_2608,0.13699444311402084
image_2609,0.13699444311402084
image_2610,0.13699444311402084
image_2611,0.13699444311402084
image_2612,0.13699444311402084
image_2613,0.13699444311402084
image_2614,0.13699444311402084
image_2615,0.13699444311402084
image_2616,0.13699444311402084
image_2617,0.13699444311402084
image_2618,0.13699444311402084
image_2619,0.13699444311402084
image_2620,0.13699444311402084
image_2621,0.13699444311402084
image_2622,0.13699444311402084
image_2623,0.13699444311402084
image_2624,0.13699444311402084
image_2625,0.13699444311402084
image_2626,0.13699444311402084
image_2627,0.13699444311402084
image_2628,0.13699444311402084
image_2629,0.13699444311402084
image_2630,0.13699444311402084
image_2631,0.13699444311402084
image_2632,0.13699444311402084
image_2633,0.13699444311402084
image_2634,0.13699444311402084
image_2635,0.13699444311402084
image_2636,0.13699444311402084
image_2637,0.13699444311402084
image_2638,0.13699444311402084
image_2639,0.13699444311402084
image_2640,0.13699444311402084
image_2641,0.13699444311402084
image_2642,0.13699444311402084
image_2643,0.13699444311402084
image_2644,0.13699444311402084
image_2645,0.13699444311402084
image_2646,0.13699444311402084
image_2647,0.13699444311402084
image_2648,0.13699444311402084
image_2649,0.13699444311402084
image_2650,0.13699444311402084
image_2651,0.13699444311402084
image_2652,0.13699444311402084
image_2653,0.13699444311402084
image_2654,0.13699444311402084
image_2655,0.13699444311402084
image_2656,0.13699444311402084
image_2657,0.13699444311402084
image_2658,0.13699444311402084
image_2659,0.13699444311402084
image_2660,0.13699444311402084
image_2661,0.13699444311402084
image_2662,0.13699444311402084
image_2663,0.13699444311402084
image_2664,0.13699444311402084
image_2665,0.13699444311402084
image_2666,0.13699444311402084
image_2667,0.13699444311402084
image_2668,0.13699444311402084
image_2669,0.13699444311402084
image_2670,0.13699444311402084
image_2671,0.13699444311402084
image_2672,0.13699444311402084
image_2673,0.13699444311402084
image_2674,0.13699444311402084
image_2675,0.13699444311402084
image_2676,0.13699444311402084
image_2677,0.13699444311402084
image_2678,0.13699444311402084
image_2679,0.13699444311402084
image_2680,0.13699444311402084
image_2681,0.13699444311402084
image_2682,0.13699444311402084
image_2683,0.13699444311402084
image_2684,0.13699444311402084
image_2685,0.13699444311402084
image_2686,0.13699444311402084
image_2687,0.13699444311402084
image_2688,0.13699444311402084
image_2689,0.13699444311402084
image_2690,0.13699444311402084
image_2691,0.13699444311402084
image_2692,0.13699444311402084
image_2693,0.13699444311402084
image_2694,0.13699444311402084
image_2695,0.13699444311402084
image_2696,0.13699444311402084
image_2697,0.13699444311402084
image_2698,0.13699444311402084
image_2699,0.13699444311402084
image_2700,0.13699444311402084
image_2701,0.13699444311402084
image_2702,0.13699444311402084
image_2703,0.13699444311402084
image_2704,0.13699444311402084
image_2705,0.13699444311402084
image_2706,0.13699444311402084
image_2707,0.13699444311402084
image_2708,0.13699444311402084
image_2709,0.13699444311402084
image_2710,0.13699444311402084
image_2711,0.13699444311402084
image_2712,0.13699444311402084
image_2713,0.13699444311402084
image_2714,0.13699444311402084
image_2715,0.13699444311402084
image_2716,0.13699444311402084
image_2717,0.13699444311402084
image_2718,0.13699444311402084
image_2719,0.13699444311402084
image_2720,0.13699444311402084
image_2721,0.13699444311402084
image_2722,0.13699444311402084
image_2723,0.13699444311402084
image_2724,0.13699444311402084
image_2725,0.13699444311402084
image_2726,0.13699444311402084
image_2727,0.13699444311402084
image_2728,0.13699444311402084
image_2729,0.13699444311402084
image_2730,0.13699444311402084
image_2731,0.13699444311402084
image_2732,0.13699444311402084
image_2733,0.13699444311402084
image_2734,0.13699444311402084
image_2735,0.13699444311402084
image_2736,0.13699444311402084
image_2737,0.13699444311402084
image_2738,0.13699444311402084
image_2739,0.13699444311402084
image_2740,0.13699444311402084
image_2741,0.13699444311402084
image_2742,0.13699444311402084
image_2743,0.13699444311402084
image_2744,0.13699444311402084
image_2745,0.13699444311402084
image_2746,0.13699444311402084
image_2747,0.13699444311402084
image_2748,0.13699444311402084
image_2749,0.13699444311402084
image_2750,0.13699444311402084
image_2751,0.13699444311402084
image_2752,0.13699444311402084
image_2753,0.13699444311402084
image_2754,0.13699444311402084
image_2755,0.13699444311402084
image_2756,0.13699444311402084
image_2757,0.13699444311402084
image_2758,0.13699444311402084
image_2759,0.13699444311402084
image_2760,0.13699444311402084
image_2761,0.13699444311402084
image_2762,0.13699444311402084
image_2763,0.13699444311402084
image_2764,0.13699444311402084
image_2765,0.13699444311402084
image_2766,0.13699444311402084
image_2767,0.13699444311402084
image_2768,0.13699444311402084
image_2769,0.13699444311402084
image_2770,0.13699444311402084
image_2771,0.13699444311402084
image_2772,0.13699444311402084
image_2773,0.13699444311402084
image_2774,0.13699444311402084
image_2775,0.13699444311402084
image_2776,0.13699444311402084
image_2777,0.13699444311402084
image_2778,0.13699444311402084
image_2779,0.13699444311402084
image_2780,0.13699444311402084
image_2781,0.13699444311402084
image_2782,0.13699444311402084
image_2783,0.13699444311402084
image_2784,0.13699444311402084
image_2785,0.13699444311402084
image_2786,0.13699444311402084
image_2787,0.13699444311402084
image_2788,0.13699444311402084
image_2789,0.13699444311402084
image_2790,0.13699444311402084
image_2791,0.13699444311402084
image_2792,0.13699444311402084
image_2793,0.13699444311402084
image_2794,0.13699444311402084
image_2795,0.13699444311402084
image_2796,0.13699444311402084
image_2797,0.13699444311402084
image_2798,0.13699444311402084
image_2799,0.13699444311402084
image_2800,0.13699444311402084
image_2801,0.13699444311402084
image_2802,0.13699444311402084
image_2803,0.13699444311402084
image_2804,0.13699444311402084
image_2805,0.13699444311402084
image_2806,0.13699444311402084
image_2807,0.13699444311402084
image_2808,0.13699444311402084
image_2809,0.13699444311402084
image_2810,0.13699444311402084
image_2811,0.13699444311402084
image_2812,0.13699444311402084
image_2813,0.13699444311402084
image_2814,0.13699444311402084
image_2815,0.13699444311402084
image_2816,0.13699444311402084
image_2817,0.13699444311402084
image_2818,0.13699444311402084
image_2819,0.13699444311402084
image_2820,0.13699444311402084
image_2821,0.13699444311402084
image_2822,0.13699444311402084
image_2823,0.13699444311402084
image_2824,0.13699444311402084
image_2825,0.13699444311402084
image_2826,0.13699444311402084
image_2827,0.13699444311402084
image_2828,0.13699444311402084
image_2829,0.13699444311402084
image_2830,0.13699444311402084
image_2831,0.13699444311402084
image_2832,0.13699444311402084
image_2833,0.13699444311402084
image_2834,0.13699444311402084
image_2835,0.13699444311402084
image_2836,0.13699444311402084
image_2837,0.13699444311402084
image_2838,0.13699444311402084
image_2839,0.13699444311402084
image_2840,0.13699444311402084
image_2841,0.13699444311402084
image_2842,0.13699444311402084
image_2843,0.13699444311402084
image_2844,0.13699444311402084
image_2845,0.13699444311402084
image_2846,0.13699444311402084
image_2847,0.13699444311402084
image_2848,0.13699444311402084
image_2849,0.13699444311402084
image_2850,0.13699444311402084
image_2851,0.13699444311402084
image_2852,0.13699444311402084
image_2853,0.13699444311402084
image_2854,0.13699444311402084
image_2855,0.13699444311402084
image_2856,0.13699444311402084
image_2857,0.13699444311402084
image_2858,0.13699444311402084
image_2859,0.13699444311402084
image_2860,0.13699444311402084
image_2861,0.13699444311402084
image_2862,0.13699444311402084
image_2863,0.13699444311402084
image_2864,0.13699444311402084
image_2865,0.13699444311402084
image_2866,0.13699444311402084
image_2867,0.13699444311402084
image_2868,0.13699444311402084
image_2869,0.13699444311402084
image_2870,0.13699444311402084
image_2871,0.13699444311402084
image_2872,0.13699444311402084
image_2873,0.13699444311402084
image_2874,0.13699444311402084
image_2875,0.13699444311402084
image_2876,0.13699444311402084
image_2877,0.13699444311402084
image_2878,0.13699444311402084
image_2879,0.13699444311402084
image_2880,0.13699444311402084
image_2881,0.13699444311402084
image_2882,0.13699444311402084
image_2883,0.13699444311402084
image_2884,0.13699444311402084
image_2885,0.13699444311402084
image_2886,0.13699444311402084
image_2887,0.13699444311402084
image_2888,0.13699444311402084
image_2889,0.13699444311402084
image_2890,0.13699444311402084
image_2891,0.13699444311402084
image_2892,0.13699444311402084
image_2893,0.13699444311402084
image_2894,0.13699444311402084
image_2895,0.13699444311402084
image_2896,0.13699444311402084
image_2897,0.13699444311402084
image_2898,0.13699444311402084
image_2899,0.13699444311402084
image_2900,0.13699444311402084
image_2901,0.13699444311402084
image_2902,0.13699444311402084
image_2903,0.13699444311402084
image_2904,0.13699444311402084
image_2905,0.13699444311402084
image_2906,0.13699444311402084
image_2907,0.13699444311402084
image_2908,0.13699444311402084
image_2909,0.13699444311402084
image_2910,0.13699444311402084
image_2911,0.13699444311402084
image_2912,0.13699444311402084
image_2913,0.13699444311402084
image_2914,0.13699444311402084
image_2915,0.13699444311402084
image_2916,0.13699444311402084
image_2917,0.13699444311402084
image_2918,0.13699444311402084
image_2919,0.13699444311402084
image_2920,0.13699444311402084
image_2921,0.13699444311402084
image_2922,0.13699444311402084
image_2923,0.13699444311402084
image_2924,0.13699444311402084
image_2925,0.13699444311402084
image_2926,0.13699444311402084
image_2927,0.13699444311402084
image_2928,0.13699444311402084
image_2929,0.13699444311402084
image_2930,0.13699444311402084
image_2931,0.13699444311402084
image_2932,0.13699444311402084
image_2933,0.13699444311402084
image_2934,0.13699444311402084
image_2935,0.13699444311402084
image_2936,0.13699444311402084
image_2937,0.13699444311402084
image_2938,0.13699444311402084
image_2939,0.13699444311402084
image_2940,0.13699444311402084
image_2941,0.13699444311402084
image_2942,0.13699444311402084
image_2943,0.13699444311402084
image_2944,0.13699444311402084
image_2945,0.13699444311402084
image_2946,0.13699444311402084
image_2947,0.13699444311402084
image_2948,0.13699444311402084
image_2949,0.13699444311402084
image_2950,0.13699444311402084
image_2951,0.13699444311402084
image_2952,0.13699444311402084
image_2953,0.13699444311402084
image_2954,0.13699444311402084
image_2955,0.13699444311402084
image_2956,0.13699444311402084
image_2957,0.13699444311402084
image_2958,0.13699444311402084
image_2959,0.13699444311402084
image_2960,0.13699444311402084
image_2961,0.13699444311402084
image_2962,0.13699444311402084
image_2963,0.13699444311402084
image_2964,0.13699444311402084
image_2965,0.13699444311402084
image_2966,0.13699444311402084
image_2967,0.13699444311402084
image_2968,0.13699444311402084
image_2969,0.13699444311402084
image_2970,0.13699444311402084
image_2971,0.13699444311402084
image_2972,0.13699444311402084
image_2973,0.13699444311402084
image_2974,0.13699444311402084
image_2975,0.13699444311402084
image_2976,0.13699444311402084
image_2977,0.13699444311402084
image_2978,0.13699444311402084
image_2979,0.13699444311402084
image_2980,0.13699444311402084
image_2981,0.13699444311402084
image_2982,0.13699444311402084
image_2983,0.13699444311402084
image_2984,0.13699444311402084
image_2985,0.13699444311402084
image_2986,0.13699444311402084
image_2987,0.13699444311402084
image_2988,0.13699444311402084
image_2989,0.13699444311402084
image_2990,0.13699444311402084
image_2991,0.13699444311402084
image_2992,0.13699444311402084
image_2993,0.13699444311402084
image_2994,0.13699444311402084
image_2995,0.13699444311402084
image_2996,0.13699444311402084
image_2997,0.13699444311402084
image_2998,0.13699444311402084
image_2999,0.13699444311402084
image_3000,0.13699444311402084
image_3001,0.13699444311402084
image_3002,0.13699444311402084
image_3003,0.13699444311402084
image_3004,0.13699444311402084
image_3005,0.13699444311402084
image_3006,0.13699444311402084
image_3007,0.13699444311402084
image_3008,0.13699444311402084
image_3009,0.13699444311402084
image_3010,0.13699444311402084
image_3011,0.13699444311402084
image_3012,0.13699444311402084
image_3013,0.13699444311402084
image_3014,0.13699444311402084
image_3015,0.13699444311402084
image_3016,0.13699444311402084
image_3017,0.13699444311402084
image_3018,0.13699444311402084
image_3019,0.13699444311402084
image_3020,0.13699444311402084
image_3021,0.13699444311402084
image_3022,0.13699444311402084
image_3023,0.13699444311402084
image_3024,0.13699444311402084
image_3025,0.13699444311402084
image_3026,0.13699444311402084
image_3027,0.13699444311402084
image_3028,0.13699444311402084
image_3029,0.13699444311402084
image_3030,0.13699444311402084
image_3031,0.13699444311402084
image_3032,0.13699444311402084
image_3033,0.13699444311402084
image_3034,0.13699444311402084
image_3035,0.13699444311402084
image_3036,0.13699444311402084
image_3037,0.13699444311402084
image_3038,0.13699444311402084
image_3039,0.13699444311402084
image_3040,0.13699444311402084
image_3041,0.13699444311402084
image_3042,0.13699444311402084
image_3043,0.13699444311402084
image_3044,0.13699444311402084
image_3045,0.13699444311402084
image_3046,0.13699444311402084
image_3047,0.13699444311402084
image_3048,0.13699444311402084
image_3049,0.13699444311402084
image_3050,0.13699444311402084
image_3051,0.13699444311402084
image_3052,0.13699444311402084
image_3053,0.13699444311402084
image_3054,0.13699444311402084
image_3055,0.13699444311402084
image_3056,0.13699444311402084
image_3057,0.13699444311402084
image_3058,0.13699444311402084
image_3059,0.13699444311402084
image_3060,0.13699444311402084
image_3061,0.13699444311402084
image_3062,0.13699444311402084
image_3063,0.13699444311402084
image_3064,0.13699444311402084
image_3065,0.13699444311402084
image_3066,0.13699444311402084
image_3067,0.13699444311402084
image_3068,0.13699444311402084
image_3069,0.13699444311402084
image_3070,0.13699444311402084
image_3071,0.13699444311402084
image_3072,0.13699444311402084
image_3073,0.13699444311402084
image_3074,0.13699444311402084
image_3075,0.13699444311402084
image_3076,0.13699444311402084
image_3077,0.13699444311402084
image_3078,0.13699444311402084
image_3079,0.13699444311402084
image_3080,0.13699444311402084
image_3081,0.13699444311402084
image_3082,0.13699444311402084
image_3083,0.13699444311402084
image_3084,0.13699444311402084
image_3085,0.13699444311402084
image_3086,0.13699444311402084
image_3087,0.13699444311402084
image_3088,0.13699444311402084
image_3089,0.13699444311402084
image_3090,0.13699444311402084
image_3091,0.13699444311402084
image_3092,0.13699444311402084
image_3093,0.13699444311402084
image_3094,0.13699444311402084
image_3095,0.13699444311402084
image_3096,0.13699444311402084
image_3097,0.13699444311402084
image_3098,0.13699444311402084
image_3099,0.13699444311402084
image_3100,0.13699444311402084
image_3101,0.13699444311402084
image_3102,0.13699444311402084
image_3103,0.13699444311402084
image_3104,0.13699444311402084
image_3105,0.13699444311402084
image_3106,0.13699444311402084
image_3107,0.13699444311402084
image_3108,0.13699444311402084
image_3109,0.13699444311402084
image_3110,0.13699444311402084
image_3111,0.13699444311402084
image_3112,0.13699444311402084
image_3113,0.13699444311402084
image_3114,0.13699444311402084
image_3115,0.13699444311402084
image_3116,0.13699444311402084
image_3117,0.13699444311402084
image_3118,0.13699444311402084
image_3119,0.13699444311402084
image_3120,0.13699444311402084
image_3121,0.13699444311402084
image_3122,0.13699444311402084
image_3123,0.13699444311402084
image_3124,0.13699444311402084
image_3125,0.13699444311402084
image_3126,0.13699444311402084
image_3127,0.13699444311402084
image_3128,0.13699444311402084
image_3129,0.13699444311402084
image_3130,0.13699444311402084
image_3131,0.13699444311402084
image_3132,0.13699444311402084
image_3133,0.13699444311402084
image_3134,0.13699444311402084
image_3135,0.13699444311402084
image_3136,0.13699444311402084
image_3137,0.13699444311402084
image_3138,0.13699444311402084
image_3139,0.13699444311402084
image_3140,0.13699444311402084
image_3141,0.13699444311402084
image_3142,0.13699444311402084
image_3143,0.13699444311402084
image_3144,0.13699444311402084
image_3145,0.13699444311402084
image_3146,0.13699444311402084
image_3147,0.13699444311402084
image_3148,0.13699444311402084
image_3149,0.13699444311402084
image_3150,0.13699444311402084
image_3151,0.13699444311402084
image_3152,0.13699444311402084
image_3153,0.13699444311402084
image_3154,0.13699444311402084
image_3155,0.13699444311402084
image_3156,0.13699444311402084
image_3157,0.13699444311402084
image_3158,0.13699444311402084
image_3159,0.13699444311402084
image_3160,0.13699444311402084
image_3161,0.13699444311402084
image_3162,0.13699444311402084
image_3163,0.13699444311402084
image_3164,0.13699444311402084
image_3165,0.13699444311402084
image_3166,0.13699444311402084
image_3167,0.13699444311402084
image_3168,0.13699444311402084
image_3169,0.13699444311402084
image_3170,0.13699444311402084
image_3171,0.13699444311402084
image_3172,0.13699444311402084
image_3173,0.13699444311402084
image_3174,0.13699444311402084
image_3175,0.13699444311402084
image_3176,0.13699444311402084
image_3177,0.13699444311402084
image_3178,0.13699444311402084
image_3179,0.13699444311402084
image_3180,0.13699444311402084
image_3181,0.13699444311402084
image_3182,0.13699444311402084
image_3183,0.13699444311402084
image_3184,0.13699444311402084
image_3185,0.13699444311402084
image_3186,0.13699444311402084
image_3187,0.13699444311402084
image_3188,0.13699444311402084
image_3189,0.13699444311402084
image_3190,0.13699444311402084
image_3191,0.13699444311402084
image_3192,0.13699444311402084
image_3193,0.13699444311402084
image_3194,0.13699444311402084
image_3195,0.13699444311402084
image_3196,0.13699444311402084
image_3197,0.13699444311402084
image_3198,0.13699444311402084
image_3199,0.13699444311402084
image_3200,0.13699444311402084
image_3201,0.13699444311402084
image_3202,0.13699444311402084
image_3203,0.13699444311402084
image_3204,0.13699444311402084
image_3205,0.13699444311402084
image_3206,0.13699444311402084
image_3207,0.13699444311402084
image_3208,0.13699444311402084
image_3209,0.13699444311402084
image_3210,0.13699444311402084
image_3211,0.13699444311402084
image_3212,0.13699444311402084
image_3213,0.13699444311402084
image_3214,0.13699444311402084
image_3215,0.13699444311402084
image_3216,0.13699444311402084
image_3217,0.13699444311402084
image_3218,0.13699444311402084
image_3219,0.13699444311402084
image_3220,0.13699444311402084
image_3221,0.13699444311402084
image_3222,0.13699444311402084
image_3223,0.13699444311402084
image_3224,0.13699444311402084
image_3225,0.13699444311402084
image_3226,0.13699444311402084
image_3227,0.13699444311402084
image_3228,0.13699444311402084
image_3229,0.13699444311402084
image_3230,0.13699444311402084
image_3231,0.13699444311402084
image_3232,0.13699444311402084
image_3233,0.13699444311402084
image_3234,0.13699444311402084
image_3235,0.13699444311402084
image_3236,0.13699444311402084
image_3237,0.13699444311402084
image_3238,0.13699444311402084
image_3239,0.13699444311402084
image_3240,0.13699444311402084
image_3241,0.13699444311402084
image_3242,0.13699444311402084
image_3243,0.13699444311402084
image_3244,0.13699444311402084
image_3245,0.13699444311402084
image_3246,0.13699444311402084
image_3247,0.13699444311402084
image_3248,0.13699444311402084
image_3249,0.13699444311402084
image_3250,0.13699444311402084
image_3251,0.13699444311402084
image_3252,0.13699444311402084
image_3253,0.13699444311402084
image_3254,0.13699444311402084
image_3255,0.13699444311402084
image_3256,0.13699444311402084
image_3257,0.13699444311402084
image_3258,0.13699444311402084
image_3259,0.13699444311402084
image_3260,0.13699444311402084
image_3261,0.13699444311402084
image_3262,0.13699444311402084
image_3263,0.13699444311402084
image_3264,0.13699444311402084
image_3265,0.13699444311402084
image_3266,0.13699444311402084
image_3267,0.13699444311402084
image_3268,0.13699444311402084
image_3269,0.13699444311402084
image_3270,0.13699444311402084
image_3271,0.13699444311402084
image_3272,0.13699444311402084
image_3273,0.13699444311402084
image_3274,0.13699444311402084
image_3275,0.13699444311402084
image_3276,0.13699444311402084
image_3277,0.13699444311402084
image_3278,0.13699444311402084
image_3279,0.13699444311402084
image_3280,0.13699444311402084
image_3281,0.13699444311402084
image_3282,0.13699444311402084
image_3283,0.13699444311402084
image_3284,0.13699444311402084
image_3285,0.13699444311402084
image_3286,0.13699444311402084
image_3287,0.13699444311402084
image_3288,0.13699444311402084
image_3289,0.13699444311402084
image_3290,0.13699444311402084
image_3291,0.13699444311402084
image_3292,0.13699444311402084
image_3293,0.13699444311402084
image_3294,0.13699444311402084
image_3295,0.13699444311402084
image_3296,0.13699444311402084
image_3297,0.13699444311402084
image_3298,0.13699444311402084
image_3299,0.13699444311402084
image_3300,0.13699444311402084
image_3301,0.13699444311402084
image_3302,0.13699444311402084
image_3303,0.13699444311402084
image_3304,0.13699444311402084
image_3305,0.13699444311402084
image_3306,0.13699444311402084
image_3307,0.13699444311402084
image_3308,0.13699444311402084
image_3309,0.13699444311402084
image_3310,0.13699444311402084
image_3311,0.13699444311402084
image_3312,0.13699444311402084
image_3313,0.13699444311402084
image_3314,0.13699444311402084
image_3315,0.13699444311402084
image_3316,0.13699444311402084
image_3317,0.13699444311402084
image_3318,0.13699444311402084
image_3319,0.13699444311402084
image_3320,0.13699444311402084
image_3321,0.13699444311402084
image_3322,0.13699444311402084
image_3323,0.13699444311402084
image_3324,0.13699444311402084
image_3325,0.13699444311402084
image_3326,0.13699444311402084
image_3327,0.13699444311402084
image_3328,0.13699444311402084
image_3329,0.13699444311402084
image_3330,0.13699444311402084
image_3331,0.13699444311402084
image_3332,0.13699444311402084
image_3333,0.13699444311402084
image_3334,0.13699444311402084
image_3335,0.13699444311402084
image_3336,0.13699444311402084
image_3337,0.13699444311402084
image_3338,0.13699444311402084
image_3339,0.13699444311402084
image_3340,0.13699444311402084
image_3341,0.13699444311402084
image_3342,0.13699444311402084
image_3343,0.13699444311402084
image_3344,0.13699444311402084
image_3345,0.13699444311402084
image_3346,0.13699444311402084
image_3347,0.13699444311402084
image_3348,0.13699444311402084
image_3349,0.13699444311402084
image_3350,0.13699444311402084
image_3351,0.13699444311402084
image_3352,0.13699444311402084
image_3353,0.13699444311402084
image_3354,0.13699444311402084
image_3355,0.13699444311402084
image_3356,0.13699444311402084
image_3357,0.13699444311402084
image_3358,0.13699444311402084
image_3359,0.13699444311402084
image_3360,0.13699444311402084
image_3361,0.13699444311402084
image_3362,0.13699444311402084
image_3363,0.13699444311402084
image_3364,0.13699444311402084
image_3365,0.13699444311402084
image_3366,0.13699444311402084
image_3367,0.13699444311402084
image_3368,0.13699444311402084
image_3369,0.13699444311402084
image_3370,0.13699444311402084
image_3371,0.13699444311402084
image_3372,0.13699444311402084
image_3373,0.13699444311402084
image_3374,0.13699444311402084
image_3375,0.13699444311402084
image_3376,0.13699444311402084
image_3377,0.13699444311402084
image_3378,0.13699444311402084
image_3379,0.13699444311402084
image_3380,0.13699444311402084
image_3381,0.13699444311402084
image_3382,0.13699444311402084
image_3383,0.13699444311402084
image_3384,0.13699444311402084
image_3385,0.13699444311402084
image_3386,0.13699444311402084
image_3387,0.13699444311402084
image_3388,0.13699444311402084
image_3389,0.13699444311402084
image_3390,0.13699444311402084
image_3391,0.13699444311402084
image_3392,0.13699444311402084
image_3393,0.13699444311402084
image_3394,0.13699444311402084
image_3395,0.13699444311402084
image_3396,0.13699444311402084
image_3397,0.13699444311402084
image_3398,0.13699444311402084
image_3399,0.13699444311402084
image_3400,0.13699444311402084
image_3401,0.13699444311402084
image_3402,0.13699444311402084
image_3403,0.13699444311402084
image_3404,0.13699444311402084
image_3405,0.13699444311402084
image_3406,0.13699444311402084
image_3407,0.13699444311402084
image_3408,0.13699444311402084
image_3409,0.13699444311402084
image_3410,0.13699444311402084
image_3411,0.13699444311402084
image_3412,0.13699444311402084
image_3413,0.13699444311402084
image_3414,0.13699444311402084
image_3415,0.13699444311402084
image_3416,0.13699444311402084
image_3417,0.13699444311402084
image_3418,0.13699444311402084
image_3419,0.13699444311402084
image_3420,0.13699444311402084
image_3421,0.13699444311402084
image_3422,0.13699444311402084
image_3423,0.13699444311402084
image_3424,0.13699444311402084
image_3425,0.13699444311402084
image_3426,0.13699444311402084
image_3427,0.13699444311402084
image_3428,0.13699444311402084
image_3429,0.13699444311402084
image_3430,0.13699444311402084
image_3431,0.13699444311402084
image_3432,0.13699444311402084
image_3433,0.13699444311402084
image_3434,0.13699444311402084
image_3435,0.13699444311402084
image_3436,0.13699444311402084
image_3437,0.13699444311402084
image_3438,0.13699444311402084
image_3439,0.13699444311402084
image_3440,0.13699444311402084
image_3441,0.13699444311402084
image_3442,0.13699444311402084
image_3443,0.13699444311402084
image_3444,0.13699444311402084
image_3445,0.13699444311402084
image_3446,0.13699444311402084
image_3447,0.13699444311402084
image_3448,0.13699444311402084
image_3449,0.13699444311402084
image_3450,0.13699444311402084
image_3451,0.13699444311402084
image_3452,0.13699444311402084
image_3453,0.13699444311402084
image_3454,0.13699444311402084
image_3455,0.13699444311402084
image_3456,0.13699444311402084
image_3457,0.13699444311402084
image_3458,0.13699444311402084
image_3459,0.13699444311402084
image_3460,0.13699444311402084
image_3461,0.13699444311402084
image_3462,0.13699444311402084
image_3463,0.13699444311402084
image_3464,0.13699444311402084
image_3465,0.13699444311402084
image_3466,0.13699444311402084
image_3467,0.13699444311402084
image_3468,0.13699444311402084
image_3469,0.13699444311402084
image_3470,0.13699444311402084
image_3471,0.13699444311402084
image_3472,0.13699444311402084
image_3473,0.13699444311402084
image_3474,0.13699444311402084
image_3475,0.13699444311402084
image_3476,0.13699444311402084
image_3477,0.13699444311402084
image_3478,0.13699444311402084
image_3479,0.13699444311402084
image_3480,0.13699444311402084
image_3481,0.13699444311402084
image_3482,0.13699444311402084
image_3483,0.13699444311402084
image_3484,0.13699444311402084
image_3485,0.13699444311402084
image_3486,0.13699444311402084
image_3487,0.13699444311402084
image_3488,0.13699444311402084
image_3489,0.13699444311402084
image_3490,0.13699444311402084
image_3491,0.13699444311402084
image_3492,0.13699444311402084
image_3493,0.13699444311402084
image_3494,0.13699444311402084
image_3495,0.13699444311402084
image_3496,0.13699444311402084
image_3497,0.13699444311402084
image_3498,0.13699444311402084
image_3499,0.13699444311402084
image_3500,0.13699444311402084
image_3501,0.13699444311402084
image_3502,0.13699444311402084
image_3503,0.13699444311402084
image_3504,0.13699444311402084
image_3505,0.13699444311402084
image_3506,0.13699444311402084
image_3507,0.13699444311402084
image_3508,0.13699444311402084
image_3509,0.13699444311402084
image_3510,0.13699444311402084
image_3511,0.13699444311402084
image_3512,0.13699444311402084
image_3513,0.13699444311402084
image_3514,0.13699444311402084
image_3515,0.13699444311402084
image_3516,0.13699444311402084
image_3517,0.13699444311402084
image_3518,0.13699444311402084
image_3519,0.13699444311402084
image_3520,0.13699444311402084
image_3521,0.13699444311402084
image_3522,0.13699444311402084
image_3523,0.13699444311402084
image_3524,0.13699444311402084
image_3525,0.13699444311402084
image_3526,0.13699444311402084
image_3527,0.13699444311402084
image_3528,0.13699444311402084
image_3529,0.13699444311402084
image_3530,0.13699444311402084
image_3531,0.13699444311402084
image_3532,0.13699444311402084
image_3533,0.13699444311402084
image_3534,0.13699444311402084
image_3535,0.13699444311402084
image_3536,0.13699444311402084
image_3537,0.13699444311402084
image_3538,0.13699444311402084
image_3539,0.13699444311402084
image_3540,0.13699444311402084
image_3541,0.13699444311402084
image_3542,0.13699444311402084
image_3543,0.13699444311402084
image_3544,0.13699444311402084
image_3545,0.13699444311402084
image_3546,0.13699444311402084
image_3547,0.13699444311402084
image_3548,0.13699444311402084
image_3549,0.13699444311402084
image_3550,0.13699444311402084
image_3551,0.13699444311402084
image_3552,0.13699444311402084
image_3553,0.13699444311402084
image_3554,0.13699444311402084
image_3555,0.13699444311402084
image_3556,0.13699444311402084
image_3557,0.13699444311402084
image_3558,0.13699444311402084
image_3559,0.13699444311402084
image_3560,0.13699444311402084
image_3561,0.13699444311402084
image_3562,0.13699444311402084
image_3563,0.13699444311402084
image_3564,0.13699444311402084
image_3565,0.13699444311402084
image_3566,0.13699444311402084
image_3567,0.13699444311402084
image_3568,0.13699444311402084
image_3569,0.13699444311402084
image_3570,0.13699444311402084
image_3571,0.13699444311402084
image_3572,0.13699444311402084
image_3573,0.13699444311402084
image_3574,0.13699444311402084
image_3575,0.13699444311402084
image_3576,0.13699444311402084
image_3577,0.13699444311402084
image_3578,0.13699444311402084
image_3579,0.13699444311402084
image_3580,0.13699444311402084
image_3581,0.13699444311402084
image_3582,0.13699444311402084
image_3583,0.13699444311402084
image_3584,0.13699444311402084
image_3585,0.13699444311402084
image_3586,0.13699444311402084
image_3587,0.13699444311402084
image_3588,0.13699444311402084
image_3589,0.13699444311402084
image_3590,0.13699444311402084
image_3591,0.13699444311402084
image_3592,0.13699444311402084
image_3593,0.13699444311402084
image_3594,0.13699444311402084
image_3595,0.13699444311402084
image_3596,0.13699444311402084
image_3597,0.13699444311402084
image_3598,0.13699444311402084
image_3599,0.13699444311402084
image_3600,0.13699444311402084
image_3601,0.13699444311402084
image_3602,0.13699444311402084
image_3603,0.13699444311402084
image_3604,0.13699444311402084
image_3605,0.13699444311402084
image_3606,0.13699444311402084
image_3607,0.13699444311402084
image_3608,0.13699444311402084
image_3609,0.13699444311402084
image_3610,0.13699444311402084
image_3611,0.13699444311402084
image_3612,0.13699444311402084
image_3613,0.13699444311402084
image_3614,0.13699444311402084
image_3615,0.13699444311402084
image_3616,0.13699444311402084
image_3617,0.13699444311402084
image_3618,0.13699444311402084
image_3619,0.13699444311402084
image_3620,0.13699444311402084
image_3621,0.13699444311402084
image_3622,0.13699444311402084
image_3623,0.13699444311402084
image_3624,0.13699444311402084
image_3625,0.13699444311402084
image_3626,0.13699444311402084
image_3627,0.13699444311402084
image_3628,0.13699444311402084
image_3629,0.13699444311402084
image_3630,0.13699444311402084
image_3631,0.13699444311402084
image_3632,0.13699444311402084
image_3633,0.13699444311402084
image_3634,0.13699444311402084
image_3635,0.13699444311402084
image_3636,0.13699444311402084
image_3637,0.13699444311402084
image_3638,0.13699444311402084
image_3639,0.13699444311402084
image_3640,0.13699444311402084
image_3641,0.13699444311402084
image_3642,0.13699444311402084
image_3643,0.13699444311402084
image_3644,0.13699444311402084
image_3645,0.13699444311402084
image_3646,0.13699444311402084
image_3647,0.13699444311402084
image_3648,0.13699444311402084
image_3649,0.13699444311402084
image_3650,0.13699444311402084
image_3651,0.13699444311402084
image_3652,0.13699444311402084
image_3653,0.13699444311402084
image_3654,0.13699444311402084
image_3655,0.13699444311402084
image_3656,0.13699444311402084
image_3657,0.13699444311402084
image_3658,0.13699444311402084
image_3659,0.13699444311402084
image_3660,0.13699444311402084
image_3661,0.13699444311402084
image_3662,0.13699444311402084
image_3663,0.13699444311402084
image_3664,0.13699444311402084
image_3665,0.13699444311402084
image_3666,0.13699444311402084
image_3667,0.13699444311402084
image_3668,0.13699444311402084
image_3669,0.13699444311402084
image_3670,0.13699444311402084
image_3671,0.13699444311402084
image_3672,0.13699444311402084
image_3673,0.13699444311402084
image_3674,0.13699444311402084
image_3675,0.13699444311402084
image_3676,0.13699444311402084
image_3677,0.13699444311402084
image_3678,0.13699444311402084
image_3679,0.13699444311402084
image_3680,0.13699444311402084
image_3681,0.13699444311402084
image_3682,0.13699444311402084
image_3683,0.13699444311402084
image_3684,0.13699444311402084
image_3685,0.13699444311402084
image_3686,0.13699444311402084
image_3687,0.13699444311402084
image_3688,0.13699444311402084
image_3689,0.13699444311402084
image_3690,0.13699444311402084
image_3691,0.13699444311402084
image_3692,0.13699444311402084
image_3693,0.13699444311402084
image_3694,0.13699444311402084
image_3695,0.13699444311402084
image_3696,0.13699444311402084
image_3697,0.13699444311402084
image_3698,0.13699444311402084
image_3699,0.13699444311402084
image_3700,0.13699444311402084
image_3701,0.13699444311402084
image_3702,0.13699444311402084
image_3703,0.13699444311402084
image_3704,0.13699444311402084
image_3705,0.13699444311402084
image_3706,0.13699444311402084
image_3707,0.13699444311402084
image_3708,0.13699444311402084
image_3709,0.13699444311402084
image_3710,0.13699444311402084
image_3711,0.13699444311402084
image_3712,0.13699444311402084
image_3713,0.13699444311402084
image_3714,0.13699444311402084
image_3715,0.13699444311402084
image_3716,0.13699444311402084
image_3717,0.13699444311402084
image_3718,0.13699444311402084
image_3719,0.13699444311402084
image_3720,0.13699444311402084
image_3721,0.13699444311402084
image_3722,0.13699444311402084
image_3723,0.13699444311402084
image_3724,0.13699444311402084
image_3725,0.13699444311402084
image_3726,0.13699444311402084
image_3727,0.13699444311402084
image_3728,0.13699444311402084
image_3729,0.13699444311402084
image_3730,0.13699444311402084
image_3731,0.13699444311402084
image_3732,0.13699444311402084
image_3733,0.13699444311402084
image_3734,0.13699444311402084
image_3735,0.13699444311402084
image_3736,0.13699444311402084
image_3737,0.13699444311402084
image_3738,0.13699444311402084
image_3739,0.13699444311402084
image_3740,0.13699444311402084
image_3741,0.13699444311402084
image_3742,0.13699444311402084
image_3743,0.13699444311402084
image_3744,0.13699444311402084
image_3745,0.13699444311402084
image_3746,0.13699444311402084
image_3747,0.13699444311402084
image_3748,0.13699444311402084
image_3749,0.13699444311402084
image_3750,0.13699444311402084
image_3751,0.13699444311402084
image_3752,0.13699444311402084
image_3753,0.13699444311402084
image_3754,0.13699444311402084
image_3755,0.13699444311402084
image_3756,0.13699444311402084
image_3757,0.13699444311402084
image_3758,0.13699444311402084
image_3759,0.13699444311402084
image_3760,0.13699444311402084
image_3761,0.13699444311402084
image_3762,0.13699444311402084
image_3763,0.13699444311402084
image_3764,0.13699444311402084
image_3765,0.13699444311402084
image_3766,0.13699444311402084
image_3767,0.13699444311402084
image_3768,0.13699444311402084
image_3769,0.13699444311402084
image_3770,0.13699444311402084
image_3771,0.13699444311402084
image_3772,0.13699444311402084
image_3773,0.13699444311402084
image_3774,0.13699444311402084
image_3775,0.13699444311402084
image_3776,0.13699444311402084
image_3777,0.13699444311402084
image_3778,0.13699444311402084
image_3779,0.13699444311402084
image_3780,0.13699444311402084
image_3781,0.13699444311402084
image_3782,0.13699444311402084
image_3783,0.13699444311402084
image_3784,0.13699444311402084
image_3785,0.13699444311402084
image_3786,0.13699444311402084
image_3787,0.13699444311402084
image_3788,0.13699444311402084
image_3789,0.13699444311402084
image_3790,0.13699444311402084
image_3791,0.13699444311402084
image_3792,0.13699444311402084
image_3793,0.13699444311402084
image_3794,0.13699444311402084
image_3795,0.13699444311402084
image_3796,0.13699444311402084
image_3797,0.13699444311402084
image_3798,0.13699444311402084
image_3799,0.13699444311402084
image_3800,0.13699444311402084
image_3801,0.13699444311402084
image_3802,0.13699444311402084
image_3803,0.13699444311402084
image_3804,0.13699444311402084
image_3805,0.13699444311402084
image_3806,0.13699444311402084
image_3807,0.13699444311402084
image_3808,0.13699444311402084
image_3809,0.13699444311402084
image_3810,0.13699444311402084
image_3811,0.13699444311402084
image_3812,0.13699444311402084
image_3813,0.13699444311402084
image_3814,0.13699444311402084
image_3815,0.13699444311402084
image_3816,0.13699444311402084
image_3817,0.13699444311402084
image_3818,0.13699444311402084
image_3819,0.13699444311402084
image_3820,0.13699444311402084
image_3821,0.13699444311402084
image_3822,0.13699444311402084
image_3823,0.13699444311402084
image_3824,0.13699444311402084
image_3825,0.13699444311402084
image_3826,0.13699444311402084
image_3827,0.13699444311402084
image_3828,0.13699444311402084
image_3829,0.13699444311402084
image_3830,0.13699444311402084
image_3831,0.13699444311402084
image_3832,0.13699444311402084
image_3833,0.13699444311402084
image_3834,0.13699444311402084
image_3835,0.13699444311402084
image_3836,0.13699444311402084
image_3837,0.13699444311402084
image_3838,0.13699444311402084
image_3839,0.13699444311402084
image_3840,0.13699444311402084
image_3841,0.13699444311402084
image_3842,0.13699444311402084
image_3843,0.13699444311402084
image_3844,0.13699444311402084
image_3845,0.13699444311402084
image_3846,0.13699444311402084
image_3847,0.13699444311402084
image_3848,0.13699444311402084
image_3849,0.13699444311402084
image_3850,0.13699444311402084
image_3851,0.13699444311402084
image_3852,0.13699444311402084
image_3853,0.13699444311402084
image_3854,0.13699444311402084
image_3855,0.13699444311402084
image_3856,0.13699444311402084
image_3857,0.13699444311402084
image_3858,0.13699444311402084
image_3859,0.13699444311402084
image_3860,0.13699444311402084
image_3861,0.13699444311402084
image_3862,0.13699444311402084
image_3863,0.13699444311402084
image_3864,0.13699444311402084
image_3865,0.13699444311402084
image_3866,0.13699444311402084
image_3867,0.13699444311402084
image_3868,0.13699444311402084
image_3869,0.13699444311402084
image_3870,0.13699444311402084
image_3871,0.13699444311402084
image_3872,0.13699444311402084
image_3873,0.13699444311402084
image_3874,0.13699444311402084
image_3875,0.13699444311402084
image_3876,0.13699444311402084
image_3877,0.13699444311402084
image_3878,0.13699444311402084
image_3879,0.13699444311402084
image_3880,0.13699444311402084
image_3881,0.13699444311402084
image_3882,0.13699444311402084
image_3883,0.13699444311402084
image_3884,0.13699444311402084
image_3885,0.13699444311402084
image_3886,0.13699444311402084
image_3887,0.13699444311402084
image_3888,0.13699444311402084
image_3889,0.13699444311402084
image_3890,0.13699444311402084
image_3891,0.13699444311402084
image_3892,0.13699444311402084
image_3893,0.13699444311402084
image_3894,0.13699444311402084
image_3895,0.13699444311402084
image_3896,0.13699444311402084
image_3897,0.13699444311402084
image_3898,0.13699444311402084
image_3899,0.13699444311402084
image_3900,0.13699444311402084
image_3901,0.13699444311402084
image_3902,0.13699444311402084
image_3903,0.13699444311402084
image_3904,0.13699444311402084
image_3905,0.13699444311402084
image_3906,0.13699444311402084
image_3907,0.13699444311402084
image_3908,0.13699444311402084
image_3909,0.13699444311402084
image_3910,0.13699444311402084
image_3911,0.13699444311402084
image_3912,0.13699444311402084
image_3913,0.13699444311402084
image_3914,0.13699444311402084
image_3915,0.13699444311402084
image_3916,0.13699444311402084
image_3917,0.13699444311402084
image_3918,0.13699444311402084
image_3919,0.13699444311402084
image_3920,0.13699444311402084
image_3921,0.13699444311402084
image_3922,0.13699444311402084
image_3923,0.13699444311402084
image_3924,0.13699444311402084
image_3925,0.13699444311402084
image_3926,0.13699444311402084
image_3927,0.13699444311402084
image_3928,0.13699444311402084
image_3929,0.13699444311402084
image_3930,0.13699444311402084
image_3931,0.13699444311402084
image_3932,0.13699444311402084
image_3933,0.13699444311402084
image_3934,0.13699444311402084
image_3935,0.13699444311402084
image_3936,0.13699444311402084
image_3937,0.13699444311402084
image_3938,0.13699444311402084
image_3939,0.13699444311402084
image_3940,0.13699444311402084
image_3941,0.13699444311402084
image_3942,0.13699444311402084
image_3943,0.13699444311402084
image_3944,0.13699444311402084
image_3945,0.13699444311402084
image_3946,0.13699444311402084
image_3947,0.13699444311402084
image_3948,0.13699444311402084
image_3949,0.13699444311402084
image_3950,0.13699444311402084
image_3951,0.13699444311402084
image_3952,0.13699444311402084
image_3953,0.13699444311402084
image_3954,0.13699444311402084
image_3955,0.13699444311402084
image_3956,0.13699444311402084
image_3957,0.13699444311402084
image_3958,0.13699444311402084
image_3959,0.13699444311402084
image_3960,0.13699444311402084
image_3961,0.13699444311402084
image_3962,0.13699444311402084
image_3963,0.13699444311402084
image_3964,0.13699444311402084
image_3965,0.13699444311402084
image_3966,0.13699444311402084
image_3967,0.13699444311402084
image_3968,0.13699444311402084
image_3969,0.13699444311402084
image_3970,0.13699444311402084
image_3971,0.13699444311402084
image_3972,0.13699444311402084
image_3973,0.13699444311402084
image_3974,0.13699444311402084
image_3975,0.13699444311402084
image_3976,0.13699444311402084
image_3977,0.13699444311402084
image_3978,0.13699444311402084
image_3979,0.13699444311402084
image_3980,0.13699444311402084
image_3981,0.13699444311402084
image_3982,0.13699444311402084
image_3983,0.13699444311402084
image_3984,0.13699444311402084
image_3985,0.13699444311402084
image_3986,0.13699444311402084
image_3987,0.13699444311402084
image_3988,0.13699444311402084
image_3989,0.13699444311402084
image_3990,0.13699444311402084
image_3991,0.13699444311402084
image_3992,0.13699444311402084
image_3993,0.13699444311402084
image_3994,0.13699444311402084
image_3995,0.13699444311402084
image_3996,0.13699444311402084
image_3997,0.13699444311402084
image_3998,0.13699444311402084
image_3999,0.13699444311402084
image_4000,0.13699444311402084
image_4001,0.13699444311402084
image_4002,0.13699444311402084
image_4003,0.13699444311402084
image_4004,0.13699444311402084
image_4005,0.13699444311402084
image_4006,0.13699444311402084
image_4007,0.13699444311402084
image_4008,0.13699444311402084
image_4009,0.13699444311402084
image_4010,0.13699444311402084
image_4011,0.13699444311402084
image_4012,0.13699444311402084
image_4013,0.13699444311402084
image_4014,0.13699444311402084
image_4015,0.13699444311402084
image_4016,0.13699444311402084
image_4017,0.13699444311402084
image_4018,0.13699444311402084
image_4019,0.13699444311402084
image_4020,0.13699444311402084
image_4021,0.13699444311402084
image_4022,0.13699444311402084
image_4023,0.13699444311402084
image_4024,0.13699444311402084
image_4025,0.13699444311402084
image_4026,0.13699444311402084
image_4027,0.13699444311402084
image_4028,0.13699444311402084
image_4029,0.13699444311402084
image_4030,0.13699444311402084
image_4031,0.13699444311402084
image_4032,0.13699444311402084
image_4033,0.13699444311402084
image_4034,0.13699444311402084
image_4035,0.13699444311402084
image_4036,0.13699444311402084
image_4037,0.13699444311402084
image_4038,0.13699444311402084
image_4039,0.13699444311402084
image_4040,0.13699444311402084
image_4041,0.13699444311402084
image_4042,0.13699444311402084
image_4043,0.13699444311402084
image_4044,0.13699444311402084
image_4045,0.13699444311402084
image_4046,0.13699444311402084
image_4047,0.13699444311402084
image_4048,0.13699444311402084
image_4049,0.13699444311402084
image_4050,0.13699444311402084
image_4051,0.13699444311402084
image_4052,0.13699444311402084
image_4053,0.13699444311402084
image_4054,0.13699444311402084
image_4055,0.13699444311402084
image_4056,0.13699444311402084
image_4057,0.13699444311402084
image_4058,0.13699444311402084
image_4059,0.13699444311402084
image_4060,0.13699444311402084
image_4061,0.13699444311402084
image_4062,0.13699444311402084
image_4063,0.13699444311402084
image_4064,0.13699444311402084
image_4065,0.13699444311402084
image_4066,0.13699444311402084
image_4067,0.13699444311402084
image_4068,0.13699444311402084
image_4069,0.13699444311402084
image_4070,0.13699444311402084
image_4071,0.13699444311402084
image_4072,0.13699444311402084
image_4073,0.13699444311402084
image_4074,0.13699444311402084
image_4075,0.13699444311402084
image_4076,0.13699444311402084
image_4077,0.13699444311402084
image_4078,0.13699444311402084
image_4079,0.13699444311402084
image_4080,0.13699444311402084
image_4081,0.13699444311402084
image_4082,0.13699444311402084
image_4083,0.13699444311402084
image_4084,0.13699444311402084
image_4085,0.13699444311402084
image_4086,0.13699444311402084
image_4087,0.13699444311402084
image_4088,0.13699444311402084
image_4089,0.13699444311402084
image_4090,0.13699444311402084
image_4091,0.13699444311402084
image_4092,0.13699444311402084
image_4093,0.13699444311402084
image_4094,0.13699444311402084
image_4095,0.13699444311402084
image_4096,0.13699444311402084
image_4097,0.13699444311402084
image_4098,0.13699444311402084
image_4099,0.13699444311402084
image_4100,0.13699444311402084
image_4101,0.13699444311402084
image_4102,0.13699444311402084
image_4103,0.13699444311402084
image_4104,0.13699444311402084
image_4105,0.13699444311402084
image_4106,0.13699444311402084
image_4107,0.13699444311402084
image_4108,0.13699444311402084
image_4109,0.13699444311402084
image_4110,0.13699444311402084
image_4111,0.13699444311402084
image_4112,0.13699444311402084
image_4113,0.13699444311402084
image_4114,0.13699444311402084
image_4115,0.13699444311402084
image_4116,0.13699444311402084
image_4117,0.13699444311402084
image_4118,0.13699444311402084
image_4119,0.13699444311402084
image_4120,0.13699444311402084
image_4121,0.13699444311402084
image_4122,0.13699444311402084
image_4123,0.13699444311402084
image_4124,0.13699444311402084
image_4125,0.13699444311402084
image_4126,0.13699444311402084
image_4127,0.13699444311402084
image_4128,0.13699444311402084
image_4129,0.13699444311402084
image_4130,0.13699444311402084
image_4131,0.13699444311402084
image_4132,0.13699444311402084
image_4133,0.13699444311402084
image_4134,0.13699444311402084
image_4135,0.13699444311402084
image_4136,0.13699444311402084
image_4137,0.13699444311402084
image_4138,0.13699444311402084
image_4139,0.13699444311402084
image_4140,0.13699444311402084
image_4141,0.13699444311402084
image_4142,0.13699444311402084
image_4143,0.13699444311402084
image_4144,0.13699444311402084
image_4145,0.13699444311402084
image_4146,0.13699444311402084
image_4147,0.13699444311402084
image_4148,0.13699444311402084
image_4149,0.13699444311402084
image_4150,0.13699444311402084
image_4151,0.13699444311402084
image_4152,0.13699444311402084
image_4153,0.13699444311402084
image_4154,0.13699444311402084
image_4155,0.13699444311402084
image_4156,0.13699444311402084
image_4157,0.13699444311402084
image_4158,0.13699444311402084
image_4159,0.13699444311402084
image_4160,0.13699444311402084
image_4161,0.13699444311402084
image_4162,0.13699444311402084
image_4163,0.13699444311402084
image_4164,0.13699444311402084
image_4165,0.13699444311402084
image_4166,0.13699444311402084
image_4167,0.13699444311402084
image_4168,0.13699444311402084
image_4169,0.13699444311402084
image_4170,0.13699444311402084
image_4171,0.13699444311402084
image_4172,0.13699444311402084
image_4173,0.13699444311402084
image_4174,0.13699444311402084
image_4175,0.13699444311402084
image_4176,0.13699444311402084
image_4177,0.13699444311402084
image_4178,0.13699444311402084
image_4179,0.13699444311402084
image_4180,0.13699444311402084
image_4181,0.13699444311402084
image_4182,0.13699444311402084
image_4183,0.13699444311402084
image_4184,0.13699444311402084
image_4185,0.13699444311402084
image_4186,0.13699444311402084
image_4187,0.13699444311402084
image_4188,0.13699444311402084
image_4189,0.13699444311402084
image_4190,0.13699444311402084
image_4191,0.13699444311402084
image_4192,0.13699444311402084
image_4193,0.13699444311402084
image_4194,0.13699444311402084
image_4195,0.13699444311402084
image_4196,0.13699444311402084
image_4197,0.13699444311402084
image_4198,0.13699444311402084
image_4199,0.13699444311402084
image_4200,0.13699444311402084
image_4201,0.13699444311402084
image_4202,0.13699444311402084
image_4203,0.13699444311402084
image_4204,0.13699444311402084
image_4205,0.13699444311402084
image_4206,0.13699444311402084
image_4207,0.13699444311402084
image_4208,0.13699444311402084
image_4209,0.13699444311402084
image_4210,0.13699444311402084
image_4211,0.13699444311402084
image_4212,0.13699444311402084
image_4213,0.13699444311402084
image_4214,0.13699444311402084
image_4215,0.13699444311402084
image_4216,0.13699444311402084
image_4217,0.13699444311402084
image_4218,0.13699444311402084
image_4219,0.13699444311402084
image_4220,0.13699444311402084
image_4221,0.13699444311402084
image_4222,0.13699444311402084
image_4223,0.13699444311402084
image_4224,0.13699444311402084
image_4225,0.13699444311402084
image_4226,0.13699444311402084
image_4227,0.13699444311402084
image_4228,0.13699444311402084
image_4229,0.13699444311402084
image_4230,0.13699444311402084
image_4231,0.13699444311402084
image_4232,0.13699444311402084
image_4233,0.13699444311402084
image_4234,0.13699444311402084
image_4235,0.13699444311402084
image_4236,0.13699444311402084
image_4237,0.13699444311402084
image_4238,0.13699444311402084
image_4239,0.13699444311402084
image_4240,0.13699444311402084
image_4241,0.13699444311402084
image_4242,0.13699444311402084
image_4243,0.13699444311402084
image_4244,0.13699444311402084
image_4245,0.13699444311402084
image_4246,0.13699444311402084
image_4247,0.13699444311402084
image_4248,0.13699444311402084
image_4249,0.13699444311402084
image_4250,0.13699444311402084
image_4251,0.13699444311402084
image_4252,0.13699444311402084
image_4253,0.13699444311402084
image_4254,0.13699444311402084
image_4255,0.13699444311402084
image_4256,0.13699444311402084
image_4257,0.13699444311402084
image_4258,0.13699444311402084
image_4259,0.13699444311402084
image_4260,0.13699444311402084
image_4261,0.13699444311402084
image_4262,0.13699444311402084
image_4263,0.13699444311402084
image_4264,0.13699444311402084
image_4265,0.13699444311402084
image_4266,0.13699444311402084
image_4267,0.13699444311402084
image_4268,0.13699444311402084
image_4269,0.13699444311402084
image_4270,0.13699444311402084
image_4271,0.13699444311402084
image_4272,0.13699444311402084
image_4273,0.13699444311402084
image_4274,0.13699444311402084
image_4275,0.13699444311402084
image_4276,0.13699444311402084
image_4277,0.13699444311402084
image_4278,0.13699444311402084
image_4279,0.13699444311402084
image_4280,0.13699444311402084
image_4281,0.13699444311402084
image_4282,0.13699444311402084
image_4283,0.13699444311402084
image_4284,0.13699444311402084
image_4285,0.13699444311402084
image_4286,0.13699444311402084
image_4287,0.13699444311402084
image_4288,0.13699444311402084
image_4289,0.13699444311402084
image_4290,0.13699444311402084
image_4291,0.13699444311402084
image_4292,0.13699444311402084
image_4293,0.13699444311402084
image_4294,0.13699444311402084
image_4295,0.13699444311402084
image_4296,0.13699444311402084
image_4297,0.13699444311402084
image_4298,0.13699444311402084
image_4299,0.13699444311402084
image_4300,0.13699444311402084
image_4301,0.13699444311402084
image_4302,0.13699444311402084
image_4303,0.13699444311402084
image_4304,0.13699444311402084
image_4305,0.13699444311402084
image_4306,0.13699444311402084
image_4307,0.13699444311402084
image_4308,0.13699444311402084
image_4309,0.13699444311402084
image_4310,0.13699444311402084
image_4311,0.13699444311402084
image_4312,0.13699444311402084
image_4313,0.13699444311402084
image_4314,0.13699444311402084
image_4315,0.13699444311402084
image_4316,0.13699444311402084
image_4317,0.13699444311402084
image_4318,0.13699444311402084
image_4319,0.13699444311402084
image_4320,0.13699444311402084
image_4321,0.13699444311402084
image_4322,0.13699444311402084
image_4323,0.13699444311402084
image_4324,0.13699444311402084
image_4325,0.13699444311402084
image_4326,0.13699444311402084
image_4327,0.13699444311402084
image_4328,0.13699444311402084
image_4329,0.13699444311402084
image_4330,0.13699444311402084
image_4331,0.13699444311402084
image_4332,0.13699444311402084
image_4333,0.13699444311402084
image_4334,0.13699444311402084
image_4335,0.13699444311402084
image_4336,0.13699444311402084
image_4337,0.13699444311402084
image_4338,0.13699444311402084
image_4339,0.13699444311402084
image_4340,0.13699444311402084
image_4341,0.13699444311402084
image_4342,0.13699444311402084
image_4343,0.13699444311402084
image_4344,0.13699444311402084
image_4345,0.13699444311402084
image_4346,0.13699444311402084
image_4347,0.13699444311402084
image_4348,0.13699444311402084
image_4349,0.13699444311402084
image_4350,0.13699444311402084
image_4351,0.13699444311402084
image_4352,0.13699444311402084
image_4353,0.13699444311402084
image_4354,0.13699444311402084
image_4355,0.13699444311402084
image_4356,0.13699444311402084
image_4357,0.13699444311402084
image_4358,0.13699444311402084
image_4359,0.13699444311402084
image_4360,0.13699444311402084
image_4361,0.13699444311402084
image_4362,0.13699444311402084
image_4363,0.13699444311402084
image_4364,0.13699444311402084
image_4365,0.13699444311402084
image_4366,0.13699444311402084
image_4367,0.13699444311402084
image_4368,0.13699444311402084
image_4369,0.13699444311402084
image_4370,0.13699444311402084
image_4371,0.13699444311402084
image_4372,0.13699444311402084
image_4373,0.13699444311402084
image_4374,0.13699444311402084
image_4375,0.13699444311402084
image_4376,0.13699444311402084
image_4377,0.13699444311402084
image_4378,0.13699444311402084
image_4379,0.13699444311402084
image_4380,0.13699444311402084
image_4381,0.13699444311402084
image_4382,0.13699444311402084
image_4383,0.13699444311402084
image_4384,0.13699444311402084
image_4385,0.13699444311402084
image_4386,0.13699444311402084
image_4387,0.13699444311402084
image_4388,0.13699444311402084
image_4389,0.13699444311402084
image_4390,0.13699444311402084
image_4391,0.13699444311402084
image_4392,0.13699444311402084
image_4393,0.13699444311402084
image_4394,0.13699444311402084
image_4395,0.13699444311402084
image_4396,0.13699444311402084
image_4397,0.13699444311402084
image_4398,0.13699444311402084
image_4399,0.13699444311402084
image_4400,0.13699444311402084
image_4401,0.13699444311402084
image_4402,0.13699444311402084
image_4403,0.13699444311402084
image_4404,0.13699444311402084
image_4405,0.13699444311402084
image_4406,0.13699444311402084
image_4407,0.13699444311402084
image_4408,0.13699444311402084
image_4409,0.13699444311402084
image_4410,0.13699444311402084
image_4411,0.13699444311402084
image_4412,0.13699444311402084
image_4413,0.13699444311402084
image_4414,0.13699444311402084
image_4415,0.13699444311402084
image_4416,0.13699444311402084
image_4417,0.13699444311402084
image_4418,0.13699444311402084
image_4419,0.13699444311402084
image_4420,0.13699444311402084
image_4421,0.13699444311402084
image_4422,0.13699444311402084
image_4423,0.13699444311402084
image_4424,0.13699444311402084
image_4425,0.13699444311402084
image_4426,0.13699444311402084
image_4427,0.13699444311402084
image_4428,0.13699444311402084
image_4429,0.13699444311402084
image_4430,0.13699444311402084
image_4431,0.13699444311402084
image_4432,0.13699444311402084
image_4433,0.13699444311402084
image_4434,0.13699444311402084
image_4435,0.13699444311402084
image_4436,0.13699444311402084
image_4437,0.13699444311402084
image_4438,0.13699444311402084
image_4439,0.13699444311402084
image_4440,0.13699444311402084
image_4441,0.13699444311402084
image_4442,0.13699444311402084
image_4443,0.13699444311402084
image_4444,0.13699444311402084
image_4445,0.13699444311402084
image_4446,0.13699444311402084
image_4447,0.13699444311402084
image_4448,0.13699444311402084
image_4449,0.13699444311402084
image_4450,0.13699444311402084
image_4451,0.13699444311402084
image_4452,0.13699444311402084
image_4453,0.13699444311402084
image_4454,0.13699444311402084
image_4455,0.13699444311402084
image_4456,0.13699444311402084
image_4457,0.13699444311402084
image_4458,0.13699444311402084
image_4459,0.13699444311402084
image_4460,0.13699444311402084
image_4461,0.13699444311402084
image_4462,0.13699444311402084
image_4463,0.13699444311402084
image_4464,0.13699444311402084
image_4465,0.13699444311402084
image_4466,0.13699444311402084
image_4467,0.13699444311402084
image_4468,0.13699444311402084
image_4469,0.13699444311402084
image_4470,0.13699444311402084
image_4471,0.13699444311402084
image_4472,0.13699444311402084
image_4473,0.13699444311402084
image_4474,0.13699444311402084
image_4475,0.13699444311402084
image_4476,0.13699444311402084
image_4477,0.13699444311402084
image_4478,0.13699444311402084
image_4479,0.13699444311402084
image_4480,0.13699444311402084
image_4481,0.13699444311402084
image_4482,0.13699444311402084
image_4483,0.13699444311402084
image_4484,0.13699444311402084
image_4485,0.13699444311402084
image_4486,0.13699444311402084
image_4487,0.13699444311402084
image_4488,0.13699444311402084
image_4489,0.13699444311402084
image_4490,0.13699444311402084
image_4491,0.13699444311402084
image_4492,0.13699444311402084
image_4493,0.13699444311402084
image_4494,0.13699444311402084
image_4495,0.13699444311402084
image_4496,0.13699444311402084
image_4497,0.13699444311402084
image_4498,0.13699444311402084
image_4499,0.13699444311402084
image_4500,0.13699444311402084
image_4501,0.13699444311402084
image_4502,0.13699444311402084
image_4503,0.13699444311402084
image_4504,0.13699444311402084
image_4505,0.13699444311402084
image_4506,0.13699444311402084
image_4507,0.13699444311402084
image_4508,0.13699444311402084
image_4509,0.13699444311402084
image_4510,0.13699444311402084
image_4511,0.13699444311402084
image_4512,0.13699444311402084
image_4513,0.13699444311402084
image_4514,0.13699444311402084
image_4515,0.13699444311402084
image_4516,0.13699444311402084
image_4517,0.13699444311402084
image_4518,0.13699444311402084
image_4519,0.13699444311402084
image_4520,0.13699444311402084
image_4521,0.13699444311402084
image_4522,0.13699444311402084
image_4523,0.13699444311402084
image_4524,0.13699444311402084
image_4525,0.13699444311402084
image_4526,0.13699444311402084
image_4527,0.13699444311402084
image_4528,0.13699444311402084
image_4529,0.13699444311402084
image_4530,0.13699444311402084
image_4531,0.13699444311402084
image_4532,0.13699444311402084
image_4533,0.13699444311402084
image_4534,0.13699444311402084
image_4535,0.13699444311402084
image_4536,0.13699444311402084
image_4537,0.13699444311402084
image_4538,0.13699444311402084
image_4539,0.13699444311402084
image_4540,0.13699444311402084
image_4541,0.13699444311402084
image_4542,0.13699444311402084
image_4543,0.13699444311402084
image_4544,0.13699444311402084
image_4545,0.13699444311402084
image_4546,0.13699444311402084
image_4547,0.13699444311402084
image_4548,0.13699444311402084
image_4549,0.13699444311402084
image_4550,0.13699444311402084
image_4551,0.13699444311402084
image_4552,0.13699444311402084
image_4553,0.13699444311402084
image_4554,0.13699444311402084
image_4555,0.13699444311402084
image_4556,0.13699444311402084
image_4557,0.13699444311402084
image_4558,0.13699444311402084
image_4559,0.13699444311402084
image_4560,0.13699444311402084
image_4561,0.13699444311402084
image_4562,0.13699444311402084
image_4563,0.13699444311402084
image_4564,0.13699444311402084
image_4565,0.13699444311402084
image_4566,0.13699444311402084
image_4567,0.13699444311402084
image_4568,0.13699444311402084
image_4569,0.13699444311402084
image_4570,0.13699444311402084
image_4571,0.13699444311402084
image_4572,0.13699444311402084
image_4573,0.13699444311402084
image_4574,0.13699444311402084
image_4575,0.13699444311402084
image_4576,0.13699444311402084
image_4577,0.13699444311402084
image_4578,0.13699444311402084
image_4579,0.13699444311402084
image_4580,0.13699444311402084
image_4581,0.13699444311402084
image_4582,0.13699444311402084
image_4583,0.13699444311402084
image_4584,0.13699444311402084
image_4585,0.13699444311402084
image_4586,0.13699444311402084
image_4587,0.13699444311402084
image_4588,0.13699444311402084
image_4589,0.13699444311402084
image_4590,0.13699444311402084
image_4591,0.13699444311402084
image_4592,0.13699444311402084
image_4593,0.13699444311402084
image_4594,0.13699444311402084
image_4595,0.13699444311402084
image_4596,0.13699444311402084
image_4597,0.13699444311402084
image_4598,0.13699444311402084
image_4599,0.13699444311402084
image_4600,0.13699444311402084
image_4601,0.13699444311402084
image_4602,0.13699444311402084
image_4603,0.13699444311402084
image_4604,0.13699444311402084
image_4605,0.13699444311402084
image_4606,0.13699444311402084
image_4607,0.13699444311402084
image_4608,0.13699444311402084
image_4609,0.13699444311402084
image_4610,0.13699444311402084
image_4611,0.13699444311402084
image_4612,0.13699444311402084
image_4613,0.13699444311402084
image_4614,0.13699444311402084
image_4615,0.13699444311402084
image_4616,0.13699444311402084
image_4617,0.13699444311402084
image_4618,0.13699444311402084
image_4619,0.13699444311402084
image_4620,0.13699444311402084
image_4621,0.13699444311402084
image_4622,0.13699444311402084
image_4623,0.13699444311402084
image_4624,0.13699444311402084
image_4625,0.13699444311402084
image_4626,0.13699444311402084
image_4627,0.13699444311402084
image_4628,0.13699444311402084
image_4629,0.13699444311402084
image_4630,0.13699444311402084
image_4631,0.13699444311402084
image_4632,0.13699444311402084
image_4633,0.13699444311402084
image_4634,0.13699444311402084
image_4635,0.13699444311402084
image_4636,0.13699444311402084
image_4637,0.13699444311402084
image_4638,0.13699444311402084
image_4639,0.13699444311402084
image_4640,0.13699444311402084
image_4641,0.13699444311402084
image_4642,0.13699444311402084
image_4643,0.13699444311402084
image_4644,0.13699444311402084
image_4645,0.13699444311402084
image_4646,0.13699444311402084
image_4647,0.13699444311402084
image_4648,0.13699444311402084
image_4649,0.13699444311402084
image_4650,0.13699444311402084
image_4651,0.13699444311402084
image_4652,0.13699444311402084
image_4653,0.13699444311402084
image_4654,0.13699444311402084
image_4655,0.13699444311402084
image_4656,0.13699444311402084
image_4657,0.13699444311402084
image_4658,0.13699444311402084
image_4659,0.13699444311402084
image_4660,0.13699444311402084
image_4661,0.13699444311402084
image_4662,0.13699444311402084
image_4663,0.13699444311402084
image_4664,0.13699444311402084
image_4665,0.13699444311402084
image_4666,0.13699444311402084
image_4667,0.13699444311402084
image_4668,0.13699444311402084
image_4669,0.13699444311402084
image_4670,0.13699444311402084
image_4671,0.13699444311402084
image_4672,0.13699444311402084
image_4673,0.13699444311402084
image_4674,0.13699444311402084
image_4675,0.13699444311402084
image_4676,0.13699444311402084
image_4677,0.13699444311402084
image_4678,0.13699444311402084
image_4679,0.13699444311402084
image_4680,0.13699444311402084
image_4681,0.13699444311402084
image_4682,0.13699444311402084
image_4683,0.13699444311402084
image_4684,0.13699444311402084
image_4685,0.13699444311402084
image_4686,0.13699444311402084
image_4687,0.13699444311402084
image_4688,0.13699444311402084
image_4689,0.13699444311402084
image_4690,0.13699444311402084
image_4691,0.13699444311402084
image_4692,0.13699444311402084
image_4693,0.13699444311402084
image_4694,0.13699444311402084
image_4695,0.13699444311402084
image_4696,0.13699444311402084
image_4697,0.13699444311402084
image_4698,0.13699444311402084
image_4699,0.13699444311402084
image_4700,0.13699444311402084
image_4701,0.13699444311402084
image_4702,0.13699444311402084
image_4703,0.13699444311402084
image_4704,0.13699444311402084
image_4705,0.13699444311402084
image_4706,0.13699444311402084
image_4707,0.13699444311402084
image_4708,0.13699444311402084
image_4709,0.13699444311402084
image_4710,0.13699444311402084
image_4711,0.13699444311402084
image_4712,0.13699444311402084
image_4713,0.13699444311402084
image_4714,0.13699444311402084
image_4715,0.13699444311402084
image_4716,0.13699444311402084
image_4717,0.13699444311402084
image_4718,0.13699444311402084
image_4719,0.13699444311402084
image_4720,0.13699444311402084
image_4721,0.13699444311402084
image_4722,0.13699444311402084
image_4723,0.13699444311402084
image_4724,0.13699444311402084
image_4725,0.13699444311402084
image_4726,0.13699444311402084
image_4727,0.13699444311402084
image_4728,0.13699444311402084
image_4729,0.13699444311402084
image_4730,0.13699444311402084
image_4731,0.13699444311402084
image_4732,0.13699444311402084
image_4733,0.13699444311402084
image_4734,0.13699444311402084
image_4735,0.13699444311402084
image_4736,0.13699444311402084
image_4737,0.13699444311402084
image_4738,0.13699444311402084
image_4739,0.13699444311402084
image_4740,0.13699444311402084
image_4741,0.13699444311402084
image_4742,0.13699444311402084
image_4743,0.13699444311402084
image_4744,0.13699444311402084
image_4745,0.13699444311402084
image_4746,0.13699444311402084
image_4747,0.13699444311402084
image_4748,0.13699444311402084
image_4749,0.13699444311402084
image_4750,0.13699444311402084
image_4751,0.13699444311402084
image_4752,0.13699444311402084
image_4753,0.13699444311402084
image_4754,0.13699444311402084
image_4755,0.13699444311402084
image_4756,0.13699444311402084
image_4757,0.13699444311402084
image_4758,0.13699444311402084
image_4759,0.13699444311402084
image_4760,0.13699444311402084
image_4761,0.13699444311402084
image_4762,0.13699444311402084
image_4763,0.13699444311402084
image_4764,0.13699444311402084
image_4765,0.13699444311402084
image_4766,0.13699444311402084
image_4767,0.13699444311402084
image_4768,0.13699444311402084
image_4769,0.13699444311402084
image_4770,0.13699444311402084
image_4771,0.13699444311402084
image_4772,0.13699444311402084
image_4773,0.13699444311402084
image_4774,0.13699444311402084
image_4775,0.13699444311402084
image_4776,0.13699444311402084
image_4777,0.13699444311402084
image_4778,0.13699444311402084
image_4779,0.13699444311402084
image_4780,0.13699444311402084
image_4781,0.13699444311402084
image_4782,0.13699444311402084
image_4783,0.13699444311402084
image_4784,0.13699444311402084
image_4785,0.13699444311402084
image_4786,0.13699444311402084
image_4787,0.13699444311402084
image_4788,0.13699444311402084
image_4789,0.13699444311402084
image_4790,0.13699444311402084
image_4791,0.13699444311402084
image_4792,0.13699444311402084
image_4793,0.13699444311402084
image_4794,0.13699444311402084
image_4795,0.13699444311402084
image_4796,0.13699444311402084
image_4797,0.13699444311402084
image_4798,0.13699444311402084
image_4799,0.13699444311402084
image_4800,0.13699444311402084
image_4801,0.13699444311402084
image_4802,0.13699444311402084
image_4803,0.13699444311402084
image_4804,0.13699444311402084
image_4805,0.13699444311402084
image_4806,0.13699444311402084
image_4807,0.13699444311402084
image_4808,0.13699444311402084
image_4809,0.13699444311402084
image_4810,0.13699444311402084
image_4811,0.13699444311402084
image_4812,0.13699444311402084
image_4813,0.13699444311402084
image_4814,0.13699444311402084
image_4815,0.13699444311402084
image_4816,0.13699444311402084
image_4817,0.13699444311402084
image_4818,0.13699444311402084
image_4819,0.13699444311402084
image_4820,0.13699444311402084
image_4821,0.13699444311402084
image_4822,0.13699444311402084
image_4823,0.13699444311402084
image_4824,0.13699444311402084
image_4825,0.13699444311402084
image_4826,0.13699444311402084
image_4827,0.13699444311402084
image_4828,0.13699444311402084
image_4829,0.13699444311402084
image_4830,0.13699444311402084
image_4831,0.13699444311402084
image_4832,0.13699444311402084
image_4833,0.13699444311402084
image_4834,0.13699444311402084
image_4835,0.13699444311402084
image_4836,0.13699444311402084
image_4837,0.13699444311402084
image_4838,0.13699444311402084
image_4839,0.13699444311402084
image_4840,0.13699444311402084
image_4841,0.13699444311402084
image_4842,0.13699444311402084
image_4843,0.13699444311402084
image_4844,0.13699444311402084
image_4845,0.13699444311402084
image_4846,0.13699444311402084
image_4847,0.13699444311402084
image_4848,0.13699444311402084
image_4849,0.13699444311402084
image_4850,0.13699444311402084
image_4851,0.13699444311402084
image_4852,0.13699444311402084
image_4853,0.13699444311402084
image_4854,0.13699444311402084
image_4855,0.13699444311402084
image_4856,0.13699444311402084
image_4857,0.13699444311402084
image_4858,0.13699444311402084
image_4859,0.13699444311402084
image_4860,0.13699444311402084
image_4861,0.13699444311402084
image_4862,0.13699444311402084
image_4863,0.13699444311402084
image_4864,0.13699444311402084
image_4865,0.13699444311402084
image_4866,0.13699444311402084
image_4867,0.13699444311402084
image_4868,0.13699444311402084
image_4869,0.13699444311402084
image_4870,0.13699444311402084
image_4871,0.13699444311402084
image_4872,0.13699444311402084
image_4873,0.13699444311402084
image_4874,0.13699444311402084
image_4875,0.13699444311402084
image_4876,0.13699444311402084
image_4877,0.13699444311402084
image_4878,0.13699444311402084
image_4879,0.13699444311402084
image_4880,0.13699444311402084
image_4881,0.13699444311402084
image_4882,0.13699444311402084
image_4883,0.13699444311402084
image_4884,0.13699444311402084
image_4885,0.13699444311402084
image_4886,0.13699444311402084
image_4887,0.13699444311402084
image_4888,0.13699444311402084
image_4889,0.13699444311402084
image_4890,0.13699444311402084
image_4891,0.13699444311402084
image_4892,0.13699444311402084
image_4893,0.13699444311402084
image_4894,0.13699444311402084
image_4895,0.13699444311402084
image_4896,0.13699444311402084
image_4897,0.13699444311402084
image_4898,0.13699444311402084
image_4899,0.13699444311402084
image_4900,0.13699444311402084
image_4901,0.13699444311402084
image_4902,0.13699444311402084
image_4903,0.13699444311402084
image_4904,0.13699444311402084
image_4905,0.13699444311402084
image_4906,0.13699444311402084
image_4907,0.13699444311402084
image_4908,0.13699444311402084
image_4909,0.13699444311402084
image_4910,0.13699444311402084
image_4911,0.13699444311402084
image_4912,0.13699444311402084
image_4913,0.13699444311402084
image_4914,0.13699444311402084
image_4915,0.13699444311402084
image_4916,0.13699444311402084
image_4917,0.13699444311402084
image_4918,0.13699444311402084
image_4919,0.13699444311402084
image_4920,0.13699444311402084
image_4921,0.13699444311402084
image_4922,0.13699444311402084
image_4923,0.13699444311402084
image_4924,0.13699444311402084
image_4925,0.13699444311402084
image_4926,0.13699444311402084
image_4927,0.13699444311402084
image_4928,0.13699444311402084
image_4929,0.13699444311402084
image_4930,0.13699444311402084
image_4931,0.13699444311402084
image_4932,0.13699444311402084
image_4933,0.13699444311402084
image_4934,0.13699444311402084
image_4935,0.13699444311402084
image_4936,0.13699444311402084
image_4937,0.13699444311402084
image_4938,0.13699444311402084
image_4939,0.13699444311402084
image_4940,0.13699444311402084
image_4941,0.13699444311402084
image_4942,0.13699444311402084
image_4943,0.13699444311402084
image_4944,0.13699444311402084
image_4945,0.13699444311402084
image_4946,0.13699444311402084
image_4947,0.13699444311402084
image_4948,0.13699444311402084
image_4949,0.13699444311402084
image_4950,0.13699444311402084
image_4951,0.13699444311402084
image_4952,0.13699444311402084
image_4953,0.13699444311402084
image_4954,0.13699444311402084
image_4955,0.13699444311402084
image_4956,0.13699444311402084
image_4957,0.13699444311402084
image_4958,0.13699444311402084
image_4959,0.13699444311402084
image_4960,0.13699444311402084
image_4961,0.13699444311402084
image_4962,0.13699444311402084
image_4963,0.13699444311402084
image_4964,0.13699444311402084
image_4965,0.13699444311402084
image_4966,0.13699444311402084
image_4967,0.13699444311402084
image_4968,0.13699444311402084
image_4969,0.13699444311402084
image_4970,0.13699444311402084
image_4971,0.13699444311402084
image_4972,0.13699444311402084
image_4973,0.13699444311402084
image_4974,0.13699444311402084
image_4975,0.13699444311402084
image_4976,0.13699444311402084
image_4977,0.13699444311402084
image_4978,0.13699444311402084
image_4979,0.13699444311402084
image_4980,0.13699444311402084
image_4981,0.13699444311402084
image_4982,0.13699444311402084
image_4983,0.13699444311402084
image_4984,0.13699444311402084
image_4985,0.13699444311402084
image_4986,0.13699444311402084
image_4987,0.13699444311402084
image_4988,0.13699444311402084
image_4989,0.13699444311402084
image_4990,0.13699444311402084
image_4991,0.13699444311402084
image_4992,0.13699444311402084
image_4993,0.13699444311402084
image_4994,0.13699444311402084
image_4995,0.13699444311402084
image_4996,0.13699444311402084
image_4997,0.13699444311402084
image_4998,0.13699444311402084
image_4999,0.13699444311402084
image_5000,0.13699444311402084
image_5001,0.13699444311402084
image_5002,0.13699444311402084
image_5003,0.13699444311402084
image_5004,0.13699444311402084
image_5005,0.13699444311402084
image_5006,0.13699444311402084
image_5007,0.13699444311402084
image_5008,0.13699444311402084
image_5009,0.13699444311402084
image_5010,0.13699444311402084
image_5011,0.13699444311402084
image_5012,0.13699444311402084
image_5013,0.13699444311402084
image_5014,0.13699444311402084
image_5015,0.13699444311402084
image_5016,0.13699444311402084
image_5017,0.13699444311402084
image_5018,0.13699444311402084
image_5019,0.13699444311402084
image_5020,0.13699444311402084
image_5021,0.13699444311402084
image_5022,0.13699444311402084
image_5023,0.13699444311402084
image_5024,0.13699444311402084
image_5025,0.13699444311402084
image_5026,0.13699444311402084
image_5027,0.13699444311402084
image_5028,0.13699444311402084
image_5029,0.13699444311402084
image_5030,0.13699444311402084
image_5031,0.13699444311402084
image_5032,0.13699444311402084
image_5033,0.13699444311402084
image_5034,0.13699444311402084
image_5035,0.13699444311402084
image_5036,0.13699444311402084
image_5037,0.13699444311402084
image_5038,0.13699444311402084
image_5039,0.13699444311402084
image_5040,0.13699444311402084
image_5041,0.13699444311402084
image_5042,0.13699444311402084
image_5043,0.13699444311402084
image_5044,0.13699444311402084
image_5045,0.13699444311402084
image_5046,0.13699444311402084
image_5047,0.13699444311402084
image_5048,0.13699444311402084
image_5049,0.13699444311402084
image_5050,0.13699444311402084
image_5051,0.13699444311402084
image_5052,0.13699444311402084
image_5053,0.13699444311402084
image_5054,0.13699444311402084
image_5055,0.13699444311402084
image_5056,0.13699444311402084
image_5057,0.13699444311402084
image_5058,0.13699444311402084
image_5059,0.13699444311402084
image_5060,0.13699444311402084
image_5061,0.13699444311402084
image_5062,0.13699444311402084
image_5063,0.13699444311402084
image_5064,0.13699444311402084
image_5065,0.13699444311402084
image_5066,0.13699444311402084
image_5067,0.13699444311402084
image_5068,0.13699444311402084
image_5069,0.13699444311402084
image_5070,0.13699444311402084
image_5071,0.13699444311402084
image_5072,0.13699444311402084
image_5073,0.13699444311402084
image_5074,0.13699444311402084
image_5075,0.13699444311402084
image_5076,0.13699444311402084
image_5077,0.13699444311402084
image_5078,0.13699444311402084
image_5079,0.13699444311402084
image_5080,0.13699444311402084
image_5081,0.13699444311402084
image_5082,0.13699444311402084
image_5083,0.13699444311402084
image_5084,0.13699444311402084
image_5085,0.13699444311402084
image_5086,0.13699444311402084
image_5087,0.13699444311402084
image_5088,0.13699444311402084
image_5089,0.13699444311402084
image_5090,0.13699444311402084
image_5091,0.13699444311402084
image_5092,0.13699444311402084
image_5093,0.13699444311402084
image_5094,0.13699444311402084
image_5095,0.13699444311402084
image_5096,0.13699444311402084
image_5097,0.13699444311402084
image_5098,0.13699444311402084
image_5099,0.13699444311402084
image_5100,0.13699444311402084
image_5101,0.13699444311402084
image_5102,0.13699444311402084
image_5103,0.13699444311402084
image_5104,0.13699444311402084
image_5105,0.13699444311402084
image_5106,0.13699444311402084
image_5107,0.13699444311402084
image_5108,0.13699444311402084
image_5109,0.13699444311402084
image_5110,0.13699444311402084
image_5111,0.13699444311402084
image_5112,0.13699444311402084
image_5113,0.13699444311402084
image_5114,0.13699444311402084
image_5115,0.13699444311402084
image_5116,0.13699444311402084
image_5117,0.13699444311402084
image_5118,0.13699444311402084
image_5119,0.13699444311402084
image_5120,0.13699444311402084
image_5121,0.13699444311402084
image_5122,0.13699444311402084
image_5123,0.13699444311402084
image_5124,0.13699444311402084
image_5125,0.13699444311402084
image_5126,0.13699444311402084
image_5127,0.13699444311402084
image_5128,0.13699444311402084
image_5129,0.13699444311402084
image_5130,0.13699444311402084
image_5131,0.13699444311402084
image_5132,0.13699444311402084
image_5133,0.13699444311402084
image_5134,0.13699444311402084
image_5135,0.13699444311402084
image_5136,0.13699444311402084
image_5137,0.13699444311402084
image_5138,0.13699444311402084
image_5139,0.13699444311402084
image_5140,0.13699444311402084
image_5141,0.13699444311402084
image_5142,0.13699444311402084
image_5143,0.13699444311402084
image_5144,0.13699444311402084
image_5145,0.13699444311402084
image_5146,0.13699444311402084
image_5147,0.13699444311402084
image_5148,0.13699444311402084
image_5149,0.13699444311402084
image_5150,0.13699444311402084
image_5151,0.13699444311402084
image_5152,0.13699444311402084
image_5153,0.13699444311402084
image_5154,0.13699444311402084
image_5155,0.13699444311402084
image_5156,0.13699444311402084
image_5157,0.13699444311402084
image_5158,0.13699444311402084
image_5159,0.13699444311402084
image_5160,0.13699444311402084
image_5161,0.13699444311402084
image_5162,0.13699444311402084
image_5163,0.13699444311402084
image_5164,0.13699444311402084
image_5165,0.13699444311402084
image_5166,0.13699444311402084
image_5167,0.13699444311402084
image_5168,0.13699444311402084
image_5169,0.13699444311402084
image_5170,0.13699444311402084
image_5171,0.13699444311402084
image_5172,0.13699444311402084
image_5173,0.13699444311402084
image_5174,0.13699444311402084
image_5175,0.13699444311402084
image_5176,0.13699444311402084
image_5177,0.13699444311402084
image_5178,0.13699444311402084
image_5179,0.13699444311402084
image_5180,0.13699444311402084
image_5181,0.13699444311402084
image_5182,0.13699444311402084
image_5183,0.13699444311402084
image_5184,0.13699444311402084
image_5185,0.13699444311402084
image_5186,0.13699444311402084
image_5187,0.13699444311402084
image_5188,0.13699444311402084
image_5189,0.13699444311402084
image_5190,0.13699444311402084
image_5191,0.13699444311402084
image_5192,0.13699444311402084
image_5193,0.13699444311402084
image_5194,0.13699444311402084
image_5195,0.13699444311402084
image_5196,0.13699444311402084
image_5197,0.13699444311402084
image_5198,0.13699444311402084
image_5199,0.13699444311402084
image_5200,0.13699444311402084
image_5201,0.13699444311402084
image_5202,0.13699444311402084
image_5203,0.13699444311402084
image_5204,0.13699444311402084
image_5205,0.13699444311402084
image_5206,0.13699444311402084
image_5207,0.13699444311402084
image_5208,0.13699444311402084
image_5209,0.13699444311402084
image_5210,0.13699444311402084
image_5211,0.13699444311402084
image_5212,0.13699444311402084
image_5213,0.13699444311402084
image_5214,0.13699444311402084
image_5215,0.13699444311402084
image_5216,0.13699444311402084
image_5217,0.13699444311402084
image_5218,0.13699444311402084
image_5219,0.13699444311402084
image_5220,0.13699444311402084
image_5221,0.13699444311402084
image_5222,0.13699444311402084
image_5223,0.13699444311402084
image_5224,0.13699444311402084
image_5225,0.13699444311402084
image_5226,0.13699444311402084
image_5227,0.13699444311402084
image_5228,0.13699444311402084
image_5229,0.13699444311402084
image_5230,0.13699444311402084
image_5231,0.13699444311402084
image_5232,0.13699444311402084
image_5233,0.13699444311402084
image_5234,0.13699444311402084
image_5235,0.13699444311402084
image_5236,0.13699444311402084
image_5237,0.13699444311402084
image_5238,0.13699444311402084
image_5239,0.13699444311402084
image_5240,0.13699444311402084
image_5241,0.13699444311402084
image_5242,0.13699444311402084
image_5243,0.13699444311402084
image_5244,0.13699444311402084
image_5245,0.13699444311402084
image_5246,0.13699444311402084
image_5247,0.13699444311402084
image_5248,0.13699444311402084
image_5249,0.13699444311402084
image_5250,0.13699444311402084
image_5251,0.13699444311402084
image_5252,0.13699444311402084
image_5253,0.13699444311402084
image_5254,0.13699444311402084
image_5255,0.13699444311402084
image_5256,0.13699444311402084
image_5257,0.13699444311402084
image_5258,0.13699444311402084
image_5259,0.13699444311402084
image_5260,0.13699444311402084
image_5261,0.13699444311402084
image_5262,0.13699444311402084
image_5263,0.13699444311402084
image_5264,0.13699444311402084
image_5265,0.13699444311402084
image_5266,0.13699444311402084
image_5267,0.13699444311402084
image_5268,0.13699444311402084
image_5269,0.13699444311402084
image_5270,0.13699444311402084
image_5271,0.13699444311402084
image_5272,0.13699444311402084
image_5273,0.13699444311402084
image_5274,0.13699444311402084
image_5275,0.13699444311402084
image_5276,0.13699444311402084
image_5277,0.13699444311402084
image_5278,0.13699444311402084
image_5279,0.13699444311402084
image_5280,0.13699444311402084
image_5281,0.13699444311402084
image_5282,0.13699444311402084
image_5283,0.13699444311402084
image_5284,0.13699444311402084
image_5285,0.13699444311402084
image_5286,0.13699444311402084
image_5287,0.13699444311402084
image_5288,0.13699444311402084
image_5289,0.13699444311402084
image_5290,0.13699444311402084
image_5291,0.13699444311402084
image_5292,0.13699444311402084
image_5293,0.13699444311402084
image_5294,0.13699444311402084
image_5295,0.13699444311402084
image_5296,0.13699444311402084
image_5297,0.13699444311402084
image_5298,0.13699444311402084
image_5299,0.13699444311402084
image_5300,0.13699444311402084
image_5301,0.13699444311402084
image_5302,0.13699444311402084
image_5303,0.13699444311402084
image_5304,0.13699444311402084
image_5305,0.13699444311402084
image_5306,0.13699444311402084
image_5307,0.13699444311402084
image_5308,0.13699444311402084
image_5309,0.13699444311402084
image_5310,0.13699444311402084
image_5311,0.13699444311402084
image_5312,0.13699444311402084
image_5313,0.13699444311402084
image_5314,0.13699444311402084
image_5315,0.13699444311402084
image_5316,0.13699444311402084
image_5317,0.13699444311402084
image_5318,0.13699444311402084
image_5319,0.13699444311402084
image_5320,0.13699444311402084
image_5321,0.13699444311402084
image_5322,0.13699444311402084
image_5323,0.13699444311402084
image_5324,0.13699444311402084
image_5325,0.13699444311402084
image_5326,0.13699444311402084
image_5327,0.13699444311402084
image_5328,0.13699444311402084
image_5329,0.13699444311402084
image_5330,0.13699444311402084
image_5331,0.13699444311402084
image_5332,0.13699444311402084
image_5333,0.13699444311402084
image_5334,0.13699444311402084
image_5335,0.13699444311402084
image_5336,0.13699444311402084
image_5337,0.13699444311402084
image_5338,0.13699444311402084
image_5339,0.13699444311402084
image_5340,0.13699444311402084
image_5341,0.13699444311402084
image_5342,0.13699444311402084
image_5343,0.13699444311402084
image_5344,0.13699444311402084
image_5345,0.13699444311402084
image_5346,0.13699444311402084
image_5347,0.13699444311402084
image_5348,0.13699444311402084
image_5349,0.13699444311402084
image_5350,0.13699444311402084
image_5351,0.13699444311402084
image_5352,0.13699444311402084
image_5353,0.13699444311402084
image_5354,0.13699444311402084
image_5355,0.13699444311402084
image_5356,0.13699444311402084
image_5357,0.13699444311402084
image_5358,0.13699444311402084
image_5359,0.13699444311402084
image_5360,0.13699444311402084
image_5361,0.13699444311402084
image_5362,0.13699444311402084
image_5363,0.13699444311402084
image_5364,0.13699444311402084
image_5365,0.13699444311402084
image_5366,0.13699444311402084
image_5367,0.13699444311402084
image_5368,0.13699444311402084
image_5369,0.13699444311402084
image_5370,0.13699444311402084
image_5371,0.13699444311402084
image_5372,0.13699444311402084
image_5373,0.13699444311402084
image_5374,0.13699444311402084
image_5375,0.13699444311402084
image_5376,0.13699444311402084
image_5377,0.13699444311402084
image_5378,0.13699444311402084
image_5379,0.13699444311402084
image_5380,0.13699444311402084
image_5381,0.13699444311402084
image_5382,0.13699444311402084
image_5383,0.13699444311402084
image_5384,0.13699444311402084
image_5385,0.13699444311402084
image_5386,0.13699444311402084
image_5387,0.13699444311402084
image_5388,0.13699444311402084
image_5389,0.13699444311402084
image_5390,0.13699444311402084
image_5391,0.13699444311402084
image_5392,0.13699444311402084
image_5393,0.13699444311402084
image_5394,0.13699444311402084
image_5395,0.13699444311402084
image_5396,0.13699444311402084
image_5397,0.13699444311402084
image_5398,0.13699444311402084
image_5399,0.13699444311402084
image_5400,0.13699444311402084
image_5401,0.13699444311402084
image_5402,0.13699444311402084
image_5403,0.13699444311402084
image_5404,0.13699444311402084
image_5405,0.13699444311402084
image_5406,0.13699444311402084
image_5407,0.13699444311402084
image_5408,0.13699444311402084
image_5409,0.13699444311402084
image_5410,0.13699444311402084
image_5411,0.13699444311402084
image_5412,0.13699444311402084
image_5413,0.13699444311402084
image_5414,0.13699444311402084
image_5415,0.13699444311402084
image_5416,0.13699444311402084
image_5417,0.13699444311402084
image_5418,0.13699444311402084
image_5419,0.13699444311402084
image_5420,0.13699444311402084
image_5421,0.13699444311402084
image_5422,0.13699444311402084
image_5423,0.13699444311402084
image_5424,0.13699444311402084
image_5425,0.13699444311402084
image_5426,0.13699444311402084
image_5427,0.13699444311402084
image_5428,0.13699444311402084
image_5429,0.13699444311402084
image_5430,0.13699444311402084
image_5431,0.13699444311402084
image_5432,0.13699444311402084
image_5433,0.13699444311402084
image_5434,0.13699444311402084
image_5435,0.13699444311402084
image_5436,0.13699444311402084
image_5437,0.13699444311402084
image_5438,0.13699444311402084
image_5439,0.13699444311402084
image_5440,0.13699444311402084
image_5441,0.13699444311402084
image_5442,0.13699444311402084
image_5443,0.13699444311402084
image_5444,0.13699444311402084
image_5445,0.13699444311402084
image_5446,0.13699444311402084
image_5447,0.13699444311402084
image_5448,0.13699444311402084
image_5449,0.13699444311402084
image_5450,0.13699444311402084
image_5451,0.13699444311402084
image_5452,0.13699444311402084
image_5453,0.13699444311402084
image_5454,0.13699444311402084
image_5455,0.13699444311402084
image_5456,0.13699444311402084
image_5457,0.13699444311402084
image_5458,0.13699444311402084
image_5459,0.13699444311402084
image_5460,0.13699444311402084
image_5461,0.13699444311402084
image_5462,0.13699444311402084
image_5463,0.13699444311402084
image_5464,0.13699444311402084
image_5465,0.13699444311402084
image_5466,0.13699444311402084
image_5467,0.13699444311402084
image_5468,0.13699444311402084
image_5469,0.13699444311402084
image_5470,0.13699444311402084
image_5471,0.13699444311402084
image_5472,0.13699444311402084
image_5473,0.13699444311402084
image_5474,0.13699444311402084
image_5475,0.13699444311402084
image_5476,0.13699444311402084
image_5477,0.13699444311402084
image_5478,0.13699444311402084
image_5479,0.13699444311402084
image_5480,0.13699444311402084
image_5481,0.13699444311402084
image_5482,0.13699444311402084
image_5483,0.13699444311402084
image_5484,0.13699444311402084
image_5485,0.13699444311402084
image_5486,0.13699444311402084
image_5487,0.13699444311402084
image_5488,0.13699444311402084
image_5489,0.13699444311402084
image_5490,0.13699444311402084
image_5491,0.13699444311402084
image_5492,0.13699444311402084
image_5493,0.13699444311402084
image_5494,0.13699444311402084
image_5495,0.13699444311402084
image_5496,0.13699444311402084
image_5497,0.13699444311402084
image_5498,0.13699444311402084
image_5499,0.13699444311402084
image_5500,0.13699444311402084
image_5501,0.13699444311402084
image_5502,0.13699444311402084
image_5503,0.13699444311402084
image_5504,0.13699444311402084
image_5505,0.13699444311402084
image_5506,0.13699444311402084
image_5507,0.13699444311402084
image_5508,0.13699444311402084
image_5509,0.13699444311402084
image_5510,0.13699444311402084
image_5511,0.13699444311402084
image_5512,0.13699444311402084
image_5513,0.13699444311402084
image_5514,0.13699444311402084
image_5515,0.13699444311402084
image_5516,0.13699444311402084
image_5517,0.13699444311402084
image_5518,0.13699444311402084
image_5519,0.13699444311402084
image_5520,0.13699444311402084
image_5521,0.13699444311402084
image_5522,0.13699444311402084
image_5523,0.13699444311402084
image_5524,0.13699444311402084
image_5525,0.13699444311402084
image_5526,0.13699444311402084
image_5527,0.13699444311402084
image_5528,0.13699444311402084
image_5529,0.13699444311402084
image_5530,0.13699444311402084
image_5531,0.13699444311402084
image_5532,0.13699444311402084
image_5533,0.13699444311402084
image_5534,0.13699444311402084
image_5535,0.13699444311402084
image_5536,0.13699444311402084
image_5537,0.13699444311402084
image_5538,0.13699444311402084
image_5539,0.13699444311402084
image_5540,0.13699444311402084
image_5541,0.13699444311402084
image_5542,0.13699444311402084
image_5543,0.13699444311402084
image_5544,0.13699444311402084
image_5545,0.13699444311402084
image_5546,0.13699444311402084
image_5547,0.13699444311402084
image_5548,0.13699444311402084
image_5549,0.13699444311402084
image_5550,0.13699444311402084
image_5551,0.13699444311402084
image_5552,0.13699444311402084
image_5553,0.13699444311402084
image_5554,0.13699444311402084
image_5555,0.13699444311402084
image_5556,0.13699444311402084
image_5557,0.13699444311402084
image_5558,0.13699444311402084
image_5559,0.13699444311402084
image_5560,0.13699444311402084
image_5561,0.13699444311402084
image_5562,0.13699444311402084
image_5563,0.13699444311402084
image_5564,0.13699444311402084
image_5565,0.13699444311402084
image_5566,0.13699444311402084
image_5567,0.13699444311402084
image_5568,0.13699444311402084
image_5569,0.13699444311402084
image_5570,0.13699444311402084
image_5571,0.13699444311402084
image_5572,0.13699444311402084
image_5573,0.13699444311402084
image_5574,0.13699444311402084
image_5575,0.13699444311402084
image_5576,0.13699444311402084
image_5577,0.13699444311402084
image_5578,0.13699444311402084
image_5579,0.13699444311402084
image_5580,0.13699444311402084
image_5581,0.13699444311402084
image_5582,0.13699444311402084
image_5583,0.13699444311402084
image_5584,0.13699444311402084
image_5585,0.13699444311402084
image_5586,0.13699444311402084
image_5587,0.13699444311402084
image_5588,0.13699444311402084
image_5589,0.13699444311402084
image_5590,0.13699444311402084
image_5591,0.13699444311402084
image_5592,0.13699444311402084
image_5593,0.13699444311402084
image_5594,0.13699444311402084
image_5595,0.13699444311402084
image_5596,0.13699444311402084
image_5597,0.13699444311402084
image_5598,0.13699444311402084
image_5599,0.13699444311402084
image_5600,0.13699444311402084
image_5601,0.13699444311402084
image_5602,0.13699444311402084
image_5603,0.13699444311402084
image_5604,0.13699444311402084
image_5605,0.13699444311402084
image_5606,0.13699444311402084
image_5607,0.13699444311402084
image_5608,0.13699444311402084
image_5609,0.13699444311402084
image_5610,0.13699444311402084
image_5611,0.13699444311402084
image_5612,0.13699444311402084
image_5613,0.13699444311402084
image_5614,0.13699444311402084
image_5615,0.13699444311402084
image_5616,0.13699444311402084
image_5617,0.13699444311402084
image_5618,0.13699444311402084
image_5619,0.13699444311402084
image_5620,0.13699444311402084
image_5621,0.13699444311402084
image_5622,0.13699444311402084
image_5623,0.13699444311402084
image_5624,0.13699444311402084
image_5625,0.13699444311402084
image_5626,0.13699444311402084
image_5627,0.13699444311402084
image_5628,0.13699444311402084
image_5629,0.13699444311402084
image_5630,0.13699444311402084
image_5631,0.13699444311402084
image_5632,0.13699444311402084
image_5633,0.13699444311402084
image_5634,0.13699444311402084
image_5635,0.13699444311402084
image_5636,0.13699444311402084
image_5637,0.13699444311402084
image_5638,0.13699444311402084
image_5639,0.13699444311402084
image_5640,0.13699444311402084
image_5641,0.13699444311402084
image_5642,0.13699444311402084
image_5643,0.13699444311402084
image_5644,0.13699444311402084
image_5645,0.13699444311402084
image_5646,0.13699444311402084
image_5647,0.13699444311402084
image_5648,0.13699444311402084
image_5649,0.13699444311402084
image_5650,0.13699444311402084
image_5651,0.13699444311402084
image_5652,0.13699444311402084
image_5653,0.13699444311402084
image_5654,0.13699444311402084
image_5655,0.13699444311402084
image_5656,0.13699444311402084
image_5657,0.13699444311402084
image_5658,0.13699444311402084
image_5659,0.13699444311402084
image_5660,0.13699444311402084
image_5661,0.13699444311402084
image_5662,0.13699444311402084
image_5663,0.13699444311402084
image_5664,0.13699444311402084
image_5665,0.13699444311402084
image_5666,0.13699444311402084
image_5667,0.13699444311402084
image_5668,0.13699444311402084
image_5669,0.13699444311402084
image_5670,0.13699444311402084
image_5671,0.13699444311402084
image_5672,0.13699444311402084
image_5673,0.13699444311402084
image_5674,0.13699444311402084
image_5675,0.13699444311402084
image_5676,0.13699444311402084
image_5677,0.13699444311402084
image_5678,0.13699444311402084
image_5679,0.13699444311402084
image_5680,0.13699444311402084
image_5681,0.13699444311402084
image_5682,0.13699444311402084
image_5683,0.13699444311402084
image_5684,0.13699444311402084
image_5685,0.13699444311402084
image_5686,0.13699444311402084
image_5687,0.13699444311402084
image_5688,0.13699444311402084
image_5689,0.13699444311402084
image_5690,0.13699444311402084
image_5691,0.13699444311402084
image_5692,0.13699444311402084
image_5693,0.13699444311402084
image_5694,0.13699444311402084
image_5695,0.13699444311402084
image_5696,0.13699444311402084
image_5697,0.13699444311402084
image_5698,0.13699444311402084
image_5699,0.13699444311402084
image_5700,0.13699444311402084
image_5701,0.13699444311402084
image_5702,0.13699444311402084
image_5703,0.13699444311402084
image_5704,0.13699444311402084
image_5705,0.13699444311402084
image_5706,0.13699444311402084
image_5707,0.13699444311402084
image_5708,0.13699444311402084
image_5709,0.13699444311402084
image_5710,0.13699444311402084
image_5711,0.13699444311402084
image_5712,0.13699444311402084
image_5713,0.13699444311402084
image_5714,0.13699444311402084
image_5715,0.13699444311402084
image_5716,0.13699444311402084
image_5717,0.13699444311402084
image_5718,0.13699444311402084
image_5719,0.13699444311402084
image_5720,0.13699444311402084
image_5721,0.13699444311402084
image_5722,0.13699444311402084
image_5723,0.13699444311402084
image_5724,0.13699444311402084
image_5725,0.13699444311402084
image_5726,0.13699444311402084
image_5727,0.13699444311402084
image_5728,0.13699444311402084
image_5729,0.13699444311402084
image_5730,0.13699444311402084
image_5731,0.13699444311402084
image_5732,0.13699444311402084
image_5733,0.13699444311402084
image_5734,0.13699444311402084
image_5735,0.13699444311402084
image_5736,0.13699444311402084
image_5737,0.13699444311402084
image_5738,0.13699444311402084
image_5739,0.13699444311402084
image_5740,0.13699444311402084
image_5741,0.13699444311402084
image_5742,0.13699444311402084
image_5743,0.13699444311402084
image_5744,0.13699444311402084
image_5745,0.13699444311402084
image_5746,0.13699444311402084
image_5747,0.13699444311402084
image_5748,0.13699444311402084
image_5749,0.13699444311402084
image_5750,0.13699444311402084
image_5751,0.13699444311402084
image_5752,0.13699444311402084
image_5753,0.13699444311402084
image_5754,0.13699444311402084
image_5755,0.13699444311402084
image_5756,0.13699444311402084
image_5757,0.13699444311402084
image_5758,0.13699444311402084
image_5759,0.13699444311402084
image_5760,0.13699444311402084
image_5761,0.13699444311402084
image_5762,0.13699444311402084
image_5763,0.13699444311402084
image_5764,0.13699444311402084
image_5765,0.13699444311402084
image_5766,0.13699444311402084
image_5767,0.13699444311402084
image_5768,0.13699444311402084
image_5769,0.13699444311402084
image_5770,0.13699444311402084
image_5771,0.13699444311402084
image_5772,0.13699444311402084
image_5773,0.13699444311402084
image_5774,0.13699444311402084
image_5775,0.13699444311402084
image_5776,0.13699444311402084
image_5777,0.13699444311402084
image_5778,0.13699444311402084
image_5779,0.13699444311402084
image_5780,0.13699444311402084
image_5781,0.13699444311402084
image_5782,0.13699444311402084
image_5783,0.13699444311402084
image_5784,0.13699444311402084
image_5785,0.13699444311402084
image_5786,0.13699444311402084
image_5787,0.13699444311402084
image_5788,0.13699444311402084
image_5789,0.13699444311402084
image_5790,0.13699444311402084
image_5791,0.13699444311402084
image_5792,0.13699444311402084
image_5793,0.13699444311402084
image_5794,0.13699444311402084
image_5795,0.13699444311402084
image_5796,0.13699444311402084
image_5797,0.13699444311402084
image_5798,0.13699444311402084
image_5799,0.13699444311402084
image_5800,0.13699444311402084
image_5801,0.13699444311402084
image_5802,0.13699444311402084
image_5803,0.13699444311402084
image_5804,0.13699444311402084
image_5805,0.13699444311402084
image_5806,0.13699444311402084
image_5807,0.13699444311402084
image_5808,0.13699444311402084
image_5809,0.13699444311402084
image_5810,0.13699444311402084
image_5811,0.13699444311402084
image_5812,0.13699444311402084
image_5813,0.13699444311402084
image_5814,0.13699444311402084
image_5815,0.13699444311402084
image_5816,0.13699444311402084
image_5817,0.13699444311402084
image_5818,0.13699444311402084
image_5819,0.13699444311402084
image_5820,0.13699444311402084
image_5821,0.13699444311402084
image_5822,0.13699444311402084
image_5823,0.13699444311402084
image_5824,0.13699444311402084
image_5825,0.13699444311402084
image_5826,0.13699444311402084
image_5827,0.13699444311402084
image_5828,0.13699444311402084
image_5829,0.13699444311402084
image_5830,0.13699444311402084
image_5831,0.13699444311402084
image_5832,0.13699444311402084
image_5833,0.13699444311402084
image_5834,0.13699444311402084
image_5835,0.13699444311402084
image_5836,0.13699444311402084
image_5837,0.13699444311402084
image_5838,0.13699444311402084
image_5839,0.13699444311402084
image_5840,0.13699444311402084
image_5841,0.13699444311402084
image_5842,0.13699444311402084
image_5843,0.13699444311402084
image_5844,0.13699444311402084
image_5845,0.13699444311402084
image_5846,0.13699444311402084
image_5847,0.13699444311402084
image_5848,0.13699444311402084
image_5849,0.13699444311402084
image_5850,0.13699444311402084
image_5851,0.13699444311402084
image_5852,0.13699444311402084
image_5853,0.13699444311402084
image_5854,0.13699444311402084
image_5855,0.13699444311402084
image_5856,0.13699444311402084
image_5857,0.13699444311402084
image_5858,0.13699444311402084
image_5859,0.13699444311402084
image_5860,0.13699444311402084
image_5861,0.13699444311402084
image_5862,0.13699444311402084
image_5863,0.13699444311402084
image_5864,0.13699444311402084
image_5865,0.13699444311402084
image_5866,0.13699444311402084
image_5867,0.13699444311402084
image_5868,0.13699444311402084
image_5869,0.13699444311402084
image_5870,0.13699444311402084
image_5871,0.13699444311402084
image_5872,0.13699444311402084
image_5873,0.13699444311402084
image_5874,0.13699444311402084
image_5875,0.13699444311402084
image_5876,0.13699444311402084
image_5877,0.13699444311402084
image_5878,0.13699444311402084
image_5879,0.13699444311402084
image_5880,0.13699444311402084
image_5881,0.13699444311402084
image_5882,0.13699444311402084
image_5883,0.13699444311402084
image_5884,0.13699444311402084
image_5885,0.13699444311402084
image_5886,0.13699444311402084
image_5887,0.13699444311402084
image_5888,0.13699444311402084
image_5889,0.13699444311402084
image_5890,0.13699444311402084
image_5891,0.13699444311402084
image_5892,0.13699444311402084
image_5893,0.13699444311402084
image_5894,0.13699444311402084
image_5895,0.13699444311402084
image_5896,0.13699444311402084
image_5897,0.13699444311402084
image_5898,0.13699444311402084
image_5899,0.13699444311402084
image_5900,0.13699444311402084
image_5901,0.13699444311402084
image_5902,0.13699444311402084
image_5903,0.13699444311402084
image_5904,0.13699444311402084
image_5905,0.13699444311402084
image_5906,0.13699444311402084
image_5907,0.13699444311402084
image_5908,0.13699444311402084
image_5909,0.13699444311402084
image_5910,0.13699444311402084
image_5911,0.13699444311402084
image_5912,0.13699444311402084
image_5913,0.13699444311402084
image_5914,0.13699444311402084
image_5915,0.13699444311402084
image_5916,0.13699444311402084
image_5917,0.13699444311402084
image_5918,0.13699444311402084
image_5919,0.13699444311402084
image_5920,0.13699444311402084
image_5921,0.13699444311402084
image_5922,0.13699444311402084
image_5923,0.13699444311402084
image_5924,0.13699444311402084
image_5925,0.13699444311402084
image_5926,0.13699444311402084
image_5927,0.13699444311402084
image_5928,0.13699444311402084
image_5929,0.13699444311402084
image_5930,0.13699444311402084
image_5931,0.13699444311402084
image_5932,0.13699444311402084
image_5933,0.13699444311402084
image_5934,0.13699444311402084
image_5935,0.13699444311402084
image_5936,0.13699444311402084
image_5937,0.13699444311402084
image_5938,0.13699444311402084
image_5939,0.13699444311402084
image_5940,0.13699444311402084
image_5941,0.13699444311402084
image_5942,0.13699444311402084
image_5943,0.13699444311402084
image_5944,0.13699444311402084
image_5945,0.13699444311402084
image_5946,0.13699444311402084
image_5947,0.13699444311402084
image_5948,0.13699444311402084
image_5949,0.13699444311402084
image_5950,0.13699444311402084
image_5951,0.13699444311402084
image_5952,0.13699444311402084
image_5953,0.13699444311402084
image_5954,0.13699444311402084
image_5955,0.13699444311402084
image_5956,0.13699444311402084
image_5957,0.13699444311402084
image_5958,0.13699444311402084
image_5959,0.13699444311402084
image_5960,0.13699444311402084
image_5961,0.13699444311402084
image_5962,0.13699444311402084
image_5963,0.13699444311402084
image_5964,0.13699444311402084
image_5965,0.13699444311402084
image_5966,0.13699444311402084
image_5967,0.13699444311402084
image_5968,0.13699444311402084
image_5969,0.13699444311402084
image_5970,0.13699444311402084
image_5971,0.13699444311402084
image_5972,0.13699444311402084
image_5973,0.13699444311402084
image_5974,0.13699444311402084
image_5975,0.13699444311402084
image_5976,0.13699444311402084
image_5977,0.13699444311402084
image_5978,0.13699444311402084
image_5979,0.13699444311402084
image_5980,0.13699444311402084
image_5981,0.13699444311402084
image_5982,0.13699444311402084
image_5983,0.13699444311402084
image_5984,0.13699444311402084
image_5985,0.13699444311402084
image_5986,0.13699444311402084
image_5987,0.13699444311402084
image_5988,0.13699444311402084
image_5989,0.13699444311402084
image_5990,0.13699444311402084
image_5991,0.13699444311402084
image_5992,0.13699444311402084
image_5993,0.13699444311402084
image_5994,0.13699444311402084
image_5995,0.13699444311402084
image_5996,0.13699444311402084
image_5997,0.13699444311402084
image_5998,0.13699444311402084
image_5999,0.13699444311402084
image_6000,0.13699444311402084
image_6001,0.13699444311402084
image_6002,0.13699444311402084
image_6003,0.13699444311402084
image_6004,0.13699444311402084
image_6005,0.13699444311402084
image_6006,0.13699444311402084
image_6007,0.13699444311402084
image_6008,0.13699444311402084
image_6009,0.13699444311402084
image_6010,0.13699444311402084
image_6011,0.13699444311402084
image_6012,0.13699444311402084
image_6013,0.13699444311402084
image_6014,0.13699444311402084
image_6015,0.13699444311402084
image_6016,0.13699444311402084
image_6017,0.13699444311402084
image_6018,0.13699444311402084
image_6019,0.13699444311402084
image_6020,0.13699444311402084
image_6021,0.13699444311402084
image_6022,0.13699444311402084
image_6023,0.13699444311402084
image_6024,0.13699444311402084
image_6025,0.13699444311402084
image_6026,0.13699444311402084
image_6027,0.13699444311402084
image_6028,0.13699444311402084
image_6029,0.13699444311402084
image_6030,0.13699444311402084
image_6031,0.13699444311402084
image_6032,0.13699444311402084
image_6033,0.13699444311402084
image_6034,0.13699444311402084
image_6035,0.13699444311402084
image_6036,0.13699444311402084
image_6037,0.13699444311402084
image_6038,0.13699444311402084
image_6039,0.13699444311402084
image_6040,0.13699444311402084
image_6041,0.13699444311402084
image_6042,0.13699444311402084
image_6043,0.13699444311402084
image_6044,0.13699444311402084
image_6045,0.13699444311402084
image_6046,0.13699444311402084
image_6047,0.13699444311402084
image_6048,0.13699444311402084
image_6049,0.13699444311402084
image_6050,0.13699444311402084
image_6051,0.13699444311402084
image_6052,0.13699444311402084
image_6053,0.13699444311402084
image_6054,0.13699444311402084
image_6055,0.13699444311402084
image_6056,0.13699444311402084
image_6057,0.13699444311402084
image_6058,0.13699444311402084
image_6059,0.13699444311402084
image_6060,0.13699444311402084
image_6061,0.13699444311402084
image_6062,0.13699444311402084
image_6063,0.13699444311402084
image_6064,0.13699444311402084
image_6065,0.13699444311402084
image_6066,0.13699444311402084
image_6067,0.13699444311402084
image_6068,0.13699444311402084
image_6069,0.13699444311402084
image_6070,0.13699444311402084
image_6071,0.13699444311402084
image_6072,0.13699444311402084
image_6073,0.13699444311402084
image_6074,0.13699444311402084
image_6075,0.13699444311402084
image_6076,0.13699444311402084
image_6077,0.13699444311402084
image_6078,0.13699444311402084
image_6079,0.13699444311402084
image_6080,0.13699444311402084
image_6081,0.13699444311402084
image_6082,0.13699444311402084
image_6083,0.13699444311402084
image_6084,0.13699444311402084
image_6085,0.13699444311402084
image_6086,0.13699444311402084
image_6087,0.13699444311402084
image_6088,0.13699444311402084
image_6089,0.13699444311402084
image_6090,0.13699444311402084
image_6091,0.13699444311402084
image_6092,0.13699444311402084
image_6093,0.13699444311402084
image_6094,0.13699444311402084
image_6095,0.13699444311402084
image_6096,0.13699444311402084
image_6097,0.13699444311402084
image_6098,0.13699444311402084
image_6099,0.13699444311402084
image_6100,0.13699444311402084
image_6101,0.13699444311402084
image_6102,0.13699444311402084
image_6103,0.13699444311402084
image_6104,0.13699444311402084
image_6105,0.13699444311402084
image_6106,0.13699444311402084
image_6107,0.13699444311402084
image_6108,0.13699444311402084
image_6109,0.13699444311402084
image_6110,0.13699444311402084
image_6111,0.13699444311402084
image_6112,0.13699444311402084
image_6113,0.13699444311402084
image_6114,0.13699444311402084
image_6115,0.13699444311402084
image_6116,0.13699444311402084
image_6117,0.13699444311402084
image_6118,0.13699444311402084
image_6119,0.13699444311402084
image_6120,0.13699444311402084
image_6121,0.13699444311402084
image_6122,0.13699444311402084
image_6123,0.13699444311402084
image_6124,0.13699444311402084
image_6125,0.13699444311402084
image_6126,0.13699444311402084
image_6127,0.13699444311402084
image_6128,0.13699444311402084
image_6129,0.13699444311402084
image_6130,0.13699444311402084
image_6131,0.13699444311402084
image_6132,0.13699444311402084
image_6133,0.13699444311402084
image_6134,0.13699444311402084
image_6135,0.13699444311402084
image_6136,0.13699444311402084
image_6137,0.13699444311402084
image_6138,0.13699444311402084
image_6139,0.13699444311402084
image_6140,0.13699444311402084
image_6141,0.13699444311402084
image_6142,0.13699444311402084
image_6143,0.13699444311402084
image_6144,0.13699444311402084
image_6145,0.13699444311402084
image_6146,0.13699444311402084
image_6147,0.13699444311402084
image_6148,0.13699444311402084
image_6149,0.13699444311402084
image_6150,0.13699444311402084
image_6151,0.13699444311402084
image_6152,0.13699444311402084
image_6153,0.13699444311402084
image_6154,0.13699444311402084
image_6155,0.13699444311402084
image_6156,0.13699444311402084
image_6157,0.13699444311402084
image_6158,0.13699444311402084
image_6159,0.13699444311402084
image_6160,0.13699444311402084
image_6161,0.13699444311402084
image_6162,0.13699444311402084
image_6163,0.13699444311402084
image_6164,0.13699444311402084
image_6165,0.13699444311402084
image_6166,0.13699444311402084
image_6167,0.13699444311402084
image_6168,0.13699444311402084
image_6169,0.13699444311402084
image_6170,0.13699444311402084
image_6171,0.13699444311402084
image_6172,0.13699444311402084
image_6173,0.13699444311402084
image_6174,0.13699444311402084
image_6175,0.13699444311402084
image_6176,0.13699444311402084
image_6177,0.13699444311402084
image_6178,0.13699444311402084
image_6179,0.13699444311402084
image_6180,0.13699444311402084
image_6181,0.13699444311402084
image_6182,0.13699444311402084
image_6183,0.13699444311402084
image_6184,0.13699444311402084
image_6185,0.13699444311402084
image_6186,0.13699444311402084
image_6187,0.13699444311402084
image_6188,0.13699444311402084
image_6189,0.13699444311402084
image_6190,0.13699444311402084
image_6191,0.13699444311402084
image_6192,0.13699444311402084
image_6193,0.13699444311402084
image_6194,0.13699444311402084
image_6195,0.13699444311402084
image_6196,0.13699444311402084
image_6197,0.13699444311402084
image_6198,0.13699444311402084
image_6199,0.13699444311402084
image_6200,0.13699444311402084
image_6201,0.13699444311402084
image_6202,0.13699444311402084
image_6203,0.13699444311402084
image_6204,0.13699444311402084
image_6205,0.13699444311402084
image_6206,0.13699444311402084
image_6207,0.13699444311402084
image_6208,0.13699444311402084
image_6209,0.13699444311402084
image_6210,0.13699444311402084
image_6211,0.13699444311402084
image_6212,0.13699444311402084
image_6213,0.13699444311402084
image_6214,0.13699444311402084
image_6215,0.13699444311402084
image_6216,0.13699444311402084
image_6217,0.13699444311402084
image_6218,0.13699444311402084
image_6219,0.13699444311402084
image_6220,0.13699444311402084
image_6221,0.13699444311402084
image_6222,0.13699444311402084
image_6223,0.13699444311402084
image_6224,0.13699444311402084
image_6225,0.13699444311402084
image_6226,0.13699444311402084
image_6227,0.13699444311402084
image_6228,0.13699444311402084
image_6229,0.13699444311402084
image_6230,0.13699444311402084
image_6231,0.13699444311402084
image_6232,0.13699444311402084
image_6233,0.13699444311402084
image_6234,0.13699444311402084
image_6235,0.13699444311402084
image_6236,0.13699444311402084
image_6237,0.13699444311402084
image_6238,0.13699444311402084
image_6239,0.13699444311402084
image_6240,0.13699444311402084
image_6241,0.13699444311402084
image_6242,0.13699444311402084
image_6243,0.13699444311402084
image_6244,0.13699444311402084
image_6245,0.13699444311402084
image_6246,0.13699444311402084
image_6247,0.13699444311402084
image_6248,0.13699444311402084
image_6249,0.13699444311402084
image_6250,0.13699444311402084
image_6251,0.13699444311402084
image_6252,0.13699444311402084
image_6253,0.13699444311402084
image_6254,0.13699444311402084
image_6255,0.13699444311402084
image_6256,0.13699444311402084
image_6257,0.13699444311402084
image_6258,0.13699444311402084
image_6259,0.13699444311402084
image_6260,0.13699444311402084
image_6261,0.13699444311402084
image_6262,0.13699444311402084
image_6263,0.13699444311402084
image_6264,0.13699444311402084
image_6265,0.13699444311402084
image_6266,0.13699444311402084
image_6267,0.13699444311402084
image_6268,0.13699444311402084
image_6269,0.13699444311402084
image_6270,0.13699444311402084
image_6271,0.13699444311402084
image_6272,0.13699444311402084
image_6273,0.13699444311402084
image_6274,0.13699444311402084
image_6275,0.13699444311402084
image_6276,0.13699444311402084
image_6277,0.13699444311402084
image_6278,0.13699444311402084
image_6279,0.13699444311402084
image_6280,0.13699444311402084
image_6281,0.13699444311402084
image_6282,0.13699444311402084
image_6283,0.13699444311402084
image_6284,0.13699444311402084
image_6285,0.13699444311402084
image_6286,0.13699444311402084
image_6287,0.13699444311402084
image_6288,0.13699444311402084
image_6289,0.13699444311402084
image_6290,0.13699444311402084
image_6291,0.13699444311402084
image_6292,0.13699444311402084
image_6293,0.13699444311402084
image_6294,0.13699444311402084
image_6295,0.13699444311402084
image_6296,0.13699444311402084
image_6297,0.13699444311402084
image_6298,0.13699444311402084
image_6299,0.13699444311402084
image_6300,0.13699444311402084
image_6301,0.13699444311402084
image_6302,0.13699444311402084
image_6303,0.13699444311402084
image_6304,0.13699444311402084
image_6305,0.13699444311402084
image_6306,0.13699444311402084
image_6307,0.13699444311402084
image_6308,0.13699444311402084
image_6309,0.13699444311402084
image_6310,0.13699444311402084
image_6311,0.13699444311402084
image_6312,0.13699444311402084
image_6313,0.13699444311402084
image_6314,0.13699444311402084
image_6315,0.13699444311402084
image_6316,0.13699444311402084
image_6317,0.13699444311402084
image_6318,0.13699444311402084
image_6319,0.13699444311402084
image_6320,0.13699444311402084
image_6321,0.13699444311402084
image_6322,0.13699444311402084
image_6323,0.13699444311402084
image_6324,0.13699444311402084
image_6325,0.13699444311402084
image_6326,0.13699444311402084
image_6327,0.13699444311402084
image_6328,0.13699444311402084
image_6329,0.13699444311402084
image_6330,0.13699444311402084
image_6331,0.13699444311402084
image_6332,0.13699444311402084
image_6333,0.13699444311402084
image_6334,0.13699444311402084
image_6335,0.13699444311402084
image_6336,0.13699444311402084
image_6337,0.13699444311402084
image_6338,0.13699444311402084
image_6339,0.13699444311402084
image_6340,0.13699444311402084
image_6341,0.13699444311402084
image_6342,0.13699444311402084
image_6343,0.13699444311402084
image_6344,0.13699444311402084
image_6345,0.13699444311402084
image_6346,0.13699444311402084
image_6347,0.13699444311402084
image_6348,0.13699444311402084
image_6349,0.13699444311402084
image_6350,0.13699444311402084
image_6351,0.13699444311402084
image_6352,0.13699444311402084
image_6353,0.13699444311402084
image_6354,0.13699444311402084
image_6355,0.13699444311402084
image_6356,0.13699444311402084
image_6357,0.13699444311402084
image_6358,0.13699444311402084
image_6359,0.13699444311402084
image_6360,0.13699444311402084
image_6361,0.13699444311402084
image_6362,0.13699444311402084
image_6363,0.13699444311402084
image_6364,0.13699444311402084
image_6365,0.13699444311402084
image_6366,0.13699444311402084
image_6367,0.13699444311402084
image_6368,0.13699444311402084
image_6369,0.13699444311402084
image_6370,0.13699444311402084
image_6371,0.13699444311402084
image_6372,0.13699444311402084
image_6373,0.13699444311402084
image_6374,0.13699444311402084
image_6375,0.13699444311402084
image_6376,0.13699444311402084
image_6377,0.13699444311402084
image_6378,0.13699444311402084
image_6379,0.13699444311402084
image_6380,0.13699444311402084
image_6381,0.13699444311402084
image_6382,0.13699444311402084
image_6383,0.13699444311402084
image_6384,0.13699444311402084
image_6385,0.13699444311402084
image_6386,0.13699444311402084
image_6387,0.13699444311402084
image_6388,0.13699444311402084
image_6389,0.13699444311402084
image_6390,0.13699444311402084
image_6391,0.13699444311402084
image_6392,0.13699444311402084
image_6393,0.13699444311402084
image_6394,0.13699444311402084
image_6395,0.13699444311402084
image_6396,0.13699444311402084
image_6397,0.13699444311402084
image_6398,0.13699444311402084
image_6399,0.13699444311402084
image_6400,0.13699444311402084
image_6401,0.13699444311402084
image_6402,0.13699444311402084
image_6403,0.13699444311402084
image_6404,0.13699444311402084
image_6405,0.13699444311402084
image_6406,0.13699444311402084
image_6407,0.13699444311402084
image_6408,0.13699444311402084
image_6409,0.13699444311402084
image_6410,0.13699444311402084
image_6411,0.13699444311402084
image_6412,0.13699444311402084
image_6413,0.13699444311402084
image_6414,0.13699444311402084
image_6415,0.13699444311402084
image_6416,0.13699444311402084
image_6417,0.13699444311402084
image_6418,0.13699444311402084
image_6419,0.13699444311402084
image_6420,0.13699444311402084
image_6421,0.13699444311402084
image_6422,0.13699444311402084
image_6423,0.13699444311402084
image_6424,0.13699444311402084
image_6425,0.13699444311402084
image_6426,0.13699444311402084
image_6427,0.13699444311402084
image_6428,0.13699444311402084
image_6429,0.13699444311402084
image_6430,0.13699444311402084
image_6431,0.13699444311402084
image_6432,0.13699444311402084
image_6433,0.13699444311402084
image_6434,0.13699444311402084
image_6435,0.13699444311402084
image_6436,0.13699444311402084
image_6437,0.13699444311402084
image_6438,0.13699444311402084
image_6439,0.13699444311402084
image_6440,0.13699444311402084
image_6441,0.13699444311402084
image_6442,0.13699444311402084
image_6443,0.13699444311402084
image_6444,0.13699444311402084
image_6445,0.13699444311402084
image_6446,0.13699444311402084
image_6447,0.13699444311402084
image_6448,0.13699444311402084
image_6449,0.13699444311402084
image_6450,0.13699444311402084
image_6451,0.13699444311402084
image_6452,0.13699444311402084
image_6453,0.13699444311402084
image_6454,0.13699444311402084
image_6455,0.13699444311402084
image_6456,0.13699444311402084
image_6457,0.13699444311402084
image_6458,0.13699444311402084
image_6459,0.13699444311402084
image_6460,0.13699444311402084
image_6461,0.13699444311402084
image_6462,0.13699444311402084
image_6463,0.13699444311402084
image_6464,0.13699444311402084
image_6465,0.13699444311402084
image_6466,0.13699444311402084
image_6467,0.13699444311402084
image_6468,0.13699444311402084
image_6469,0.13699444311402084
image_6470,0.13699444311402084
image_6471,0.13699444311402084
image_6472,0.13699444311402084
image_6473,0.13699444311402084
image_6474,0.13699444311402084
image_6475,0.13699444311402084
image_6476,0.13699444311402084
image_6477,0.13699444311402084
image_6478,0.13699444311402084
image_6479,0.13699444311402084
image_6480,0.13699444311402084
image_6481,0.13699444311402084
image_6482,0.13699444311402084
image_6483,0.13699444311402084
image_6484,0.13699444311402084
image_6485,0.13699444311402084
image_6486,0.13699444311402084
image_6487,0.13699444311402084
image_6488,0.13699444311402084
image_6489,0.13699444311402084
image_6490,0.13699444311402084
image_6491,0.13699444311402084
image_6492,0.13699444311402084
image_6493,0.13699444311402084
image_6494,0.13699444311402084
image_6495,0.13699444311402084
image_6496,0.13699444311402084
image_6497,0.13699444311402084
image_6498,0.13699444311402084
image_6499,0.13699444311402084
image_6500,0.13699444311402084
image_6501,0.13699444311402084
image_6502,0.13699444311402084
image_6503,0.13699444311402084
image_6504,0.13699444311402084
image_6505,0.13699444311402084
image_6506,0.13699444311402084
image_6507,0.13699444311402084
image_6508,0.13699444311402084
image_6509,0.13699444311402084
image_6510,0.13699444311402084
image_6511,0.13699444311402084
image_6512,0.13699444311402084
image_6513,0.13699444311402084
image_6514,0.13699444311402084
image_6515,0.13699444311402084
image_6516,0.13699444311402084
image_6517,0.13699444311402084
image_6518,0.13699444311402084
image_6519,0.13699444311402084
image_6520,0.13699444311402084
image_6521,0.13699444311402084
image_6522,0.13699444311402084
image_6523,0.13699444311402084
image_6524,0.13699444311402084
image_6525,0.13699444311402084
image_6526,0.13699444311402084
image_6527,0.13699444311402084
image_6528,0.13699444311402084
image_6529,0.13699444311402084
image_6530,0.13699444311402084
image_6531,0.13699444311402084
image_6532,0.13699444311402084
image_6533,0.13699444311402084
image_6534,0.13699444311402084
image_6535,0.13699444311402084
image_6536,0.13699444311402084
image_6537,0.13699444311402084
image_6538,0.13699444311402084
image_6539,0.13699444311402084
image_6540,0.13699444311402084
image_6541,0.13699444311402084
image_6542,0.13699444311402084
image_6543,0.13699444311402084
image_6544,0.13699444311402084
image_6545,0.13699444311402084
image_6546,0.13699444311402084
image_6547,0.13699444311402084
image_6548,0.13699444311402084
image_6549,0.13699444311402084
image_6550,0.13699444311402084
image_6551,0.13699444311402084
image_6552,0.13699444311402084
image_6553,0.13699444311402084
image_6554,0.13699444311402084
image_6555,0.13699444311402084
image_6556,0.13699444311402084
image_6557,0.13699444311402084
image_6558,0.13699444311402084
image_6559,0.13699444311402084
image_6560,0.13699444311402084
image_6561,0.13699444311402084
image_6562,0.13699444311402084
image_6563,0.13699444311402084
image_6564,0.13699444311402084
image_6565,0.13699444311402084
image_6566,0.13699444311402084
image_6567,0.13699444311402084
image_6568,0.13699444311402084
image_6569,0.13699444311402084
image_6570,0.13699444311402084
image_6571,0.13699444311402084
image_6572,0.13699444311402084
image_6573,0.13699444311402084
image_6574,0.13699444311402084
image_6575,0.13699444311402084
image_6576,0.13699444311402084
image_6577,0.13699444311402084
image_6578,0.13699444311402084
image_6579,0.13699444311402084
image_6580,0.13699444311402084
image_6581,0.13699444311402084
image_6582,0.13699444311402084
image_6583,0.13699444311402084
image_6584,0.13699444311402084
image_6585,0.13699444311402084
image_6586,0.13699444311402084
image_6587,0.13699444311402084
image_6588,0.13699444311402084
image_6589,0.13699444311402084
image_6590,0.13699444311402084
image_6591,0.13699444311402084
image_6592,0.13699444311402084
image_6593,0.13699444311402084
image_6594,0.13699444311402084
image_6595,0.13699444311402084
image_6596,0.13699444311402084
image_6597,0.13699444311402084
image_6598,0.13699444311402084
image_6599,0.13699444311402084
image_6600,0.13699444311402084
image_6601,0.13699444311402084
image_6602,0.13699444311402084
image_6603,0.13699444311402084
image_6604,0.13699444311402084
image_6605,0.13699444311402084
image_6606,0.13699444311402084
image_6607,0.13699444311402084
image_6608,0.13699444311402084
image_6609,0.13699444311402084
image_6610,0.13699444311402084
image_6611,0.13699444311402084
image_6612,0.13699444311402084
image_6613,0.13699444311402084
image_6614,0.13699444311402084
image_6615,0.13699444311402084
image_6616,0.13699444311402084
image_6617,0.13699444311402084
image_6618,0.13699444311402084
image_6619,0.13699444311402084
image_6620,0.13699444311402084
image_6621,0.13699444311402084
image_6622,0.13699444311402084
image_6623,0.13699444311402084
image_6624,0.13699444311402084
image_6625,0.13699444311402084
image_6626,0.13699444311402084
image_6627,0.13699444311402084
image_6628,0.13699444311402084
image_6629,0.13699444311402084
image_6630,0.13699444311402084
image_6631,0.13699444311402084
image_6632,0.13699444311402084
image_6633,0.13699444311402084
image_6634,0.13699444311402084
image_6635,0.13699444311402084
image_6636,0.13699444311402084
image_6637,0.13699444311402084
image_6638,0.13699444311402084
image_6639,0.13699444311402084
image_6640,0.13699444311402084
image_6641,0.13699444311402084
image_6642,0.13699444311402084
image_6643,0.13699444311402084
image_6644,0.13699444311402084
image_6645,0.13699444311402084
image_6646,0.13699444311402084
image_6647,0.13699444311402084
image_6648,0.13699444311402084
image_6649,0.13699444311402084
image_6650,0.13699444311402084
image_6651,0.13699444311402084
image_6652,0.13699444311402084
image_6653,0.13699444311402084
image_6654,0.13699444311402084
image_6655,0.13699444311402084
image_6656,0.13699444311402084
image_6657,0.13699444311402084
image_6658,0.13699444311402084
image_6659,0.13699444311402084
image_6660,0.13699444311402084
image_6661,0.13699444311402084
image_6662,0.13699444311402084
image_6663,0.13699444311402084
image_6664,0.13699444311402084
image_6665,0.13699444311402084
image_6666,0.13699444311402084
image_6667,0.13699444311402084
image_6668,0.13699444311402084
image_6669,0.13699444311402084
image_6670,0.13699444311402084
image_6671,0.13699444311402084
image_6672,0.13699444311402084
image_6673,0.13699444311402084
image_6674,0.13699444311402084
image_6675,0.13699444311402084
image_6676,0.13699444311402084
image_6677,0.13699444311402084
image_6678,0.13699444311402084
image_6679,0.13699444311402084
image_6680,0.13699444311402084
image_6681,0.13699444311402084
image_6682,0.13699444311402084
image_6683,0.13699444311402084
image_6684,0.13699444311402084
image_6685,0.13699444311402084
image_6686,0.13699444311402084
image_6687,0.13699444311402084
image_6688,0.13699444311402084
image_6689,0.13699444311402084
image_6690,0.13699444311402084
image_6691,0.13699444311402084
image_6692,0.13699444311402084
image_6693,0.13699444311402084
image_6694,0.13699444311402084
image_6695,0.13699444311402084
image_6696,0.13699444311402084
image_6697,0.13699444311402084
image_6698,0.13699444311402084
image_6699,0.13699444311402084
image_6700,0.13699444311402084
image_6701,0.13699444311402084
image_6702,0.13699444311402084
image_6703,0.13699444311402084
image_6704,0.13699444311402084
image_6705,0.13699444311402084
image_6706,0.13699444311402084
image_6707,0.13699444311402084
image_6708,0.13699444311402084
image_6709,0.13699444311402084
image_6710,0.13699444311402084
image_6711,0.13699444311402084
image_6712,0.13699444311402084
image_6713,0.13699444311402084
image_6714,0.13699444311402084
image_6715,0.13699444311402084
image_6716,0.13699444311402084
image_6717,0.13699444311402084
image_6718,0.13699444311402084
image_6719,0.13699444311402084
image_6720,0.13699444311402084
image_6721,0.13699444311402084
image_6722,0.13699444311402084
image_6723,0.13699444311402084
image_6724,0.13699444311402084
image_6725,0.13699444311402084
image_6726,0.13699444311402084
image_6727,0.13699444311402084
image_6728,0.13699444311402084
image_6729,0.13699444311402084
image_6730,0.13699444311402084
image_6731,0.13699444311402084
image_6732,0.13699444311402084
image_6733,0.13699444311402084
image_6734,0.13699444311402084
image_6735,0.13699444311402084
image_6736,0.13699444311402084
image_6737,0.13699444311402084
image_6738,0.13699444311402084
image_6739,0.13699444311402084
image_6740,0.13699444311402084
image_6741,0.13699444311402084
image_6742,0.13699444311402084
image_6743,0.13699444311402084
image_6744,0.13699444311402084
image_6745,0.13699444311402084
image_6746,0.13699444311402084
image_6747,0.13699444311402084
image_6748,0.13699444311402084
image_6749,0.13699444311402084
image_6750,0.13699444311402084
image_6751,0.13699444311402084
image_6752,0.13699444311402084
image_6753,0.13699444311402084
image_6754,0.13699444311402084
image_6755,0.13699444311402084
image_6756,0.13699444311402084
image_6757,0.13699444311402084
image_6758,0.13699444311402084
image_6759,0.13699444311402084
image_6760,0.13699444311402084
image_6761,0.13699444311402084
image_6762,0.13699444311402084
image_6763,0.13699444311402084
image_6764,0.13699444311402084
image_6765,0.13699444311402084
image_6766,0.13699444311402084
image_6767,0.13699444311402084
image_6768,0.13699444311402084
image_6769,0.13699444311402084
image_6770,0.13699444311402084
image_6771,0.13699444311402084
image_6772,0.13699444311402084
image_6773,0.13699444311402084
image_6774,0.13699444311402084
image_6775,0.13699444311402084
image_6776,0.13699444311402084
image_6777,0.13699444311402084
image_6778,0.13699444311402084
image_6779,0.13699444311402084
image_6780,0.13699444311402084
image_6781,0.13699444311402084
image_6782,0.13699444311402084
image_6783,0.13699444311402084
image_6784,0.13699444311402084
image_6785,0.13699444311402084
image_6786,0.13699444311402084
image_6787,0.13699444311402084
image_6788,0.13699444311402084
image_6789,0.13699444311402084
image_6790,0.13699444311402084
image_6791,0.13699444311402084
image_6792,0.13699444311402084
image_6793,0.13699444311402084
image_6794,0.13699444311402084
image_6795,0.13699444311402084
image_6796,0.13699444311402084
image_6797,0.13699444311402084
image_6798,0.13699444311402084
image_6799,0.13699444311402084
image_6800,0.13699444311402084
image_6801,0.13699444311402084
image_6802,0.13699444311402084
image_6803,0.13699444311402084
image_6804,0.13699444311402084
image_6805,0.13699444311402084
image_6806,0.13699444311402084
image_6807,0.13699444311402084
image_6808,0.13699444311402084
image_6809,0.13699444311402084
image_6810,0.13699444311402084
image_6811,0.13699444311402084
image_6812,0.13699444311402084
image_6813,0.13699444311402084
image_6814,0.13699444311402084
image_6815,0.13699444311402084
image_6816,0.13699444311402084
image_6817,0.13699444311402084
image_6818,0.13699444311402084
image_6819,0.13699444311402084
image_6820,0.13699444311402084
image_6821,0.13699444311402084
image_6822,0.13699444311402084
image_6823,0.13699444311402084
image_6824,0.13699444311402084
image_6825,0.13699444311402084
image_6826,0.13699444311402084
image_6827,0.13699444311402084
image_6828,0.13699444311402084
image_6829,0.13699444311402084
image_6830,0.13699444311402084
image_6831,0.13699444311402084
image_6832,0.13699444311402084
image_6833,0.13699444311402084
image_6834,0.13699444311402084
image_6835,0.13699444311402084
image_6836,0.13699444311402084
image_6837,0.13699444311402084
image_6838,0.13699444311402084
image_6839,0.13699444311402084
image_6840,0.13699444311402084
image_6841,0.13699444311402084
image_6842,0.13699444311402084
image_6843,0.13699444311402084
image_6844,0.13699444311402084
image_6845,0.13699444311402084
image_6846,0.13699444311402084
image_6847,0.13699444311402084
image_6848,0.13699444311402084
image_6849,0.13699444311402084
image_6850,0.13699444311402084
image_6851,0.13699444311402084
image_6852,0.13699444311402084
image_6853,0.13699444311402084
image_6854,0.13699444311402084
image_6855,0.13699444311402084
image_6856,0.13699444311402084
image_6857,0.13699444311402084
image_6858,0.13699444311402084
image_6859,0.13699444311402084
image_6860,0.13699444311402084
image_6861,0.13699444311402084
image_6862,0.13699444311402084
image_6863,0.13699444311402084
image_6864,0.13699444311402084
image_6865,0.13699444311402084
image_6866,0.13699444311402084
image_6867,0.13699444311402084
image_6868,0.13699444311402084
image_6869,0.13699444311402084
image_6870,0.13699444311402084
image_6871,0.13699444311402084
image_6872,0.13699444311402084
image_6873,0.13699444311402084
image_6874,0.13699444311402084
image_6875,0.13699444311402084
image_6876,0.13699444311402084
image_6877,0.13699444311402084
image_6878,0.13699444311402084
image_6879,0.13699444311402084
image_6880,0.13699444311402084
image_6881,0.13699444311402084
image_6882,0.13699444311402084
image_6883,0.13699444311402084
image_6884,0.13699444311402084
image_6885,0.13699444311402084
image_6886,0.13699444311402084
image_6887,0.13699444311402084
image_6888,0.13699444311402084
image_6889,0.13699444311402084
image_6890,0.13699444311402084
image_6891,0.13699444311402084
image_6892,0.13699444311402084
image_6893,0.13699444311402084
image_6894,0.13699444311402084
image_6895,0.13699444311402084
image_6896,0.13699444311402084
image_6897,0.13699444311402084
image_6898,0.13699444311402084
image_6899,0.13699444311402084
image_6900,0.13699444311402084
image_6901,0.13699444311402084
image_6902,0.13699444311402084
image_6903,0.13699444311402084
image_6904,0.13699444311402084
image_6905,0.13699444311402084
image_6906,0.13699444311402084
image_6907,0.13699444311402084
image_6908,0.13699444311402084
image_6909,0.13699444311402084
image_6910,0.13699444311402084
image_6911,0.13699444311402084
image_6912,0.13699444311402084
image_6913,0.13699444311402084
image_6914,0.13699444311402084
image_6915,0.13699444311402084
image_6916,0.13699444311402084
image_6917,0.13699444311402084
image_6918,0.13699444311402084
image_6919,0.13699444311402084
image_6920,0.13699444311402084
image_6921,0.13699444311402084
image_6922,0.13699444311402084
image_6923,0.13699444311402084
image_6924,0.13699444311402084
image_6925,0.13699444311402084
image_6926,0.13699444311402084
image_6927,0.13699444311402084
image_6928,0.13699444311402084
image_6929,0.13699444311402084
image_6930,0.13699444311402084
image_6931,0.13699444311402084
image_6932,0.13699444311402084
image_6933,0.13699444311402084
image_6934,0.13699444311402084
image_6935,0.13699444311402084
image_6936,0.13699444311402084
image_6937,0.13699444311402084
image_6938,0.13699444311402084
image_6939,0.13699444311402084
image_6940,0.13699444311402084
image_6941,0.13699444311402084
image_6942,0.13699444311402084
image_6943,0.13699444311402084
image_6944,0.13699444311402084
image_6945,0.13699444311402084
image_6946,0.13699444311402084
image_6947,0.13699444311402084
image_6948,0.13699444311402084
image_6949,0.13699444311402084
image_6950,0.13699444311402084
image_6951,0.13699444311402084
image_6952,0.13699444311402084
image_6953,0.13699444311402084
image_6954,0.13699444311402084
image_6955,0.13699444311402084
image_6956,0.13699444311402084
image_6957,0.13699444311402084
image_6958,0.13699444311402084
image_6959,0.13699444311402084
image_6960,0.13699444311402084
image_6961,0.13699444311402084
image_6962,0.13699444311402084
image_6963,0.13699444311402084
image_6964,0.13699444311402084
image_6965,0.13699444311402084
image_6966,0.13699444311402084
image_6967,0.13699444311402084
image_6968,0.13699444311402084
image_6969,0.13699444311402084
image_6970,0.13699444311402084
image_6971,0.13699444311402084
image_6972,0.13699444311402084
image_6973,0.13699444311402084
image_6974,0.13699444311402084
image_6975,0.13699444311402084
image_6976,0.13699444311402084
image_6977,0.13699444311402084
image_6978,0.13699444311402084
image_6979,0.13699444311402084
image_6980,0.13699444311402084
image_6981,0.13699444311402084
image_6982,0.13699444311402084
image_6983,0.13699444311402084
image_6984,0.13699444311402084
image_6985,0.13699444311402084
image_6986,0.13699444311402084
image_6987,0.13699444311402084
image_6988,0.13699444311402084
image_6989,0.13699444311402084
image_6990,0.13699444311402084
image_6991,0.13699444311402084
image_6992,0.13699444311402084
image_6993,0.13699444311402084
image_6994,0.13699444311402084
image_6995,0.13699444311402084
image_6996,0.13699444311402084
image_6997,0.13699444311402084
image_6998,0.13699444311402084
image_6999,0.13699444311402084
image_7000,0.13699444311402084
image_7001,0.13699444311402084
image_7002,0.13699444311402084
image_7003,0.13699444311402084
image_7004,0.13699444311402084
image_7005,0.13699444311402084
image_7006,0.13699444311402084
image_7007,0.13699444311402084
image_7008,0.13699444311402084
image_7009,0.13699444311402084
image_7010,0.13699444311402084
image_7011,0.13699444311402084
image_7012,0.13699444311402084
image_7013,0.13699444311402084
image_7014,0.13699444311402084
image_7015,0.13699444311402084
image_7016,0.13699444311402084
image_7017,0.13699444311402084
image_7018,0.13699444311402084
image_7019,0.13699444311402084
image_7020,0.13699444311402084
image_7021,0.13699444311402084
image_7022,0.13699444311402084
image_7023,0.13699444311402084
image_7024,0.13699444311402084
image_7025,0.13699444311402084
image_7026,0.13699444311402084
image_7027,0.13699444311402084
image_7028,0.13699444311402084
image_7029,0.13699444311402084
image_7030,0.13699444311402084
image_7031,0.13699444311402084
image_7032,0.13699444311402084
image_7033,0.13699444311402084
image_7034,0.13699444311402084
image_7035,0.13699444311402084
image_7036,0.13699444311402084
image_7037,0.13699444311402084
image_7038,0.13699444311402084
image_7039,0.13699444311402084
image_7040,0.13699444311402084
image_7041,0.13699444311402084
image_7042,0.13699444311402084
image_7043,0.13699444311402084
image_7044,0.13699444311402084
image_7045,0.13699444311402084
image_7046,0.13699444311402084
image_7047,0.13699444311402084
image_7048,0.13699444311402084
image_7049,0.13699444311402084
image_7050,0.13699444311402084
image_7051,0.13699444311402084
image_7052,0.13699444311402084
image_7053,0.13699444311402084
image_7054,0.13699444311402084
image_7055,0.13699444311402084
image_7056,0.13699444311402084
image_7057,0.13699444311402084
image_7058,0.13699444311402084
image_7059,0.13699444311402084
image_7060,0.13699444311402084
image_7061,0.13699444311402084
image_7062,0.13699444311402084
image_7063,0.13699444311402084
image_7064,0.13699444311402084
image_7065,0.13699444311402084
image_7066,0.13699444311402084
image_7067,0.13699444311402084
image_7068,0.13699444311402084
image_7069,0.13699444311402084
image_7070,0.13699444311402084
image_7071,0.13699444311402084
image_7072,0.13699444311402084
image_7073,0.13699444311402084
image_7074,0.13699444311402084
image_7075,0.13699444311402084
image_7076,0.13699444311402084
image_7077,0.13699444311402084
image_7078,0.13699444311402084
image_7079,0.13699444311402084
image_7080,0.13699444311402084
image_7081,0.13699444311402084
image_7082,0.13699444311402084
image_7083,0.13699444311402084
image_7084,0.13699444311402084
image_7085,0.13699444311402084
image_7086,0.13699444311402084
image_7087,0.13699444311402084
image_7088,0.13699444311402084
image_7089,0.13699444311402084
image_7090,0.13699444311402084
image_7091,0.13699444311402084
image_7092,0.13699444311402084
image_7093,0.13699444311402084
image_7094,0.13699444311402084
image_7095,0.13699444311402084
image_7096,0.13699444311402084
image_7097,0.13699444311402084
image_7098,0.13699444311402084
image_7099,0.13699444311402084
image_7100,0.13699444311402084
image_7101,0.13699444311402084
image_7102,0.13699444311402084
image_7103,0.13699444311402084
image_7104,0.13699444311402084
image_7105,0.13699444311402084
image_7106,0.13699444311402084
image_7107,0.13699444311402084
image_7108,0.13699444311402084
image_7109,0.13699444311402084
image_7110,0.13699444311402084
image_7111,0.13699444311402084
image_7112,0.13699444311402084
image_7113,0.13699444311402084
image_7114,0.13699444311402084
image_7115,0.13699444311402084
image_7116,0.13699444311402084
image_7117,0.13699444311402084
image_7118,0.13699444311402084
image_7119,0.13699444311402084
image_7120,0.13699444311402084
image_7121,0.13699444311402084
image_7122,0.13699444311402084
image_7123,0.13699444311402084
image_7124,0.13699444311402084
image_7125,0.13699444311402084
image_7126,0.13699444311402084
image_7127,0.13699444311402084
image_7128,0.13699444311402084
image_7129,0.13699444311402084
image_7130,0.13699444311402084
image_7131,0.13699444311402084
image_7132,0.13699444311402084
image_7133,0.13699444311402084
image_7134,0.13699444311402084
image_7135,0.13699444311402084
image_7136,0.13699444311402084
image_7137,0.13699444311402084
image_7138,0.13699444311402084
image_7139,0.13699444311402084
image_7140,0.13699444311402084
image_7141,0.13699444311402084
image_7142,0.13699444311402084
image_7143,0.13699444311402084
image_7144,0.13699444311402084
image_7145,0.13699444311402084
image_7146,0.13699444311402084
image_7147,0.13699444311402084
image_7148,0.13699444311402084
image_7149,0.13699444311402084
image_7150,0.13699444311402084
image_7151,0.13699444311402084
image_7152,0.13699444311402084
image_7153,0.13699444311402084
image_7154,0.13699444311402084
image_7155,0.13699444311402084
image_7156,0.13699444311402084
image_7157,0.13699444311402084
image_7158,0.13699444311402084
image_7159,0.13699444311402084
image_7160,0.13699444311402084
image_7161,0.13699444311402084
image_7162,0.13699444311402084
image_7163,0.13699444311402084
image_7164,0.13699444311402084
image_7165,0.13699444311402084
image_7166,0.13699444311402084
image_7167,0.13699444311402084
image_7168,0.13699444311402084
image_7169,0.13699444311402084
image_7170,0.13699444311402084
image_7171,0.13699444311402084
image_7172,0.13699444311402084
image_7173,0.13699444311402084
image_7174,0.13699444311402084
image_7175,0.13699444311402084
image_7176,0.13699444311402084
image_7177,0.13699444311402084
image_7178,0.13699444311402084
image_7179,0.13699444311402084
image_7180,0.13699444311402084
image_7181,0.13699444311402084
image_7182,0.13699444311402084
image_7183,0.13699444311402084
image_7184,0.13699444311402084
image_7185,0.13699444311402084
image_7186,0.13699444311402084
image_7187,0.13699444311402084
image_7188,0.13699444311402084
image_7189,0.13699444311402084
image_7190,0.13699444311402084
image_7191,0.13699444311402084
image_7192,0.13699444311402084
image_7193,0.13699444311402084
image_7194,0.13699444311402084
image_7195,0.13699444311402084
image_7196,0.13699444311402084
image_7197,0.13699444311402084
image_7198,0.13699444311402084
image_7199,0.13699444311402084
image_7200,0.13699444311402084
image_7201,0.13699444311402084
image_7202,0.13699444311402084
image_7203,0.13699444311402084
image_7204,0.13699444311402084
image_7205,0.13699444311402084
image_7206,0.13699444311402084
image_7207,0.13699444311402084
image_7208,0.13699444311402084
image_7209,0.13699444311402084
image_7210,0.13699444311402084
image_7211,0.13699444311402084
image_7212,0.13699444311402084
image_7213,0.13699444311402084
image_7214,0.13699444311402084
image_7215,0.13699444311402084
image_7216,0.13699444311402084
image_7217,0.13699444311402084
image_7218,0.13699444311402084
image_7219,0.13699444311402084
image_7220,0.13699444311402084
image_7221,0.13699444311402084
image_7222,0.13699444311402084
image_7223,0.13699444311402084
image_7224,0.13699444311402084
image_7225,0.13699444311402084
image_7226,0.13699444311402084
image_7227,0.13699444311402084
image_7228,0.13699444311402084
image_7229,0.13699444311402084
image_7230,0.13699444311402084
image_7231,0.13699444311402084
image_7232,0.13699444311402084
image_7233,0.13699444311402084
image_7234,0.13699444311402084
image_7235,0.13699444311402084
image_7236,0.13699444311402084
image_7237,0.13699444311402084
image_7238,0.13699444311402084
image_7239,0.13699444311402084
image_7240,0.13699444311402084
image_7241,0.13699444311402084
image_7242,0.13699444311402084
image_7243,0.13699444311402084
image_7244,0.13699444311402084
image_7245,0.13699444311402084
image_7246,0.13699444311402084
image_7247,0.13699444311402084
image_7248,0.13699444311402084
image_7249,0.13699444311402084
image_7250,0.13699444311402084
image_7251,0.13699444311402084
image_7252,0.13699444311402084
image_7253,0.13699444311402084
image_7254,0.13699444311402084
image_7255,0.13699444311402084
image_7256,0.13699444311402084
image_7257,0.13699444311402084
image_7258,0.13699444311402084
image_7259,0.13699444311402084
image_7260,0.13699444311402084
image_7261,0.13699444311402084
image_7262,0.13699444311402084
image_7263,0.13699444311402084
image_7264,0.13699444311402084
image_7265,0.13699444311402084
image_7266,0.13699444311402084
image_7267,0.13699444311402084
image_7268,0.13699444311402084
image_7269,0.13699444311402084
image_7270,0.13699444311402084
image_7271,0.13699444311402084
image_7272,0.13699444311402084
image_7273,0.13699444311402084
image_7274,0.13699444311402084
image_7275,0.13699444311402084
image_7276,0.13699444311402084
image_7277,0.13699444311402084
image_7278,0.13699444311402084
image_7279,0.13699444311402084
image_7280,0.13699444311402084
image_7281,0.13699444311402084
image_7282,0.13699444311402084
image_7283,0.13699444311402084
image_7284,0.13699444311402084
image_7285,0.13699444311402084
image_7286,0.13699444311402084
image_7287,0.13699444311402084
image_7288,0.13699444311402084
image_7289,0.13699444311402084
image_7290,0.13699444311402084
image_7291,0.13699444311402084
image_7292,0.13699444311402084
image_7293,0.13699444311402084
image_7294,0.13699444311402084
image_7295,0.13699444311402084
image_7296,0.13699444311402084
image_7297,0.13699444311402084
image_7298,0.13699444311402084
image_7299,0.13699444311402084
image_7300,0.13699444311402084
image_7301,0.13699444311402084
image_7302,0.13699444311402084
image_7303,0.13699444311402084
image_7304,0.13699444311402084
image_7305,0.13699444311402084
image_7306,0.13699444311402084
image_7307,0.13699444311402084
image_7308,0.13699444311402084
image_7309,0.13699444311402084
image_7310,0.13699444311402084
image_7311,0.13699444311402084
image_7312,0.13699444311402084
image_7313,0.13699444311402084
image_7314,0.13699444311402084
image_7315,0.13699444311402084
image_7316,0.13699444311402084
image_7317,0.13699444311402084
image_7318,0.13699444311402084
image_7319,0.13699444311402084
image_7320,0.13699444311402084
image_7321,0.13699444311402084
image_7322,0.13699444311402084
image_7323,0.13699444311402084
image_7324,0.13699444311402084
image_7325,0.13699444311402084
image_7326,0.13699444311402084
image_7327,0.13699444311402084
image_7328,0.13699444311402084
image_7329,0.13699444311402084
image_7330,0.13699444311402084
image_7331,0.13699444311402084
image_7332,0.13699444311402084
image_7333,0.13699444311402084
image_7334,0.13699444311402084
image_7335,0.13699444311402084
image_7336,0.13699444311402084
image_7337,0.13699444311402084
image_7338,0.13699444311402084
image_7339,0.13699444311402084
image_7340,0.13699444311402084
image_7341,0.13699444311402084
image_7342,0.13699444311402084
image_7343,0.13699444311402084
image_7344,0.13699444311402084
image_7345,0.13699444311402084
image_7346,0.13699444311402084
image_7347,0.13699444311402084
image_7348,0.13699444311402084
image_7349,0.13699444311402084
image_7350,0.13699444311402084
image_7351,0.13699444311402084
image_7352,0.13699444311402084
image_7353,0.13699444311402084
image_7354,0.13699444311402084
image_7355,0.13699444311402084
image_7356,0.13699444311402084
image_7357,0.13699444311402084
image_7358,0.13699444311402084
image_7359,0.13699444311402084
image_7360,0.13699444311402084
image_7361,0.13699444311402084
image_7362,0.13699444311402084
image_7363,0.13699444311402084
image_7364,0.13699444311402084
image_7365,0.13699444311402084
image_7366,0.13699444311402084
image_7367,0.13699444311402084
image_7368,0.13699444311402084
image_7369,0.13699444311402084
image_7370,0.13699444311402084
image_7371,0.13699444311402084
image_7372,0.13699444311402084
image_7373,0.13699444311402084
image_7374,0.13699444311402084
image_7375,0.13699444311402084
image_7376,0.13699444311402084
image_7377,0.13699444311402084
image_7378,0.13699444311402084
image_7379,0.13699444311402084
image_7380,0.13699444311402084
image_7381,0.13699444311402084
image_7382,0.13699444311402084
image_7383,0.13699444311402084
image_7384,0.13699444311402084
image_7385,0.13699444311402084
image_7386,0.13699444311402084
image_7387,0.13699444311402084
image_7388,0.13699444311402084
image_7389,0.13699444311402084
image_7390,0.13699444311402084
image_7391,0.13699444311402084
image_7392,0.13699444311402084
image_7393,0.13699444311402084
image_7394,0.13699444311402084
image_7395,0.13699444311402084
image_7396,0.13699444311402084
image_7397,0.13699444311402084
image_7398,0.13699444311402084
image_7399,0.13699444311402084
image_7400,0.13699444311402084
image_7401,0.13699444311402084
image_7402,0.13699444311402084
image_7403,0.13699444311402084
image_7404,0.13699444311402084
image_7405,0.13699444311402084
image_7406,0.13699444311402084
image_7407,0.13699444311402084
image_7408,0.13699444311402084
image_7409,0.13699444311402084
image_7410,0.13699444311402084
image_7411,0.13699444311402084
image_7412,0.13699444311402084
image_7413,0.13699444311402084
image_7414,0.13699444311402084
image_7415,0.13699444311402084
image_7416,0.13699444311402084
image_7417,0.13699444311402084
image_7418,0.13699444311402084
image_7419,0.13699444311402084
image_7420,0.13699444311402084
image_7421,0.13699444311402084
image_7422,0.13699444311402084
image_7423,0.13699444311402084
image_7424,0.13699444311402084
image_7425,0.13699444311402084
image_7426,0.13699444311402084
image_7427,0.13699444311402084
image_7428,0.13699444311402084
image_7429,0.13699444311402084
image_7430,0.13699444311402084
image_7431,0.13699444311402084
image_7432,0.13699444311402084
image_7433,0.13699444311402084
image_7434,0.13699444311402084
image_7435,0.13699444311402084
image_7436,0.13699444311402084
image_7437,0.13699444311402084
image_7438,0.13699444311402084
image_7439,0.13699444311402084
image_7440,0.13699444311402084
image_7441,0.13699444311402084
image_7442,0.13699444311402084
image_7443,0.13699444311402084
image_7444,0.13699444311402084
image_7445,0.13699444311402084
image_7446,0.13699444311402084
image_7447,0.13699444311402084
image_7448,0.13699444311402084
image_7449,0.13699444311402084
image_7450,0.13699444311402084
image_7451,0.13699444311402084
image_7452,0.13699444311402084
image_7453,0.13699444311402084
image_7454,0.13699444311402084
image_7455,0.13699444311402084
image_7456,0.13699444311402084
image_7457,0.13699444311402084
image_7458,0.13699444311402084
image_7459,0.13699444311402084
image_7460,0.13699444311402084
image_7461,0.13699444311402084
image_7462,0.13699444311402084
image_7463,0.13699444311402084
image_7464,0.13699444311402084
image_7465,0.13699444311402084
image_7466,0.13699444311402084
image_7467,0.13699444311402084
image_7468,0.13699444311402084
image_7469,0.13699444311402084
image_7470,0.13699444311402084
image_7471,0.13699444311402084
image_7472,0.13699444311402084
image_7473,0.13699444311402084
image_7474,0.13699444311402084
image_7475,0.13699444311402084
image_7476,0.13699444311402084
image_7477,0.13699444311402084
image_7478,0.13699444311402084
image_7479,0.13699444311402084
image_7480,0.13699444311402084
image_7481,0.13699444311402084
image_7482,0.13699444311402084
image_7483,0.13699444311402084
image_7484,0.13699444311402084
image_7485,0.13699444311402084
image_7486,0.13699444311402084
image_7487,0.13699444311402084
image_7488,0.13699444311402084
image_7489,0.13699444311402084
image_7490,0.13699444311402084
image_7491,0.13699444311402084
image_7492,0.13699444311402084
image_7493,0.13699444311402084
image_7494,0.13699444311402084
image_7495,0.13699444311402084
image_7496,0.13699444311402084
image_7497,0.13699444311402084
image_7498,0.13699444311402084
image_7499,0.13699444311402084
image_7500,0.13699444311402084
image_7501,0.13699444311402084
image_7502,0.13699444311402084
image_7503,0.13699444311402084
image_7504,0.13699444311402084
image_7505,0.13699444311402084
image_7506,0.13699444311402084
image_7507,0.13699444311402084
image_7508,0.13699444311402084
image_7509,0.13699444311402084
image_7510,0.13699444311402084
image_7511,0.13699444311402084
image_7512,0.13699444311402084
image_7513,0.13699444311402084
image_7514,0.13699444311402084
image_7515,0.13699444311402084
image_7516,0.13699444311402084
image_7517,0.13699444311402084
image_7518,0.13699444311402084
image_7519,0.13699444311402084
image_7520,0.13699444311402084
image_7521,0.13699444311402084
image_7522,0.13699444311402084
image_7523,0.13699444311402084
image_7524,0.13699444311402084
image_7525,0.13699444311402084
image_7526,0.13699444311402084
image_7527,0.13699444311402084
image_7528,0.13699444311402084
image_7529,0.13699444311402084
image_7530,0.13699444311402084
image_7531,0.13699444311402084
image_7532,0.13699444311402084
image_7533,0.13699444311402084
image_7534,0.13699444311402084
image_7535,0.13699444311402084
image_7536,0.13699444311402084
image_7537,0.13699444311402084
image_7538,0.13699444311402084
image_7539,0.13699444311402084
image_7540,0.13699444311402084
image_7541,0.13699444311402084
image_7542,0.13699444311402084
image_7543,0.13699444311402084
image_7544,0.13699444311402084
image_7545,0.13699444311402084
image_7546,0.13699444311402084
image_7547,0.13699444311402084
image_7548,0.13699444311402084
image_7549,0.13699444311402084
image_7550,0.13699444311402084
image_7551,0.13699444311402084
image_7552,0.13699444311402084
image_7553,0.13699444311402084
image_7554,0.13699444311402084
image_7555,0.13699444311402084
image_7556,0.13699444311402084
image_7557,0.13699444311402084
image_7558,0.13699444311402084
image_7559,0.13699444311402084
image_7560,0.13699444311402084
image_7561,0.13699444311402084
image_7562,0.13699444311402084
image_7563,0.13699444311402084
image_7564,0.13699444311402084
image_7565,0.13699444311402084
image_7566,0.13699444311402084
image_7567,0.13699444311402084
image_7568,0.13699444311402084
image_7569,0.13699444311402084
image_7570,0.13699444311402084
image_7571,0.13699444311402084
image_7572,0.13699444311402084
image_7573,0.13699444311402084
image_7574,0.13699444311402084
image_7575,0.13699444311402084
image_7576,0.13699444311402084
image_7577,0.13699444311402084
image_7578,0.13699444311402084
image_7579,0.13699444311402084
image_7580,0.13699444311402084
image_7581,0.13699444311402084
image_7582,0.13699444311402084
image_7583,0.13699444311402084
image_7584,0.13699444311402084
image_7585,0.13699444311402084
image_7586,0.13699444311402084
image_7587,0.13699444311402084
image_7588,0.13699444311402084
image_7589,0.13699444311402084
image_7590,0.13699444311402084
image_7591,0.13699444311402084
image_7592,0.13699444311402084
image_7593,0.13699444311402084
image_7594,0.13699444311402084
image_7595,0.13699444311402084
image_7596,0.13699444311402084
image_7597,0.13699444311402084
image_7598,0.13699444311402084
image_7599,0.13699444311402084
image_7600,0.13699444311402084
image_7601,0.13699444311402084
image_7602,0.13699444311402084
image_7603,0.13699444311402084
image_7604,0.13699444311402084
image_7605,0.13699444311402084
image_7606,0.13699444311402084
image_7607,0.13699444311402084
image_7608,0.13699444311402084
image_7609,0.13699444311402084
image_7610,0.13699444311402084
image_7611,0.13699444311402084
image_7612,0.13699444311402084
image_7613,0.13699444311402084
image_7614,0.13699444311402084
image_7615,0.13699444311402084
image_7616,0.13699444311402084
image_7617,0.13699444311402084
image_7618,0.13699444311402084
image_7619,0.13699444311402084
image_7620,0.13699444311402084
image_7621,0.13699444311402084
image_7622,0.13699444311402084
image_7623,0.13699444311402084
image_7624,0.13699444311402084
image_7625,0.13699444311402084
image_7626,0.13699444311402084
image_7627,0.13699444311402084
image_7628,0.13699444311402084
image_7629,0.13699444311402084
image_7630,0.13699444311402084
image_7631,0.13699444311402084
image_7632,0.13699444311402084
image_7633,0.13699444311402084
image_7634,0.13699444311402084
image_7635,0.13699444311402084
image_7636,0.13699444311402084
image_7637,0.13699444311402084
image_7638,0.13699444311402084
image_7639,0.13699444311402084
image_7640,0.13699444311402084
image_7641,0.13699444311402084
image_7642,0.13699444311402084
image_7643,0.13699444311402084
image_7644,0.13699444311402084
image_7645,0.13699444311402084
image_7646,0.13699444311402084
image_7647,0.13699444311402084
image_7648,0.13699444311402084
image_7649,0.13699444311402084
image_7650,0.13699444311402084
image_7651,0.13699444311402084
image_7652,0.13699444311402084
image_7653,0.13699444311402084
image_7654,0.13699444311402084
image_7655,0.13699444311402084
image_7656,0.13699444311402084
image_7657,0.13699444311402084
image_7658,0.13699444311402084
image_7659,0.13699444311402084
image_7660,0.13699444311402084
image_7661,0.13699444311402084
image_7662,0.13699444311402084
image_7663,0.13699444311402084
image_7664,0.13699444311402084
image_7665,0.13699444311402084
image_7666,0.13699444311402084
image_7667,0.13699444311402084
image_7668,0.13699444311402084
image_7669,0.13699444311402084
image_7670,0.13699444311402084
image_7671,0.13699444311402084
image_7672,0.13699444311402084
image_7673,0.13699444311402084
image_7674,0.13699444311402084
image_7675,0.13699444311402084
image_7676,0.13699444311402084
image_7677,0.13699444311402084
image_7678,0.13699444311402084
image_7679,0.13699444311402084
image_7680,0.13699444311402084
image_7681,0.13699444311402084
image_7682,0.13699444311402084
image_7683,0.13699444311402084
image_7684,0.13699444311402084
image_7685,0.13699444311402084
image_7686,0.13699444311402084
image_7687,0.13699444311402084
image_7688,0.13699444311402084
image_7689,0.13699444311402084
image_7690,0.13699444311402084
image_7691,0.13699444311402084
image_7692,0.13699444311402084
image_7693,0.13699444311402084
image_7694,0.13699444311402084
image_7695,0.13699444311402084
image_7696,0.13699444311402084
image_7697,0.13699444311402084
image_7698,0.13699444311402084
image_7699,0.13699444311402084
image_7700,0.13699444311402084
image_7701,0.13699444311402084
image_7702,0.13699444311402084
image_7703,0.13699444311402084
image_7704,0.13699444311402084
image_7705,0.13699444311402084
image_7706,0.13699444311402084
image_7707,0.13699444311402084
image_7708,0.13699444311402084
image_7709,0.13699444311402084
image_7710,0.13699444311402084
image_7711,0.13699444311402084
image_7712,0.13699444311402084
image_7713,0.13699444311402084
image_7714,0.13699444311402084
image_7715,0.13699444311402084
image_7716,0.13699444311402084
image_7717,0.13699444311402084
image_7718,0.13699444311402084
image_7719,0.13699444311402084
image_7720,0.13699444311402084
image_7721,0.13699444311402084
image_7722,0.13699444311402084
image_7723,0.13699444311402084
image_7724,0.13699444311402084
image_7725,0.13699444311402084
image_7726,0.13699444311402084
image_7727,0.13699444311402084
image_7728,0.13699444311402084
image_7729,0.13699444311402084
image_7730,0.13699444311402084
image_7731,0.13699444311402084
image_7732,0.13699444311402084
image_7733,0.13699444311402084
image_7734,0.13699444311402084
image_7735,0.13699444311402084
image_7736,0.13699444311402084
image_7737,0.13699444311402084
image_7738,0.13699444311402084
image_7739,0.13699444311402084
image_7740,0.13699444311402084
image_7741,0.13699444311402084
image_7742,0.13699444311402084
image_7743,0.13699444311402084
image_7744,0.13699444311402084
image_7745,0.13699444311402084
image_7746,0.13699444311402084
image_7747,0.13699444311402084
image_7748,0.13699444311402084
image_7749,0.13699444311402084
image_7750,0.13699444311402084
image_7751,0.13699444311402084
image_7752,0.13699444311402084
image_7753,0.13699444311402084
image_7754,0.13699444311402084
image_7755,0.13699444311402084
image_7756,0.13699444311402084
image_7757,0.13699444311402084
image_7758,0.13699444311402084
image_7759,0.13699444311402084
image_7760,0.13699444311402084
image_7761,0.13699444311402084
image_7762,0.13699444311402084
image_7763,0.13699444311402084
image_7764,0.13699444311402084
image_7765,0.13699444311402084
image_7766,0.13699444311402084
image_7767,0.13699444311402084
image_7768,0.13699444311402084
image_7769,0.13699444311402084
image_7770,0.13699444311402084
image_7771,0.13699444311402084
image_7772,0.13699444311402084
image_7773,0.13699444311402084
image_7774,0.13699444311402084
image_7775,0.13699444311402084
image_7776,0.13699444311402084
image_7777,0.13699444311402084
image_7778,0.13699444311402084
image_7779,0.13699444311402084
image_7780,0.13699444311402084
image_7781,0.13699444311402084
image_7782,0.13699444311402084
image_7783,0.13699444311402084
image_7784,0.13699444311402084
image_7785,0.13699444311402084
image_7786,0.13699444311402084
image_7787,0.13699444311402084
image_7788,0.13699444311402084
image_7789,0.13699444311402084
image_7790,0.13699444311402084
image_7791,0.13699444311402084
image_7792,0.13699444311402084
image_7793,0.13699444311402084
image_7794,0.13699444311402084
image_7795,0.13699444311402084
image_7796,0.13699444311402084
image_7797,0.13699444311402084
image_7798,0.13699444311402084
image_7799,0.13699444311402084
image_7800,0.13699444311402084
image_7801,0.13699444311402084
image_7802,0.13699444311402084
image_7803,0.13699444311402084
image_7804,0.13699444311402084
image_7805,0.13699444311402084
image_7806,0.13699444311402084
image_7807,0.13699444311402084
image_7808,0.13699444311402084
image_7809,0.13699444311402084
image_7810,0.13699444311402084
image_7811,0.13699444311402084
image_7812,0.13699444311402084
image_7813,0.13699444311402084
image_7814,0.13699444311402084
image_7815,0.13699444311402084
image_7816,0.13699444311402084
image_7817,0.13699444311402084
image_7818,0.13699444311402084
image_7819,0.13699444311402084
image_7820,0.13699444311402084
image_7821,0.13699444311402084
image_7822,0.13699444311402084
image_7823,0.13699444311402084
image_7824,0.13699444311402084
image_7825,0.13699444311402084
image_7826,0.13699444311402084
image_7827,0.13699444311402084
image_7828,0.13699444311402084
image_7829,0.13699444311402084
image_7830,0.13699444311402084
image_7831,0.13699444311402084
image_7832,0.13699444311402084
image_7833,0.13699444311402084
image_7834,0.13699444311402084
image_7835,0.13699444311402084
image_7836,0.13699444311402084
image_7837,0.13699444311402084
image_7838,0.13699444311402084
image_7839,0.13699444311402084
image_7840,0.13699444311402084
image_7841,0.13699444311402084
image_7842,0.13699444311402084
image_7843,0.13699444311402084
image_7844,0.13699444311402084
image_7845,0.13699444311402084
image_7846,0.13699444311402084
image_7847,0.13699444311402084
image_7848,0.13699444311402084
image_7849,0.13699444311402084
image_7850,0.13699444311402084
image_7851,0.13699444311402084
image_7852,0.13699444311402084
image_7853,0.13699444311402084
image_7854,0.13699444311402084
image_7855,0.13699444311402084
image_7856,0.13699444311402084
image_7857,0.13699444311402084
image_7858,0.13699444311402084
image_7859,0.13699444311402084
image_7860,0.13699444311402084
image_7861,0.13699444311402084
image_7862,0.13699444311402084
image_7863,0.13699444311402084
image_7864,0.13699444311402084
image_7865,0.13699444311402084
image_7866,0.13699444311402084
image_7867,0.13699444311402084
image_7868,0.13699444311402084
image_7869,0.13699444311402084
image_7870,0.13699444311402084
image_7871,0.13699444311402084
image_7872,0.13699444311402084
image_7873,0.13699444311402084
image_7874,0.13699444311402084
image_7875,0.13699444311402084
image_7876,0.13699444311402084
image_7877,0.13699444311402084
image_7878,0.13699444311402084
image_7879,0.13699444311402084
image_7880,0.13699444311402084
image_7881,0.13699444311402084
image_7882,0.13699444311402084
image_7883,0.13699444311402084
image_7884,0.13699444311402084
image_7885,0.13699444311402084
image_7886,0.13699444311402084
image_7887,0.13699444311402084
image_7888,0.13699444311402084
image_7889,0.13699444311402084
image_7890,0.13699444311402084
image_7891,0.13699444311402084
image_7892,0.13699444311402084
image_7893,0.13699444311402084
image_7894,0.13699444311402084
image_7895,0.13699444311402084
image_7896,0.13699444311402084
image_7897,0.13699444311402084
image_7898,0.13699444311402084
image_7899,0.13699444311402084
image_7900,0.13699444311402084
image_7901,0.13699444311402084
image_7902,0.13699444311402084
image_7903,0.13699444311402084
image_7904,0.13699444311402084
image_7905,0.13699444311402084
image_7906,0.13699444311402084
image_7907,0.13699444311402084
image_7908,0.13699444311402084
image_7909,0.13699444311402084
image_7910,0.13699444311402084
image_7911,0.13699444311402084
image_7912,0.13699444311402084
image_7913,0.13699444311402084
image_7914,0.13699444311402084
image_7915,0.13699444311402084
image_7916,0.13699444311402084
image_7917,0.13699444311402084
image_7918,0.13699444311402084
image_7919,0.13699444311402084
image_7920,0.13699444311402084
image_7921,0.13699444311402084
image_7922,0.13699444311402084
image_7923,0.13699444311402084
image_7924,0.13699444311402084
image_7925,0.13699444311402084
image_7926,0.13699444311402084
image_7927,0.13699444311402084
image_7928,0.13699444311402084
image_7929,0.13699444311402084
image_7930,0.13699444311402084
image_7931,0.13699444311402084
image_7932,0.13699444311402084
image_7933,0.13699444311402084
image_7934,0.13699444311402084
image_7935,0.13699444311402084
image_7936,0.13699444311402084
image_7937,0.13699444311402084
image_7938,0.13699444311402084
image_7939,0.13699444311402084
image_7940,0.13699444311402084
image_7941,0.13699444311402084
image_7942,0.13699444311402084
image_7943,0.13699444311402084
image_7944,0.13699444311402084
image_7945,0.13699444311402084
image_7946,0.13699444311402084
image_7947,0.13699444311402084
image_7948,0.13699444311402084
image_7949,0.13699444311402084
image_7950,0.13699444311402084
image_7951,0.13699444311402084
image_7952,0.13699444311402084
image_7953,0.13699444311402084
image_7954,0.13699444311402084
image_7955,0.13699444311402084
image_7956,0.13699444311402084
image_7957,0.13699444311402084
image_7958,0.13699444311402084
image_7959,0.13699444311402084
image_7960,0.13699444311402084
image_7961,0.13699444311402084
image_7962,0.13699444311402084
image_7963,0.13699444311402084
image_7964,0.13699444311402084
image_7965,0.13699444311402084
image_7966,0.13699444311402084
image_7967,0.13699444311402084
image_7968,0.13699444311402084
image_7969,0.13699444311402084
image_7970,0.13699444311402084
image_7971,0.13699444311402084
image_7972,0.13699444311402084
image_7973,0.13699444311402084
image_7974,0.13699444311402084
image_7975,0.13699444311402084
image_7976,0.13699444311402084
image_7977,0.13699444311402084
image_7978,0.13699444311402084
image_7979,0.13699444311402084
image_7980,0.13699444311402084
image_7981,0.13699444311402084
image_7982,0.13699444311402084
image_7983,0.13699444311402084
image_7984,0.13699444311402084
image_7985,0.13699444311402084
image_7986,0.13699444311402084
image_7987,0.13699444311402084
image_7988,0.13699444311402084
image_7989,0.13699444311402084
image_7990,0.13699444311402084
image_7991,0.13699444311402084
image_7992,0.13699444311402084
image_7993,0.13699444311402084
image_7994,0.13699444311402084
image_7995,0.13699444311402084
image_7996,0.13699444311402084
image_7997,0.13699444311402084
image_7998,0.13699444311402084
image_7999,0.13699444311402084
image_8000,0.13699444311402084
image_8001,0.13699444311402084
image_8002,0.13699444311402084
image_8003,0.13699444311402084
image_8004,0.13699444311402084
image_8005,0.13699444311402084
image_8006,0.13699444311402084
image_8007,0.13699444311402084
image_8008,0.13699444311402084
image_8009,0.13699444311402084
image_8010,0.13699444311402084
image_8011,0.13699444311402084
image_8012,0.13699444311402084
image_8013,0.13699444311402084
image_8014,0.13699444311402084
image_8015,0.13699444311402084
image_8016,0.13699444311402084
image_8017,0.13699444311402084
image_8018,0.13699444311402084
image_8019,0.13699444311402084
image_8020,0.13699444311402084
image_8021,0.13699444311402084
image_8022,0.13699444311402084
image_8023,0.13699444311402084
image_8024,0.13699444311402084
image_8025,0.13699444311402084
image_8026,0.13699444311402084
image_8027,0.13699444311402084
image_8028,0.13699444311402084
image_8029,0.13699444311402084
image_8030,0.13699444311402084
image_8031,0.13699444311402084
image_8032,0.13699444311402084
image_8033,0.13699444311402084
image_8034,0.13699444311402084
image_8035,0.13699444311402084
image_8036,0.13699444311402084
image_8037,0.13699444311402084
image_8038,0.13699444311402084
image_8039,0.13699444311402084
image_8040,0.13699444311402084
image_8041,0.13699444311402084
image_8042,0.13699444311402084
image_8043,0.13699444311402084
image_8044,0.13699444311402084
image_8045,0.13699444311402084
image_8046,0.13699444311402084
image_8047,0.13699444311402084
image_8048,0.13699444311402084
image_8049,0.13699444311402084
image_8050,0.13699444311402084
image_8051,0.13699444311402084
image_8052,0.13699444311402084
image_8053,0.13699444311402084
image_8054,0.13699444311402084
image_8055,0.13699444311402084
image_8056,0.13699444311402084
image_8057,0.13699444311402084
image_8058,0.13699444311402084
image_8059,0.13699444311402084
image_8060,0.13699444311402084
image_8061,0.13699444311402084
image_8062,0.13699444311402084
image_8063,0.13699444311402084
image_8064,0.13699444311402084
image_8065,0.13699444311402084
image_8066,0.13699444311402084
image_8067,0.13699444311402084
image_8068,0.13699444311402084
image_8069,0.13699444311402084
image_8070,0.13699444311402084
image_8071,0.13699444311402084
image_8072,0.13699444311402084
image_8073,0.13699444311402084
image_8074,0.13699444311402084
image_8075,0.13699444311402084
image_8076,0.13699444311402084
image_8077,0.13699444311402084
image_8078,0.13699444311402084
image_8079,0.13699444311402084
image_8080,0.13699444311402084
image_8081,0.13699444311402084
image_8082,0.13699444311402084
image_8083,0.13699444311402084
image_8084,0.13699444311402084
image_8085,0.13699444311402084
image_8086,0.13699444311402084
image_8087,0.13699444311402084
image_8088,0.13699444311402084
image_8089,0.13699444311402084
image_8090,0.13699444311402084
image_8091,0.13699444311402084
image_8092,0.13699444311402084
image_8093,0.13699444311402084
image_8094,0.13699444311402084
image_8095,0.13699444311402084
image_8096,0.13699444311402084
image_8097,0.13699444311402084
image_8098,0.13699444311402084
image_8099,0.13699444311402084
image_8100,0.13699444311402084
image_8101,0.13699444311402084
image_8102,0.13699444311402084
image_8103,0.13699444311402084
image_8104,0.13699444311402084
image_8105,0.13699444311402084
image_8106,0.13699444311402084
image_8107,0.13699444311402084
image_8108,0.13699444311402084
image_8109,0.13699444311402084
image_8110,0.13699444311402084
image_8111,0.13699444311402084
image_8112,0.13699444311402084
image_8113,0.13699444311402084
image_8114,0.13699444311402084
image_8115,0.13699444311402084
image_8116,0.13699444311402084
image_8117,0.13699444311402084
image_8118,0.13699444311402084
image_8119,0.13699444311402084
image_8120,0.13699444311402084
image_8121,0.13699444311402084
image_8122,0.13699444311402084
image_8123,0.13699444311402084
image_8124,0.13699444311402084
image_8125,0.13699444311402084
image_8126,0.13699444311402084
image_8127,0.13699444311402084
image_8128,0.13699444311402084
image_8129,0.13699444311402084
image_8130,0.13699444311402084
image_8131,0.13699444311402084
image_8132,0.13699444311402084
image_8133,0.13699444311402084
image_8134,0.13699444311402084
image_8135,0.13699444311402084
image_8136,0.13699444311402084
image_8137,0.13699444311402084
image_8138,0.13699444311402084
image_8139,0.13699444311402084
image_8140,0.13699444311402084
image_8141,0.13699444311402084
image_8142,0.13699444311402084
image_8143,0.13699444311402084
image_8144,0.13699444311402084
image_8145,0.13699444311402084
image_8146,0.13699444311402084
image_8147,0.13699444311402084
image_8148,0.13699444311402084
image_8149,0.13699444311402084
image_8150,0.13699444311402084
image_8151,0.13699444311402084
image_8152,0.13699444311402084
image_8153,0.13699444311402084
image_8154,0.13699444311402084
image_8155,0.13699444311402084
image_8156,0.13699444311402084
image_8157,0.13699444311402084
image_8158,0.13699444311402084
image_8159,0.13699444311402084
image_8160,0.13699444311402084
image_8161,0.13699444311402084
image_8162,0.13699444311402084
image_8163,0.13699444311402084
image_8164,0.13699444311402084
image_8165,0.13699444311402084
image_8166,0.13699444311402084
image_8167,0.13699444311402084
image_8168,0.13699444311402084
image_8169,0.13699444311402084
image_8170,0.13699444311402084
image_8171,0.13699444311402084
image_8172,0.13699444311402084
image_8173,0.13699444311402084
image_8174,0.13699444311402084
image_8175,0.13699444311402084
image_8176,0.13699444311402084
image_8177,0.13699444311402084
image_8178,0.13699444311402084
image_8179,0.13699444311402084
image_8180,0.13699444311402084
image_8181,0.13699444311402084
image_8182,0.13699444311402084
image_8183,0.13699444311402084
image_8184,0.13699444311402084
image_8185,0.13699444311402084
image_8186,0.13699444311402084
image_8187,0.13699444311402084
image_8188,0.13699444311402084
image_8189,0.13699444311402084
image_8190,0.13699444311402084
image_8191,0.13699444311402084
image_8192,0.13699444311402084
image_8193,0.13699444311402084
image_8194,0.13699444311402084
image_8195,0.13699444311402084
image_8196,0.13699444311402084
image_8197,0.13699444311402084
image_8198,0.13699444311402084
image_8199,0.13699444311402084
image_8200,0.13699444311402084
image_8201,0.13699444311402084
image_8202,0.13699444311402084
image_8203,0.13699444311402084
image_8204,0.13699444311402084
image_8205,0.13699444311402084
image_8206,0.13699444311402084
image_8207,0.13699444311402084
image_8208,0.13699444311402084
image_8209,0.13699444311402084
image_8210,0.13699444311402084
image_8211,0.13699444311402084
image_8212,0.13699444311402084
image_8213,0.13699444311402084
image_8214,0.13699444311402084
image_8215,0.13699444311402084
image_8216,0.13699444311402084
image_8217,0.13699444311402084
image_8218,0.13699444311402084
image_8219,0.13699444311402084
image_8220,0.13699444311402084
image_8221,0.13699444311402084
image_8222,0.13699444311402084
image_8223,0.13699444311402084
image_8224,0.13699444311402084
image_8225,0.13699444311402084
image_8226,0.13699444311402084
image_8227,0.13699444311402084
image_8228,0.13699444311402084
image_8229,0.13699444311402084
image_8230,0.13699444311402084
image_8231,0.13699444311402084
image_8232,0.13699444311402084
image_8233,0.13699444311402084
image_8234,0.13699444311402084
image_8235,0.13699444311402084
image_8236,0.13699444311402084
image_8237,0.13699444311402084
image_8238,0.13699444311402084
image_8239,0.13699444311402084
image_8240,0.13699444311402084
image_8241,0.13699444311402084
image_8242,0.13699444311402084
image_8243,0.13699444311402084
image_8244,0.13699444311402084
image_8245,0.13699444311402084
image_8246,0.13699444311402084
image_8247,0.13699444311402084
image_8248,0.13699444311402084
image_8249,0.13699444311402084
image_8250,0.13699444311402084
image_8251,0.13699444311402084
image_8252,0.13699444311402084
image_8253,0.13699444311402084
image_8254,0.13699444311402084
image_8255,0.13699444311402084
image_8256,0.13699444311402084
image_8257,0.13699444311402084
image_8258,0.13699444311402084
image_8259,0.13699444311402084
image_8260,0.13699444311402084
image_8261,0.13699444311402084
image_8262,0.13699444311402084
image_8263,0.13699444311402084
image_8264,0.13699444311402084
image_8265,0.13699444311402084
image_8266,0.13699444311402084
image_8267,0.13699444311402084
image_8268,0.13699444311402084
image_8269,0.13699444311402084
image_8270,0.13699444311402084
image_8271,0.13699444311402084
image_8272,0.13699444311402084
image_8273,0.13699444311402084
image_8274,0.13699444311402084
image_8275,0.13699444311402084
image_8276,0.13699444311402084
image_8277,0.13699444311402084
image_8278,0.13699444311402084
image_8279,0.13699444311402084
image_8280,0.13699444311402084
image_8281,0.13699444311402084
image_8282,0.13699444311402084
image_8283,0.13699444311402084
image_8284,0.13699444311402084
image_8285,0.13699444311402084
image_8286,0.13699444311402084
image_8287,0.13699444311402084
image_8288,0.13699444311402084
image_8289,0.13699444311402084
image_8290,0.13699444311402084
image_8291,0.13699444311402084
image_8292,0.13699444311402084
image_8293,0.13699444311402084
image_8294,0.13699444311402084
image_8295,0.13699444311402084
image_8296,0.13699444311402084
image_8297,0.13699444311402084
image_8298,0.13699444311402084
image_8299,0.13699444311402084
image_8300,0.13699444311402084
image_8301,0.13699444311402084
image_8302,0.13699444311402084
image_8303,0.13699444311402084
image_8304,0.13699444311402084
image_8305,0.13699444311402084
image_8306,0.13699444311402084
image_8307,0.13699444311402084
image_8308,0.13699444311402084
image_8309,0.13699444311402084
image_8310,0.13699444311402084
image_8311,0.13699444311402084
image_8312,0.13699444311402084
image_8313,0.13699444311402084
image_8314,0.13699444311402084
image_8315,0.13699444311402084
image_8316,0.13699444311402084
image_8317,0.13699444311402084
image_8318,0.13699444311402084
image_8319,0.13699444311402084
image_8320,0.13699444311402084
image_8321,0.13699444311402084
image_8322,0.13699444311402084
image_8323,0.13699444311402084
image_8324,0.13699444311402084
image_8325,0.13699444311402084
image_8326,0.13699444311402084
image_8327,0.13699444311402084
image_8328,0.13699444311402084
image_8329,0.13699444311402084
image_8330,0.13699444311402084
image_8331,0.13699444311402084
image_8332,0.13699444311402084
image_8333,0.13699444311402084
image_8334,0.13699444311402084
image_8335,0.13699444311402084
image_8336,0.13699444311402084
image_8337,0.13699444311402084
image_8338,0.13699444311402084
image_8339,0.13699444311402084
image_8340,0.13699444311402084
image_8341,0.13699444311402084
image_8342,0.13699444311402084
image_8343,0.13699444311402084
image_8344,0.13699444311402084
image_8345,0.13699444311402084
image_8346,0.13699444311402084
image_8347,0.13699444311402084
image_8348,0.13699444311402084
image_8349,0.13699444311402084
image_8350,0.13699444311402084
image_8351,0.13699444311402084
image_8352,0.13699444311402084
image_8353,0.13699444311402084
image_8354,0.13699444311402084
image_8355,0.13699444311402084
image_8356,0.13699444311402084
image_8357,0.13699444311402084
image_8358,0.13699444311402084
image_8359,0.13699444311402084
image_8360,0.13699444311402084
image_8361,0.13699444311402084
image_8362,0.13699444311402084
image_8363,0.13699444311402084
image_8364,0.13699444311402084
image_8365,0.13699444311402084
image_8366,0.13699444311402084
image_8367,0.13699444311402084
image_8368,0.13699444311402084
image_8369,0.13699444311402084
image_8370,0.13699444311402084
image_8371,0.13699444311402084
image_8372,0.13699444311402084
image_8373,0.13699444311402084
image_8374,0.13699444311402084
image_8375,0.13699444311402084
image_8376,0.13699444311402084
image_8377,0.13699444311402084
image_8378,0.13699444311402084
image_8379,0.13699444311402084
image_8380,0.13699444311402084
image_8381,0.13699444311402084
image_8382,0.13699444311402084
image_8383,0.13699444311402084
image_8384,0.13699444311402084
image_8385,0.13699444311402084
image_8386,0.13699444311402084
image_8387,0.13699444311402084
image_8388,0.13699444311402084
image_8389,0.13699444311402084
image_8390,0.13699444311402084
image_8391,0.13699444311402084
image_8392,0.13699444311402084
image_8393,0.13699444311402084
image_8394,0.13699444311402084
image_8395,0.13699444311402084
image_8396,0.13699444311402084
image_8397,0.13699444311402084
image_8398,0.13699444311402084
image_8399,0.13699444311402084
image_8400,0.13699444311402084
image_8401,0.13699444311402084
image_8402,0.13699444311402084
image_8403,0.13699444311402084
image_8404,0.13699444311402084
image_8405,0.13699444311402084
image_8406,0.13699444311402084
image_8407,0.13699444311402084
image_8408,0.13699444311402084
image_8409,0.13699444311402084
image_8410,0.13699444311402084
image_8411,0.13699444311402084
image_8412,0.13699444311402084
image_8413,0.13699444311402084
image_8414,0.13699444311402084
image_8415,0.13699444311402084
image_8416,0.13699444311402084
image_8417,0.13699444311402084
image_8418,0.13699444311402084
image_8419,0.13699444311402084
image_8420,0.13699444311402084
image_8421,0.13699444311402084
image_8422,0.13699444311402084
image_8423,0.13699444311402084
image_8424,0.13699444311402084
image_8425,0.13699444311402084
image_8426,0.13699444311402084
image_8427,0.13699444311402084
image_8428,0.13699444311402084
image_8429,0.13699444311402084
image_8430,0.13699444311402084
image_8431,0.13699444311402084
image_8432,0.13699444311402084
image_8433,0.13699444311402084
image_8434,0.13699444311402084
image_8435,0.13699444311402084
image_8436,0.13699444311402084
image_8437,0.13699444311402084
image_8438,0.13699444311402084
image_8439,0.13699444311402084
image_8440,0.13699444311402084
image_8441,0.13699444311402084
image_8442,0.13699444311402084
image_8443,0.13699444311402084
image_8444,0.13699444311402084
image_8445,0.13699444311402084
image_8446,0.13699444311402084
image_8447,0.13699444311402084
image_8448,0.13699444311402084
image_8449,0.13699444311402084
image_8450,0.13699444311402084
image_8451,0.13699444311402084
image_8452,0.13699444311402084
image_8453,0.13699444311402084
image_8454,0.13699444311402084
image_8455,0.13699444311402084
image_8456,0.13699444311402084
image_8457,0.13699444311402084
image_8458,0.13699444311402084
image_8459,0.13699444311402084
image_8460,0.13699444311402084
image_8461,0.13699444311402084
image_8462,0.13699444311402084
image_8463,0.13699444311402084
image_8464,0.13699444311402084
image_8465,0.13699444311402084
image_8466,0.13699444311402084
image_8467,0.13699444311402084
image_8468,0.13699444311402084
image_8469,0.13699444311402084
image_8470,0.13699444311402084
image_8471,0.13699444311402084
image_8472,0.13699444311402084
image_8473,0.13699444311402084
image_8474,0.13699444311402084
image_8475,0.13699444311402084
image_8476,0.13699444311402084
image_8477,0.13699444311402084
image_8478,0.13699444311402084
image_8479,0.13699444311402084
image_8480,0.13699444311402084
image_8481,0.13699444311402084
image_8482,0.13699444311402084
image_8483,0.13699444311402084
image_8484,0.13699444311402084
image_8485,0.13699444311402084
image_8486,0.13699444311402084
image_8487,0.13699444311402084
image_8488,0.13699444311402084
image_8489,0.13699444311402084
image_8490,0.13699444311402084
image_8491,0.13699444311402084
image_8492,0.13699444311402084
image_8493,0.13699444311402084
image_8494,0.13699444311402084
image_8495,0.13699444311402084
image_8496,0.13699444311402084
image_8497,0.13699444311402084
image_8498,0.13699444311402084
image_8499,0.13699444311402084
image_8500,0.13699444311402084
image_8501,0.13699444311402084
image_8502,0.13699444311402084
image_8503,0.13699444311402084
image_8504,0.13699444311402084
image_8505,0.13699444311402084
image_8506,0.13699444311402084
image_8507,0.13699444311402084
image_8508,0.13699444311402084
image_8509,0.13699444311402084
image_8510,0.13699444311402084
image_8511,0.13699444311402084
image_8512,0.13699444311402084
image_8513,0.13699444311402084
image_8514,0.13699444311402084
image_8515,0.13699444311402084
image_8516,0.13699444311402084
image_8517,0.13699444311402084
image_8518,0.13699444311402084
image_8519,0.13699444311402084
image_8520,0.13699444311402084
image_8521,0.13699444311402084
image_8522,0.13699444311402084
image_8523,0.13699444311402084
image_8524,0.13699444311402084
image_8525,0.13699444311402084
image_8526,0.13699444311402084
image_8527,0.13699444311402084
image_8528,0.13699444311402084
image_8529,0.13699444311402084
image_8530,0.13699444311402084
image_8531,0.13699444311402084
image_8532,0.13699444311402084
image_8533,0.13699444311402084
image_8534,0.13699444311402084
image_8535,0.13699444311402084
image_8536,0.13699444311402084
image_8537,0.13699444311402084
image_8538,0.13699444311402084
image_8539,0.13699444311402084
image_8540,0.13699444311402084
image_8541,0.13699444311402084
image_8542,0.13699444311402084
image_8543,0.13699444311402084
image_8544,0.13699444311402084
image_8545,0.13699444311402084
image_8546,0.13699444311402084
image_8547,0.13699444311402084
image_8548,0.13699444311402084
image_8549,0.13699444311402084
image_8550,0.13699444311402084
image_8551,0.13699444311402084
image_8552,0.13699444311402084
image_8553,0.13699444311402084
image_8554,0.13699444311402084
image_8555,0.13699444311402084
image_8556,0.13699444311402084
image_8557,0.13699444311402084
image_8558,0.13699444311402084
image_8559,0.13699444311402084
image_8560,0.13699444311402084
image_8561,0.13699444311402084
image_8562,0.13699444311402084
image_8563,0.13699444311402084
image_8564,0.13699444311402084
image_8565,0.13699444311402084
image_8566,0.13699444311402084
image_8567,0.13699444311402084
image_8568,0.13699444311402084
image_8569,0.13699444311402084
image_8570,0.13699444311402084
image_8571,0.13699444311402084
image_8572,0.13699444311402084
image_8573,0.13699444311402084
image_8574,0.13699444311402084
image_8575,0.13699444311402084
image_8576,0.13699444311402084
image_8577,0.13699444311402084
image_8578,0.13699444311402084
image_8579,0.13699444311402084
image_8580,0.13699444311402084
image_8581,0.13699444311402084
image_8582,0.13699444311402084
image_8583,0.13699444311402084
image_8584,0.13699444311402084
image_8585,0.13699444311402084
image_8586,0.13699444311402084
image_8587,0.13699444311402084
image_8588,0.13699444311402084
image_8589,0.13699444311402084
image_8590,0.13699444311402084
image_8591,0.13699444311402084
image_8592,0.13699444311402084
image_8593,0.13699444311402084
image_8594,0.13699444311402084
image_8595,0.13699444311402084
image_8596,0.13699444311402084
image_8597,0.13699444311402084
image_8598,0.13699444311402084
image_8599,0.13699444311402084
image_8600,0.13699444311402084
image_8601,0.13699444311402084
image_8602,0.13699444311402084
image_8603,0.13699444311402084
image_8604,0.13699444311402084
image_8605,0.13699444311402084
image_8606,0.13699444311402084
image_8607,0.13699444311402084
image_8608,0.13699444311402084
image_8609,0.13699444311402084
image_8610,0.13699444311402084
image_8611,0.13699444311402084
image_8612,0.13699444311402084
image_8613,0.13699444311402084
image_8614,0.13699444311402084
image_8615,0.13699444311402084
image_8616,0.13699444311402084
image_8617,0.13699444311402084
image_8618,0.13699444311402084
image_8619,0.13699444311402084
image_8620,0.13699444311402084
image_8621,0.13699444311402084
image_8622,0.13699444311402084
image_8623,0.13699444311402084
image_8624,0.13699444311402084
image_8625,0.13699444311402084
image_8626,0.13699444311402084
image_8627,0.13699444311402084
image_8628,0.13699444311402084
image_8629,0.13699444311402084
image_8630,0.13699444311402084
image_8631,0.13699444311402084
image_8632,0.13699444311402084
image_8633,0.13699444311402084
image_8634,0.13699444311402084
image_8635,0.13699444311402084
image_8636,0.13699444311402084
image_8637,0.13699444311402084
image_8638,0.13699444311402084
image_8639,0.13699444311402084
image_8640,0.13699444311402084
image_8641,0.13699444311402084
image_8642,0.13699444311402084
image_8643,0.13699444311402084
image_8644,0.13699444311402084
image_8645,0.13699444311402084
image_8646,0.13699444311402084
image_8647,0.13699444311402084
image_8648,0.13699444311402084
image_8649,0.13699444311402084
image_8650,0.13699444311402084
image_8651,0.13699444311402084
image_8652,0.13699444311402084
image_8653,0.13699444311402084
image_8654,0.13699444311402084
image_8655,0.13699444311402084
image_8656,0.13699444311402084
image_8657,0.13699444311402084
image_8658,0.13699444311402084
image_8659,0.13699444311402084
image_8660,0.13699444311402084
image_8661,0.13699444311402084
image_8662,0.13699444311402084
image_8663,0.13699444311402084
image_8664,0.13699444311402084
image_8665,0.13699444311402084
image_8666,0.13699444311402084
image_8667,0.13699444311402084
image_8668,0.13699444311402084
image_8669,0.13699444311402084
image_8670,0.13699444311402084
image_8671,0.13699444311402084
image_8672,0.13699444311402084
image_8673,0.13699444311402084
image_8674,0.13699444311402084
image_8675,0.13699444311402084
image_8676,0.13699444311402084
image_8677,0.13699444311402084
image_8678,0.13699444311402084
image_8679,0.13699444311402084
image_8680,0.13699444311402084
image_8681,0.13699444311402084
image_8682,0.13699444311402084
image_8683,0.13699444311402084
image_8684,0.13699444311402084
image_8685,0.13699444311402084
image_8686,0.13699444311402084
image_8687,0.13699444311402084
image_8688,0.13699444311402084
image_8689,0.13699444311402084
image_8690,0.13699444311402084
image_8691,0.13699444311402084
image_8692,0.13699444311402084
image_8693,0.13699444311402084
image_8694,0.13699444311402084
image_8695,0.13699444311402084
image_8696,0.13699444311402084
image_8697,0.13699444311402084
image_8698,0.13699444311402084
image_8699,0.13699444311402084
image_8700,0.13699444311402084
image_8701,0.13699444311402084
image_8702,0.13699444311402084
image_8703,0.13699444311402084
image_8704,0.13699444311402084
image_8705,0.13699444311402084
image_8706,0.13699444311402084
image_8707,0.13699444311402084
image_8708,0.13699444311402084
image_8709,0.13699444311402084
image_8710,0.13699444311402084
image_8711,0.13699444311402084
image_8712,0.13699444311402084
image_8713,0.13699444311402084
image_8714,0.13699444311402084
image_8715,0.13699444311402084
image_8716,0.13699444311402084
image_8717,0.13699444311402084
image_8718,0.13699444311402084
image_8719,0.13699444311402084
image_8720,0.13699444311402084
image_8721,0.13699444311402084
image_8722,0.13699444311402084
image_8723,0.13699444311402084
image_8724,0.13699444311402084
image_8725,0.13699444311402084
image_8726,0.13699444311402084
image_8727,0.13699444311402084
image_8728,0.13699444311402084
image_8729,0.13699444311402084
image_8730,0.13699444311402084
image_8731,0.13699444311402084
image_8732,0.13699444311402084
image_8733,0.13699444311402084
image_8734,0.13699444311402084
image_8735,0.13699444311402084
image_8736,0.13699444311402084
image_8737,0.13699444311402084
image_8738,0.13699444311402084
image_8739,0.13699444311402084
image_8740,0.13699444311402084
image_8741,0.13699444311402084
image_8742,0.13699444311402084
image_8743,0.13699444311402084
image_8744,0.13699444311402084
image_8745,0.13699444311402084
image_8746,0.13699444311402084
image_8747,0.13699444311402084
image_8748,0.13699444311402084
image_8749,0.13699444311402084
image_8750,0.13699444311402084
image_8751,0.13699444311402084
image_8752,0.13699444311402084
image_8753,0.13699444311402084
image_8754,0.13699444311402084
image_8755,0.13699444311402084
image_8756,0.13699444311402084
image_8757,0.13699444311402084
image_8758,0.13699444311402084
image_8759,0.13699444311402084
image_8760,0.13699444311402084
image_8761,0.13699444311402084
image_8762,0.13699444311402084
image_8763,0.13699444311402084
image_8764,0.13699444311402084
image_8765,0.13699444311402084
image_8766,0.13699444311402084
image_8767,0.13699444311402084
image_8768,0.13699444311402084
image_8769,0.13699444311402084
image_8770,0.13699444311402084
image_8771,0.13699444311402084
image_8772,0.13699444311402084
image_8773,0.13699444311402084
image_8774,0.13699444311402084
image_8775,0.13699444311402084
image_8776,0.13699444311402084
image_8777,0.13699444311402084
image_8778,0.13699444311402084
image_8779,0.13699444311402084
image_8780,0.13699444311402084
image_8781,0.13699444311402084
image_8782,0.13699444311402084
image_8783,0.13699444311402084
image_8784,0.13699444311402084
image_8785,0.13699444311402084
image_8786,0.13699444311402084
image_8787,0.13699444311402084
image_8788,0.13699444311402084
image_8789,0.13699444311402084
image_8790,0.13699444311402084
image_8791,0.13699444311402084
image_8792,0.13699444311402084
image_8793,0.13699444311402084
image_8794,0.13699444311402084
image_8795,0.13699444311402084
image_8796,0.13699444311402084
image_8797,0.13699444311402084
image_8798,0.13699444311402084
image_8799,0.13699444311402084
image_8800,0.13699444311402084
image_8801,0.13699444311402084
image_8802,0.13699444311402084
image_8803,0.13699444311402084
image_8804,0.13699444311402084
image_8805,0.13699444311402084
image_8806,0.13699444311402084
image_8807,0.13699444311402084
image_8808,0.13699444311402084
image_8809,0.13699444311402084
image_8810,0.13699444311402084
image_8811,0.13699444311402084
image_8812,0.13699444311402084
image_8813,0.13699444311402084
image_8814,0.13699444311402084
image_8815,0.13699444311402084
image_8816,0.13699444311402084
image_8817,0.13699444311402084
image_8818,0.13699444311402084
image_8819,0.13699444311402084
image_8820,0.13699444311402084
image_8821,0.13699444311402084
image_8822,0.13699444311402084
image_8823,0.13699444311402084
image_8824,0.13699444311402084
image_8825,0.13699444311402084
image_8826,0.13699444311402084
image_8827,0.13699444311402084
image_8828,0.13699444311402084
image_8829,0.13699444311402084
image_8830,0.13699444311402084
image_8831,0.13699444311402084
image_8832,0.13699444311402084
image_8833,0.13699444311402084
image_8834,0.13699444311402084
image_8835,0.13699444311402084
image_8836,0.13699444311402084
image_8837,0.13699444311402084
image_8838,0.13699444311402084
image_8839,0.13699444311402084
image_8840,0.13699444311402084
image_8841,0.13699444311402084
image_8842,0.13699444311402084
image_8843,0.13699444311402084
image_8844,0.13699444311402084
image_8845,0.13699444311402084
image_8846,0.13699444311402084
image_8847,0.13699444311402084
image_8848,0.13699444311402084
image_8849,0.13699444311402084
image_8850,0.13699444311402084
image_8851,0.13699444311402084
image_8852,0.13699444311402084
image_8853,0.13699444311402084
image_8854,0.13699444311402084
image_8855,0.13699444311402084
image_8856,0.13699444311402084
image_8857,0.13699444311402084
image_8858,0.13699444311402084
image_8859,0.13699444311402084
image_8860,0.13699444311402084
image_8861,0.13699444311402084
image_8862,0.13699444311402084
image_8863,0.13699444311402084
image_8864,0.13699444311402084
image_8865,0.13699444311402084
image_8866,0.13699444311402084
image_8867,0.13699444311402084
image_8868,0.13699444311402084
image_8869,0.13699444311402084
image_8870,0.13699444311402084
image_8871,0.13699444311402084
image_8872,0.13699444311402084
image_8873,0.13699444311402084
image_8874,0.13699444311402084
image_8875,0.13699444311402084
image_8876,0.13699444311402084
image_8877,0.13699444311402084
image_8878,0.13699444311402084
image_8879,0.13699444311402084
image_8880,0.13699444311402084
image_8881,0.13699444311402084
image_8882,0.13699444311402084
image_8883,0.13699444311402084
image_8884,0.13699444311402084
image_8885,0.13699444311402084
image_8886,0.13699444311402084
image_8887,0.13699444311402084
image_8888,0.13699444311402084
image_8889,0.13699444311402084
image_8890,0.13699444311402084
image_8891,0.13699444311402084
image_8892,0.13699444311402084
image_8893,0.13699444311402084
image_8894,0.13699444311402084
image_8895,0.13699444311402084
image_8896,0.13699444311402084
image_8897,0.13699444311402084
image_8898,0.13699444311402084
image_8899,0.13699444311402084
image_8900,0.13699444311402084
image_8901,0.13699444311402084
image_8902,0.13699444311402084
image_8903,0.13699444311402084
image_8904,0.13699444311402084
image_8905,0.13699444311402084
image_8906,0.13699444311402084
image_8907,0.13699444311402084
image_8908,0.13699444311402084
image_8909,0.13699444311402084
image_8910,0.13699444311402084
image_8911,0.13699444311402084
image_8912,0.13699444311402084
image_8913,0.13699444311402084
image_8914,0.13699444311402084
image_8915,0.13699444311402084
image_8916,0.13699444311402084
image_8917,0.13699444311402084
image_8918,0.13699444311402084
image_8919,0.13699444311402084
image_8920,0.13699444311402084
image_8921,0.13699444311402084
image_8922,0.13699444311402084
image_8923,0.13699444311402084
image_8924,0.13699444311402084
image_8925,0.13699444311402084
image_8926,0.13699444311402084
image_8927,0.13699444311402084
image_8928,0.13699444311402084
image_8929,0.13699444311402084
image_8930,0.13699444311402084
image_8931,0.13699444311402084
image_8932,0.13699444311402084
image_8933,0.13699444311402084
image_8934,0.13699444311402084
image_8935,0.13699444311402084
image_8936,0.13699444311402084
image_8937,0.13699444311402084
image_8938,0.13699444311402084
image_8939,0.13699444311402084
image_8940,0.13699444311402084
image_8941,0.13699444311402084
image_8942,0.13699444311402084
image_8943,0.13699444311402084
image_8944,0.13699444311402084
image_8945,0.13699444311402084
image_8946,0.13699444311402084
image_8947,0.13699444311402084
image_8948,0.13699444311402084
image_8949,0.13699444311402084
image_8950,0.13699444311402084
image_8951,0.13699444311402084
image_8952,0.13699444311402084
image_8953,0.13699444311402084
image_8954,0.13699444311402084
image_8955,0.13699444311402084
image_8956,0.13699444311402084
image_8957,0.13699444311402084
image_8958,0.13699444311402084
image_8959,0.13699444311402084
image_8960,0.13699444311402084
image_8961,0.13699444311402084
image_8962,0.13699444311402084
image_8963,0.13699444311402084
image_8964,0.13699444311402084
image_8965,0.13699444311402084
image_8966,0.13699444311402084
image_8967,0.13699444311402084
image_8968,0.13699444311402084
image_8969,0.13699444311402084
image_8970,0.13699444311402084
image_8971,0.13699444311402084
image_8972,0.13699444311402084
image_8973,0.13699444311402084
image_8974,0.13699444311402084
image_8975,0.13699444311402084
image_8976,0.13699444311402084
image_8977,0.13699444311402084
image_8978,0.13699444311402084
image_8979,0.13699444311402084
image_8980,0.13699444311402084
image_8981,0.13699444311402084
image_8982,0.13699444311402084
image_8983,0.13699444311402084
image_8984,0.13699444311402084
image_8985,0.13699444311402084
image_8986,0.13699444311402084
image_8987,0.13699444311402084
image_8988,0.13699444311402084
image_8989,0.13699444311402084
image_8990,0.13699444311402084
image_8991,0.13699444311402084
image_8992,0.13699444311402084
image_8993,0.13699444311402084
image_8994,0.13699444311402084
image_8995,0.13699444311402084
image_8996,0.13699444311402084
image_8997,0.13699444311402084
image_8998,0.13699444311402084
image_8999,0.13699444311402084
image_9000,0.13699444311402084
image_9001,0.13699444311402084
image_9002,0.13699444311402084
image_9003,0.13699444311402084
image_9004,0.13699444311402084
image_9005,0.13699444311402084
image_9006,0.13699444311402084
image_9007,0.13699444311402084
image_9008,0.13699444311402084
image_9009,0.13699444311402084
image_9010,0.13699444311402084
image_9011,0.13699444311402084
image_9012,0.13699444311402084
image_9013,0.13699444311402084
image_9014,0.13699444311402084
image_9015,0.13699444311402084
image_9016,0.13699444311402084
image_9017,0.13699444311402084
image_9018,0.13699444311402084
image_9019,0.13699444311402084
image_9020,0.13699444311402084
image_9021,0.13699444311402084
image_9022,0.13699444311402084
image_9023,0.13699444311402084
image_9024,0.13699444311402084
image_9025,0.13699444311402084
image_9026,0.13699444311402084
image_9027,0.13699444311402084
image_9028,0.13699444311402084
image_9029,0.13699444311402084
image_9030,0.13699444311402084
image_9031,0.13699444311402084
image_9032,0.13699444311402084
image_9033,0.13699444311402084
image_9034,0.13699444311402084
image_9035,0.13699444311402084
image_9036,0.13699444311402084
image_9037,0.13699444311402084
image_9038,0.13699444311402084
image_9039,0.13699444311402084
image_9040,0.13699444311402084
image_9041,0.13699444311402084
image_9042,0.13699444311402084
image_9043,0.13699444311402084
image_9044,0.13699444311402084
image_9045,0.13699444311402084
image_9046,0.13699444311402084
image_9047,0.13699444311402084
image_9048,0.13699444311402084
image_9049,0.13699444311402084
image_9050,0.13699444311402084
image_9051,0.13699444311402084
image_9052,0.13699444311402084
image_9053,0.13699444311402084
image_9054,0.13699444311402084
image_9055,0.13699444311402084
image_9056,0.13699444311402084
image_9057,0.13699444311402084
image_9058,0.13699444311402084
image_9059,0.13699444311402084
image_9060,0.13699444311402084
image_9061,0.13699444311402084
image_9062,0.13699444311402084
image_9063,0.13699444311402084
image_9064,0.13699444311402084
image_9065,0.13699444311402084
image_9066,0.13699444311402084
image_9067,0.13699444311402084
image_9068,0.13699444311402084
image_9069,0.13699444311402084
image_9070,0.13699444311402084
image_9071,0.13699444311402084
image_9072,0.13699444311402084
image_9073,0.13699444311402084
image_9074,0.13699444311402084
image_9075,0.13699444311402084
image_9076,0.13699444311402084
image_9077,0.13699444311402084
image_9078,0.13699444311402084
image_9079,0.13699444311402084
image_9080,0.13699444311402084
image_9081,0.13699444311402084
image_9082,0.13699444311402084
image_9083,0.13699444311402084
image_9084,0.13699444311402084
image_9085,0.13699444311402084
image_9086,0.13699444311402084
image_9087,0.13699444311402084
image_9088,0.13699444311402084
image_9089,0.13699444311402084
image_9090,0.13699444311402084
image_9091,0.13699444311402084
image_9092,0.13699444311402084
image_9093,0.13699444311402084
image_9094,0.13699444311402084
image_9095,0.13699444311402084
image_9096,0.13699444311402084
image_9097,0.13699444311402084
image_9098,0.13699444311402084
image_9099,0.13699444311402084
image_9100,0.13699444311402084
image_9101,0.13699444311402084
image_9102,0.13699444311402084
image_9103,0.13699444311402084
image_9104,0.13699444311402084
image_9105,0.13699444311402084
image_9106,0.13699444311402084
image_9107,0.13699444311402084
image_9108,0.13699444311402084
image_9109,0.13699444311402084
image_9110,0.13699444311402084
image_9111,0.13699444311402084
image_9112,0.13699444311402084
image_9113,0.13699444311402084
image_9114,0.13699444311402084
image_9115,0.13699444311402084
image_9116,0.13699444311402084
image_9117,0.13699444311402084
image_9118,0.13699444311402084
image_9119,0.13699444311402084
image_9120,0.13699444311402084
image_9121,0.13699444311402084
image_9122,0.13699444311402084
image_9123,0.13699444311402084
image_9124,0.13699444311402084
image_9125,0.13699444311402084
image_9126,0.13699444311402084
image_9127,0.13699444311402084
image_9128,0.13699444311402084
image_9129,0.13699444311402084
image_9130,0.13699444311402084
image_9131,0.13699444311402084
image_9132,0.13699444311402084
image_9133,0.13699444311402084
image_9134,0.13699444311402084
image_9135,0.13699444311402084
image_9136,0.13699444311402084
image_9137,0.13699444311402084
image_9138,0.13699444311402084
image_9139,0.13699444311402084
image_9140,0.13699444311402084
image_9141,0.13699444311402084
image_9142,0.13699444311402084
image_9143,0.13699444311402084
image_9144,0.13699444311402084
image_9145,0.13699444311402084
image_9146,0.13699444311402084
image_9147,0.13699444311402084
image_9148,0.13699444311402084
image_9149,0.13699444311402084
image_9150,0.13699444311402084
image_9151,0.13699444311402084
image_9152,0.13699444311402084
image_9153,0.13699444311402084
image_9154,0.13699444311402084
image_9155,0.13699444311402084
image_9156,0.13699444311402084
image_9157,0.13699444311402084
image_9158,0.13699444311402084
image_9159,0.13699444311402084
image_9160,0.13699444311402084
image_9161,0.13699444311402084
image_9162,0.13699444311402084
image_9163,0.13699444311402084
image_9164,0.13699444311402084
image_9165,0.13699444311402084
image_9166,0.13699444311402084
image_9167,0.13699444311402084
image_9168,0.13699444311402084
image_9169,0.13699444311402084
image_9170,0.13699444311402084
image_9171,0.13699444311402084
image_9172,0.13699444311402084
image_9173,0.13699444311402084
image_9174,0.13699444311402084
image_9175,0.13699444311402084
image_9176,0.13699444311402084
image_9177,0.13699444311402084
image_9178,0.13699444311402084
image_9179,0.13699444311402084
image_9180,0.13699444311402084
image_9181,0.13699444311402084
image_9182,0.13699444311402084
image_9183,0.13699444311402084
image_9184,0.13699444311402084
image_9185,0.13699444311402084
image_9186,0.13699444311402084
image_9187,0.13699444311402084
image_9188,0.13699444311402084
image_9189,0.13699444311402084
image_9190,0.13699444311402084
image_9191,0.13699444311402084
image_9192,0.13699444311402084
image_9193,0.13699444311402084
image_9194,0.13699444311402084
image_9195,0.13699444311402084
image_9196,0.13699444311402084
image_9197,0.13699444311402084
image_9198,0.13699444311402084
image_9199,0.13699444311402084
image_9200,0.13699444311402084
image_9201,0.13699444311402084
image_9202,0.13699444311402084
image_9203,0.13699444311402084
image_9204,0.13699444311402084
image_9205,0.13699444311402084
image_9206,0.13699444311402084
image_9207,0.13699444311402084
image_9208,0.13699444311402084
image_9209,0.13699444311402084
image_9210,0.13699444311402084
image_9211,0.13699444311402084
image_9212,0.13699444311402084
image_9213,0.13699444311402084
image_9214,0.13699444311402084
image_9215,0.13699444311402084
image_9216,0.13699444311402084
image_9217,0.13699444311402084
image_9218,0.13699444311402084
image_9219,0.13699444311402084
image_9220,0.13699444311402084
image_9221,0.13699444311402084
image_9222,0.13699444311402084
image_9223,0.13699444311402084
image_9224,0.13699444311402084
image_9225,0.13699444311402084
image_9226,0.13699444311402084
image_9227,0.13699444311402084
image_9228,0.13699444311402084
image_9229,0.13699444311402084
image_9230,0.13699444311402084
image_9231,0.13699444311402084
image_9232,0.13699444311402084
image_9233,0.13699444311402084
image_9234,0.13699444311402084
image_9235,0.13699444311402084
image_9236,0.13699444311402084
image_9237,0.13699444311402084
image_9238,0.13699444311402084
image_9239,0.13699444311402084
image_9240,0.13699444311402084
image_9241,0.13699444311402084
image_9242,0.13699444311402084
image_9243,0.13699444311402084
image_9244,0.13699444311402084
image_9245,0.13699444311402084
image_9246,0.13699444311402084
image_9247,0.13699444311402084
image_9248,0.13699444311402084
image_9249,0.13699444311402084
image_9250,0.13699444311402084
image_9251,0.13699444311402084
image_9252,0.13699444311402084
image_9253,0.13699444311402084
image_9254,0.13699444311402084
image_9255,0.13699444311402084
image_9256,0.13699444311402084
image_9257,0.13699444311402084
image_9258,0.13699444311402084
image_9259,0.13699444311402084
image_9260,0.13699444311402084
image_9261,0.13699444311402084
image_9262,0.13699444311402084
image_9263,0.13699444311402084
image_9264,0.13699444311402084
image_9265,0.13699444311402084
image_9266,0.13699444311402084
image_9267,0.13699444311402084
image_9268,0.13699444311402084
image_9269,0.13699444311402084
image_9270,0.13699444311402084
image_9271,0.13699444311402084
image_9272,0.13699444311402084
image_9273,0.13699444311402084
image_9274,0.13699444311402084
image_9275,0.13699444311402084
image_9276,0.13699444311402084
image_9277,0.13699444311402084
image_9278,0.13699444311402084
image_9279,0.13699444311402084
image_9280,0.13699444311402084
image_9281,0.13699444311402084
image_9282,0.13699444311402084
image_9283,0.13699444311402084
image_9284,0.13699444311402084
image_9285,0.13699444311402084
image_9286,0.13699444311402084
image_9287,0.13699444311402084
image_9288,0.13699444311402084
image_9289,0.13699444311402084
image_9290,0.13699444311402084
image_9291,0.13699444311402084
image_9292,0.13699444311402084
image_9293,0.13699444311402084
image_9294,0.13699444311402084
image_9295,0.13699444311402084
image_9296,0.13699444311402084
image_9297,0.13699444311402084
image_9298,0.13699444311402084
image_9299,0.13699444311402084
image_9300,0.13699444311402084
image_9301,0.13699444311402084
image_9302,0.13699444311402084
image_9303,0.13699444311402084
image_9304,0.13699444311402084
image_9305,0.13699444311402084
image_9306,0.13699444311402084
image_9307,0.13699444311402084
image_9308,0.13699444311402084
image_9309,0.13699444311402084
image_9310,0.13699444311402084
image_9311,0.13699444311402084
image_9312,0.13699444311402084
image_9313,0.13699444311402084
image_9314,0.13699444311402084
image_9315,0.13699444311402084
image_9316,0.13699444311402084
image_9317,0.13699444311402084
image_9318,0.13699444311402084
image_9319,0.13699444311402084
image_9320,0.13699444311402084
image_9321,0.13699444311402084
image_9322,0.13699444311402084
image_9323,0.13699444311402084
image_9324,0.13699444311402084
image_9325,0.13699444311402084
image_9326,0.13699444311402084
image_9327,0.13699444311402084
image_9328,0.13699444311402084
image_9329,0.13699444311402084
image_9330,0.13699444311402084
image_9331,0.13699444311402084
image_9332,0.13699444311402084
image_9333,0.13699444311402084
image_9334,0.13699444311402084
image_9335,0.13699444311402084
image_9336,0.13699444311402084
image_9337,0.13699444311402084
image_9338,0.13699444311402084
image_9339,0.13699444311402084
image_9340,0.13699444311402084
image_9341,0.13699444311402084
image_9342,0.13699444311402084
image_9343,0.13699444311402084
image_9344,0.13699444311402084
image_9345,0.13699444311402084
image_9346,0.13699444311402084
image_9347,0.13699444311402084
image_9348,0.13699444311402084
image_9349,0.13699444311402084
image_9350,0.13699444311402084
image_9351,0.13699444311402084
image_9352,0.13699444311402084
image_9353,0.13699444311402084
image_9354,0.13699444311402084
image_9355,0.13699444311402084
image_9356,0.13699444311402084
image_9357,0.13699444311402084
image_9358,0.13699444311402084
image_9359,0.13699444311402084
image_9360,0.13699444311402084
image_9361,0.13699444311402084
image_9362,0.13699444311402084
image_9363,0.13699444311402084
image_9364,0.13699444311402084
image_9365,0.13699444311402084
image_9366,0.13699444311402084
image_9367,0.13699444311402084
image_9368,0.13699444311402084
image_9369,0.13699444311402084
image_9370,0.13699444311402084
image_9371,0.13699444311402084
image_9372,0.13699444311402084
image_9373,0.13699444311402084
image_9374,0.13699444311402084
image_9375,0.13699444311402084
image_9376,0.13699444311402084
image_9377,0.13699444311402084
image_9378,0.13699444311402084
image_9379,0.13699444311402084
image_9380,0.13699444311402084
image_9381,0.13699444311402084
image_9382,0.13699444311402084
image_9383,0.13699444311402084
image_9384,0.13699444311402084
image_9385,0.13699444311402084
image_9386,0.13699444311402084
image_9387,0.13699444311402084
image_9388,0.13699444311402084
image_9389,0.13699444311402084
image_9390,0.13699444311402084
image_9391,0.13699444311402084
image_9392,0.13699444311402084
image_9393,0.13699444311402084
image_9394,0.13699444311402084
image_9395,0.13699444311402084
image_9396,0.13699444311402084
image_9397,0.13699444311402084
image_9398,0.13699444311402084
image_9399,0.13699444311402084
image_9400,0.13699444311402084
image_9401,0.13699444311402084
image_9402,0.13699444311402084
image_9403,0.13699444311402084
image_9404,0.13699444311402084
image_9405,0.13699444311402084
image_9406,0.13699444311402084
image_9407,0.13699444311402084
image_9408,0.13699444311402084
image_9409,0.13699444311402084
image_9410,0.13699444311402084
image_9411,0.13699444311402084
image_9412,0.13699444311402084
image_9413,0.13699444311402084
image_9414,0.13699444311402084
image_9415,0.13699444311402084
image_9416,0.13699444311402084
image_9417,0.13699444311402084
image_9418,0.13699444311402084
image_9419,0.13699444311402084
image_9420,0.13699444311402084
image_9421,0.13699444311402084
image_9422,0.13699444311402084
image_9423,0.13699444311402084
image_9424,0.13699444311402084
image_9425,0.13699444311402084
image_9426,0.13699444311402084
image_9427,0.13699444311402084
image_9428,0.13699444311402084
image_9429,0.13699444311402084
image_9430,0.13699444311402084
image_9431,0.13699444311402084
image_9432,0.13699444311402084
image_9433,0.13699444311402084
image_9434,0.13699444311402084
image_9435,0.13699444311402084
image_9436,0.13699444311402084
image_9437,0.13699444311402084
image_9438,0.13699444311402084
image_9439,0.13699444311402084
image_9440,0.13699444311402084
image_9441,0.13699444311402084
image_9442,0.13699444311402084
image_9443,0.13699444311402084
image_9444,0.13699444311402084
image_9445,0.13699444311402084
image_9446,0.13699444311402084
image_9447,0.13699444311402084
image_9448,0.13699444311402084
image_9449,0.13699444311402084
image_9450,0.13699444311402084
image_9451,0.13699444311402084
image_9452,0.13699444311402084
image_9453,0.13699444311402084
image_9454,0.13699444311402084
image_9455,0.13699444311402084
image_9456,0.13699444311402084
image_9457,0.13699444311402084
image_9458,0.13699444311402084
image_9459,0.13699444311402084
image_9460,0.13699444311402084
image_9461,0.13699444311402084
image_9462,0.13699444311402084
image_9463,0.13699444311402084
image_9464,0.13699444311402084
image_9465,0.13699444311402084
image_9466,0.13699444311402084
image_9467,0.13699444311402084
image_9468,0.13699444311402084
image_9469,0.13699444311402084
image_9470,0.13699444311402084
image_9471,0.13699444311402084
image_9472,0.13699444311402084
image_9473,0.13699444311402084
image_9474,0.13699444311402084
image_9475,0.13699444311402084
image_9476,0.13699444311402084
image_9477,0.13699444311402084
image_9478,0.13699444311402084
image_9479,0.13699444311402084
image_9480,0.13699444311402084
image_9481,0.13699444311402084
image_9482,0.13699444311402084
image_9483,0.13699444311402084
image_9484,0.13699444311402084
image_9485,0.13699444311402084
image_9486,0.13699444311402084
image_9487,0.13699444311402084
image_9488,0.13699444311402084
image_9489,0.13699444311402084
image_9490,0.13699444311402084
image_9491,0.13699444311402084
image_9492,0.13699444311402084
image_9493,0.13699444311402084
image_9494,0.13699444311402084
image_9495,0.13699444311402084
image_9496,0.13699444311402084
image_9497,0.13699444311402084
image_9498,0.13699444311402084
image_9499,0.13699444311402084
image_9500,0.13699444311402084
image_9501,0.13699444311402084
image_9502,0.13699444311402084
image_9503,0.13699444311402084
image_9504,0.13699444311402084
image_9505,0.13699444311402084
image_9506,0.13699444311402084
image_9507,0.13699444311402084
image_9508,0.13699444311402084
image_9509,0.13699444311402084
image_9510,0.13699444311402084
image_9511,0.13699444311402084
image_9512,0.13699444311402084
image_9513,0.13699444311402084
image_9514,0.13699444311402084
image_9515,0.13699444311402084
image_9516,0.13699444311402084
image_9517,0.13699444311402084
image_9518,0.13699444311402084
image_9519,0.13699444311402084
image_9520,0.13699444311402084
image_9521,0.13699444311402084
image_9522,0.13699444311402084
image_9523,0.13699444311402084
image_9524,0.13699444311402084
image_9525,0.13699444311402084
image_9526,0.13699444311402084
image_9527,0.13699444311402084
image_9528,0.13699444311402084
image_9529,0.13699444311402084
image_9530,0.13699444311402084
image_9531,0.13699444311402084
image_9532,0.13699444311402084
image_9533,0.13699444311402084
image_9534,0.13699444311402084
image_9535,0.13699444311402084
image_9536,0.13699444311402084
image_9537,0.13699444311402084
image_9538,0.13699444311402084
image_9539,0.13699444311402084
image_9540,0.13699444311402084
image_9541,0.13699444311402084
image_9542,0.13699444311402084
image_9543,0.13699444311402084
image_9544,0.13699444311402084
image_9545,0.13699444311402084
image_9546,0.13699444311402084
image_9547,0.13699444311402084
image_9548,0.13699444311402084
image_9549,0.13699444311402084
image_9550,0.13699444311402084
image_9551,0.13699444311402084
image_9552,0.13699444311402084
image_9553,0.13699444311402084
image_9554,0.13699444311402084
image_9555,0.13699444311402084
image_9556,0.13699444311402084
image_9557,0.13699444311402084
image_9558,0.13699444311402084
image_9559,0.13699444311402084
image_9560,0.13699444311402084
image_9561,0.13699444311402084
image_9562,0.13699444311402084
image_9563,0.13699444311402084
image_9564,0.13699444311402084
image_9565,0.13699444311402084
image_9566,0.13699444311402084
image_9567,0.13699444311402084
image_9568,0.13699444311402084
image_9569,0.13699444311402084
image_9570,0.13699444311402084
image_9571,0.13699444311402084
image_9572,0.13699444311402084
image_9573,0.13699444311402084
image_9574,0.13699444311402084
image_9575,0.13699444311402084
image_9576,0.13699444311402084
image_9577,0.13699444311402084
image_9578,0.13699444311402084
image_9579,0.13699444311402084
image_9580,0.13699444311402084
image_9581,0.13699444311402084
image_9582,0.13699444311402084
image_9583,0.13699444311402084
image_9584,0.13699444311402084
image_9585,0.13699444311402084
image_9586,0.13699444311402084
image_9587,0.13699444311402084
image_9588,0.13699444311402084
image_9589,0.13699444311402084
image_9590,0.13699444311402084
image_9591,0.13699444311402084
image_9592,0.13699444311402084
image_9593,0.13699444311402084
image_9594,0.13699444311402084
image_9595,0.13699444311402084
image_9596,0.13699444311402084
image_9597,0.13699444311402084
image_9598,0.13699444311402084
image_9599,0.13699444311402084
image_9600,0.13699444311402084
image_9601,0.13699444311402084
image_9602,0.13699444311402084
image_9603,0.13699444311402084
image_9604,0.13699444311402084
image_9605,0.13699444311402084
image_9606,0.13699444311402084
image_9607,0.13699444311402084
image_9608,0.13699444311402084
image_9609,0.13699444311402084
image_9610,0.13699444311402084
image_9611,0.13699444311402084
image_9612,0.13699444311402084
image_9613,0.13699444311402084
image_9614,0.13699444311402084
image_9615,0.13699444311402084
image_9616,0.13699444311402084
image_9617,0.13699444311402084
image_9618,0.13699444311402084
image_9619,0.13699444311402084
image_9620,0.13699444311402084
image_9621,0.13699444311402084
image_9622,0.13699444311402084
image_9623,0.13699444311402084
image_9624,0.13699444311402084
image_9625,0.13699444311402084
image_9626,0.13699444311402084
image_9627,0.13699444311402084
image_9628,0.13699444311402084
image_9629,0.13699444311402084
image_9630,0.13699444311402084
image_9631,0.13699444311402084
image_9632,0.13699444311402084
image_9633,0.13699444311402084
image_9634,0.13699444311402084
image_9635,0.13699444311402084
image_9636,0.13699444311402084
image_9637,0.13699444311402084
image_9638,0.13699444311402084
image_9639,0.13699444311402084
image_9640,0.13699444311402084
image_9641,0.13699444311402084
image_9642,0.13699444311402084
image_9643,0.13699444311402084
image_9644,0.13699444311402084
image_9645,0.13699444311402084
image_9646,0.13699444311402084
image_9647,0.13699444311402084
image_9648,0.13699444311402084
image_9649,0.13699444311402084
image_9650,0.13699444311402084
image_9651,0.13699444311402084
image_9652,0.13699444311402084
image_9653,0.13699444311402084
image_9654,0.13699444311402084
image_9655,0.13699444311402084
image_9656,0.13699444311402084
image_9657,0.13699444311402084
image_9658,0.13699444311402084
image_9659,0.13699444311402084
image_9660,0.13699444311402084
image_9661,0.13699444311402084
image_9662,0.13699444311402084
image_9663,0.13699444311402084
image_9664,0.13699444311402084
image_9665,0.13699444311402084
image_9666,0.13699444311402084
image_9667,0.13699444311402084
image_9668,0.13699444311402084
image_9669,0.13699444311402084
image_9670,0.13699444311402084
image_9671,0.13699444311402084
image_9672,0.13699444311402084
image_9673,0.13699444311402084
image_9674,0.13699444311402084
image_9675,0.13699444311402084
image_9676,0.13699444311402084
image_9677,0.13699444311402084
image_9678,0.13699444311402084
image_9679,0.13699444311402084
image_9680,0.13699444311402084
image_9681,0.13699444311402084
image_9682,0.13699444311402084
image_9683,0.13699444311402084
image_9684,0.13699444311402084
image_9685,0.13699444311402084
image_9686,0.13699444311402084
image_9687,0.13699444311402084
image_9688,0.13699444311402084
image_9689,0.13699444311402084
image_9690,0.13699444311402084
image_9691,0.13699444311402084
image_9692,0.13699444311402084
image_9693,0.13699444311402084
image_9694,0.13699444311402084
image_9695,0.13699444311402084
image_9696,0.13699444311402084
image_9697,0.13699444311402084
image_9698,0.13699444311402084
image_9699,0.13699444311402084
image_9700,0.13699444311402084
image_9701,0.13699444311402084
image_9702,0.13699444311402084
image_9703,0.13699444311402084
image_9704,0.13699444311402084
image_9705,0.13699444311402084
image_9706,0.13699444311402084
image_9707,0.13699444311402084
image_9708,0.13699444311402084
image_9709,0.13699444311402084
image_9710,0.13699444311402084
image_9711,0.13699444311402084
image_9712,0.13699444311402084
image_9713,0.13699444311402084
image_9714,0.13699444311402084
image_9715,0.13699444311402084
image_9716,0.13699444311402084
image_9717,0.13699444311402084
image_9718,0.13699444311402084
image_9719,0.13699444311402084
image_9720,0.13699444311402084
image_9721,0.13699444311402084
image_9722,0.13699444311402084
image_9723,0.13699444311402084
image_9724,0.13699444311402084
image_9725,0.13699444311402084
image_9726,0.13699444311402084
image_9727,0.13699444311402084
image_9728,0.13699444311402084
image_9729,0.13699444311402084
image_9730,0.13699444311402084
image_9731,0.13699444311402084
image_9732,0.13699444311402084
image_9733,0.13699444311402084
image_9734,0.13699444311402084
image_9735,0.13699444311402084
image_9736,0.13699444311402084
image_9737,0.13699444311402084
image_9738,0.13699444311402084
image_9739,0.13699444311402084
image_9740,0.13699444311402084
image_9741,0.13699444311402084
image_9742,0.13699444311402084
image_9743,0.13699444311402084
image_9744,0.13699444311402084
image_9745,0.13699444311402084
image_9746,0.13699444311402084
image_9747,0.13699444311402084
image_9748,0.13699444311402084
image_9749,0.13699444311402084
image_9750,0.13699444311402084
image_9751,0.13699444311402084
image_9752,0.13699444311402084
image_9753,0.13699444311402084
image_9754,0.13699444311402084
image_9755,0.13699444311402084
image_9756,0.13699444311402084
image_9757,0.13699444311402084
image_9758,0.13699444311402084
image_9759,0.13699444311402084
image_9760,0.13699444311402084
image_9761,0.13699444311402084
image_9762,0.13699444311402084
image_9763,0.13699444311402084
image_9764,0.13699444311402084
image_9765,0.13699444311402084
image_9766,0.13699444311402084
image_9767,0.13699444311402084
image_9768,0.13699444311402084
image_9769,0.13699444311402084
image_9770,0.13699444311402084
image_9771,0.13699444311402084
image_9772,0.13699444311402084
image_9773,0.13699444311402084
image_9774,0.13699444311402084
image_9775,0.13699444311402084
image_9776,0.13699444311402084
image_9777,0.13699444311402084
image_9778,0.13699444311402084
image_9779,0.13699444311402084
image_9780,0.13699444311402084
image_9781,0.13699444311402084
image_9782,0.13699444311402084
image_9783,0.13699444311402084
image_9784,0.13699444311402084
image_9785,0.13699444311402084
image_9786,0.13699444311402084
image_9787,0.13699444311402084
image_9788,0.13699444311402084
image_9789,0.13699444311402084
image_9790,0.13699444311402084
image_9791,0.13699444311402084
image_9792,0.13699444311402084
image_9793,0.13699444311402084
image_9794,0.13699444311402084
image_9795,0.13699444311402084
image_9796,0.13699444311402084
image_9797,0.13699444311402084
image_9798,0.13699444311402084
image_9799,0.13699444311402084
image_9800,0.13699444311402084
image_9801,0.13699444311402084
image_9802,0.13699444311402084
image_9803,0.13699444311402084
image_9804,0.13699444311402084
image_9805,0.13699444311402084
image_9806,0.13699444311402084
image_9807,0.13699444311402084
image_9808,0.13699444311402084
image_9809,0.13699444311402084
image_9810,0.13699444311402084
image_9811,0.13699444311402084
image_9812,0.13699444311402084
image_9813,0.13699444311402084
image_9814,0.13699444311402084
image_9815,0.13699444311402084
image_9816,0.13699444311402084
image_9817,0.13699444311402084
image_9818,0.13699444311402084
image_9819,0.13699444311402084
image_9820,0.13699444311402084
image_9821,0.13699444311402084
image_9822,0.13699444311402084
image_9823,0.13699444311402084
image_9824,0.13699444311402084
image_9825,0.13699444311402084
image_9826,0.13699444311402084
image_9827,0.13699444311402084
image_9828,0.13699444311402084
image_9829,0.13699444311402084
image_9830,0.13699444311402084
image_9831,0.13699444311402084
image_9832,0.13699444311402084
image_9833,0.13699444311402084
image_9834,0.13699444311402084
image_9835,0.13699444311402084
image_9836,0.13699444311402084
image_9837,0.13699444311402084
image_9838,0.13699444311402084
image_9839,0.13699444311402084
image_9840,0.13699444311402084
image_9841,0.13699444311402084
image_9842,0.13699444311402084
image_9843,0.13699444311402084
image_9844,0.13699444311402084
image_9845,0.13699444311402084
image_9846,0.13699444311402084
image_9847,0.13699444311402084
image_9848,0.13699444311402084
image_9849,0.13699444311402084
image_9850,0.13699444311402084
image_9851,0.13699444311402084
image_9852,0.13699444311402084
image_9853,0.13699444311402084
image_9854,0.13699444311402084
image_9855,0.13699444311402084
image_9856,0.13699444311402084
image_9857,0.13699444311402084
image_9858,0.13699444311402084
image_9859,0.13699444311402084
image_9860,0.13699444311402084
image_9861,0.13699444311402084
image_9862,0.13699444311402084
image_9863,0.13699444311402084
image_9864,0.13699444311402084
image_9865,0.13699444311402084
image_9866,0.13699444311402084
image_9867,0.13699444311402084
image_9868,0.13699444311402084
image_9869,0.13699444311402084
image_9870,0.13699444311402084
image_9871,0.13699444311402084
image_9872,0.13699444311402084
image_9873,0.13699444311402084
image_9874,0.13699444311402084
image_9875,0.13699444311402084
image_9876,0.13699444311402084
image_9877,0.13699444311402084
image_9878,0.13699444311402084
image_9879,0.13699444311402084
image_9880,0.13699444311402084
image_9881,0.13699444311402084
image_9882,0.13699444311402084
image_9883,0.13699444311402084
image_9884,0.13699444311402084
image_9885,0.13699444311402084
image_9886,0.13699444311402084
image_9887,0.13699444311402084
image_9888,0.13699444311402084
image_9889,0.13699444311402084
image_9890,0.13699444311402084
image_9891,0.13699444311402084
image_9892,0.13699444311402084
image_9893,0.13699444311402084
image_9894,0.13699444311402084
image_9895,0.13699444311402084
image_9896,0.13699444311402084
image_9897,0.13699444311402084
image_9898,0.13699444311402084
image_9899,0.13699444311402084
image_9900,0.13699444311402084
image_9901,0.13699444311402084
image_9902,0.13699444311402084
image_9903,0.13699444311402084
image_9904,0.13699444311402084
image_9905,0.13699444311402084
image_9906,0.13699444311402084
image_9907,0.13699444311402084
image_9908,0.13699444311402084
image_9909,0.13699444311402084
image_9910,0.13699444311402084
image_9911,0.13699444311402084
image_9912,0.13699444311402084
image_9913,0.13699444311402084
image_9914,0.13699444311402084
image_9915,0.13699444311402084
image_9916,0.13699444311402084
image_9917,0.13699444311402084
image_9918,0.13699444311402084
image_9919,0.13699444311402084
image_9920,0.13699444311402084
image_9921,0.13699444311402084
image_9922,0.13699444311402084
image_9923,0.13699444311402084
image_9924,0.13699444311402084
image_9925,0.13699444311402084
image_9926,0.13699444311402084
image_9927,0.13699444311402084
image_9928,0.13699444311402084
image_9929,0.13699444311402084
image_9930,0.13699444311402084
image_9931,0.13699444311402084
image_9932,0.13699444311402084
image_9933,0.13699444311402084
image_9934,0.13699444311402084
image_9935,0.13699444311402084
image_9936,0.13699444311402084
image_9937,0.13699444311402084
image_9938,0.13699444311402084
image_9939,0.13699444311402084
image_9940,0.13699444311402084
image_9941,0.13699444311402084
image_9942,0.13699444311402084
image_9943,0.13699444311402084
image_9944,0.13699444311402084
image_9945,0.1369944431140209
image_9946,0.1369944431140209
image_9947,0.13699444311402084
image_9948,0.13699444311402084
image_9949,0.13699444311402084
image_9950,0.13699444311402084
image_9951,0.13699444311402084
image_9952,0.13699444311402084
image_9953,0.13699444311402084
image_9954,0.13699444311402084
image_9955,0.13699444311402084
image_9956,0.13699444311402084
image_9957,0.13699444311402084
image_9958,0.13699444311402084
image_9959,0.13699444311402084
image_9960,0.13699444311402084
image_9961,0.13699444311402084
image_9962,0.13699444311402084
image_9963,0.13699444311402084
image_9964,0.13699444311402084
image_9965,0.13699444311402084
image_9966,0.13699444311402084
image_9967,0.13699444311402084
image_9968,0.13699444311402084
image_9969,0.13699444311402084
image_9970,0.13699444311402084
image_9971,0.13699444311402084
image_9972,0.13699444311402084
image_9973,0.13699444311402084
image_9974,0.13699444311402084
image_9975,0.13699444311402084
image_9976,0.13699444311402084
image_9977,0.13699444311402084
image_9978,0.13699444311402084
image_9979,0.13699444311402084
image_9980,0.13699444311402084
image_9981,0.13699444311402084
image_9982,0.13699444311402084
image_9983,0.13699444311402084
image_9984,0.13699444311402084
image_9985,0.13699444311402084
image_9986,0.13699444311402084
image_9987,0.13699444311402084
image_9988,0.13699444311402084
image_9989,0.13699444311402084
image_9990,0.13699444311402084
image_9991,0.13699444311402084
image_9992,0.13699444311402084
image_9993,0.13699444311402084
image_9994,0.13699444311402084
image_9995,0.13699444311402084
image_9996,0.13699444311402084
image_9997,0.13699444311402084
image_9998,0.13699444311402084
image_9999,0.13699444311402084
image_10000,0.13699444311402084
image_10001,0.13699444311402084
image_10002,0.13699444311402084
image_10003,0.13699444311402084
image_10004,0.13699444311402084
image_10005,0.13699444311402084
image_10006,0.13699444311402084
image_10007,0.13699444311402084
image_10008,0.13699444311402084
image_10009,0.13699444311402084
image_10010,0.13699444311402084
image_10011,0.13699444311402084
image_10012,0.13699444311402084
image_10013,0.13699444311402084
image_10014,0.13699444311402084
image_10015,0.13699444311402084
image_10016,0.13699444311402084
image_10017,0.13699444311402084
image_10018,0.13699444311402084
image_10019,0.13699444311402084
image_10020,0.13699444311402084
image_10021,0.13699444311402084
image_10022,0.13699444311402084
image_10023,0.13699444311402084
image_10024,0.13699444311402084
image_10025,0.13699444311402084
image_10026,0.13699444311402084
image_10027,0.13699444311402084
image_10028,0.13699444311402084
image_10029,0.13699444311402084
image_10030,0.13699444311402084
image_10031,0.13699444311402084
image_10032,0.13699444311402084
image_10033,0.13699444311402084
image_10034,0.13699444311402084
image_10035,0.13699444311402084
image_10036,0.13699444311402084
image_10037,0.13699444311402084
image_10038,0.13699444311402084
image_10039,0.13699444311402084
image_10040,0.13699444311402084
image_10041,0.13699444311402084
image_10042,0.13699444311402084
image_10043,0.13699444311402084
image_10044,0.13699444311402084
image_10045,0.13699444311402084
image_10046,0.13699444311402084
image_10047,0.13699444311402084
image_10048,0.13699444311402084
image_10049,0.13699444311402084
image_10050,0.13699444311402084
image_10051,0.13699444311402084
image_10052,0.13699444311402084
image_10053,0.13699444311402084
image_10054,0.13699444311402084
image_10055,0.13699444311402084
image_10056,0.13699444311402084
image_10057,0.13699444311402084
image_10058,0.13699444311402084
image_10059,0.13699444311402084
image_10060,0.13699444311402084
image_10061,0.13699444311402084
image_10062,0.13699444311402084
image_10063,0.13699444311402084
image_10064,0.13699444311402084
image_10065,0.13699444311402084
image_10066,0.13699444311402084
image_10067,0.13699444311402084
image_10068,0.13699444311402084
image_10069,0.13699444311402084
image_10070,0.13699444311402084
image_10071,0.13699444311402084
image_10072,0.13699444311402084
image_10073,0.13699444311402084
image_10074,0.13699444311402084
image_10075,0.13699444311402084
image_10076,0.13699444311402084
image_10077,0.13699444311402084
image_10078,0.13699444311402084
image_10079,0.13699444311402084
image_10080,0.13699444311402084
image_10081,0.13699444311402084
image_10082,0.13699444311402084
image_10083,0.13699444311402084
image_10084,0.13699444311402084
image_10085,0.13699444311402084
image_10086,0.13699444311402084
image_10087,0.13699444311402084
image_10088,0.13699444311402084
image_10089,0.13699444311402084
image_10090,0.13699444311402084
image_10091,0.13699444311402084
image_10092,0.13699444311402084
image_10093,0.13699444311402084
image_10094,0.13699444311402084
image_10095,0.13699444311402084
image_10096,0.13699444311402084
image_10097,0.13699444311402084
image_10098,0.13699444311402084
image_10099,0.13699444311402084
image_10100,0.13699444311402084
image_10101,0.13699444311402084
image_10102,0.13699444311402084
image_10103,0.13699444311402084
image_10104,0.13699444311402084
image_10105,0.13699444311402084
image_10106,0.13699444311402084
image_10107,0.13699444311402084
image_10108,0.13699444311402084
image_10109,0.13699444311402084
image_10110,0.13699444311402084
image_10111,0.13699444311402084
image_10112,0.13699444311402084
image_10113,0.13699444311402084
image_10114,0.13699444311402084
image_10115,0.13699444311402084
image_10116,0.13699444311402084
image_10117,0.13699444311402084
image_10118,0.13699444311402084
image_10119,0.13699444311402084
image_10120,0.13699444311402084
image_10121,0.13699444311402084
image_10122,0.13699444311402084
image_10123,0.13699444311402084
image_10124,0.13699444311402084
image_10125,0.13699444311402084
image_10126,0.13699444311402084
image_10127,0.13699444311402084
image_10128,0.13699444311402084
image_10129,0.13699444311402084
image_10130,0.13699444311402084
image_10131,0.13699444311402084
image_10132,0.13699444311402084
image_10133,0.13699444311402084
image_10134,0.13699444311402084
image_10135,0.13699444311402084
image_10136,0.13699444311402084
image_10137,0.13699444311402084
image_10138,0.13699444311402084
image_10139,0.13699444311402084
image_10140,0.13699444311402084
image_10141,0.13699444311402084
image_10142,0.13699444311402084
image_10143,0.13699444311402084
image_10144,0.13699444311402084
image_10145,0.13699444311402084
image_10146,0.13699444311402084
image_10147,0.13699444311402084
image_10148,0.13699444311402084
image_10149,0.13699444311402084
image_10150,0.13699444311402084
image_10151,0.13699444311402084
image_10152,0.13699444311402084
image_10153,0.13699444311402084
image_10154,0.13699444311402084
image_10155,0.13699444311402084
image_10156,0.13699444311402084
image_10157,0.13699444311402084
image_10158,0.13699444311402084
image_10159,0.13699444311402084
image_10160,0.13699444311402084
image_10161,0.13699444311402084
image_10162,0.13699444311402084
image_10163,0.13699444311402084
image_10164,0.13699444311402084
image_10165,0.13699444311402084
image_10166,0.13699444311402084
image_10167,0.13699444311402084
image_10168,0.13699444311402084
image_10169,0.13699444311402084
image_10170,0.13699444311402084
image_10171,0.13699444311402084
image_10172,0.13699444311402084
image_10173,0.13699444311402084
image_10174,0.13699444311402084
image_10175,0.13699444311402084
image_10176,0.13699444311402084
image_10177,0.13699444311402084
image_10178,0.13699444311402084
image_10179,0.13699444311402084
image_10180,0.13699444311402084
image_10181,0.13699444311402084
image_10182,0.13699444311402084
image_10183,0.13699444311402084
image_10184,0.13699444311402084
image_10185,0.13699444311402084
image_10186,0.13699444311402084
image_10187,0.13699444311402084
image_10188,0.13699444311402084
image_10189,0.13699444311402084
image_10190,0.13699444311402084
image_10191,0.13699444311402084
image_10192,0.13699444311402084
image_10193,0.13699444311402084
image_10194,0.13699444311402084
image_10195,0.13699444311402084
image_10196,0.13699444311402084
image_10197,0.13699444311402084
image_10198,0.13699444311402084
image_10199,0.13699444311402084
image_10200,0.13699444311402084
image_10201,0.13699444311402084
image_10202,0.13699444311402084
image_10203,0.13699444311402084
image_10204,0.13699444311402084
image_10205,0.13699444311402084
image_10206,0.13699444311402084
image_10207,0.13699444311402084
image_10208,0.13699444311402084
image_10209,0.13699444311402084
image_10210,0.13699444311402084
image_10211,0.13699444311402084
image_10212,0.13699444311402084
image_10213,0.13699444311402084
image_10214,0.13699444311402084
image_10215,0.13699444311402084
image_10216,0.13699444311402084
image_10217,0.13699444311402084
image_10218,0.13699444311402084
image_10219,0.13699444311402084
image_10220,0.13699444311402084
image_10221,0.13699444311402084
image_10222,0.13699444311402084
image_10223,0.13699444311402084
image_10224,0.13699444311402084
image_10225,0.13699444311402084
image_10226,0.13699444311402084
image_10227,0.13699444311402084
image_10228,0.13699444311402084
image_10229,0.13699444311402084
image_10230,0.13699444311402084
image_10231,0.13699444311402084
image_10232,0.13699444311402084
image_10233,0.13699444311402084
image_10234,0.13699444311402084
image_10235,0.13699444311402084
image_10236,0.13699444311402084
image_10237,0.13699444311402084
image_10238,0.13699444311402084
image_10239,0.13699444311402084
image_10240,0.13699444311402084
image_10241,0.13699444311402084
image_10242,0.13699444311402084
image_10243,0.13699444311402084
image_10244,0.13699444311402084
image_10245,0.13699444311402084
image_10246,0.13699444311402084
image_10247,0.13699444311402084
image_10248,0.13699444311402084
image_10249,0.13699444311402084
image_10250,0.13699444311402084
image_10251,0.13699444311402084
image_10252,0.13699444311402084
image_10253,0.13699444311402084
image_10254,0.13699444311402084
image_10255,0.13699444311402084
image_10256,0.13699444311402084
image_10257,0.13699444311402084
image_10258,0.13699444311402084
image_10259,0.13699444311402084
image_10260,0.13699444311402084
image_10261,0.13699444311402084
image_10262,0.13699444311402084
image_10263,0.13699444311402084
image_10264,0.13699444311402084
image_10265,0.13699444311402084
image_10266,0.13699444311402084
image_10267,0.13699444311402084
image_10268,0.13699444311402084
image_10269,0.13699444311402084
image_10270,0.13699444311402084
image_10271,0.13699444311402084
image_10272,0.13699444311402084
image_10273,0.13699444311402084
image_10274,0.13699444311402084
image_10275,0.13699444311402084
image_10276,0.13699444311402084
image_10277,0.13699444311402084
image_10278,0.13699444311402084
image_10279,0.13699444311402084
image_10280,0.13699444311402084
image_10281,0.13699444311402084
image_10282,0.13699444311402084
image_10283,0.13699444311402084
image_10284,0.13699444311402084
image_10285,0.13699444311402084
image_10286,0.13699444311402084
image_10287,0.13699444311402084
image_10288,0.13699444311402084
image_10289,0.13699444311402084
image_10290,0.13699444311402084
image_10291,0.13699444311402084
image_10292,0.13699444311402084
image_10293,0.13699444311402084
image_10294,0.13699444311402084
image_10295,0.13699444311402084
image_10296,0.13699444311402084
image_10297,0.13699444311402084
image_10298,0.13699444311402084
image_10299,0.13699444311402084
image_10300,0.13699444311402084
image_10301,0.13699444311402084
image_10302,0.13699444311402084
image_10303,0.13699444311402084
image_10304,0.13699444311402084
image_10305,0.13699444311402084
image_10306,0.13699444311402084
image_10307,0.13699444311402084
image_10308,0.13699444311402084
image_10309,0.13699444311402084
image_10310,0.13699444311402084
image_10311,0.13699444311402084
image_10312,0.13699444311402084
image_10313,0.13699444311402084
image_10314,0.13699444311402084
image_10315,0.13699444311402084
image_10316,0.13699444311402084
image_10317,0.13699444311402084
image_10318,0.13699444311402084
image_10319,0.13699444311402084
image_10320,0.13699444311402084
image_10321,0.13699444311402084
image_10322,0.13699444311402084
image_10323,0.13699444311402084
image_10324,0.13699444311402084
image_10325,0.13699444311402084
image_10326,0.13699444311402084
image_10327,0.13699444311402084
image_10328,0.13699444311402084
image_10329,0.13699444311402084
image_10330,0.13699444311402084
image_10331,0.13699444311402084
image_10332,0.13699444311402084
image_10333,0.13699444311402084
image_10334,0.13699444311402084
image_10335,0.13699444311402084
image_10336,0.13699444311402084
image_10337,0.13699444311402084
image_10338,0.13699444311402084
image_10339,0.13699444311402084
image_10340,0.13699444311402084
image_10341,0.13699444311402084
image_10342,0.13699444311402084
image_10343,0.13699444311402084
image_10344,0.13699444311402084
image_10345,0.13699444311402084
image_10346,0.13699444311402084
image_10347,0.13699444311402084
image_10348,0.13699444311402084
image_10349,0.13699444311402084
image_10350,0.13699444311402084
image_10351,0.13699444311402084
image_10352,0.13699444311402084
image_10353,0.13699444311402084
image_10354,0.13699444311402084
image_10355,0.13699444311402084
image_10356,0.13699444311402084
image_10357,0.13699444311402084
image_10358,0.13699444311402084
image_10359,0.13699444311402084
image_10360,0.13699444311402084
image_10361,0.13699444311402084
image_10362,0.13699444311402084
image_10363,0.13699444311402084
image_10364,0.13699444311402084
image_10365,0.13699444311402084
image_10366,0.13699444311402084
image_10367,0.13699444311402084
image_10368,0.13699444311402084
image_10369,0.13699444311402084
image_10370,0.13699444311402084
image_10371,0.13699444311402084
image_10372,0.13699444311402084
image_10373,0.13699444311402084
image_10374,0.13699444311402084
image_10375,0.13699444311402084
image_10376,0.13699444311402084
image_10377,0.13699444311402084
image_10378,0.13699444311402084
image_10379,0.13699444311402084
image_10380,0.13699444311402084
image_10381,0.13699444311402084
image_10382,0.13699444311402084
image_10383,0.13699444311402084
image_10384,0.13699444311402084
image_10385,0.13699444311402084
image_10386,0.13699444311402084
image_10387,0.13699444311402084
image_10388,0.13699444311402084
image_10389,0.13699444311402084
image_10390,0.13699444311402084
image_10391,0.13699444311402084
image_10392,0.13699444311402084
image_10393,0.13699444311402084
image_10394,0.13699444311402084
image_10395,0.13699444311402084
image_10396,0.13699444311402084
image_10397,0.13699444311402084
image_10398,0.13699444311402084
image_10399,0.13699444311402084
image_10400,0.13699444311402084
image_10401,0.13699444311402084
image_10402,0.13699444311402084
image_10403,0.13699444311402084
image_10404,0.13699444311402084
image_10405,0.13699444311402084
image_10406,0.13699444311402084
image_10407,0.13699444311402084
image_10408,0.13699444311402084
image_10409,0.13699444311402084
image_10410,0.13699444311402084
image_10411,0.13699444311402084
image_10412,0.13699444311402084
image_10413,0.13699444311402084
image_10414,0.13699444311402084
image_10415,0.13699444311402084
image_10416,0.13699444311402084
image_10417,0.13699444311402084
image_10418,0.13699444311402084
image_10419,0.13699444311402084
image_10420,0.13699444311402084
image_10421,0.13699444311402084
image_10422,0.13699444311402084
image_10423,0.13699444311402084
image_10424,0.13699444311402084
image_10425,0.13699444311402084
image_10426,0.13699444311402084
image_10427,0.13699444311402084
image_10428,0.13699444311402084
image_10429,0.13699444311402084
image_10430,0.13699444311402084
image_10431,0.13699444311402084
image_10432,0.13699444311402084
image_10433,0.13699444311402084
image_10434,0.13699444311402084
image_10435,0.13699444311402084
image_10436,0.13699444311402084
image_10437,0.13699444311402084
image_10438,0.13699444311402084
image_10439,0.13699444311402084
image_10440,0.13699444311402084
image_10441,0.13699444311402084
image_10442,0.13699444311402084
image_10443,0.13699444311402084
image_10444,0.13699444311402084
image_10445,0.13699444311402084
image_10446,0.13699444311402084
image_10447,0.13699444311402084
image_10448,0.13699444311402084
image_10449,0.13699444311402084
image_10450,0.13699444311402084
image_10451,0.13699444311402084
image_10452,0.13699444311402084
image_10453,0.13699444311402084
image_10454,0.13699444311402084
image_10455,0.13699444311402084
image_10456,0.13699444311402084
image_10457,0.13699444311402084
image_10458,0.13699444311402084
image_10459,0.13699444311402084
image_10460,0.13699444311402084
image_10461,0.13699444311402084
image_10462,0.13699444311402084
image_10463,0.13699444311402084
image_10464,0.13699444311402084
image_10465,0.13699444311402084
image_10466,0.13699444311402084
image_10467,0.13699444311402084
image_10468,0.13699444311402084
image_10469,0.13699444311402084
image_10470,0.13699444311402084
image_10471,0.13699444311402084
image_10472,0.13699444311402084
image_10473,0.13699444311402084
image_10474,0.13699444311402084
image_10475,0.13699444311402084
image_10476,0.13699444311402084
image_10477,0.13699444311402084
image_10478,0.13699444311402084
image_10479,0.13699444311402084
image_10480,0.13699444311402084
image_10481,0.13699444311402084
image_10482,0.13699444311402084
image_10483,0.13699444311402084
image_10484,0.13699444311402084
image_10485,0.13699444311402084
image_10486,0.13699444311402084
image_10487,0.13699444311402084
image_10488,0.13699444311402084
image_10489,0.13699444311402084
image_10490,0.13699444311402084
image_10491,0.13699444311402084
image_10492,0.13699444311402084
image_10493,0.13699444311402084
image_10494,0.13699444311402084
image_10495,0.13699444311402084
image_10496,0.13699444311402084
image_10497,0.13699444311402084
image_10498,0.13699444311402084
image_10499,0.13699444311402084
image_10500,0.13699444311402084
image_10501,0.13699444311402084
image_10502,0.13699444311402084
image_10503,0.13699444311402084
image_10504,0.13699444311402084
image_10505,0.13699444311402084
image_10506,0.13699444311402084
image_10507,0.13699444311402084
image_10508,0.13699444311402084
image_10509,0.13699444311402084
image_10510,0.13699444311402084
image_10511,0.13699444311402084
image_10512,0.13699444311402084
image_10513,0.13699444311402084
image_10514,0.13699444311402084
image_10515,0.13699444311402084
image_10516,0.13699444311402084
image_10517,0.13699444311402084
image_10518,0.13699444311402084
image_10519,0.13699444311402084
image_10520,0.13699444311402084
image_10521,0.13699444311402084
image_10522,0.13699444311402084
image_10523,0.13699444311402084
image_10524,0.13699444311402084
image_10525,0.13699444311402084
image_10526,0.13699444311402084
image_10527,0.13699444311402084
image_10528,0.13699444311402084
image_10529,0.13699444311402084
image_10530,0.13699444311402084
image_10531,0.13699444311402084
image_10532,0.13699444311402084
image_10533,0.13699444311402084
image_10534,0.13699444311402084
image_10535,0.13699444311402084
image_10536,0.13699444311402084
image_10537,0.13699444311402084
image_10538,0.13699444311402084
image_10539,0.13699444311402084
image_10540,0.13699444311402084
image_10541,0.13699444311402084
image_10542,0.13699444311402084
image_10543,0.13699444311402084
image_10544,0.13699444311402084
image_10545,0.13699444311402084
image_10546,0.13699444311402084
image_10547,0.13699444311402084
image_10548,0.13699444311402084
image_10549,0.13699444311402084
image_10550,0.13699444311402084
image_10551,0.13699444311402084
image_10552,0.13699444311402084
image_10553,0.13699444311402084
image_10554,0.13699444311402084
image_10555,0.13699444311402084
image_10556,0.13699444311402084
image_10557,0.13699444311402084
image_10558,0.13699444311402084
image_10559,0.13699444311402084
image_10560,0.13699444311402084
image_10561,0.13699444311402084
image_10562,0.13699444311402084
image_10563,0.13699444311402084
image_10564,0.13699444311402084
image_10565,0.13699444311402084
image_10566,0.13699444311402084
image_10567,0.13699444311402084
image_10568,0.13699444311402084
image_10569,0.13699444311402084
image_10570,0.13699444311402084
image_10571,0.13699444311402084
image_10572,0.13699444311402084
image_10573,0.13699444311402084
image_10574,0.13699444311402084
image_10575,0.13699444311402084
image_10576,0.13699444311402084
image_10577,0.13699444311402084
image_10578,0.13699444311402084
image_10579,0.13699444311402084
image_10580,0.13699444311402084
image_10581,0.13699444311402084
image_10582,0.13699444311402084
image_10583,0.13699444311402084
image_10584,0.13699444311402084
image_10585,0.13699444311402084
image_10586,0.13699444311402084
image_10587,0.13699444311402084
image_10588,0.13699444311402084
image_10589,0.13699444311402084
image_10590,0.13699444311402084
image_10591,0.13699444311402084
image_10592,0.13699444311402084
image_10593,0.13699444311402084
image_10594,0.13699444311402084
image_10595,0.13699444311402084
image_10596,0.13699444311402084
image_10597,0.13699444311402084
image_10598,0.13699444311402084
image_10599,0.13699444311402084
image_10600,0.13699444311402084
image_10601,0.13699444311402084
image_10602,0.13699444311402084
image_10603,0.13699444311402084
image_10604,0.13699444311402084
image_10605,0.13699444311402084
image_10606,0.13699444311402084
image_10607,0.13699444311402084
image_10608,0.13699444311402084
image_10609,0.13699444311402084
image_10610,0.13699444311402084
image_10611,0.13699444311402084
image_10612,0.13699444311402084
image_10613,0.13699444311402084
image_10614,0.13699444311402084
image_10615,0.13699444311402084
image_10616,0.13699444311402084
image_10617,0.13699444311402084
image_10618,0.13699444311402084
image_10619,0.13699444311402084
image_10620,0.13699444311402084
image_10621,0.13699444311402084
image_10622,0.13699444311402084
image_10623,0.13699444311402084
image_10624,0.13699444311402084
image_10625,0.13699444311402084
image_10626,0.13699444311402084
image_10627,0.13699444311402084
image_10628,0.13699444311402084
image_10629,0.13699444311402084
image_10630,0.13699444311402084
image_10631,0.13699444311402084
image_10632,0.13699444311402084
image_10633,0.13699444311402084
image_10634,0.13699444311402084
image_10635,0.13699444311402084
image_10636,0.13699444311402084
image_10637,0.13699444311402084
image_10638,0.13699444311402084
image_10639,0.13699444311402084
image_10640,0.13699444311402084
image_10641,0.13699444311402084
image_10642,0.13699444311402084
image_10643,0.13699444311402084
image_10644,0.13699444311402084
image_10645,0.13699444311402084
image_10646,0.13699444311402084
image_10647,0.13699444311402084
image_10648,0.13699444311402084
image_10649,0.13699444311402084
image_10650,0.13699444311402084
image_10651,0.13699444311402084
image_10652,0.13699444311402084
image_10653,0.13699444311402084
image_10654,0.13699444311402084
image_10655,0.13699444311402084
image_10656,0.13699444311402084
image_10657,0.13699444311402084
image_10658,0.13699444311402084
image_10659,0.13699444311402084
image_10660,0.13699444311402084
image_10661,0.13699444311402084
image_10662,0.13699444311402084
image_10663,0.13699444311402084
image_10664,0.13699444311402084
image_10665,0.13699444311402084
image_10666,0.13699444311402084
image_10667,0.13699444311402084
image_10668,0.13699444311402084
image_10669,0.13699444311402084
image_10670,0.13699444311402084
image_10671,0.13699444311402084
image_10672,0.13699444311402084
image_10673,0.13699444311402084
image_10674,0.13699444311402084
image_10675,0.13699444311402084
image_10676,0.13699444311402084
image_10677,0.13699444311402084
image_10678,0.13699444311402084
image_10679,0.13699444311402084
image_10680,0.13699444311402084
image_10681,0.13699444311402084
image_10682,0.13699444311402084
image_10683,0.13699444311402084
image_10684,0.13699444311402084
image_10685,0.13699444311402084
image_10686,0.13699444311402084
image_10687,0.13699444311402084
image_10688,0.13699444311402084
image_10689,0.13699444311402084
image_10690,0.13699444311402084
image_10691,0.13699444311402084
image_10692,0.13699444311402084
image_10693,0.13699444311402084
image_10694,0.13699444311402084
image_10695,0.13699444311402084
image_10696,0.13699444311402084
image_10697,0.13699444311402084
image_10698,0.13699444311402084
image_10699,0.13699444311402084
image_10700,0.13699444311402084
image_10701,0.13699444311402084
image_10702,0.13699444311402084
image_10703,0.13699444311402084
image_10704,0.13699444311402084
image_10705,0.13699444311402084
image_10706,0.13699444311402084
image_10707,0.13699444311402084
image_10708,0.13699444311402084
image_10709,0.13699444311402084
image_10710,0.13699444311402084
image_10711,0.13699444311402084
image_10712,0.13699444311402084
image_10713,0.13699444311402084
image_10714,0.13699444311402084
image_10715,0.13699444311402084
image_10716,0.13699444311402084
image_10717,0.13699444311402084
image_10718,0.13699444311402084
image_10719,0.13699444311402084
image_10720,0.13699444311402084
image_10721,0.13699444311402084
image_10722,0.13699444311402084
image_10723,0.13699444311402084
image_10724,0.13699444311402084
image_10725,0.13699444311402084
image_10726,0.13699444311402084
image_10727,0.13699444311402084
image_10728,0.13699444311402084
image_10729,0.13699444311402084
image_10730,0.13699444311402084
image_10731,0.13699444311402084
image_10732,0.13699444311402084
image_10733,0.13699444311402084
image_10734,0.13699444311402084
image_10735,0.13699444311402084
image_10736,0.13699444311402084
image_10737,0.13699444311402084
image_10738,0.13699444311402084
image_10739,0.13699444311402084
image_10740,0.13699444311402084
image_10741,0.13699444311402084
image_10742,0.13699444311402084
image_10743,0.13699444311402084
image_10744,0.13699444311402084
image_10745,0.13699444311402084
image_10746,0.13699444311402084
image_10747,0.13699444311402084
image_10748,0.13699444311402084
image_10749,0.13699444311402084
image_10750,0.13699444311402084
image_10751,0.13699444311402084
image_10752,0.13699444311402084
image_10753,0.13699444311402084
image_10754,0.13699444311402084
image_10755,0.13699444311402084
image_10756,0.13699444311402084
image_10757,0.13699444311402084
image_10758,0.13699444311402084
image_10759,0.13699444311402084
image_10760,0.13699444311402084
image_10761,0.13699444311402084
image_10762,0.13699444311402084
image_10763,0.13699444311402084
image_10764,0.13699444311402084
image_10765,0.13699444311402084
image_10766,0.13699444311402084
image_10767,0.13699444311402084
image_10768,0.13699444311402084
image_10769,0.13699444311402084
image_10770,0.13699444311402084
image_10771,0.13699444311402084
image_10772,0.13699444311402084
image_10773,0.13699444311402084
image_10774,0.13699444311402084
image_10775,0.13699444311402084
image_10776,0.13699444311402084
image_10777,0.13699444311402084
image_10778,0.13699444311402084
image_10779,0.13699444311402084
image_10780,0.13699444311402084
image_10781,0.13699444311402084
image_10782,0.13699444311402084
image_10783,0.13699444311402084
image_10784,0.13699444311402084
image_10785,0.13699444311402084
image_10786,0.13699444311402084
image_10787,0.13699444311402084
image_10788,0.13699444311402084
image_10789,0.13699444311402084
image_10790,0.13699444311402084
image_10791,0.13699444311402084
image_10792,0.13699444311402084
image_10793,0.13699444311402084
image_10794,0.13699444311402084
image_10795,0.13699444311402084
image_10796,0.13699444311402084
image_10797,0.13699444311402084
image_10798,0.13699444311402084
image_10799,0.13699444311402084
image_10800,0.13699444311402084
image_10801,0.13699444311402084
image_10802,0.13699444311402084
image_10803,0.13699444311402084
image_10804,0.13699444311402084
image_10805,0.13699444311402084
image_10806,0.13699444311402084
image_10807,0.13699444311402084
image_10808,0.13699444311402084
image_10809,0.13699444311402084
image_10810,0.13699444311402084
image_10811,0.13699444311402084
image_10812,0.13699444311402084
image_10813,0.13699444311402084
image_10814,0.13699444311402084
image_10815,0.13699444311402084
image_10816,0.13699444311402084
image_10817,0.13699444311402084
image_10818,0.13699444311402084
image_10819,0.13699444311402084
image_10820,0.13699444311402084
image_10821,0.13699444311402084
image_10822,0.13699444311402084
image_10823,0.13699444311402084
image_10824,0.13699444311402084
image_10825,0.13699444311402084
image_10826,0.13699444311402084
image_10827,0.13699444311402084
image_10828,0.13699444311402084
image_10829,0.13699444311402084
image_10830,0.13699444311402084
image_10831,0.13699444311402084
image_10832,0.13699444311402084
image_10833,0.13699444311402084
image_10834,0.13699444311402084
image_10835,0.13699444311402084
image_10836,0.13699444311402084
image_10837,0.13699444311402084
image_10838,0.13699444311402084
image_10839,0.13699444311402084
image_10840,0.13699444311402084
image_10841,0.13699444311402084
image_10842,0.13699444311402084
image_10843,0.13699444311402084
image_10844,0.13699444311402084
image_10845,0.13699444311402084
image_10846,0.13699444311402084
image_10847,0.13699444311402084
image_10848,0.13699444311402084
image_10849,0.13699444311402084
image_10850,0.13699444311402084
image_10851,0.13699444311402084
image_10852,0.13699444311402084
image_10853,0.13699444311402084
image_10854,0.13699444311402084
image_10855,0.13699444311402084
image_10856,0.13699444311402084
image_10857,0.13699444311402084
image_10858,0.13699444311402084
image_10859,0.13699444311402084
image_10860,0.13699444311402084
image_10861,0.13699444311402084
image_10862,0.13699444311402084
image_10863,0.13699444311402084
image_10864,0.13699444311402084
image_10865,0.13699444311402084
image_10866,0.13699444311402084
image_10867,0.13699444311402084
image_10868,0.13699444311402084
image_10869,0.13699444311402084
image_10870,0.13699444311402084
image_10871,0.13699444311402084
image_10872,0.13699444311402084
image_10873,0.13699444311402084
image_10874,0.13699444311402084
image_10875,0.13699444311402084
image_10876,0.13699444311402084
image_10877,0.13699444311402084
image_10878,0.13699444311402084
image_10879,0.13699444311402084
image_10880,0.13699444311402084
image_10881,0.13699444311402084
image_10882,0.13699444311402084
image_10883,0.13699444311402084
image_10884,0.13699444311402084
image_10885,0.13699444311402084
image_10886,0.13699444311402084
image_10887,0.13699444311402084
image_10888,0.13699444311402084
image_10889,0.13699444311402084
image_10890,0.13699444311402084
image_10891,0.13699444311402084
image_10892,0.13699444311402084
image_10893,0.13699444311402084
image_10894,0.13699444311402084
image_10895,0.13699444311402084
image_10896,0.13699444311402084
image_10897,0.13699444311402084
image_10898,0.13699444311402084
image_10899,0.13699444311402084
image_10900,0.13699444311402084
image_10901,0.13699444311402084
image_10902,0.13699444311402084
image_10903,0.13699444311402084
image_10904,0.13699444311402084
image_10905,0.13699444311402084
image_10906,0.13699444311402084
image_10907,0.13699444311402084
image_10908,0.13699444311402084
image_10909,0.13699444311402084
image_10910,0.13699444311402084
image_10911,0.13699444311402084
image_10912,0.13699444311402084
image_10913,0.13699444311402084
image_10914,0.13699444311402084
image_10915,0.13699444311402084
image_10916,0.13699444311402084
image_10917,0.13699444311402084
image_10918,0.13699444311402084
image_10919,0.13699444311402084
image_10920,0.13699444311402084
image_10921,0.13699444311402084
image_10922,0.13699444311402084
image_10923,0.13699444311402084
image_10924,0.13699444311402084
image_10925,0.13699444311402084
image_10926,0.13699444311402084
image_10927,0.13699444311402084
image_10928,0.13699444311402084
image_10929,0.13699444311402084
image_10930,0.13699444311402084
image_10931,0.13699444311402084
image_10932,0.13699444311402084
image_10933,0.13699444311402084
image_10934,0.13699444311402084
image_10935,0.13699444311402084
image_10936,0.13699444311402084
image_10937,0.13699444311402084
image_10938,0.13699444311402084
image_10939,0.13699444311402084
image_10940,0.13699444311402084
image_10941,0.13699444311402084
image_10942,0.13699444311402084
image_10943,0.13699444311402084
image_10944,0.13699444311402084
image_10945,0.13699444311402084
image_10946,0.13699444311402084
image_10947,0.13699444311402084
image_10948,0.13699444311402084
image_10949,0.13699444311402084
image_10950,0.13699444311402084
image_10951,0.13699444311402084
image_10952,0.13699444311402084
image_10953,0.13699444311402084
image_10954,0.13699444311402084
image_10955,0.13699444311402084
image_10956,0.13699444311402084
image_10957,0.13699444311402084
image_10958,0.13699444311402084
image_10959,0.13699444311402084
image_10960,0.13699444311402084
image_10961,0.13699444311402084
image_10962,0.13699444311402084
image_10963,0.13699444311402084
image_10964,0.13699444311402084
image_10965,0.13699444311402084
image_10966,0.13699444311402084
image_10967,0.13699444311402084
image_10968,0.13699444311402084
image_10969,0.13699444311402084
image_10970,0.13699444311402084
image_10971,0.13699444311402084
image_10972,0.13699444311402084
image_10973,0.13699444311402084
image_10974,0.13699444311402084
image_10975,0.13699444311402084
image_10976,0.13699444311402084
image_10977,0.13699444311402084
image_10978,0.13699444311402084
image_10979,0.13699444311402084
image_10980,0.13699444311402084
image_10981,0.13699444311402084
image_10982,0.13699444311402084
image_10983,0.13699444311402084
image_10984,0.13699444311402084
image_10985,0.13699444311402084
image_10986,0.13699444311402084
image_10987,0.13699444311402084
image_10988,0.13699444311402084
image_10989,0.13699444311402084
image_10990,0.13699444311402084
image_10991,0.13699444311402084
image_10992,0.13699444311402084
image_10993,0.13699444311402084
image_10994,0.13699444311402084
image_10995,0.13699444311402084
image_10996,0.13699444311402084
image_10997,0.13699444311402084
image_10998,0.13699444311402084
image_10999,0.13699444311402084
image_11000,0.13699444311402084
image_11001,0.13699444311402084
image_11002,0.13699444311402084
image_11003,0.13699444311402084
image_11004,0.13699444311402084
image_11005,0.13699444311402084
image_11006,0.13699444311402084
image_11007,0.13699444311402084
image_11008,0.13699444311402084
image_11009,0.13699444311402084
image_11010,0.13699444311402084
image_11011,0.13699444311402084
image_11012,0.13699444311402084
image_11013,0.13699444311402084
image_11014,0.13699444311402084
image_11015,0.13699444311402084
image_11016,0.13699444311402084
image_11017,0.13699444311402084
image_11018,0.13699444311402084
image_11019,0.13699444311402084
image_11020,0.13699444311402084
image_11021,0.13699444311402084
image_11022,0.13699444311402084
image_11023,0.13699444311402084
image_11024,0.13699444311402084
image_11025,0.13699444311402084
image_11026,0.13699444311402084
image_11027,0.13699444311402084
image_11028,0.13699444311402084
image_11029,0.13699444311402084
image_11030,0.13699444311402084
image_11031,0.13699444311402084
image_11032,0.13699444311402084
image_11033,0.13699444311402084
image_11034,0.13699444311402084
image_11035,0.13699444311402084
image_11036,0.13699444311402084
image_11037,0.13699444311402084
image_11038,0.13699444311402084
image_11039,0.13699444311402084
image_11040,0.13699444311402084
image_11041,0.13699444311402084
image_11042,0.13699444311402084
image_11043,0.13699444311402084
image_11044,0.13699444311402084
image_11045,0.13699444311402084
image_11046,0.13699444311402084
image_11047,0.13699444311402084
image_11048,0.13699444311402084
image_11049,0.13699444311402084
image_11050,0.13699444311402084
image_11051,0.13699444311402084
image_11052,0.13699444311402084
image_11053,0.13699444311402084
image_11054,0.13699444311402084
image_11055,0.13699444311402084
image_11056,0.13699444311402084
image_11057,0.13699444311402084
image_11058,0.13699444311402084
image_11059,0.13699444311402084
image_11060,0.13699444311402084
image_11061,0.13699444311402084
image_11062,0.13699444311402084
image_11063,0.13699444311402084
image_11064,0.13699444311402084
image_11065,0.13699444311402084
image_11066,0.13699444311402084
image_11067,0.13699444311402084
image_11068,0.13699444311402084
image_11069,0.13699444311402084
image_11070,0.13699444311402084
image_11071,0.13699444311402084
image_11072,0.13699444311402084
image_11073,0.13699444311402084
image_11074,0.13699444311402084
image_11075,0.13699444311402084
image_11076,0.13699444311402084
image_11077,0.13699444311402084
image_11078,0.13699444311402084
image_11079,0.13699444311402084
image_11080,0.13699444311402084
image_11081,0.13699444311402084
image_11082,0.13699444311402084
image_11083,0.13699444311402084
image_11084,0.13699444311402084
image_11085,0.13699444311402084
image_11086,0.13699444311402084
image_11087,0.13699444311402084
image_11088,0.13699444311402084
image_11089,0.13699444311402084
image_11090,0.13699444311402084
image_11091,0.13699444311402084
image_11092,0.13699444311402084
image_11093,0.13699444311402084
image_11094,0.13699444311402084
image_11095,0.13699444311402084
image_11096,0.13699444311402084
image_11097,0.13699444311402084
image_11098,0.13699444311402084
image_11099,0.13699444311402084
image_11100,0.13699444311402084
image_11101,0.13699444311402084
image_11102,0.13699444311402084
image_11103,0.13699444311402084
image_11104,0.13699444311402084
image_11105,0.13699444311402084
image_11106,0.13699444311402084
image_11107,0.13699444311402084
image_11108,0.13699444311402084
image_11109,0.13699444311402084
image_11110,0.13699444311402084
image_11111,0.13699444311402084
image_11112,0.13699444311402084
image_11113,0.13699444311402084
image_11114,0.13699444311402084
image_11115,0.13699444311402084
image_11116,0.13699444311402084
image_11117,0.13699444311402084
image_11118,0.13699444311402084
image_11119,0.13699444311402084
image_11120,0.13699444311402084
image_11121,0.13699444311402084
image_11122,0.13699444311402084
image_11123,0.13699444311402084
image_11124,0.13699444311402084
image_11125,0.13699444311402084
image_11126,0.13699444311402084
image_11127,0.13699444311402084
image_11128,0.13699444311402084
image_11129,0.13699444311402084
image_11130,0.13699444311402084
image_11131,0.13699444311402084
image_11132,0.13699444311402084
image_11133,0.13699444311402084
image_11134,0.13699444311402084
image_11135,0.13699444311402084
image_11136,0.13699444311402084
image_11137,0.13699444311402084
image_11138,0.13699444311402084
image_11139,0.13699444311402084
image_11140,0.13699444311402084
image_11141,0.13699444311402084
image_11142,0.13699444311402084
image_11143,0.13699444311402084
image_11144,0.13699444311402084
image_11145,0.13699444311402084
image_11146,0.13699444311402084
image_11147,0.13699444311402084
image_11148,0.13699444311402084
image_11149,0.13699444311402084
image_11150,0.13699444311402084
image_11151,0.13699444311402084
image_11152,0.13699444311402084
image_11153,0.13699444311402084
image_11154,0.13699444311402084
image_11155,0.13699444311402084
image_11156,0.13699444311402084
image_11157,0.13699444311402084
image_11158,0.13699444311402084
image_11159,0.13699444311402084
image_11160,0.13699444311402084
image_11161,0.13699444311402084
image_11162,0.13699444311402084
image_11163,0.13699444311402084
image_11164,0.13699444311402084
image_11165,0.13699444311402084
image_11166,0.13699444311402084
image_11167,0.13699444311402084
image_11168,0.13699444311402084
image_11169,0.13699444311402084
image_11170,0.13699444311402084
image_11171,0.13699444311402084
image_11172,0.13699444311402084
image_11173,0.13699444311402084
image_11174,0.13699444311402084
image_11175,0.13699444311402084
image_11176,0.13699444311402084
image_11177,0.13699444311402084
image_11178,0.13699444311402084
image_11179,0.13699444311402084
image_11180,0.13699444311402084
image_11181,0.13699444311402084
image_11182,0.13699444311402084
image_11183,0.13699444311402084
image_11184,0.13699444311402084
image_11185,0.13699444311402084
image_11186,0.13699444311402084
image_11187,0.13699444311402084
image_11188,0.13699444311402084
image_11189,0.13699444311402084
image_11190,0.13699444311402084
image_11191,0.13699444311402084
image_11192,0.13699444311402084
image_11193,0.13699444311402084
image_11194,0.13699444311402084
image_11195,0.13699444311402084
image_11196,0.13699444311402084
image_11197,0.13699444311402084
image_11198,0.13699444311402084
image_11199,0.13699444311402084
image_11200,0.13699444311402084
image_11201,0.13699444311402084
image_11202,0.13699444311402084
image_11203,0.13699444311402084
image_11204,0.13699444311402084
image_11205,0.13699444311402084
image_11206,0.13699444311402084
image_11207,0.13699444311402084
image_11208,0.13699444311402084
image_11209,0.13699444311402084
image_11210,0.13699444311402084
image_11211,0.13699444311402084
image_11212,0.13699444311402084
image_11213,0.13699444311402084
image_11214,0.13699444311402084
image_11215,0.13699444311402084
image_11216,0.13699444311402084
image_11217,0.13699444311402084
image_11218,0.13699444311402084
image_11219,0.13699444311402084
image_11220,0.13699444311402084
image_11221,0.13699444311402084
image_11222,0.13699444311402084
image_11223,0.13699444311402084
image_11224,0.13699444311402084
image_11225,0.13699444311402084
image_11226,0.13699444311402084
image_11227,0.13699444311402084
image_11228,0.13699444311402084
image_11229,0.13699444311402084
image_11230,0.13699444311402084
image_11231,0.13699444311402084
image_11232,0.13699444311402084
image_11233,0.13699444311402084
image_11234,0.13699444311402084
image_11235,0.13699444311402084
image_11236,0.13699444311402084
image_11237,0.13699444311402084
image_11238,0.13699444311402084
image_11239,0.13699444311402084
image_11240,0.13699444311402084
image_11241,0.13699444311402084
image_11242,0.13699444311402084
image_11243,0.13699444311402084
image_11244,0.13699444311402084
image_11245,0.13699444311402084
image_11246,0.13699444311402084
image_11247,0.13699444311402084
image_11248,0.13699444311402084
image_11249,0.13699444311402084
image_11250,0.13699444311402084
image_11251,0.13699444311402084
image_11252,0.13699444311402084
image_11253,0.13699444311402084
image_11254,0.13699444311402084
image_11255,0.13699444311402084
image_11256,0.13699444311402084
image_11257,0.13699444311402084
image_11258,0.13699444311402084
image_11259,0.13699444311402084
image_11260,0.13699444311402084
image_11261,0.13699444311402084
image_11262,0.13699444311402084
image_11263,0.13699444311402084
image_11264,0.13699444311402084
image_11265,0.13699444311402084
image_11266,0.13699444311402084
image_11267,0.13699444311402084
image_11268,0.13699444311402084
image_11269,0.13699444311402084
image_11270,0.13699444311402084
image_11271,0.13699444311402084
image_11272,0.13699444311402084
image_11273,0.13699444311402084
image_11274,0.13699444311402084
image_11275,0.13699444311402084
image_11276,0.13699444311402084
image_11277,0.13699444311402084
image_11278,0.13699444311402084
image_11279,0.13699444311402084
image_11280,0.13699444311402084
image_11281,0.13699444311402084
image_11282,0.13699444311402084
image_11283,0.13699444311402084
image_11284,0.13699444311402084
image_11285,0.13699444311402084
image_11286,0.13699444311402084
image_11287,0.13699444311402084
image_11288,0.13699444311402084
image_11289,0.13699444311402084
image_11290,0.13699444311402084
image_11291,0.13699444311402084
image_11292,0.13699444311402084
image_11293,0.13699444311402084
image_11294,0.13699444311402084
image_11295,0.13699444311402084
image_11296,0.13699444311402084
image_11297,0.13699444311402084
image_11298,0.13699444311402084
image_11299,0.13699444311402084
image_11300,0.13699444311402084
image_11301,0.13699444311402084
image_11302,0.13699444311402084
image_11303,0.13699444311402084
image_11304,0.13699444311402084
image_11305,0.13699444311402084
image_11306,0.13699444311402084
image_11307,0.13699444311402084
image_11308,0.13699444311402084
image_11309,0.13699444311402084
image_11310,0.13699444311402084
image_11311,0.13699444311402084
image_11312,0.13699444311402084
image_11313,0.13699444311402084
image_11314,0.13699444311402084
image_11315,0.13699444311402084
image_11316,0.13699444311402084
image_11317,0.13699444311402084
image_11318,0.13699444311402084
image_11319,0.13699444311402084
image_11320,0.13699444311402084
image_11321,0.13699444311402084
image_11322,0.13699444311402084
image_11323,0.13699444311402084
image_11324,0.13699444311402084
image_11325,0.13699444311402084
image_11326,0.13699444311402084
image_11327,0.13699444311402084
image_11328,0.13699444311402084
image_11329,0.13699444311402084
image_11330,0.13699444311402084
image_11331,0.13699444311402084
image_11332,0.13699444311402084
image_11333,0.13699444311402084
image_11334,0.13699444311402084
image_11335,0.13699444311402084
image_11336,0.13699444311402084
image_11337,0.13699444311402084
image_11338,0.13699444311402084
image_11339,0.13699444311402084
image_11340,0.13699444311402084
image_11341,0.13699444311402084
image_11342,0.13699444311402084
image_11343,0.13699444311402084
image_11344,0.13699444311402084
image_11345,0.13699444311402084
image_11346,0.13699444311402084
image_11347,0.13699444311402084
image_11348,0.13699444311402084
image_11349,0.13699444311402084
image_11350,0.13699444311402084
image_11351,0.13699444311402084
image_11352,0.13699444311402084
image_11353,0.13699444311402084
image_11354,0.13699444311402084
image_11355,0.13699444311402084
image_11356,0.13699444311402084
image_11357,0.13699444311402084
image_11358,0.13699444311402084
image_11359,0.13699444311402084
image_11360,0.13699444311402084
image_11361,0.13699444311402084
image_11362,0.13699444311402084
image_11363,0.13699444311402084
image_11364,0.13699444311402084
image_11365,0.13699444311402084
image_11366,0.13699444311402084
image_11367,0.13699444311402084
image_11368,0.13699444311402084
image_11369,0.13699444311402084
image_11370,0.13699444311402084
image_11371,0.13699444311402084
image_11372,0.13699444311402084
image_11373,0.13699444311402084
image_11374,0.13699444311402084
image_11375,0.13699444311402084
image_11376,0.13699444311402084
image_11377,0.13699444311402084
image_11378,0.13699444311402084
image_11379,0.13699444311402084
image_11380,0.13699444311402084
image_11381,0.13699444311402084
image_11382,0.13699444311402084
image_11383,0.13699444311402084
image_11384,0.13699444311402084
image_11385,0.13699444311402084
image_11386,0.13699444311402084
image_11387,0.13699444311402084
image_11388,0.13699444311402084
image_11389,0.13699444311402084
image_11390,0.13699444311402084
image_11391,0.13699444311402084
image_11392,0.13699444311402084
image_11393,0.13699444311402084
image_11394,0.13699444311402084
image_11395,0.13699444311402084
image_11396,0.13699444311402084
image_11397,0.13699444311402084
image_11398,0.13699444311402084
image_11399,0.13699444311402084
image_11400,0.13699444311402084
image_11401,0.13699444311402084
image_11402,0.13699444311402084
image_11403,0.13699444311402084
image_11404,0.13699444311402084
image_11405,0.13699444311402084
image_11406,0.13699444311402084
image_11407,0.13699444311402084
image_11408,0.13699444311402084
image_11409,0.13699444311402084
image_11410,0.13699444311402084
image_11411,0.13699444311402084
image_11412,0.13699444311402084
image_11413,0.13699444311402084
image_11414,0.13699444311402084
image_11415,0.13699444311402084
image_11416,0.13699444311402084
image_11417,0.13699444311402084
image_11418,0.13699444311402084
image_11419,0.13699444311402084
image_11420,0.13699444311402084
image_11421,0.13699444311402084
image_11422,0.13699444311402084
image_11423,0.13699444311402084
image_11424,0.13699444311402084
image_11425,0.13699444311402084
image_11426,0.13699444311402084
image_11427,0.13699444311402084
image_11428,0.13699444311402084
image_11429,0.13699444311402084
image_11430,0.13699444311402084
image_11431,0.13699444311402084
image_11432,0.13699444311402084
image_11433,0.13699444311402084
image_11434,0.13699444311402084
image_11435,0.13699444311402084
image_11436,0.13699444311402084
image_11437,0.13699444311402084
image_11438,0.13699444311402084
image_11439,0.13699444311402084
image_11440,0.13699444311402084
image_11441,0.13699444311402084
image_11442,0.13699444311402084
image_11443,0.13699444311402084
image_11444,0.13699444311402084
image_11445,0.13699444311402084
image_11446,0.13699444311402084
image_11447,0.13699444311402084
image_11448,0.13699444311402084
image_11449,0.13699444311402084
image_11450,0.13699444311402084
image_11451,0.13699444311402084
image_11452,0.13699444311402084
image_11453,0.13699444311402084
image_11454,0.13699444311402084
image_11455,0.13699444311402084
image_11456,0.13699444311402084
image_11457,0.13699444311402084
image_11458,0.13699444311402084
image_11459,0.13699444311402084
image_11460,0.13699444311402084
image_11461,0.13699444311402084
image_11462,0.13699444311402084
image_11463,0.13699444311402084
image_11464,0.13699444311402084
image_11465,0.13699444311402084
image_11466,0.13699444311402084
image_11467,0.13699444311402084
image_11468,0.13699444311402084
image_11469,0.13699444311402084
image_11470,0.13699444311402084
image_11471,0.13699444311402084
image_11472,0.13699444311402084
image_11473,0.13699444311402084
image_11474,0.13699444311402084
image_11475,0.13699444311402084
image_11476,0.13699444311402084
image_11477,0.13699444311402084
image_11478,0.13699444311402084
image_11479,0.13699444311402084
image_11480,0.13699444311402084
image_11481,0.13699444311402084
image_11482,0.13699444311402084
image_11483,0.13699444311402084
image_11484,0.13699444311402084
image_11485,0.13699444311402084
image_11486,0.13699444311402084
image_11487,0.13699444311402084
image_11488,0.13699444311402084
image_11489,0.13699444311402084
image_11490,0.13699444311402084
image_11491,0.13699444311402084
image_11492,0.13699444311402084
image_11493,0.13699444311402084
image_11494,0.13699444311402084
image_11495,0.13699444311402084
image_11496,0.13699444311402084
image_11497,0.13699444311402084
image_11498,0.13699444311402084
image_11499,0.13699444311402084
image_11500,0.13699444311402084
image_11501,0.13699444311402084
image_11502,0.13699444311402084
image_11503,0.13699444311402084
image_11504,0.13699444311402084
image_11505,0.13699444311402084
image_11506,0.13699444311402084
image_11507,0.13699444311402084
image_11508,0.13699444311402084
image_11509,0.13699444311402084
image_11510,0.13699444311402084
image_11511,0.13699444311402084
image_11512,0.13699444311402084
image_11513,0.13699444311402084
image_11514,0.13699444311402084
image_11515,0.13699444311402084
image_11516,0.13699444311402084
image_11517,0.13699444311402084
image_11518,0.13699444311402084
image_11519,0.13699444311402084
image_11520,0.13699444311402084
image_11521,0.13699444311402084
image_11522,0.13699444311402084
image_11523,0.13699444311402084
image_11524,0.13699444311402084
image_11525,0.13699444311402084
image_11526,0.13699444311402084
image_11527,0.13699444311402084
image_11528,0.13699444311402084
image_11529,0.13699444311402084
image_11530,0.13699444311402084
image_11531,0.13699444311402084
image_11532,0.13699444311402084
image_11533,0.13699444311402084
image_11534,0.13699444311402084
image_11535,0.13699444311402084
image_11536,0.13699444311402084
image_11537,0.13699444311402084
image_11538,0.13699444311402084
image_11539,0.13699444311402084
image_11540,0.13699444311402084
image_11541,0.13699444311402084
image_11542,0.13699444311402084
image_11543,0.13699444311402084
image_11544,0.13699444311402084
image_11545,0.13699444311402084
image_11546,0.13699444311402084
image_11547,0.13699444311402084
image_11548,0.13699444311402084
image_11549,0.13699444311402084
image_11550,0.13699444311402084
image_11551,0.13699444311402084
image_11552,0.13699444311402084
image_11553,0.13699444311402084
image_11554,0.13699444311402084
image_11555,0.13699444311402084
image_11556,0.13699444311402084
image_11557,0.13699444311402084
image_11558,0.13699444311402084
image_11559,0.13699444311402084
image_11560,0.13699444311402084
image_11561,0.13699444311402084
image_11562,0.13699444311402084
image_11563,0.13699444311402084
image_11564,0.13699444311402084
image_11565,0.13699444311402084
image_11566,0.13699444311402084
image_11567,0.13699444311402084
image_11568,0.13699444311402084
image_11569,0.13699444311402084
image_11570,0.13699444311402084
image_11571,0.13699444311402084
image_11572,0.13699444311402084
image_11573,0.13699444311402084
image_11574,0.13699444311402084
image_11575,0.13699444311402084
image_11576,0.13699444311402084
image_11577,0.13699444311402084
image_11578,0.13699444311402084
image_11579,0.13699444311402084
image_11580,0.13699444311402084
image_11581,0.13699444311402084
image_11582,0.13699444311402084
image_11583,0.13699444311402084
image_11584,0.13699444311402084
image_11585,0.13699444311402084
image_11586,0.13699444311402084
image_11587,0.13699444311402084
image_11588,0.13699444311402084
image_11589,0.13699444311402084
image_11590,0.13699444311402084
image_11591,0.13699444311402084
image_11592,0.13699444311402084
image_11593,0.13699444311402084
image_11594,0.13699444311402084
image_11595,0.13699444311402084
image_11596,0.13699444311402084
image_11597,0.13699444311402084
image_11598,0.13699444311402084
image_11599,0.13699444311402084
image_11600,0.13699444311402084
image_11601,0.13699444311402084
image_11602,0.13699444311402084
image_11603,0.13699444311402084
image_11604,0.13699444311402084
image_11605,0.13699444311402084
image_11606,0.13699444311402084
image_11607,0.13699444311402084
image_11608,0.13699444311402084
image_11609,0.13699444311402084
image_11610,0.13699444311402084
image_11611,0.13699444311402084
image_11612,0.13699444311402084
image_11613,0.13699444311402084
image_11614,0.13699444311402084
image_11615,0.13699444311402084
image_11616,0.13699444311402084
image_11617,0.13699444311402084
image_11618,0.13699444311402084
image_11619,0.13699444311402084
image_11620,0.13699444311402084
image_11621,0.13699444311402084
image_11622,0.13699444311402084
image_11623,0.13699444311402084
image_11624,0.13699444311402084
image_11625,0.13699444311402084
image_11626,0.13699444311402084
image_11627,0.13699444311402084
image_11628,0.13699444311402084
image_11629,0.13699444311402084
image_11630,0.13699444311402084
image_11631,0.13699444311402084
image_11632,0.13699444311402084
image_11633,0.13699444311402084
image_11634,0.13699444311402084
image_11635,0.13699444311402084
image_11636,0.13699444311402084
image_11637,0.13699444311402084
image_11638,0.13699444311402084
image_11639,0.13699444311402084
image_11640,0.13699444311402084
image_11641,0.13699444311402084
image_11642,0.13699444311402084
image_11643,0.13699444311402084
image_11644,0.13699444311402084
image_11645,0.13699444311402084
image_11646,0.13699444311402084
image_11647,0.13699444311402084
image_11648,0.13699444311402084
image_11649,0.13699444311402084
image_11650,0.13699444311402084
image_11651,0.13699444311402084
image_11652,0.13699444311402084
image_11653,0.13699444311402084
image_11654,0.13699444311402084
image_11655,0.13699444311402084
image_11656,0.13699444311402084
image_11657,0.13699444311402084
image_11658,0.13699444311402084
image_11659,0.13699444311402084
image_11660,0.13699444311402084
image_11661,0.13699444311402084
image_11662,0.13699444311402084
image_11663,0.13699444311402084
image_11664,0.13699444311402084
image_11665,0.13699444311402084
image_11666,0.13699444311402084
image_11667,0.13699444311402084
image_11668,0.13699444311402084
image_11669,0.13699444311402084
image_11670,0.13699444311402084
image_11671,0.13699444311402084
image_11672,0.13699444311402084
image_11673,0.13699444311402084
image_11674,0.13699444311402084
image_11675,0.13699444311402084
image_11676,0.13699444311402084
image_11677,0.13699444311402084
image_11678,0.13699444311402084
image_11679,0.13699444311402084
image_11680,0.13699444311402084
image_11681,0.13699444311402084
image_11682,0.13699444311402084
image_11683,0.13699444311402084
image_11684,0.13699444311402084
image_11685,0.13699444311402084
image_11686,0.13699444311402084
image_11687,0.13699444311402084
image_11688,0.13699444311402084
image_11689,0.13699444311402084
image_11690,0.13699444311402084
image_11691,0.13699444311402084
image_11692,0.13699444311402084
image_11693,0.13699444311402084
image_11694,0.13699444311402084
image_11695,0.13699444311402084
image_11696,0.13699444311402084
image_11697,0.13699444311402084
image_11698,0.13699444311402084
image_11699,0.13699444311402084
image_11700,0.13699444311402084
image_11701,0.13699444311402084
image_11702,0.13699444311402084
image_11703,0.13699444311402084
image_11704,0.13699444311402084
image_11705,0.13699444311402084
image_11706,0.13699444311402084
image_11707,0.13699444311402084
image_11708,0.13699444311402084
image_11709,0.13699444311402084
image_11710,0.13699444311402084
image_11711,0.13699444311402084
image_11712,0.13699444311402084
image_11713,0.13699444311402084
image_11714,0.13699444311402084
image_11715,0.13699444311402084
image_11716,0.13699444311402084
image_11717,0.13699444311402084
image_11718,0.13699444311402084
image_11719,0.13699444311402084
image_11720,0.13699444311402084
image_11721,0.13699444311402084
image_11722,0.13699444311402084
image_11723,0.13699444311402084
image_11724,0.13699444311402084
image_11725,0.13699444311402084
image_11726,0.13699444311402084
image_11727,0.13699444311402084
image_11728,0.13699444311402084
image_11729,0.13699444311402084
image_11730,0.13699444311402084
image_11731,0.13699444311402084
image_11732,0.13699444311402084
image_11733,0.13699444311402084
image_11734,0.13699444311402084
image_11735,0.13699444311402084
image_11736,0.13699444311402084
image_11737,0.13699444311402084
image_11738,0.13699444311402084
image_11739,0.13699444311402084
image_11740,0.13699444311402084
image_11741,0.13699444311402084
image_11742,0.13699444311402084
image_11743,0.13699444311402084
image_11744,0.13699444311402084
image_11745,0.13699444311402084
image_11746,0.13699444311402084
image_11747,0.13699444311402084
image_11748,0.13699444311402084
image_11749,0.13699444311402084
image_11750,0.13699444311402084
image_11751,0.13699444311402084
image_11752,0.13699444311402084
image_11753,0.13699444311402084
image_11754,0.13699444311402084
image_11755,0.13699444311402084
image_11756,0.13699444311402084
image_11757,0.13699444311402084
image_11758,0.13699444311402084
image_11759,0.13699444311402084
image_11760,0.13699444311402084
image_11761,0.13699444311402084
image_11762,0.13699444311402084
image_11763,0.13699444311402084
image_11764,0.13699444311402084
image_11765,0.13699444311402084
image_11766,0.13699444311402084
image_11767,0.13699444311402084
image_11768,0.13699444311402084
image_11769,0.13699444311402084
image_11770,0.13699444311402084
image_11771,0.13699444311402084
image_11772,0.13699444311402084
image_11773,0.13699444311402084
image_11774,0.13699444311402084
image_11775,0.13699444311402084
image_11776,0.13699444311402084
image_11777,0.13699444311402084
image_11778,0.13699444311402084
image_11779,0.13699444311402084
image_11780,0.13699444311402084
image_11781,0.13699444311402084
image_11782,0.13699444311402084
image_11783,0.13699444311402084
image_11784,0.13699444311402084
image_11785,0.13699444311402084
image_11786,0.13699444311402084
image_11787,0.13699444311402084
image_11788,0.13699444311402084
image_11789,0.13699444311402084
image_11790,0.13699444311402084
image_11791,0.13699444311402084
image_11792,0.13699444311402084
image_11793,0.13699444311402084
image_11794,0.13699444311402084
image_11795,0.13699444311402084
image_11796,0.13699444311402084
image_11797,0.13699444311402084
image_11798,0.13699444311402084
image_11799,0.13699444311402084
image_11800,0.13699444311402084
image_11801,0.13699444311402084
image_11802,0.13699444311402084
image_11803,0.13699444311402084
image_11804,0.13699444311402084
image_11805,0.13699444311402084
image_11806,0.13699444311402084
image_11807,0.13699444311402084
image_11808,0.13699444311402084
image_11809,0.13699444311402084
image_11810,0.13699444311402084
image_11811,0.13699444311402084
image_11812,0.13699444311402084
image_11813,0.13699444311402084
image_11814,0.13699444311402084
image_11815,0.13699444311402084
image_11816,0.13699444311402084
image_11817,0.13699444311402084
image_11818,0.13699444311402084
image_11819,0.13699444311402084
image_11820,0.13699444311402084
image_11821,0.13699444311402084
image_11822,0.13699444311402084
image_11823,0.13699444311402084
image_11824,0.13699444311402084
image_11825,0.13699444311402084
image_11826,0.13699444311402084
image_11827,0.13699444311402084
image_11828,0.13699444311402084
image_11829,0.13699444311402084
image_11830,0.13699444311402084
image_11831,0.13699444311402084
image_11832,0.13699444311402084
image_11833,0.13699444311402084
image_11834,0.13699444311402084
image_11835,0.13699444311402084
image_11836,0.13699444311402084
image_11837,0.13699444311402084
image_11838,0.13699444311402084
image_11839,0.13699444311402084
image_11840,0.13699444311402084
image_11841,0.13699444311402084
image_11842,0.13699444311402084
image_11843,0.13699444311402084
image_11844,0.13699444311402084
image_11845,0.13699444311402084
image_11846,0.13699444311402084
image_11847,0.13699444311402084
image_11848,0.13699444311402084
image_11849,0.13699444311402084
image_11850,0.13699444311402084
image_11851,0.13699444311402084
image_11852,0.13699444311402084
image_11853,0.13699444311402084
image_11854,0.13699444311402084
image_11855,0.13699444311402084
image_11856,0.13699444311402084
image_11857,0.13699444311402084
image_11858,0.13699444311402084
image_11859,0.13699444311402084
image_11860,0.13699444311402084
image_11861,0.13699444311402084
image_11862,0.13699444311402084
image_11863,0.13699444311402084
image_11864,0.13699444311402084
image_11865,0.13699444311402084
image_11866,0.13699444311402084
image_11867,0.13699444311402084
image_11868,0.13699444311402084
image_11869,0.13699444311402084
image_11870,0.13699444311402084
image_11871,0.13699444311402084
image_11872,0.13699444311402084
image_11873,0.13699444311402084
image_11874,0.13699444311402084
image_11875,0.13699444311402084
image_11876,0.13699444311402084
image_11877,0.13699444311402084
image_11878,0.13699444311402084
image_11879,0.13699444311402084
image_11880,0.13699444311402084
image_11881,0.13699444311402084
image_11882,0.13699444311402084
image_11883,0.13699444311402084
image_11884,0.13699444311402084
image_11885,0.13699444311402084
image_11886,0.13699444311402084
image_11887,0.13699444311402084
image_11888,0.13699444311402084
image_11889,0.13699444311402084
image_11890,0.13699444311402084
image_11891,0.13699444311402084
image_11892,0.13699444311402084
image_11893,0.13699444311402084
image_11894,0.13699444311402084
image_11895,0.13699444311402084
image_11896,0.13699444311402084
image_11897,0.13699444311402084
image_11898,0.13699444311402084
image_11899,0.13699444311402084
image_11900,0.13699444311402084
image_11901,0.13699444311402084
image_11902,0.13699444311402084
image_11903,0.13699444311402084
image_11904,0.13699444311402084
image_11905,0.13699444311402084
image_11906,0.13699444311402084
image_11907,0.13699444311402084
image_11908,0.13699444311402084
image_11909,0.13699444311402084
image_11910,0.13699444311402084
image_11911,0.13699444311402084
image_11912,0.13699444311402084
image_11913,0.13699444311402084
image_11914,0.13699444311402084
image_11915,0.13699444311402084
image_11916,0.13699444311402084
image_11917,0.13699444311402084
image_11918,0.13699444311402084
image_11919,0.13699444311402084
image_11920,0.13699444311402084
image_11921,0.13699444311402084
image_11922,0.13699444311402084
image_11923,0.13699444311402084
image_11924,0.13699444311402084
image_11925,0.13699444311402084
image_11926,0.13699444311402084
image_11927,0.13699444311402084
image_11928,0.13699444311402084
image_11929,0.13699444311402084
image_11930,0.13699444311402084
image_11931,0.13699444311402084
image_11932,0.13699444311402084
image_11933,0.13699444311402084
image_11934,0.13699444311402084
image_11935,0.13699444311402084
image_11936,0.13699444311402084
image_11937,0.13699444311402084
image_11938,0.13699444311402084
image_11939,0.13699444311402084
image_11940,0.13699444311402084
image_11941,0.13699444311402084
image_11942,0.13699444311402084
image_11943,0.13699444311402084
image_11944,0.13699444311402084
image_11945,0.13699444311402084
image_11946,0.13699444311402084
image_11947,0.13699444311402084
image_11948,0.13699444311402084
image_11949,0.13699444311402084
image_11950,0.13699444311402084
image_11951,0.13699444311402084
image_11952,0.13699444311402084
image_11953,0.13699444311402084
image_11954,0.13699444311402084
image_11955,0.13699444311402084
image_11956,0.13699444311402084
image_11957,0.13699444311402084
image_11958,0.13699444311402084
image_11959,0.13699444311402084
image_11960,0.13699444311402084
image_11961,0.13699444311402084
image_11962,0.13699444311402084
image_11963,0.13699444311402084
image_11964,0.13699444311402084
image_11965,0.13699444311402084
image_11966,0.13699444311402084
image_11967,0.13699444311402084
image_11968,0.13699444311402084
image_11969,0.13699444311402084
image_11970,0.13699444311402084
image_11971,0.13699444311402084
image_11972,0.13699444311402084
image_11973,0.13699444311402084
image_11974,0.13699444311402084
image_11975,0.13699444311402084
image_11976,0.13699444311402084
image_11977,0.13699444311402084
image_11978,0.13699444311402084
image_11979,0.13699444311402084
image_11980,0.13699444311402084
image_11981,0.13699444311402084
image_11982,0.13699444311402084
image_11983,0.13699444311402084
image_11984,0.13699444311402084
image_11985,0.13699444311402084
image_11986,0.13699444311402084
image_11987,0.13699444311402084
image_11988,0.13699444311402084
image_11989,0.13699444311402084
image_11990,0.13699444311402084
image_11991,0.13699444311402084
image_11992,0.13699444311402084
image_11993,0.13699444311402084
image_11994,0.13699444311402084
image_11995,0.13699444311402084
image_11996,0.13699444311402084
image_11997,0.13699444311402084
image_11998,0.13699444311402084
image_11999,0.13699444311402084
image_12000,0.13699444311402084
image_12001,0.13699444311402084
image_12002,0.13699444311402084
image_12003,0.13699444311402084
image_12004,0.13699444311402084
image_12005,0.13699444311402084
image_12006,0.13699444311402084
image_12007,0.13699444311402084
image_12008,0.13699444311402084
image_12009,0.13699444311402084
image_12010,0.13699444311402084
image_12011,0.13699444311402084
image_12012,0.13699444311402084
image_12013,0.13699444311402084
image_12014,0.13699444311402084
image_12015,0.13699444311402084
image_12016,0.13699444311402084
image_12017,0.13699444311402084
image_12018,0.13699444311402084
image_12019,0.13699444311402084
image_12020,0.13699444311402084
image_12021,0.13699444311402084
image_12022,0.13699444311402084
image_12023,0.13699444311402084
image_12024,0.13699444311402084
image_12025,0.13699444311402084
image_12026,0.13699444311402084
image_12027,0.13699444311402084
image_12028,0.13699444311402084
image_12029,0.13699444311402084
image_12030,0.13699444311402084
image_12031,0.13699444311402084
image_12032,0.13699444311402084
image_12033,0.13699444311402084
image_12034,0.13699444311402084
image_12035,0.13699444311402084
image_12036,0.13699444311402084
image_12037,0.13699444311402084
image_12038,0.13699444311402084
image_12039,0.13699444311402084
image_12040,0.13699444311402084
image_12041,0.13699444311402084
image_12042,0.13699444311402084
image_12043,0.13699444311402084
image_12044,0.13699444311402084
image_12045,0.13699444311402084
image_12046,0.13699444311402084
image_12047,0.13699444311402084
image_12048,0.13699444311402084
image_12049,0.13699444311402084
image_12050,0.13699444311402084
image_12051,0.13699444311402084
image_12052,0.13699444311402084
image_12053,0.13699444311402084
image_12054,0.13699444311402084
image_12055,0.13699444311402084
image_12056,0.13699444311402084
image_12057,0.13699444311402084
image_12058,0.13699444311402084
image_12059,0.13699444311402084
image_12060,0.13699444311402084
image_12061,0.13699444311402084
image_12062,0.13699444311402084
image_12063,0.13699444311402084
image_12064,0.13699444311402084
image_12065,0.13699444311402084
image_12066,0.13699444311402084
image_12067,0.13699444311402084
image_12068,0.13699444311402084
image_12069,0.13699444311402084
image_12070,0.13699444311402084
image_12071,0.13699444311402084
image_12072,0.13699444311402084
image_12073,0.13699444311402084
image_12074,0.13699444311402084
image_12075,0.13699444311402084
image_12076,0.13699444311402084
image_12077,0.13699444311402084
image_12078,0.13699444311402084
image_12079,0.13699444311402084
image_12080,0.13699444311402084
image_12081,0.13699444311402084
image_12082,0.13699444311402084
image_12083,0.13699444311402084
image_12084,0.13699444311402084
image_12085,0.13699444311402084
image_12086,0.13699444311402084
image_12087,0.13699444311402084
image_12088,0.13699444311402084
image_12089,0.13699444311402084
image_12090,0.13699444311402084
image_12091,0.13699444311402084
image_12092,0.13699444311402084
image_12093,0.13699444311402084
image_12094,0.13699444311402084
image_12095,0.13699444311402084
image_12096,0.13699444311402084
image_12097,0.13699444311402084
image_12098,0.13699444311402084
image_12099,0.13699444311402084
image_12100,0.13699444311402084
image_12101,0.13699444311402084
image_12102,0.13699444311402084
image_12103,0.13699444311402084
image_12104,0.13699444311402084
image_12105,0.13699444311402084
image_12106,0.13699444311402084
image_12107,0.13699444311402084
image_12108,0.13699444311402084
image_12109,0.13699444311402084
image_12110,0.13699444311402084
image_12111,0.13699444311402084
image_12112,0.13699444311402084
image_12113,0.13699444311402084
image_12114,0.13699444311402084
image_12115,0.13699444311402084
image_12116,0.13699444311402084
image_12117,0.13699444311402084
image_12118,0.13699444311402084
image_12119,0.13699444311402084
image_12120,0.13699444311402084
image_12121,0.13699444311402084
image_12122,0.13699444311402084
image_12123,0.13699444311402084
image_12124,0.13699444311402084
image_12125,0.13699444311402084
image_12126,0.13699444311402084
image_12127,0.13699444311402084
image_12128,0.13699444311402084
image_12129,0.13699444311402084
image_12130,0.13699444311402084
image_12131,0.13699444311402084
image_12132,0.13699444311402084
image_12133,0.13699444311402084
image_12134,0.13699444311402084
image_12135,0.13699444311402084
image_12136,0.13699444311402084
image_12137,0.13699444311402084
image_12138,0.13699444311402084
image_12139,0.13699444311402084
image_12140,0.13699444311402084
image_12141,0.13699444311402084
image_12142,0.13699444311402084
image_12143,0.13699444311402084
image_12144,0.13699444311402084
image_12145,0.13699444311402084
image_12146,0.13699444311402084
image_12147,0.13699444311402084
image_12148,0.13699444311402084
image_12149,0.13699444311402084
image_12150,0.13699444311402084
image_12151,0.13699444311402084
image_12152,0.13699444311402084
image_12153,0.13699444311402084
image_12154,0.13699444311402084
image_12155,0.13699444311402084
image_12156,0.13699444311402084
image_12157,0.13699444311402084
image_12158,0.13699444311402084
image_12159,0.13699444311402084
image_12160,0.13699444311402084
image_12161,0.13699444311402084
image_12162,0.13699444311402084
image_12163,0.13699444311402084
image_12164,0.13699444311402084
image_12165,0.13699444311402084
image_12166,0.13699444311402084
image_12167,0.13699444311402084
image_12168,0.13699444311402084
image_12169,0.13699444311402084
image_12170,0.13699444311402084
image_12171,0.13699444311402084
image_12172,0.13699444311402084
image_12173,0.13699444311402084
image_12174,0.13699444311402084
image_12175,0.13699444311402084
image_12176,0.13699444311402084
image_12177,0.13699444311402084
image_12178,0.13699444311402084
image_12179,0.13699444311402084
image_12180,0.13699444311402084
image_12181,0.13699444311402084
image_12182,0.13699444311402084
image_12183,0.13699444311402084
image_12184,0.13699444311402084
image_12185,0.13699444311402084
image_12186,0.13699444311402084
image_12187,0.13699444311402084
image_12188,0.13699444311402084
image_12189,0.13699444311402084
image_12190,0.13699444311402084
image_12191,0.13699444311402084
image_12192,0.13699444311402084
image_12193,0.13699444311402084
image_12194,0.13699444311402084
image_12195,0.13699444311402084
image_12196,0.13699444311402084
image_12197,0.13699444311402084
image_12198,0.13699444311402084
image_12199,0.13699444311402084
image_12200,0.13699444311402084
image_12201,0.13699444311402084
image_12202,0.13699444311402084
image_12203,0.13699444311402084
image_12204,0.13699444311402084
image_12205,0.13699444311402084
image_12206,0.13699444311402084
image_12207,0.13699444311402084
image_12208,0.13699444311402084
image_12209,0.13699444311402084
image_12210,0.13699444311402084
image_12211,0.13699444311402084
image_12212,0.13699444311402084
image_12213,0.13699444311402084
image_12214,0.13699444311402084
image_12215,0.13699444311402084
image_12216,0.13699444311402084
image_12217,0.13699444311402084
image_12218,0.13699444311402084
image_12219,0.13699444311402084
image_12220,0.13699444311402084
image_12221,0.13699444311402084
image_12222,0.13699444311402084
image_12223,0.13699444311402084
image_12224,0.13699444311402084
image_12225,0.13699444311402084
image_12226,0.13699444311402084
image_12227,0.13699444311402084
image_12228,0.13699444311402084
image_12229,0.13699444311402084
image_12230,0.13699444311402084
image_12231,0.13699444311402084
image_12232,0.13699444311402084
image_12233,0.13699444311402084
image_12234,0.13699444311402084
image_12235,0.13699444311402084
image_12236,0.13699444311402084
image_12237,0.13699444311402084
image_12238,0.13699444311402084
image_12239,0.13699444311402084
image_12240,0.13699444311402084
image_12241,0.13699444311402084
image_12242,0.13699444311402084
image_12243,0.13699444311402084
image_12244,0.13699444311402084
image_12245,0.13699444311402084
image_12246,0.13699444311402084
image_12247,0.13699444311402084
image_12248,0.13699444311402084
image_12249,0.13699444311402084
image_12250,0.13699444311402084
image_12251,0.13699444311402084
image_12252,0.13699444311402084
image_12253,0.13699444311402084
image_12254,0.13699444311402084
image_12255,0.13699444311402084
image_12256,0.13699444311402084
image_12257,0.13699444311402084
image_12258,0.13699444311402084
image_12259,0.13699444311402084
image_12260,0.13699444311402084
image_12261,0.13699444311402084
image_12262,0.13699444311402084
image_12263,0.13699444311402084
image_12264,0.13699444311402084
image_12265,0.13699444311402084
image_12266,0.13699444311402084
image_12267,0.13699444311402084
image_12268,0.13699444311402084
image_12269,0.13699444311402084
image_12270,0.13699444311402084
image_12271,0.13699444311402084
image_12272,0.13699444311402084
image_12273,0.13699444311402084
image_12274,0.13699444311402084
image_12275,0.13699444311402084
image_12276,0.13699444311402084
image_12277,0.13699444311402084
image_12278,0.13699444311402084
image_12279,0.13699444311402084
image_12280,0.13699444311402084
image_12281,0.13699444311402084
image_12282,0.13699444311402084
image_12283,0.13699444311402084
image_12284,0.13699444311402084
image_12285,0.13699444311402084
image_12286,0.13699444311402084
image_12287,0.13699444311402084
image_12288,0.13699444311402084
image_12289,0.13699444311402084
image_12290,0.13699444311402084
image_12291,0.13699444311402084
image_12292,0.13699444311402084
image_12293,0.13699444311402084
image_12294,0.13699444311402084
image_12295,0.13699444311402084
image_12296,0.13699444311402084
image_12297,0.13699444311402084
image_12298,0.13699444311402084
image_12299,0.13699444311402084
image_12300,0.13699444311402084
image_12301,0.13699444311402084
image_12302,0.13699444311402084
image_12303,0.13699444311402084
image_12304,0.13699444311402084
image_12305,0.13699444311402084
image_12306,0.13699444311402084
image_12307,0.13699444311402084
image_12308,0.13699444311402084
image_12309,0.13699444311402084
image_12310,0.13699444311402084
image_12311,0.13699444311402084
image_12312,0.13699444311402084
image_12313,0.13699444311402084
image_12314,0.13699444311402084
image_12315,0.13699444311402084
image_12316,0.13699444311402084
image_12317,0.13699444311402084
image_12318,0.13699444311402084
image_12319,0.13699444311402084
image_12320,0.13699444311402084
image_12321,0.13699444311402084
image_12322,0.13699444311402084
image_12323,0.13699444311402084
image_12324,0.13699444311402084
image_12325,0.13699444311402084
image_12326,0.13699444311402084
image_12327,0.13699444311402084
image_12328,0.13699444311402084
image_12329,0.13699444311402084
image_12330,0.13699444311402084
image_12331,0.13699444311402084
image_12332,0.13699444311402084
image_12333,0.13699444311402084
image_12334,0.13699444311402084
image_12335,0.13699444311402084
image_12336,0.13699444311402084
image_12337,0.13699444311402084
image_12338,0.13699444311402084
image_12339,0.13699444311402084
image_12340,0.13699444311402084
image_12341,0.13699444311402084
image_12342,0.13699444311402084
image_12343,0.13699444311402084
image_12344,0.13699444311402084
image_12345,0.13699444311402084
image_12346,0.13699444311402084
image_12347,0.13699444311402084
image_12348,0.13699444311402084
image_12349,0.13699444311402084
image_12350,0.13699444311402084
image_12351,0.13699444311402084
image_12352,0.13699444311402084
image_12353,0.13699444311402084
image_12354,0.13699444311402084
image_12355,0.13699444311402084
image_12356,0.13699444311402084
image_12357,0.13699444311402084
image_12358,0.13699444311402084
image_12359,0.13699444311402084
image_12360,0.13699444311402084
image_12361,0.13699444311402084
image_12362,0.13699444311402084
image_12363,0.13699444311402084
image_12364,0.13699444311402084
image_12365,0.13699444311402084
image_12366,0.13699444311402084
image_12367,0.13699444311402084
image_12368,0.13699444311402084
image_12369,0.13699444311402084
image_12370,0.13699444311402084
image_12371,0.13699444311402084
image_12372,0.13699444311402084
image_12373,0.13699444311402084
image_12374,0.13699444311402084
image_12375,0.13699444311402084
image_12376,0.13699444311402084
image_12377,0.13699444311402084
image_12378,0.13699444311402084
image_12379,0.13699444311402084
image_12380,0.13699444311402084
image_12381,0.13699444311402084
image_12382,0.13699444311402084
image_12383,0.13699444311402084
image_12384,0.13699444311402084
image_12385,0.13699444311402084
image_12386,0.13699444311402084
image_12387,0.13699444311402084
image_12388,0.13699444311402084
image_12389,0.13699444311402084
image_12390,0.13699444311402084
image_12391,0.13699444311402084
image_12392,0.13699444311402084
image_12393,0.13699444311402084
image_12394,0.13699444311402084
image_12395,0.13699444311402084
image_12396,0.13699444311402084
image_12397,0.13699444311402084
image_12398,0.13699444311402084
image_12399,0.13699444311402084
image_12400,0.13699444311402084
image_12401,0.13699444311402084
image_12402,0.13699444311402084
image_12403,0.13699444311402084
image_12404,0.13699444311402084
image_12405,0.13699444311402084
image_12406,0.13699444311402084
image_12407,0.13699444311402084
image_12408,0.13699444311402084
image_12409,0.13699444311402084
image_12410,0.13699444311402084
image_12411,0.13699444311402084
image_12412,0.13699444311402084
image_12413,0.13699444311402084
image_12414,0.13699444311402084
image_12415,0.13699444311402084
image_12416,0.13699444311402084
image_12417,0.13699444311402084
image_12418,0.13699444311402084
image_12419,0.13699444311402084
image_12420,0.13699444311402084
image_12421,0.13699444311402084
image_12422,0.13699444311402084
image_12423,0.13699444311402084
image_12424,0.13699444311402084
image_12425,0.13699444311402084
image_12426,0.13699444311402084
image_12427,0.13699444311402084
image_12428,0.13699444311402084
image_12429,0.13699444311402084
image_12430,0.13699444311402084
image_12431,0.13699444311402084
image_12432,0.13699444311402084
image_12433,0.13699444311402084
image_12434,0.13699444311402084
image_12435,0.13699444311402084
image_12436,0.13699444311402084
image_12437,0.13699444311402084
image_12438,0.13699444311402084
image_12439,0.13699444311402084
image_12440,0.13699444311402084
image_12441,0.13699444311402084
image_12442,0.13699444311402084
image_12443,0.13699444311402084
image_12444,0.13699444311402084
image_12445,0.13699444311402084
image_12446,0.13699444311402084
image_12447,0.13699444311402084
image_12448,0.13699444311402084
image_12449,0.13699444311402084
image_12450,0.13699444311402084
image_12451,0.13699444311402084
image_12452,0.13699444311402084
image_12453,0.13699444311402084
image_12454,0.13699444311402084
image_12455,0.13699444311402084
image_12456,0.13699444311402084
image_12457,0.13699444311402084
image_12458,0.13699444311402084
image_12459,0.13699444311402084
image_12460,0.13699444311402084
image_12461,0.13699444311402084
image_12462,0.13699444311402084
image_12463,0.13699444311402084
image_12464,0.13699444311402084
image_12465,0.13699444311402084
image_12466,0.13699444311402084
image_12467,0.13699444311402084
image_12468,0.13699444311402084
image_12469,0.13699444311402084
image_12470,0.13699444311402084
image_12471,0.13699444311402084
image_12472,0.13699444311402084
image_12473,0.13699444311402084
image_12474,0.13699444311402084
image_12475,0.13699444311402084
image_12476,0.13699444311402084
image_12477,0.13699444311402084
image_12478,0.13699444311402084
image_12479,0.13699444311402084
image_12480,0.13699444311402084
image_12481,0.13699444311402084
image_12482,0.13699444311402084
image_12483,0.13699444311402084
image_12484,0.13699444311402084
image_12485,0.13699444311402084
image_12486,0.13699444311402084
image_12487,0.13699444311402084
image_12488,0.13699444311402084
image_12489,0.13699444311402084
image_12490,0.13699444311402084
image_12491,0.13699444311402084
image_12492,0.13699444311402084
image_12493,0.13699444311402084
image_12494,0.13699444311402084
image_12495,0.13699444311402084
image_12496,0.13699444311402084
image_12497,0.13699444311402084
image_12498,0.13699444311402084
image_12499,0.13699444311402084
image_12500,0.13699444311402084
image_12501,0.13699444311402084
image_12502,0.13699444311402084
image_12503,0.13699444311402084
image_12504,0.13699444311402084
image_12505,0.13699444311402084
image_12506,0.13699444311402084
image_12507,0.13699444311402084
image_12508,0.13699444311402084
image_12509,0.13699444311402084
image_12510,0.13699444311402084
image_12511,0.13699444311402084
image_12512,0.13699444311402084
image_12513,0.13699444311402084
image_12514,0.13699444311402084
image_12515,0.13699444311402084
image_12516,0.13699444311402084
image_12517,0.13699444311402084
image_12518,0.13699444311402084
image_12519,0.13699444311402084
image_12520,0.13699444311402084
image_12521,0.13699444311402084
image_12522,0.13699444311402084
image_12523,0.13699444311402084
image_12524,0.13699444311402084
image_12525,0.13699444311402084
image_12526,0.13699444311402084
image_12527,0.13699444311402084
image_12528,0.13699444311402084
image_12529,0.13699444311402084
image_12530,0.13699444311402084
image_12531,0.13699444311402084
image_12532,0.13699444311402084
image_12533,0.13699444311402084
image_12534,0.13699444311402084
image_12535,0.13699444311402084
image_12536,0.13699444311402084
image_12537,0.13699444311402084
image_12538,0.13699444311402084
image_12539,0.13699444311402084
image_12540,0.13699444311402084
image_12541,0.13699444311402084
image_12542,0.13699444311402084
image_12543,0.13699444311402084
image_12544,0.13699444311402084
image_12545,0.13699444311402084
image_12546,0.13699444311402084
image_12547,0.13699444311402084
image_12548,0.13699444311402084
image_12549,0.13699444311402084
image_12550,0.13699444311402084
image_12551,0.13699444311402084
image_12552,0.13699444311402084
image_12553,0.13699444311402084
image_12554,0.13699444311402084
image_12555,0.13699444311402084
image_12556,0.13699444311402084
image_12557,0.13699444311402084
image_12558,0.13699444311402084
image_12559,0.13699444311402084
image_12560,0.13699444311402084
image_12561,0.13699444311402084
image_12562,0.13699444311402084
image_12563,0.13699444311402084
image_12564,0.13699444311402084
image_12565,0.13699444311402084
image_12566,0.13699444311402084
image_12567,0.13699444311402084
image_12568,0.13699444311402084
image_12569,0.13699444311402084
image_12570,0.13699444311402084
image_12571,0.13699444311402084
image_12572,0.13699444311402084
image_12573,0.13699444311402084
image_12574,0.13699444311402084
image_12575,0.13699444311402084
image_12576,0.13699444311402084
image_12577,0.13699444311402084
image_12578,0.13699444311402084
image_12579,0.13699444311402084
image_12580,0.13699444311402084
image_12581,0.13699444311402084
image_12582,0.13699444311402084
image_12583,0.13699444311402084
image_12584,0.13699444311402084
image_12585,0.13699444311402084
image_12586,0.13699444311402084
image_12587,0.13699444311402084
image_12588,0.13699444311402084
image_12589,0.13699444311402084
image_12590,0.13699444311402084
image_12591,0.13699444311402084
image_12592,0.13699444311402084
image_12593,0.13699444311402084
image_12594,0.13699444311402084
image_12595,0.13699444311402084
image_12596,0.13699444311402084
image_12597,0.13699444311402084
image_12598,0.13699444311402084
image_12599,0.13699444311402084
image_12600,0.13699444311402084
image_12601,0.13699444311402084
image_12602,0.13699444311402084
image_12603,0.13699444311402084
image_12604,0.13699444311402084
image_12605,0.13699444311402084
image_12606,0.13699444311402084
image_12607,0.13699444311402084
image_12608,0.13699444311402084
image_12609,0.13699444311402084
image_12610,0.13699444311402084
image_12611,0.13699444311402084
image_12612,0.13699444311402084
image_12613,0.13699444311402084
image_12614,0.13699444311402084
image_12615,0.13699444311402084
image_12616,0.13699444311402084
image_12617,0.13699444311402084
image_12618,0.13699444311402084
image_12619,0.13699444311402084
image_12620,0.13699444311402084
image_12621,0.13699444311402084
image_12622,0.13699444311402084
image_12623,0.13699444311402084
image_12624,0.13699444311402084
image_12625,0.13699444311402084
image_12626,0.13699444311402084
image_12627,0.13699444311402084
image_12628,0.13699444311402084
image_12629,0.13699444311402084
image_12630,0.13699444311402084
image_12631,0.13699444311402084
image_12632,0.13699444311402084
image_12633,0.13699444311402084
image_12634,0.13699444311402084
image_12635,0.13699444311402084
image_12636,0.13699444311402084
image_12637,0.13699444311402084
image_12638,0.13699444311402084
image_12639,0.13699444311402084
image_12640,0.13699444311402084
image_12641,0.13699444311402084
image_12642,0.13699444311402084
image_12643,0.13699444311402084
image_12644,0.13699444311402084
image_12645,0.13699444311402084
image_12646,0.13699444311402084
image_12647,0.13699444311402084
image_12648,0.13699444311402084
image_12649,0.13699444311402084
image_12650,0.13699444311402084
image_12651,0.13699444311402084
image_12652,0.13699444311402084
image_12653,0.13699444311402084
image_12654,0.13699444311402084
image_12655,0.13699444311402084
image_12656,0.13699444311402084
image_12657,0.13699444311402084
image_12658,0.13699444311402084
image_12659,0.13699444311402084
image_12660,0.13699444311402084
image_12661,0.13699444311402084
image_12662,0.13699444311402084
image_12663,0.13699444311402084
image_12664,0.13699444311402084
image_12665,0.13699444311402084
image_12666,0.13699444311402084
image_12667,0.13699444311402084
image_12668,0.13699444311402084
image_12669,0.13699444311402084
image_12670,0.13699444311402084
image_12671,0.13699444311402084
image_12672,0.13699444311402084
image_12673,0.13699444311402084
image_12674,0.13699444311402084
image_12675,0.13699444311402084
image_12676,0.13699444311402084
image_12677,0.13699444311402084
image_12678,0.13699444311402084
image_12679,0.13699444311402084
image_12680,0.13699444311402084
image_12681,0.13699444311402084
image_12682,0.13699444311402084
image_12683,0.13699444311402084
image_12684,0.13699444311402084
image_12685,0.13699444311402084
image_12686,0.13699444311402084
image_12687,0.13699444311402084
image_12688,0.13699444311402084
image_12689,0.13699444311402084
image_12690,0.13699444311402084
image_12691,0.13699444311402084
image_12692,0.13699444311402084
image_12693,0.13699444311402084
image_12694,0.13699444311402084
image_12695,0.13699444311402084
image_12696,0.13699444311402084
image_12697,0.13699444311402084
image_12698,0.13699444311402084
image_12699,0.13699444311402084
image_12700,0.13699444311402084
image_12701,0.13699444311402084
image_12702,0.13699444311402084
image_12703,0.13699444311402084
image_12704,0.13699444311402084
image_12705,0.13699444311402084
image_12706,0.13699444311402084
image_12707,0.13699444311402084
image_12708,0.13699444311402084
image_12709,0.13699444311402084
image_12710,0.13699444311402084
image_12711,0.13699444311402084
image_12712,0.13699444311402084
image_12713,0.13699444311402084
image_12714,0.13699444311402084
image_12715,0.13699444311402084
image_12716,0.13699444311402084
image_12717,0.13699444311402084
image_12718,0.13699444311402084
image_12719,0.13699444311402084
image_12720,0.13699444311402084
image_12721,0.13699444311402084
image_12722,0.13699444311402084
image_12723,0.13699444311402084
image_12724,0.13699444311402084
image_12725,0.13699444311402084
image_12726,0.13699444311402084
image_12727,0.13699444311402084
image_12728,0.13699444311402084
image_12729,0.13699444311402084
image_12730,0.13699444311402084
image_12731,0.13699444311402084
image_12732,0.13699444311402084
image_12733,0.13699444311402084
image_12734,0.13699444311402084
image_12735,0.13699444311402084
image_12736,0.13699444311402084
image_12737,0.13699444311402084
image_12738,0.13699444311402084
image_12739,0.13699444311402084
image_12740,0.13699444311402084
image_12741,0.13699444311402084
image_12742,0.13699444311402084
image_12743,0.13699444311402084
image_12744,0.13699444311402084
image_12745,0.13699444311402084
image_12746,0.13699444311402084
image_12747,0.13699444311402084
image_12748,0.13699444311402084
image_12749,0.13699444311402084
image_12750,0.13699444311402084
image_12751,0.13699444311402084
image_12752,0.13699444311402084
image_12753,0.13699444311402084
image_12754,0.13699444311402084
image_12755,0.13699444311402084
image_12756,0.13699444311402084
image_12757,0.13699444311402084
image_12758,0.13699444311402084
image_12759,0.13699444311402084
image_12760,0.13699444311402084
image_12761,0.13699444311402084
image_12762,0.13699444311402084
image_12763,0.13699444311402084
image_12764,0.13699444311402084
image_12765,0.13699444311402084
image_12766,0.13699444311402084
image_12767,0.13699444311402084
image_12768,0.13699444311402084
image_12769,0.13699444311402084
image_12770,0.13699444311402084
image_12771,0.13699444311402084
image_12772,0.13699444311402084
image_12773,0.13699444311402084
image_12774,0.13699444311402084
image_12775,0.13699444311402084
image_12776,0.13699444311402084
image_12777,0.13699444311402084
image_12778,0.13699444311402084
image_12779,0.13699444311402084
image_12780,0.13699444311402084
image_12781,0.13699444311402084
image_12782,0.13699444311402084
image_12783,0.13699444311402084
image_12784,0.13699444311402084
image_12785,0.13699444311402084
image_12786,0.13699444311402084
image_12787,0.13699444311402084
image_12788,0.13699444311402084
image_12789,0.13699444311402084
image_12790,0.13699444311402084
image_12791,0.13699444311402084
image_12792,0.13699444311402084
image_12793,0.13699444311402084
image_12794,0.13699444311402084
image_12795,0.13699444311402084
image_12796,0.13699444311402084
image_12797,0.13699444311402084
image_12798,0.13699444311402084
image_12799,0.13699444311402084
image_12800,0.13699444311402084
image_12801,0.13699444311402084
image_12802,0.13699444311402084
image_12803,0.13699444311402084
image_12804,0.13699444311402084
image_12805,0.13699444311402084
image_12806,0.13699444311402084
image_12807,0.13699444311402084
image_12808,0.13699444311402084
image_12809,0.13699444311402084
image_12810,0.13699444311402084
image_12811,0.13699444311402084
image_12812,0.13699444311402084
image_12813,0.13699444311402084
image_12814,0.13699444311402084
image_12815,0.13699444311402084
image_12816,0.13699444311402084
image_12817,0.13699444311402084
image_12818,0.13699444311402084
image_12819,0.13699444311402084
image_12820,0.13699444311402084
image_12821,0.13699444311402084
image_12822,0.13699444311402084
image_12823,0.13699444311402084
image_12824,0.13699444311402084
image_12825,0.13699444311402084
image_12826,0.13699444311402084
image_12827,0.13699444311402084
image_12828,0.13699444311402084
image_12829,0.13699444311402084
image_12830,0.13699444311402084
image_12831,0.13699444311402084
image_12832,0.13699444311402084
image_12833,0.13699444311402084
image_12834,0.13699444311402084
image_12835,0.13699444311402084
image_12836,0.13699444311402084
image_12837,0.13699444311402084
image_12838,0.13699444311402084
image_12839,0.13699444311402084
image_12840,0.13699444311402084
image_12841,0.13699444311402084
image_12842,0.13699444311402084
image_12843,0.13699444311402084
image_12844,0.13699444311402084
image_12845,0.13699444311402084
image_12846,0.13699444311402084
image_12847,0.13699444311402084
image_12848,0.13699444311402084
image_12849,0.13699444311402084
image_12850,0.13699444311402084
image_12851,0.13699444311402084
image_12852,0.13699444311402084
image_12853,0.13699444311402084
image_12854,0.13699444311402084
image_12855,0.13699444311402084
image_12856,0.13699444311402084
image_12857,0.13699444311402084
image_12858,0.13699444311402084
image_12859,0.13699444311402084
image_12860,0.13699444311402084
image_12861,0.13699444311402084
image_12862,0.13699444311402084
image_12863,0.13699444311402084
image_12864,0.13699444311402084
image_12865,0.13699444311402084
image_12866,0.13699444311402084
image_12867,0.13699444311402084
image_12868,0.13699444311402084
image_12869,0.13699444311402084
image_12870,0.13699444311402084
image_12871,0.13699444311402084
image_12872,0.13699444311402084
image_12873,0.13699444311402084
image_12874,0.13699444311402084
image_12875,0.13699444311402084
image_12876,0.13699444311402084
image_12877,0.13699444311402084
image_12878,0.13699444311402084
image_12879,0.13699444311402084
image_12880,0.13699444311402084
image_12881,0.13699444311402084
image_12882,0.13699444311402084
image_12883,0.13699444311402084
image_12884,0.13699444311402084
image_12885,0.13699444311402084
image_12886,0.13699444311402084
image_12887,0.13699444311402084
image_12888,0.13699444311402084
image_12889,0.13699444311402084
image_12890,0.13699444311402084
image_12891,0.13699444311402084
image_12892,0.13699444311402084
image_12893,0.13699444311402084
image_12894,0.13699444311402084
image_12895,0.13699444311402084
image_12896,0.13699444311402084
image_12897,0.13699444311402084
image_12898,0.13699444311402084
image_12899,0.13699444311402084
image_12900,0.13699444311402084
image_12901,0.13699444311402084
image_12902,0.13699444311402084
image_12903,0.13699444311402084
image_12904,0.13699444311402084
image_12905,0.13699444311402084
image_12906,0.13699444311402084
image_12907,0.13699444311402084
image_12908,0.13699444311402084
image_12909,0.13699444311402084
image_12910,0.13699444311402084
image_12911,0.13699444311402084
image_12912,0.13699444311402084
image_12913,0.13699444311402084
image_12914,0.13699444311402084
image_12915,0.13699444311402084
image_12916,0.13699444311402084
image_12917,0.13699444311402084
image_12918,0.13699444311402084
image_12919,0.13699444311402084
image_12920,0.13699444311402084
image_12921,0.13699444311402084
image_12922,0.13699444311402084
image_12923,0.13699444311402084
image_12924,0.13699444311402084
image_12925,0.13699444311402084
image_12926,0.13699444311402084
image_12927,0.13699444311402084
image_12928,0.13699444311402084
image_12929,0.13699444311402084
image_12930,0.13699444311402084
image_12931,0.13699444311402084
image_12932,0.13699444311402084
image_12933,0.13699444311402084
image_12934,0.13699444311402084
image_12935,0.13699444311402084
image_12936,0.13699444311402084
image_12937,0.13699444311402084
image_12938,0.13699444311402084
image_12939,0.13699444311402084
image_12940,0.13699444311402084
image_12941,0.13699444311402084
image_12942,0.13699444311402084
image_12943,0.13699444311402084
image_12944,0.13699444311402084
image_12945,0.13699444311402084
image_12946,0.13699444311402084
image_12947,0.13699444311402084
image_12948,0.13699444311402084
image_12949,0.13699444311402084
image_12950,0.13699444311402084
image_12951,0.13699444311402084
image_12952,0.13699444311402084
image_12953,0.13699444311402084
image_12954,0.13699444311402084
image_12955,0.13699444311402084
image_12956,0.13699444311402084
image_12957,0.13699444311402084
image_12958,0.13699444311402084
image_12959,0.13699444311402084
image_12960,0.13699444311402084
image_12961,0.13699444311402084
image_12962,0.13699444311402084
image_12963,0.13699444311402084
image_12964,0.13699444311402084
image_12965,0.13699444311402084
image_12966,0.13699444311402084
image_12967,0.13699444311402084
image_12968,0.13699444311402084
image_12969,0.13699444311402084
image_12970,0.13699444311402084
image_12971,0.13699444311402084
image_12972,0.13699444311402084
image_12973,0.13699444311402084
image_12974,0.13699444311402084
image_12975,0.13699444311402084
image_12976,0.13699444311402084
image_12977,0.13699444311402084
image_12978,0.13699444311402084
image_12979,0.13699444311402084
image_12980,0.13699444311402084
image_12981,0.13699444311402084
image_12982,0.13699444311402084
image_12983,0.13699444311402084
image_12984,0.13699444311402084
image_12985,0.13699444311402084
image_12986,0.13699444311402084
image_12987,0.13699444311402084
image_12988,0.13699444311402084
image_12989,0.13699444311402084
image_12990,0.13699444311402084
image_12991,0.13699444311402084
image_12992,0.13699444311402084
image_12993,0.13699444311402084
image_12994,0.13699444311402084
image_12995,0.13699444311402084
image_12996,0.13699444311402084
image_12997,0.13699444311402084
image_12998,0.13699444311402084
image_12999,0.13699444311402084
image_13000,0.13699444311402084
image_13001,0.13699444311402084
image_13002,0.13699444311402084
image_13003,0.13699444311402084
image_13004,0.13699444311402084
image_13005,0.13699444311402084
image_13006,0.13699444311402084
image_13007,0.13699444311402084
image_13008,0.13699444311402084
image_13009,0.13699444311402084
image_13010,0.13699444311402084
image_13011,0.13699444311402084
image_13012,0.13699444311402084
image_13013,0.13699444311402084
image_13014,0.13699444311402084
image_13015,0.13699444311402084
image_13016,0.13699444311402084
image_13017,0.13699444311402084
image_13018,0.13699444311402084
image_13019,0.13699444311402084
image_13020,0.13699444311402084
image_13021,0.13699444311402084
image_13022,0.13699444311402084
image_13023,0.13699444311402084
image_13024,0.13699444311402084
image_13025,0.13699444311402084
image_13026,0.13699444311402084
image_13027,0.13699444311402084
image_13028,0.13699444311402084
image_13029,0.13699444311402084
image_13030,0.13699444311402084
image_13031,0.13699444311402084
image_13032,0.13699444311402084
image_13033,0.13699444311402084
image_13034,0.13699444311402084
image_13035,0.13699444311402084
image_13036,0.13699444311402084
image_13037,0.13699444311402084
image_13038,0.13699444311402084
image_13039,0.13699444311402084
image_13040,0.13699444311402084
image_13041,0.13699444311402084
image_13042,0.13699444311402084
image_13043,0.13699444311402084
image_13044,0.13699444311402084
image_13045,0.13699444311402084
image_13046,0.13699444311402084
image_13047,0.13699444311402084
image_13048,0.13699444311402084
image_13049,0.13699444311402084
image_13050,0.13699444311402084
image_13051,0.13699444311402084
image_13052,0.13699444311402084
image_13053,0.13699444311402084
image_13054,0.13699444311402084
image_13055,0.13699444311402084
image_13056,0.13699444311402084
image_13057,0.13699444311402084
image_13058,0.13699444311402084
image_13059,0.13699444311402084
image_13060,0.13699444311402084
image_13061,0.13699444311402084
image_13062,0.13699444311402084
image_13063,0.13699444311402084
image_13064,0.13699444311402084
image_13065,0.13699444311402084
image_13066,0.13699444311402084
image_13067,0.13699444311402084
image_13068,0.13699444311402084
image_13069,0.13699444311402084
image_13070,0.13699444311402084
image_13071,0.13699444311402084
image_13072,0.13699444311402084
image_13073,0.13699444311402084
image_13074,0.13699444311402084
image_13075,0.13699444311402084
image_13076,0.13699444311402084
image_13077,0.13699444311402084
image_13078,0.13699444311402084
image_13079,0.13699444311402084
image_13080,0.13699444311402084
image_13081,0.13699444311402084
image_13082,0.13699444311402084
image_13083,0.13699444311402084
image_13084,0.13699444311402084
image_13085,0.13699444311402084
image_13086,0.13699444311402084
image_13087,0.13699444311402084
image_13088,0.13699444311402084
image_13089,0.13699444311402084
image_13090,0.13699444311402084
image_13091,0.13699444311402084
image_13092,0.13699444311402084
image_13093,0.13699444311402084
image_13094,0.13699444311402084
image_13095,0.13699444311402084
image_13096,0.13699444311402084
image_13097,0.13699444311402084
image_13098,0.13699444311402084
image_13099,0.13699444311402084
image_13100,0.13699444311402084
image_13101,0.13699444311402084
image_13102,0.13699444311402084
image_13103,0.13699444311402084
image_13104,0.13699444311402084
image_13105,0.13699444311402084
image_13106,0.13699444311402084
image_13107,0.13699444311402084
image_13108,0.13699444311402084
image_13109,0.13699444311402084
image_13110,0.13699444311402084
image_13111,0.13699444311402084
image_13112,0.13699444311402084
image_13113,0.13699444311402084
image_13114,0.13699444311402084
image_13115,0.13699444311402084
image_13116,0.13699444311402084
image_13117,0.13699444311402084
image_13118,0.13699444311402084
image_13119,0.13699444311402084
image_13120,0.13699444311402084
image_13121,0.13699444311402084
image_13122,0.13699444311402084
image_13123,0.13699444311402084
image_13124,0.13699444311402084
image_13125,0.13699444311402084
image_13126,0.13699444311402084
image_13127,0.13699444311402084
image_13128,0.13699444311402084
image_13129,0.13699444311402084
image_13130,0.13699444311402084
image_13131,0.13699444311402084
image_13132,0.13699444311402084
image_13133,0.13699444311402084
image_13134,0.13699444311402084
image_13135,0.13699444311402084
image_13136,0.13699444311402084
image_13137,0.13699444311402084
image_13138,0.13699444311402084
image_13139,0.13699444311402084
image_13140,0.13699444311402084
image_13141,0.13699444311402084
image_13142,0.13699444311402084
image_13143,0.13699444311402084
image_13144,0.13699444311402084
image_13145,0.13699444311402084
image_13146,0.13699444311402084
image_13147,0.13699444311402084
image_13148,0.13699444311402084
image_13149,0.13699444311402084
image_13150,0.13699444311402084
image_13151,0.13699444311402084
image_13152,0.13699444311402084
image_13153,0.13699444311402084
image_13154,0.13699444311402084
image_13155,0.13699444311402084
image_13156,0.13699444311402084
image_13157,0.13699444311402084
image_13158,0.13699444311402084
image_13159,0.13699444311402084
image_13160,0.13699444311402084
image_13161,0.13699444311402084
image_13162,0.13699444311402084
image_13163,0.13699444311402084
image_13164,0.13699444311402084
image_13165,0.13699444311402084
image_13166,0.13699444311402084
image_13167,0.13699444311402084
image_13168,0.13699444311402084
image_13169,0.13699444311402084
image_13170,0.13699444311402084
image_13171,0.13699444311402084
image_13172,0.13699444311402084
image_13173,0.13699444311402084
image_13174,0.13699444311402084
image_13175,0.13699444311402084
image_13176,0.13699444311402084
image_13177,0.13699444311402084
image_13178,0.13699444311402084
image_13179,0.13699444311402084
image_13180,0.13699444311402084
image_13181,0.13699444311402084
image_13182,0.13699444311402084
image_13183,0.13699444311402084
image_13184,0.13699444311402084
image_13185,0.13699444311402084
image_13186,0.13699444311402084
image_13187,0.13699444311402084
image_13188,0.13699444311402084
image_13189,0.13699444311402084
image_13190,0.13699444311402084
image_13191,0.13699444311402084
image_13192,0.13699444311402084
image_13193,0.13699444311402084
image_13194,0.13699444311402084
image_13195,0.13699444311402084
image_13196,0.13699444311402084
image_13197,0.13699444311402084
image_13198,0.13699444311402084
image_13199,0.13699444311402084
image_13200,0.13699444311402084
image_13201,0.13699444311402084
image_13202,0.13699444311402084
image_13203,0.13699444311402084
image_13204,0.13699444311402084
image_13205,0.13699444311402084
image_13206,0.13699444311402084
image_13207,0.13699444311402084
image_13208,0.13699444311402084
image_13209,0.13699444311402084
image_13210,0.13699444311402084
image_13211,0.13699444311402084
image_13212,0.13699444311402084
image_13213,0.13699444311402084
image_13214,0.13699444311402084
image_13215,0.13699444311402084
image_13216,0.13699444311402084
image_13217,0.13699444311402084
image_13218,0.13699444311402084
image_13219,0.13699444311402084
image_13220,0.13699444311402084
image_13221,0.13699444311402084
image_13222,0.13699444311402084
image_13223,0.13699444311402084
image_13224,0.13699444311402084
image_13225,0.13699444311402084
image_13226,0.13699444311402084
image_13227,0.13699444311402084
image_13228,0.13699444311402084
image_13229,0.13699444311402084
image_13230,0.13699444311402084
image_13231,0.13699444311402084
image_13232,0.13699444311402084
image_13233,0.13699444311402084
image_13234,0.13699444311402084
image_13235,0.13699444311402084
image_13236,0.13699444311402084
image_13237,0.13699444311402084
image_13238,0.13699444311402084
image_13239,0.13699444311402084
image_13240,0.13699444311402084
image_13241,0.13699444311402084
image_13242,0.13699444311402084
image_13243,0.13699444311402084
image_13244,0.13699444311402084
image_13245,0.13699444311402084
image_13246,0.13699444311402084
image_13247,0.13699444311402084
image_13248,0.13699444311402084
image_13249,0.13699444311402084
image_13250,0.13699444311402084
image_13251,0.13699444311402084
image_13252,0.13699444311402084
image_13253,0.13699444311402084
image_13254,0.13699444311402084
image_13255,0.13699444311402084
image_13256,0.13699444311402084
image_13257,0.13699444311402084
image_13258,0.13699444311402084
image_13259,0.13699444311402084
image_13260,0.1369944431140209
image_13261,0.1369944431140209
image_13262,0.13699444311402084
image_13263,0.13699444311402084
image_13264,0.13699444311402084
image_13265,0.13699444311402084
image_13266,0.13699444311402084
image_13267,0.13699444311402084
image_13268,0.13699444311402084
image_13269,0.13699444311402084
image_13270,0.13699444311402084
image_13271,0.13699444311402084
image_13272,0.13699444311402084
image_13273,0.13699444311402084
image_13274,0.13699444311402084
image_13275,0.13699444311402084
image_13276,0.13699444311402084
image_13277,0.13699444311402084
image_13278,0.13699444311402084
image_13279,0.13699444311402084
image_13280,0.13699444311402084
image_13281,0.13699444311402084
image_13282,0.13699444311402084
image_13283,0.13699444311402084
image_13284,0.13699444311402084
image_13285,0.13699444311402084
image_13286,0.13699444311402084
image_13287,0.13699444311402084
image_13288,0.13699444311402084
image_13289,0.13699444311402084
image_13290,0.13699444311402084
image_13291,0.13699444311402084
image_13292,0.13699444311402084
image_13293,0.13699444311402084
image_13294,0.13699444311402084
image_13295,0.13699444311402084
image_13296,0.13699444311402084
image_13297,0.13699444311402084
image_13298,0.13699444311402084
image_13299,0.13699444311402084
image_13300,0.13699444311402084
image_13301,0.13699444311402084
image_13302,0.13699444311402084
image_13303,0.13699444311402084
image_13304,0.13699444311402084
image_13305,0.13699444311402084
image_13306,0.13699444311402084
image_13307,0.13699444311402084
image_13308,0.13699444311402084
image_13309,0.13699444311402084
image_13310,0.13699444311402084
image_13311,0.13699444311402084
image_13312,0.13699444311402084
image_13313,0.13699444311402084
image_13314,0.13699444311402084
image_13315,0.13699444311402084
image_13316,0.13699444311402084
image_13317,0.13699444311402084
image_13318,0.13699444311402084
image_13319,0.13699444311402084
image_13320,0.13699444311402084
image_13321,0.13699444311402084
image_13322,0.13699444311402084
image_13323,0.13699444311402084
image_13324,0.13699444311402084
image_13325,0.13699444311402084
image_13326,0.13699444311402084
image_13327,0.13699444311402084
image_13328,0.13699444311402084
image_13329,0.13699444311402084
image_13330,0.13699444311402084
image_13331,0.13699444311402084
image_13332,0.13699444311402084
image_13333,0.13699444311402084
image_13334,0.13699444311402084
image_13335,0.13699444311402084
image_13336,0.13699444311402084
image_13337,0.13699444311402084
image_13338,0.13699444311402084
image_13339,0.13699444311402084
image_13340,0.13699444311402084
image_13341,0.13699444311402084
image_13342,0.13699444311402084
image_13343,0.13699444311402084
image_13344,0.13699444311402084
image_13345,0.13699444311402084
image_13346,0.13699444311402084
image_13347,0.13699444311402084
image_13348,0.13699444311402084
image_13349,0.13699444311402084
image_13350,0.13699444311402084
image_13351,0.13699444311402084
image_13352,0.13699444311402084
image_13353,0.13699444311402084
image_13354,0.13699444311402084
image_13355,0.13699444311402084
image_13356,0.13699444311402084
image_13357,0.13699444311402084
image_13358,0.13699444311402084
image_13359,0.13699444311402084
image_13360,0.13699444311402084
image_13361,0.13699444311402084
image_13362,0.13699444311402084
image_13363,0.13699444311402084
image_13364,0.13699444311402084
image_13365,0.13699444311402084
image_13366,0.13699444311402084
image_13367,0.13699444311402084
image_13368,0.13699444311402084
image_13369,0.13699444311402084
image_13370,0.13699444311402084
image_13371,0.13699444311402084
image_13372,0.13699444311402084
image_13373,0.13699444311402084
image_13374,0.13699444311402084
image_13375,0.13699444311402084
image_13376,0.13699444311402084
image_13377,0.13699444311402084
image_13378,0.13699444311402084
image_13379,0.13699444311402084
image_13380,0.13699444311402084
image_13381,0.13699444311402084
image_13382,0.13699444311402084
image_13383,0.13699444311402084
image_13384,0.13699444311402084
image_13385,0.13699444311402084
image_13386,0.13699444311402084
image_13387,0.13699444311402084
image_13388,0.13699444311402084
image_13389,0.13699444311402084
image_13390,0.13699444311402084
image_13391,0.13699444311402084
image_13392,0.13699444311402084
image_13393,0.13699444311402084
image_13394,0.13699444311402084
image_13395,0.13699444311402084
image_13396,0.13699444311402084
image_13397,0.13699444311402084
image_13398,0.13699444311402084
image_13399,0.13699444311402084
image_13400,0.13699444311402084
image_13401,0.13699444311402084
image_13402,0.13699444311402084
image_13403,0.13699444311402084
image_13404,0.13699444311402084
image_13405,0.13699444311402084
image_13406,0.13699444311402084
image_13407,0.13699444311402084
image_13408,0.13699444311402084
image_13409,0.13699444311402084
image_13410,0.13699444311402084
image_13411,0.13699444311402084
image_13412,0.13699444311402084
image_13413,0.13699444311402084
image_13414,0.13699444311402084
image_13415,0.13699444311402084
image_13416,0.13699444311402084
image_13417,0.13699444311402084
image_13418,0.13699444311402084
image_13419,0.13699444311402084
image_13420,0.13699444311402084
image_13421,0.13699444311402084
image_13422,0.13699444311402084
image_13423,0.13699444311402084
image_13424,0.13699444311402084
image_13425,0.13699444311402084
image_13426,0.13699444311402084
image_13427,0.13699444311402084
image_13428,0.13699444311402084
image_13429,0.13699444311402084
image_13430,0.13699444311402084
image_13431,0.13699444311402084
image_13432,0.13699444311402084
image_13433,0.13699444311402084
image_13434,0.13699444311402084
image_13435,0.13699444311402084
image_13436,0.13699444311402084
image_13437,0.13699444311402084
image_13438,0.13699444311402084
image_13439,0.13699444311402084
image_13440,0.13699444311402084
image_13441,0.13699444311402084
image_13442,0.13699444311402084
image_13443,0.13699444311402084
image_13444,0.13699444311402084
image_13445,0.13699444311402084
image_13446,0.13699444311402084
image_13447,0.13699444311402084
image_13448,0.13699444311402084
image_13449,0.13699444311402084
image_13450,0.13699444311402084
image_13451,0.13699444311402084
image_13452,0.13699444311402084
image_13453,0.13699444311402084
image_13454,0.13699444311402084
image_13455,0.13699444311402084
image_13456,0.13699444311402084
image_13457,0.13699444311402084
image_13458,0.13699444311402084
image_13459,0.13699444311402084
image_13460,0.13699444311402084
image_13461,0.13699444311402084
image_13462,0.13699444311402084
image_13463,0.13699444311402084
image_13464,0.13699444311402084
image_13465,0.13699444311402084
image_13466,0.13699444311402084
image_13467,0.13699444311402084
image_13468,0.13699444311402084
image_13469,0.13699444311402084
image_13470,0.13699444311402084
image_13471,0.13699444311402084
image_13472,0.13699444311402084
image_13473,0.13699444311402084
image_13474,0.13699444311402084
image_13475,0.13699444311402084
image_13476,0.13699444311402084
image_13477,0.13699444311402084
image_13478,0.13699444311402084
image_13479,0.13699444311402084
image_13480,0.13699444311402084
image_13481,0.13699444311402084
image_13482,0.13699444311402084
image_13483,0.13699444311402084
image_13484,0.13699444311402084
image_13485,0.13699444311402084
image_13486,0.13699444311402084
image_13487,0.13699444311402084
image_13488,0.13699444311402084
image_13489,0.13699444311402084
image_13490,0.13699444311402084
image_13491,0.13699444311402084
image_13492,0.13699444311402084
image_13493,0.13699444311402084
image_13494,0.13699444311402084
image_13495,0.13699444311402084
image_13496,0.13699444311402084
image_13497,0.13699444311402084
image_13498,0.13699444311402084
image_13499,0.13699444311402084
image_13500,0.13699444311402084
image_13501,0.13699444311402084
image_13502,0.13699444311402084
image_13503,0.13699444311402084
image_13504,0.13699444311402084
image_13505,0.13699444311402084
image_13506,0.13699444311402084
image_13507,0.13699444311402084
image_13508,0.13699444311402084
image_13509,0.13699444311402084
image_13510,0.13699444311402084
image_13511,0.13699444311402084
image_13512,0.13699444311402084
image_13513,0.13699444311402084
image_13514,0.13699444311402084
image_13515,0.13699444311402084
image_13516,0.13699444311402084
image_13517,0.13699444311402084
image_13518,0.13699444311402084
image_13519,0.13699444311402084
image_13520,0.13699444311402084
image_13521,0.13699444311402084
image_13522,0.13699444311402084
image_13523,0.13699444311402084
image_13524,0.13699444311402084
image_13525,0.13699444311402084
image_13526,0.13699444311402084
image_13527,0.13699444311402084
image_13528,0.13699444311402084
image_13529,0.13699444311402084
image_13530,0.13699444311402084
image_13531,0.13699444311402084
image_13532,0.13699444311402084
image_13533,0.13699444311402084
image_13534,0.13699444311402084
image_13535,0.13699444311402084
image_13536,0.13699444311402084
image_13537,0.13699444311402084
image_13538,0.13699444311402084
image_13539,0.13699444311402084
image_13540,0.13699444311402084
image_13541,0.13699444311402084
image_13542,0.13699444311402084
image_13543,0.13699444311402084
image_13544,0.13699444311402084
image_13545,0.13699444311402084
image_13546,0.13699444311402084
image_13547,0.13699444311402084
image_13548,0.13699444311402084
image_13549,0.13699444311402084
image_13550,0.13699444311402084
image_13551,0.13699444311402084
image_13552,0.13699444311402084
image_13553,0.13699444311402084
image_13554,0.13699444311402084
image_13555,0.13699444311402084
image_13556,0.13699444311402084
image_13557,0.13699444311402084
image_13558,0.13699444311402084
image_13559,0.13699444311402084
image_13560,0.13699444311402084
image_13561,0.13699444311402084
image_13562,0.13699444311402084
image_13563,0.13699444311402084
image_13564,0.13699444311402084
image_13565,0.13699444311402084
image_13566,0.13699444311402084
image_13567,0.13699444311402084
image_13568,0.13699444311402084
image_13569,0.13699444311402084
image_13570,0.13699444311402084
image_13571,0.13699444311402084
image_13572,0.13699444311402084
image_13573,0.13699444311402084
image_13574,0.13699444311402084
image_13575,0.13699444311402084
image_13576,0.13699444311402084
image_13577,0.13699444311402084
image_13578,0.13699444311402084
image_13579,0.13699444311402084
image_13580,0.13699444311402084
image_13581,0.13699444311402084
image_13582,0.13699444311402084
image_13583,0.13699444311402084
image_13584,0.13699444311402084
image_13585,0.13699444311402084
image_13586,0.13699444311402084
image_13587,0.13699444311402084
image_13588,0.13699444311402084
image_13589,0.13699444311402084
image_13590,0.13699444311402084
image_13591,0.13699444311402084
image_13592,0.13699444311402084
image_13593,0.13699444311402084
image_13594,0.13699444311402084
image_13595,0.13699444311402084
image_13596,0.13699444311402084
image_13597,0.13699444311402084
image_13598,0.13699444311402084
image_13599,0.13699444311402084
image_13600,0.13699444311402084
image_13601,0.13699444311402084
image_13602,0.13699444311402084
image_13603,0.13699444311402084
image_13604,0.13699444311402084
image_13605,0.13699444311402084
image_13606,0.13699444311402084
image_13607,0.13699444311402084
image_13608,0.13699444311402084
image_13609,0.13699444311402084
image_13610,0.13699444311402084
image_13611,0.13699444311402084
image_13612,0.13699444311402084
image_13613,0.13699444311402084
image_13614,0.13699444311402084
image_13615,0.13699444311402084
image_13616,0.13699444311402084
image_13617,0.13699444311402084
image_13618,0.13699444311402084
image_13619,0.13699444311402084
image_13620,0.13699444311402084
image_13621,0.13699444311402084
image_13622,0.13699444311402084
image_13623,0.13699444311402084
image_13624,0.13699444311402084
image_13625,0.13699444311402084
image_13626,0.13699444311402084
image_13627,0.13699444311402084
image_13628,0.13699444311402084
image_13629,0.13699444311402084
image_13630,0.13699444311402084
image_13631,0.13699444311402084
image_13632,0.13699444311402084
image_13633,0.13699444311402084
image_13634,0.13699444311402084
image_13635,0.13699444311402084
image_13636,0.13699444311402084
image_13637,0.13699444311402084
image_13638,0.13699444311402084
image_13639,0.13699444311402084
image_13640,0.13699444311402084
image_13641,0.13699444311402084
image_13642,0.13699444311402084
image_13643,0.13699444311402084
image_13644,0.13699444311402084
image_13645,0.13699444311402084
image_13646,0.13699444311402084
image_13647,0.13699444311402084
image_13648,0.13699444311402084
image_13649,0.13699444311402084
image_13650,0.13699444311402084
image_13651,0.13699444311402084
image_13652,0.13699444311402084
image_13653,0.13699444311402084
image_13654,0.13699444311402084
image_13655,0.13699444311402084
image_13656,0.13699444311402084
image_13657,0.13699444311402084
image_13658,0.13699444311402084
image_13659,0.13699444311402084
image_13660,0.13699444311402084
image_13661,0.13699444311402084
image_13662,0.13699444311402084
image_13663,0.13699444311402084
image_13664,0.13699444311402084
image_13665,0.13699444311402084
image_13666,0.13699444311402084
image_13667,0.13699444311402084
image_13668,0.13699444311402084
image_13669,0.13699444311402084
image_13670,0.13699444311402084
image_13671,0.13699444311402084
image_13672,0.13699444311402084
image_13673,0.13699444311402084
image_13674,0.13699444311402084
image_13675,0.13699444311402084
image_13676,0.13699444311402084
image_13677,0.13699444311402084
image_13678,0.13699444311402084
image_13679,0.13699444311402084
image_13680,0.13699444311402084
image_13681,0.13699444311402084
image_13682,0.13699444311402084
image_13683,0.13699444311402084
image_13684,0.13699444311402084
image_13685,0.13699444311402084
image_13686,0.13699444311402084
image_13687,0.13699444311402084
image_13688,0.13699444311402084
image_13689,0.13699444311402084
image_13690,0.13699444311402084
image_13691,0.13699444311402084
image_13692,0.13699444311402084
image_13693,0.13699444311402084
image_13694,0.13699444311402084
image_13695,0.13699444311402084
image_13696,0.13699444311402084
image_13697,0.13699444311402084
image_13698,0.13699444311402084
image_13699,0.13699444311402084
image_13700,0.13699444311402084
image_13701,0.13699444311402084
image_13702,0.13699444311402084
image_13703,0.13699444311402084
image_13704,0.13699444311402084
image_13705,0.13699444311402084
image_13706,0.13699444311402084
image_13707,0.13699444311402084
image_13708,0.13699444311402084
image_13709,0.13699444311402084
image_13710,0.13699444311402084
image_13711,0.13699444311402084
image_13712,0.13699444311402084
image_13713,0.13699444311402084
image_13714,0.13699444311402084
image_13715,0.13699444311402084
image_13716,0.13699444311402084
image_13717,0.13699444311402084
image_13718,0.13699444311402084
image_13719,0.13699444311402084
image_13720,0.13699444311402084
image_13721,0.13699444311402084
image_13722,0.13699444311402084
image_13723,0.13699444311402084
image_13724,0.13699444311402084
image_13725,0.13699444311402084
image_13726,0.13699444311402084
image_13727,0.13699444311402084
image_13728,0.13699444311402084
image_13729,0.13699444311402084
image_13730,0.13699444311402084
image_13731,0.13699444311402084
image_13732,0.13699444311402084
image_13733,0.13699444311402084
image_13734,0.13699444311402084
image_13735,0.13699444311402084
image_13736,0.13699444311402084
image_13737,0.13699444311402084
image_13738,0.13699444311402084
image_13739,0.13699444311402084
image_13740,0.13699444311402084
image_13741,0.13699444311402084
image_13742,0.13699444311402084
image_13743,0.13699444311402084
image_13744,0.13699444311402084
image_13745,0.13699444311402084
image_13746,0.13699444311402084
image_13747,0.13699444311402084
image_13748,0.13699444311402084
image_13749,0.13699444311402084
image_13750,0.13699444311402084
image_13751,0.13699444311402084
image_13752,0.13699444311402084
image_13753,0.13699444311402084
image_13754,0.13699444311402084
image_13755,0.13699444311402084
image_13756,0.13699444311402084
image_13757,0.13699444311402084
image_13758,0.13699444311402084
image_13759,0.13699444311402084
image_13760,0.13699444311402084
image_13761,0.13699444311402084
image_13762,0.13699444311402084
image_13763,0.13699444311402084
image_13764,0.13699444311402084
image_13765,0.13699444311402084
image_13766,0.13699444311402084
image_13767,0.13699444311402084
image_13768,0.13699444311402084
image_13769,0.13699444311402084
image_13770,0.13699444311402084
image_13771,0.13699444311402084
image_13772,0.13699444311402084
image_13773,0.13699444311402084
image_13774,0.13699444311402084
image_13775,0.13699444311402084
image_13776,0.13699444311402084
image_13777,0.13699444311402084
image_13778,0.13699444311402084
image_13779,0.13699444311402084
image_13780,0.13699444311402084
image_13781,0.13699444311402084
image_13782,0.13699444311402084
image_13783,0.13699444311402084
image_13784,0.13699444311402084
image_13785,0.13699444311402084
image_13786,0.13699444311402084
image_13787,0.13699444311402084
image_13788,0.13699444311402084
image_13789,0.13699444311402084
image_13790,0.13699444311402084
image_13791,0.13699444311402084
image_13792,0.13699444311402084
image_13793,0.13699444311402084
image_13794,0.13699444311402084
image_13795,0.13699444311402084
image_13796,0.13699444311402084
image_13797,0.13699444311402084
image_13798,0.13699444311402084
image_13799,0.13699444311402084
image_13800,0.13699444311402084
image_13801,0.13699444311402084
image_13802,0.13699444311402084
image_13803,0.13699444311402084
image_13804,0.13699444311402084
image_13805,0.13699444311402084
image_13806,0.13699444311402084
image_13807,0.13699444311402084
image_13808,0.13699444311402084
image_13809,0.13699444311402084
image_13810,0.13699444311402084
image_13811,0.13699444311402084
image_13812,0.13699444311402084
image_13813,0.13699444311402084
image_13814,0.13699444311402084
image_13815,0.13699444311402084
image_13816,0.13699444311402084
image_13817,0.13699444311402084
image_13818,0.13699444311402084
image_13819,0.13699444311402084
image_13820,0.13699444311402084
image_13821,0.13699444311402084
image_13822,0.13699444311402084
image_13823,0.13699444311402084
image_13824,0.13699444311402084
image_13825,0.13699444311402084
image_13826,0.13699444311402084
image_13827,0.13699444311402084
image_13828,0.13699444311402084
image_13829,0.13699444311402084
image_13830,0.13699444311402084
image_13831,0.13699444311402084
image_13832,0.13699444311402084
image_13833,0.13699444311402084
image_13834,0.13699444311402084
image_13835,0.13699444311402084
image_13836,0.13699444311402084
image_13837,0.13699444311402084
image_13838,0.13699444311402084
image_13839,0.13699444311402084
image_13840,0.13699444311402084
image_13841,0.13699444311402084
image_13842,0.13699444311402084
image_13843,0.13699444311402084
image_13844,0.13699444311402084
image_13845,0.13699444311402084
image_13846,0.13699444311402084
image_13847,0.13699444311402084
image_13848,0.13699444311402084
image_13849,0.13699444311402084
image_13850,0.13699444311402084
image_13851,0.13699444311402084
image_13852,0.13699444311402084
image_13853,0.13699444311402084
image_13854,0.13699444311402084
image_13855,0.13699444311402084
image_13856,0.13699444311402084
image_13857,0.13699444311402084
image_13858,0.13699444311402084
image_13859,0.13699444311402084
image_13860,0.13699444311402084
image_13861,0.13699444311402084
image_13862,0.13699444311402084
image_13863,0.13699444311402084
image_13864,0.13699444311402084
image_13865,0.13699444311402084
image_13866,0.13699444311402084
image_13867,0.13699444311402084
image_13868,0.13699444311402084
image_13869,0.13699444311402084
image_13870,0.13699444311402084
image_13871,0.13699444311402084
image_13872,0.13699444311402084
image_13873,0.13699444311402084
image_13874,0.13699444311402084
image_13875,0.13699444311402084
image_13876,0.13699444311402084
image_13877,0.13699444311402084
image_13878,0.13699444311402084
image_13879,0.13699444311402084
image_13880,0.13699444311402084
image_13881,0.13699444311402084
image_13882,0.13699444311402084
image_13883,0.13699444311402084
image_13884,0.13699444311402084
image_13885,0.13699444311402084
image_13886,0.13699444311402084
image_13887,0.13699444311402084
image_13888,0.13699444311402084
image_13889,0.13699444311402084
image_13890,0.13699444311402084
image_13891,0.13699444311402084
image_13892,0.13699444311402084
image_13893,0.13699444311402084
image_13894,0.13699444311402084
image_13895,0.13699444311402084
image_13896,0.13699444311402084
image_13897,0.13699444311402084
image_13898,0.13699444311402084
image_13899,0.13699444311402084
image_13900,0.13699444311402084
image_13901,0.13699444311402084
image_13902,0.13699444311402084
image_13903,0.13699444311402084
image_13904,0.13699444311402084
image_13905,0.13699444311402084
image_13906,0.13699444311402084
image_13907,0.13699444311402084
image_13908,0.13699444311402084
image_13909,0.13699444311402084
image_13910,0.13699444311402084
image_13911,0.13699444311402084
image_13912,0.13699444311402084
image_13913,0.13699444311402084
image_13914,0.13699444311402084
image_13915,0.13699444311402084
image_13916,0.13699444311402084
image_13917,0.13699444311402084
image_13918,0.13699444311402084
image_13919,0.13699444311402084
image_13920,0.13699444311402084
image_13921,0.13699444311402084
image_13922,0.13699444311402084
image_13923,0.13699444311402084
image_13924,0.13699444311402084
image_13925,0.13699444311402084
image_13926,0.13699444311402084
image_13927,0.13699444311402084
image_13928,0.13699444311402084
image_13929,0.13699444311402084
image_13930,0.13699444311402084
image_13931,0.13699444311402084
image_13932,0.13699444311402084
image_13933,0.13699444311402084
image_13934,0.13699444311402084
image_13935,0.13699444311402084
image_13936,0.13699444311402084
image_13937,0.13699444311402084
image_13938,0.13699444311402084
image_13939,0.13699444311402084
image_13940,0.13699444311402084
image_13941,0.13699444311402084
image_13942,0.13699444311402084
image_13943,0.13699444311402084
image_13944,0.13699444311402084
image_13945,0.13699444311402084
image_13946,0.13699444311402084
image_13947,0.13699444311402084
image_13948,0.13699444311402084
image_13949,0.13699444311402084
image_13950,0.13699444311402084
image_13951,0.13699444311402084
image_13952,0.13699444311402084
image_13953,0.13699444311402084
image_13954,0.13699444311402084
image_13955,0.13699444311402084
image_13956,0.13699444311402084
image_13957,0.13699444311402084
image_13958,0.13699444311402084
image_13959,0.13699444311402084
image_13960,0.13699444311402084
image_13961,0.13699444311402084
image_13962,0.13699444311402084
image_13963,0.13699444311402084
image_13964,0.13699444311402084
image_13965,0.13699444311402084
image_13966,0.13699444311402084
image_13967,0.13699444311402084
image_13968,0.13699444311402084
image_13969,0.13699444311402084
image_13970,0.13699444311402084
image_13971,0.13699444311402084
image_13972,0.13699444311402084
image_13973,0.13699444311402084
image_13974,0.13699444311402084
image_13975,0.13699444311402084
image_13976,0.13699444311402084
image_13977,0.13699444311402084
image_13978,0.13699444311402084
image_13979,0.13699444311402084
image_13980,0.13699444311402084
image_13981,0.13699444311402084
image_13982,0.13699444311402084
image_13983,0.13699444311402084
image_13984,0.13699444311402084
image_13985,0.13699444311402084
image_13986,0.13699444311402084
image_13987,0.13699444311402084
image_13988,0.13699444311402084
image_13989,0.13699444311402084
image_13990,0.13699444311402084
image_13991,0.13699444311402084
image_13992,0.13699444311402084
image_13993,0.13699444311402084
image_13994,0.13699444311402084
image_13995,0.13699444311402084
image_13996,0.13699444311402084
image_13997,0.13699444311402084
image_13998,0.13699444311402084
image_13999,0.13699444311402084
image_14000,0.13699444311402084
image_14001,0.13699444311402084
image_14002,0.13699444311402084
image_14003,0.13699444311402084
image_14004,0.13699444311402084
image_14005,0.13699444311402084
image_14006,0.13699444311402084
image_14007,0.13699444311402084
image_14008,0.13699444311402084
image_14009,0.13699444311402084
image_14010,0.13699444311402084
image_14011,0.13699444311402084
image_14012,0.13699444311402084
image_14013,0.13699444311402084
image_14014,0.13699444311402084
image_14015,0.13699444311402084
image_14016,0.13699444311402084
image_14017,0.13699444311402084
image_14018,0.13699444311402084
image_14019,0.13699444311402084
image_14020,0.13699444311402084
image_14021,0.13699444311402084
image_14022,0.13699444311402084
image_14023,0.13699444311402084
image_14024,0.13699444311402084
image_14025,0.13699444311402084
image_14026,0.13699444311402084
image_14027,0.13699444311402084
image_14028,0.13699444311402084
image_14029,0.13699444311402084
image_14030,0.13699444311402084
image_14031,0.13699444311402084
image_14032,0.13699444311402084
image_14033,0.13699444311402084
image_14034,0.13699444311402084
image_14035,0.13699444311402084
image_14036,0.13699444311402084
image_14037,0.13699444311402084
image_14038,0.13699444311402084
image_14039,0.13699444311402084
image_14040,0.13699444311402084
image_14041,0.13699444311402084
image_14042,0.13699444311402084
image_14043,0.13699444311402084
image_14044,0.13699444311402084
image_14045,0.13699444311402084
image_14046,0.13699444311402084
image_14047,0.13699444311402084
image_14048,0.13699444311402084
image_14049,0.13699444311402084
image_14050,0.13699444311402084
image_14051,0.13699444311402084
image_14052,0.13699444311402084
image_14053,0.13699444311402084
image_14054,0.13699444311402084
image_14055,0.13699444311402084
image_14056,0.13699444311402084
image_14057,0.13699444311402084
image_14058,0.13699444311402084
image_14059,0.13699444311402084
image_14060,0.13699444311402084
image_14061,0.13699444311402084
image_14062,0.13699444311402084
image_14063,0.13699444311402084
image_14064,0.13699444311402084
image_14065,0.13699444311402084
image_14066,0.13699444311402084
image_14067,0.13699444311402084
image_14068,0.13699444311402084
image_14069,0.13699444311402084
image_14070,0.13699444311402084
image_14071,0.13699444311402084
image_14072,0.13699444311402084
image_14073,0.13699444311402084
image_14074,0.13699444311402084
image_14075,0.13699444311402084
image_14076,0.13699444311402084
image_14077,0.13699444311402084
image_14078,0.13699444311402084
image_14079,0.13699444311402084
image_14080,0.13699444311402084
image_14081,0.13699444311402084
image_14082,0.13699444311402084
image_14083,0.13699444311402084
image_14084,0.13699444311402084
image_14085,0.13699444311402084
image_14086,0.13699444311402084
image_14087,0.13699444311402084
image_14088,0.13699444311402084
image_14089,0.13699444311402084
image_14090,0.13699444311402084
image_14091,0.13699444311402084
image_14092,0.13699444311402084
image_14093,0.13699444311402084
image_14094,0.13699444311402084
image_14095,0.13699444311402084
image_14096,0.13699444311402084
image_14097,0.13699444311402084
image_14098,0.13699444311402084
image_14099,0.13699444311402084
image_14100,0.13699444311402084
image_14101,0.13699444311402084
image_14102,0.13699444311402084
image_14103,0.13699444311402084
image_14104,0.13699444311402084
image_14105,0.13699444311402084
image_14106,0.13699444311402084
image_14107,0.13699444311402084
image_14108,0.13699444311402084
image_14109,0.13699444311402084
image_14110,0.13699444311402084
image_14111,0.13699444311402084
image_14112,0.13699444311402084
image_14113,0.13699444311402084
image_14114,0.13699444311402084
image_14115,0.13699444311402084
image_14116,0.13699444311402084
image_14117,0.13699444311402084
image_14118,0.13699444311402084
image_14119,0.13699444311402084
image_14120,0.13699444311402084
image_14121,0.13699444311402084
image_14122,0.13699444311402084
image_14123,0.13699444311402084
image_14124,0.13699444311402084
image_14125,0.13699444311402084
image_14126,0.13699444311402084
image_14127,0.13699444311402084
image_14128,0.13699444311402084
image_14129,0.13699444311402084
image_14130,0.13699444311402084
image_14131,0.13699444311402084
image_14132,0.13699444311402084
image_14133,0.13699444311402084
image_14134,0.13699444311402084
image_14135,0.13699444311402084
image_14136,0.13699444311402084
image_14137,0.13699444311402084
image_14138,0.13699444311402084
image_14139,0.13699444311402084
image_14140,0.13699444311402084
image_14141,0.13699444311402084
image_14142,0.13699444311402084
image_14143,0.13699444311402084
image_14144,0.13699444311402084
image_14145,0.13699444311402084
image_14146,0.13699444311402084
image_14147,0.13699444311402084
image_14148,0.13699444311402084
image_14149,0.13699444311402084
image_14150,0.13699444311402084
image_14151,0.13699444311402084
image_14152,0.13699444311402084
image_14153,0.13699444311402084
image_14154,0.13699444311402084
image_14155,0.13699444311402084
image_14156,0.13699444311402084
image_14157,0.13699444311402084
image_14158,0.13699444311402084
image_14159,0.13699444311402084
image_14160,0.13699444311402084
image_14161,0.13699444311402084
image_14162,0.13699444311402084
image_14163,0.13699444311402084
image_14164,0.13699444311402084
image_14165,0.13699444311402084
image_14166,0.13699444311402084
image_14167,0.13699444311402084
image_14168,0.13699444311402084
image_14169,0.13699444311402084
image_14170,0.13699444311402084
image_14171,0.13699444311402084
image_14172,0.13699444311402084
image_14173,0.13699444311402084
image_14174,0.13699444311402084
image_14175,0.13699444311402084
image_14176,0.13699444311402084
image_14177,0.13699444311402084
image_14178,0.13699444311402084
image_14179,0.13699444311402084
image_14180,0.13699444311402084
image_14181,0.13699444311402084
image_14182,0.13699444311402084
image_14183,0.13699444311402084
image_14184,0.13699444311402084
image_14185,0.13699444311402084
image_14186,0.13699444311402084
image_14187,0.13699444311402084
image_14188,0.13699444311402084
image_14189,0.13699444311402084
image_14190,0.13699444311402084
image_14191,0.13699444311402084
image_14192,0.13699444311402084
image_14193,0.13699444311402084
image_14194,0.13699444311402084
image_14195,0.13699444311402084
image_14196,0.13699444311402084
image_14197,0.13699444311402084
image_14198,0.13699444311402084
image_14199,0.13699444311402084
image_14200,0.13699444311402084
image_14201,0.13699444311402084
image_14202,0.13699444311402084
image_14203,0.13699444311402084
image_14204,0.13699444311402084
image_14205,0.13699444311402084
image_14206,0.13699444311402084
image_14207,0.13699444311402084
image_14208,0.13699444311402084
image_14209,0.13699444311402084
image_14210,0.13699444311402084
image_14211,0.13699444311402084
image_14212,0.13699444311402084
image_14213,0.13699444311402084
image_14214,0.13699444311402084
image_14215,0.13699444311402084
image_14216,0.13699444311402084
image_14217,0.13699444311402084
image_14218,0.13699444311402084
image_14219,0.13699444311402084
image_14220,0.13699444311402084
image_14221,0.13699444311402084
image_14222,0.13699444311402084
image_14223,0.13699444311402084
image_14224,0.13699444311402084
image_14225,0.13699444311402084
image_14226,0.13699444311402084
image_14227,0.13699444311402084
image_14228,0.13699444311402084
image_14229,0.13699444311402084
image_14230,0.13699444311402084
image_14231,0.13699444311402084
image_14232,0.13699444311402084
image_14233,0.13699444311402084
image_14234,0.13699444311402084
image_14235,0.13699444311402084
image_14236,0.13699444311402084
image_14237,0.13699444311402084
image_14238,0.13699444311402084
image_14239,0.13699444311402084
image_14240,0.13699444311402084
image_14241,0.13699444311402084
image_14242,0.13699444311402084
image_14243,0.13699444311402084
image_14244,0.13699444311402084
image_14245,0.13699444311402084
image_14246,0.13699444311402084
image_14247,0.13699444311402084
image_14248,0.13699444311402084
image_14249,0.13699444311402084
image_14250,0.13699444311402084
image_14251,0.13699444311402084
image_14252,0.13699444311402084
image_14253,0.13699444311402084
image_14254,0.13699444311402084
image_14255,0.13699444311402084
image_14256,0.13699444311402084
image_14257,0.13699444311402084
image_14258,0.13699444311402084
image_14259,0.13699444311402084
image_14260,0.13699444311402084
image_14261,0.13699444311402084
image_14262,0.13699444311402084
image_14263,0.13699444311402084
image_14264,0.13699444311402084
image_14265,0.13699444311402084
image_14266,0.13699444311402084
image_14267,0.13699444311402084
image_14268,0.13699444311402084
image_14269,0.13699444311402084
image_14270,0.13699444311402084
image_14271,0.13699444311402084
image_14272,0.13699444311402084
image_14273,0.13699444311402084
image_14274,0.13699444311402084
image_14275,0.13699444311402084
image_14276,0.13699444311402084
image_14277,0.13699444311402084
image_14278,0.13699444311402084
image_14279,0.13699444311402084
image_14280,0.13699444311402084
image_14281,0.13699444311402084
image_14282,0.13699444311402084
image_14283,0.13699444311402084
image_14284,0.13699444311402084
image_14285,0.13699444311402084
image_14286,0.13699444311402084
image_14287,0.13699444311402084
image_14288,0.13699444311402084
image_14289,0.13699444311402084
image_14290,0.13699444311402084
image_14291,0.13699444311402084
image_14292,0.13699444311402084
image_14293,0.13699444311402084
image_14294,0.13699444311402084
image_14295,0.13699444311402084
image_14296,0.13699444311402084
image_14297,0.13699444311402084
image_14298,0.13699444311402084
image_14299,0.13699444311402084
image_14300,0.13699444311402084
image_14301,0.13699444311402084
image_14302,0.13699444311402084
image_14303,0.13699444311402084
image_14304,0.13699444311402084
image_14305,0.13699444311402084
image_14306,0.13699444311402084
image_14307,0.13699444311402084
image_14308,0.13699444311402084
image_14309,0.13699444311402084
image_14310,0.13699444311402084
image_14311,0.13699444311402084
image_14312,0.13699444311402084
image_14313,0.13699444311402084
image_14314,0.13699444311402084
image_14315,0.13699444311402084
image_14316,0.13699444311402084
image_14317,0.13699444311402084
image_14318,0.13699444311402084
image_14319,0.13699444311402084
image_14320,0.13699444311402084
image_14321,0.13699444311402084
image_14322,0.13699444311402084
image_14323,0.13699444311402084
image_14324,0.13699444311402084
image_14325,0.13699444311402084
image_14326,0.13699444311402084
image_14327,0.13699444311402084
image_14328,0.13699444311402084
image_14329,0.13699444311402084
image_14330,0.13699444311402084
image_14331,0.13699444311402084
image_14332,0.13699444311402084
image_14333,0.13699444311402084
image_14334,0.13699444311402084
image_14335,0.13699444311402084
image_14336,0.13699444311402084
image_14337,0.13699444311402084
image_14338,0.13699444311402084
image_14339,0.13699444311402084
image_14340,0.13699444311402084
image_14341,0.13699444311402084
image_14342,0.13699444311402084
image_14343,0.13699444311402084
image_14344,0.13699444311402084
image_14345,0.13699444311402084
image_14346,0.13699444311402084
image_14347,0.13699444311402084
image_14348,0.13699444311402084
image_14349,0.13699444311402084
image_14350,0.13699444311402084
image_14351,0.13699444311402084
image_14352,0.13699444311402084
image_14353,0.13699444311402084
image_14354,0.13699444311402084
image_14355,0.13699444311402084
image_14356,0.13699444311402084
image_14357,0.13699444311402084
image_14358,0.13699444311402084
image_14359,0.13699444311402084
image_14360,0.13699444311402084
image_14361,0.13699444311402084
image_14362,0.13699444311402084
image_14363,0.13699444311402084
image_14364,0.13699444311402084
image_14365,0.13699444311402084
image_14366,0.13699444311402084
image_14367,0.13699444311402084
image_14368,0.13699444311402084
image_14369,0.13699444311402084
image_14370,0.13699444311402084
image_14371,0.13699444311402084
image_14372,0.13699444311402084
image_14373,0.13699444311402084
image_14374,0.13699444311402084
image_14375,0.13699444311402084
image_14376,0.13699444311402084
image_14377,0.13699444311402084
image_14378,0.13699444311402084
image_14379,0.13699444311402084
image_14380,0.13699444311402084
image_14381,0.13699444311402084
image_14382,0.13699444311402084
image_14383,0.13699444311402084
image_14384,0.13699444311402084
image_14385,0.13699444311402084
image_14386,0.13699444311402084
image_14387,0.13699444311402084
image_14388,0.13699444311402084
image_14389,0.13699444311402084
image_14390,0.13699444311402084
image_14391,0.13699444311402084
image_14392,0.13699444311402084
image_14393,0.13699444311402084
image_14394,0.13699444311402084
image_14395,0.13699444311402084
image_14396,0.13699444311402084
image_14397,0.13699444311402084
image_14398,0.13699444311402084
image_14399,0.13699444311402084
image_14400,0.13699444311402084
image_14401,0.13699444311402084
image_14402,0.13699444311402084
image_14403,0.13699444311402084
image_14404,0.13699444311402084
image_14405,0.13699444311402084
image_14406,0.13699444311402084
image_14407,0.13699444311402084
image_14408,0.13699444311402084
image_14409,0.13699444311402084
image_14410,0.13699444311402084
image_14411,0.13699444311402084
image_14412,0.13699444311402084
image_14413,0.13699444311402084
image_14414,0.13699444311402084
image_14415,0.13699444311402084
image_14416,0.13699444311402084
image_14417,0.13699444311402084
image_14418,0.13699444311402084
image_14419,0.13699444311402084
image_14420,0.13699444311402084
image_14421,0.13699444311402084
image_14422,0.13699444311402084
image_14423,0.13699444311402084
image_14424,0.13699444311402084
image_14425,0.13699444311402084
image_14426,0.13699444311402084
image_14427,0.13699444311402084
image_14428,0.13699444311402084
image_14429,0.13699444311402084
image_14430,0.13699444311402084
image_14431,0.13699444311402084
image_14432,0.13699444311402084
image_14433,0.13699444311402084
image_14434,0.13699444311402084
image_14435,0.13699444311402084
image_14436,0.13699444311402084
image_14437,0.13699444311402084
image_14438,0.13699444311402084
image_14439,0.13699444311402084
image_14440,0.13699444311402084
image_14441,0.13699444311402084
image_14442,0.13699444311402084
image_14443,0.13699444311402084
image_14444,0.13699444311402084
image_14445,0.13699444311402084
image_14446,0.13699444311402084
image_14447,0.13699444311402084
image_14448,0.13699444311402084
image_14449,0.13699444311402084
image_14450,0.13699444311402084
image_14451,0.13699444311402084
image_14452,0.13699444311402084
image_14453,0.13699444311402084
image_14454,0.13699444311402084
image_14455,0.13699444311402084
image_14456,0.13699444311402084
image_14457,0.13699444311402084
image_14458,0.13699444311402084
image_14459,0.13699444311402084
image_14460,0.13699444311402084
image_14461,0.13699444311402084
image_14462,0.13699444311402084
image_14463,0.13699444311402084
image_14464,0.13699444311402084
image_14465,0.13699444311402084
image_14466,0.13699444311402084
image_14467,0.13699444311402084
image_14468,0.13699444311402084
image_14469,0.13699444311402084
image_14470,0.13699444311402084
image_14471,0.13699444311402084
image_14472,0.13699444311402084
image_14473,0.13699444311402084
image_14474,0.13699444311402084
image_14475,0.13699444311402084
image_14476,0.13699444311402084
image_14477,0.13699444311402084
image_14478,0.13699444311402084
image_14479,0.13699444311402084
image_14480,0.13699444311402084
image_14481,0.13699444311402084
image_14482,0.13699444311402084
image_14483,0.13699444311402084
image_14484,0.13699444311402084
image_14485,0.13699444311402084
image_14486,0.13699444311402084
image_14487,0.13699444311402084
image_14488,0.13699444311402084
image_14489,0.13699444311402084
image_14490,0.13699444311402084
image_14491,0.13699444311402084
image_14492,0.13699444311402084
image_14493,0.13699444311402084
image_14494,0.13699444311402084
image_14495,0.13699444311402084
image_14496,0.13699444311402084
image_14497,0.13699444311402084
image_14498,0.13699444311402084
image_14499,0.13699444311402084
image_14500,0.13699444311402084
image_14501,0.13699444311402084
image_14502,0.13699444311402084
image_14503,0.13699444311402084
image_14504,0.13699444311402084
image_14505,0.13699444311402084
image_14506,0.13699444311402084
image_14507,0.13699444311402084
image_14508,0.13699444311402084
image_14509,0.13699444311402084
image_14510,0.13699444311402084
image_14511,0.13699444311402084
image_14512,0.13699444311402084
image_14513,0.13699444311402084
image_14514,0.13699444311402084
image_14515,0.13699444311402084
image_14516,0.13699444311402084
image_14517,0.13699444311402084
image_14518,0.13699444311402084
image_14519,0.13699444311402084
image_14520,0.13699444311402084
image_14521,0.13699444311402084
image_14522,0.13699444311402084
image_14523,0.13699444311402084
image_14524,0.13699444311402084
image_14525,0.13699444311402084
image_14526,0.13699444311402084
image_14527,0.13699444311402084
image_14528,0.13699444311402084
image_14529,0.13699444311402084
image_14530,0.13699444311402084
image_14531,0.13699444311402084
image_14532,0.13699444311402084
image_14533,0.13699444311402084
image_14534,0.13699444311402084
image_14535,0.13699444311402084
image_14536,0.13699444311402084
image_14537,0.13699444311402084
image_14538,0.13699444311402084
image_14539,0.13699444311402084
image_14540,0.13699444311402084
image_14541,0.13699444311402084
image_14542,0.13699444311402084
image_14543,0.13699444311402084
image_14544,0.13699444311402084
image_14545,0.13699444311402084
image_14546,0.13699444311402084
image_14547,0.13699444311402084
image_14548,0.13699444311402084
image_14549,0.13699444311402084
image_14550,0.13699444311402084
image_14551,0.13699444311402084
image_14552,0.13699444311402084
image_14553,0.13699444311402084
image_14554,0.13699444311402084
image_14555,0.13699444311402084
image_14556,0.13699444311402084
image_14557,0.13699444311402084
image_14558,0.13699444311402084
image_14559,0.13699444311402084
image_14560,0.13699444311402084
image_14561,0.13699444311402084
image_14562,0.13699444311402084
image_14563,0.13699444311402084
image_14564,0.13699444311402084
image_14565,0.13699444311402084
image_14566,0.13699444311402084
image_14567,0.13699444311402084
image_14568,0.13699444311402084
image_14569,0.13699444311402084
image_14570,0.13699444311402084
image_14571,0.13699444311402084
image_14572,0.13699444311402084
image_14573,0.13699444311402084
image_14574,0.13699444311402084
image_14575,0.13699444311402084
image_14576,0.13699444311402084
image_14577,0.13699444311402084
image_14578,0.13699444311402084
image_14579,0.13699444311402084
image_14580,0.13699444311402084
image_14581,0.13699444311402084
image_14582,0.13699444311402084
image_14583,0.13699444311402084
image_14584,0.13699444311402084
image_14585,0.13699444311402084
image_14586,0.13699444311402084
image_14587,0.13699444311402084
image_14588,0.13699444311402084
image_14589,0.13699444311402084
image_14590,0.13699444311402084
image_14591,0.13699444311402084
image_14592,0.13699444311402084
image_14593,0.13699444311402084
image_14594,0.13699444311402084
image_14595,0.13699444311402084
image_14596,0.13699444311402084
image_14597,0.13699444311402084
image_14598,0.13699444311402084
image_14599,0.13699444311402084
image_14600,0.13699444311402084
image_14601,0.13699444311402084
image_14602,0.13699444311402084
image_14603,0.13699444311402084
image_14604,0.13699444311402084
image_14605,0.13699444311402084
image_14606,0.13699444311402084
image_14607,0.13699444311402084
image_14608,0.13699444311402084
image_14609,0.13699444311402084
image_14610,0.13699444311402084
image_14611,0.13699444311402084
image_14612,0.13699444311402084
image_14613,0.13699444311402084
image_14614,0.13699444311402084
image_14615,0.13699444311402084
image_14616,0.13699444311402084
image_14617,0.13699444311402084
image_14618,0.13699444311402084
image_14619,0.13699444311402084
image_14620,0.13699444311402084
image_14621,0.13699444311402084
image_14622,0.13699444311402084
image_14623,0.13699444311402084
image_14624,0.13699444311402084
image_14625,0.13699444311402084
image_14626,0.13699444311402084
image_14627,0.13699444311402084
image_14628,0.13699444311402084
image_14629,0.13699444311402084
image_14630,0.13699444311402084
image_14631,0.13699444311402084
image_14632,0.13699444311402084
image_14633,0.13699444311402084
image_14634,0.13699444311402084
image_14635,0.13699444311402084
image_14636,0.13699444311402084
image_14637,0.13699444311402084
image_14638,0.13699444311402084
image_14639,0.13699444311402084
image_14640,0.13699444311402084
image_14641,0.13699444311402084
image_14642,0.13699444311402084
image_14643,0.13699444311402084
image_14644,0.13699444311402084
image_14645,0.13699444311402084
image_14646,0.13699444311402084
image_14647,0.13699444311402084
image_14648,0.13699444311402084
image_14649,0.13699444311402084
image_14650,0.13699444311402084
image_14651,0.13699444311402084
image_14652,0.13699444311402084
image_14653,0.13699444311402084
image_14654,0.13699444311402084
image_14655,0.13699444311402084
image_14656,0.13699444311402084
image_14657,0.13699444311402084
image_14658,0.13699444311402084
image_14659,0.13699444311402084
image_14660,0.13699444311402084
image_14661,0.13699444311402084
image_14662,0.13699444311402084
image_14663,0.13699444311402084
image_14664,0.13699444311402084
image_14665,0.13699444311402084
image_14666,0.13699444311402084
image_14667,0.13699444311402084
image_14668,0.13699444311402084
image_14669,0.13699444311402084
image_14670,0.13699444311402084
image_14671,0.13699444311402084
image_14672,0.13699444311402084
image_14673,0.13699444311402084
image_14674,0.13699444311402084
image_14675,0.13699444311402084
image_14676,0.13699444311402084
image_14677,0.13699444311402084
image_14678,0.13699444311402084
image_14679,0.13699444311402084
image_14680,0.13699444311402084
image_14681,0.13699444311402084
image_14682,0.13699444311402084
image_14683,0.13699444311402084
image_14684,0.13699444311402084
image_14685,0.13699444311402084
image_14686,0.13699444311402084
image_14687,0.13699444311402084
image_14688,0.13699444311402084
image_14689,0.13699444311402084
image_14690,0.13699444311402084
image_14691,0.13699444311402084
image_14692,0.13699444311402084
image_14693,0.13699444311402084
image_14694,0.13699444311402084
image_14695,0.13699444311402084
image_14696,0.13699444311402084
image_14697,0.13699444311402084
image_14698,0.13699444311402084
image_14699,0.13699444311402084
image_14700,0.13699444311402084
image_14701,0.13699444311402084
image_14702,0.13699444311402084
image_14703,0.13699444311402084
image_14704,0.13699444311402084
image_14705,0.13699444311402084
image_14706,0.13699444311402084
image_14707,0.13699444311402084
image_14708,0.13699444311402084
image_14709,0.13699444311402084
image_14710,0.13699444311402084
image_14711,0.13699444311402084
image_14712,0.13699444311402084
image_14713,0.13699444311402084
image_14714,0.13699444311402084
image_14715,0.13699444311402084
image_14716,0.13699444311402084
image_14717,0.13699444311402084
image_14718,0.13699444311402084
image_14719,0.13699444311402084
image_14720,0.13699444311402084
image_14721,0.13699444311402084
image_14722,0.13699444311402084
image_14723,0.13699444311402084
image_14724,0.13699444311402084
image_14725,0.13699444311402084
image_14726,0.13699444311402084
image_14727,0.13699444311402084
image_14728,0.13699444311402084
image_14729,0.13699444311402084
image_14730,0.13699444311402084
image_14731,0.13699444311402084
image_14732,0.13699444311402084
image_14733,0.13699444311402084
image_14734,0.13699444311402084
image_14735,0.13699444311402084
image_14736,0.13699444311402084
image_14737,0.13699444311402084
image_14738,0.13699444311402084
image_14739,0.13699444311402084
image_14740,0.13699444311402084
image_14741,0.13699444311402084
image_14742,0.13699444311402084
image_14743,0.13699444311402084
image_14744,0.13699444311402084
image_14745,0.13699444311402084
image_14746,0.13699444311402084
image_14747,0.13699444311402084
image_14748,0.13699444311402084
image_14749,0.13699444311402084
image_14750,0.13699444311402084
image_14751,0.13699444311402084
image_14752,0.13699444311402084
image_14753,0.13699444311402084
image_14754,0.13699444311402084
image_14755,0.13699444311402084
image_14756,0.13699444311402084
image_14757,0.13699444311402084
image_14758,0.13699444311402084
image_14759,0.13699444311402084
image_14760,0.13699444311402084
image_14761,0.13699444311402084
image_14762,0.13699444311402084
image_14763,0.13699444311402084
image_14764,0.13699444311402084
image_14765,0.13699444311402084
image_14766,0.13699444311402084
image_14767,0.13699444311402084
image_14768,0.13699444311402084
image_14769,0.13699444311402084
image_14770,0.13699444311402084
image_14771,0.13699444311402084
image_14772,0.13699444311402084
image_14773,0.13699444311402084
image_14774,0.13699444311402084
image_14775,0.13699444311402084
image_14776,0.13699444311402084
image_14777,0.13699444311402084
image_14778,0.13699444311402084
image_14779,0.13699444311402084
image_14780,0.13699444311402084
image_14781,0.13699444311402084
image_14782,0.13699444311402084
image_14783,0.13699444311402084
image_14784,0.13699444311402084
image_14785,0.13699444311402084
image_14786,0.13699444311402084
image_14787,0.13699444311402084
image_14788,0.13699444311402084
image_14789,0.13699444311402084
image_14790,0.13699444311402084
image_14791,0.13699444311402084
image_14792,0.13699444311402084
image_14793,0.13699444311402084
image_14794,0.13699444311402084
image_14795,0.13699444311402084
image_14796,0.13699444311402084
image_14797,0.13699444311402084
image_14798,0.13699444311402084
image_14799,0.13699444311402084
image_14800,0.13699444311402084
image_14801,0.13699444311402084
image_14802,0.13699444311402084
image_14803,0.13699444311402084
image_14804,0.13699444311402084
image_14805,0.13699444311402084
image_14806,0.13699444311402084
image_14807,0.13699444311402084
image_14808,0.13699444311402084
image_14809,0.13699444311402084
image_14810,0.13699444311402084
image_14811,0.13699444311402084
image_14812,0.13699444311402084
image_14813,0.13699444311402084
image_14814,0.13699444311402084
image_14815,0.13699444311402084
image_14816,0.13699444311402084
image_14817,0.13699444311402084
image_14818,0.13699444311402084
image_14819,0.13699444311402084
image_14820,0.13699444311402084
image_14821,0.13699444311402084
image_14822,0.13699444311402084
image_14823,0.13699444311402084
image_14824,0.13699444311402084
image_14825,0.13699444311402084
image_14826,0.13699444311402084
image_14827,0.13699444311402084
image_14828,0.13699444311402084
image_14829,0.13699444311402084
image_14830,0.13699444311402084
image_14831,0.13699444311402084
image_14832,0.13699444311402084
image_14833,0.13699444311402084
image_14834,0.13699444311402084
image_14835,0.13699444311402084
image_14836,0.13699444311402084
image_14837,0.13699444311402084
image_14838,0.13699444311402084
image_14839,0.13699444311402084
image_14840,0.13699444311402084
image_14841,0.13699444311402084
image_14842,0.13699444311402084
image_14843,0.13699444311402084
image_14844,0.13699444311402084
image_14845,0.13699444311402084
image_14846,0.13699444311402084
image_14847,0.13699444311402084
image_14848,0.13699444311402084
image_14849,0.13699444311402084
image_14850,0.13699444311402084
image_14851,0.13699444311402084
image_14852,0.13699444311402084
image_14853,0.13699444311402084
image_14854,0.13699444311402084
image_14855,0.13699444311402084
image_14856,0.13699444311402084
image_14857,0.13699444311402084
image_14858,0.13699444311402084
image_14859,0.13699444311402084
image_14860,0.13699444311402084
image_14861,0.13699444311402084
image_14862,0.13699444311402084
image_14863,0.13699444311402084
image_14864,0.13699444311402084
image_14865,0.13699444311402084
image_14866,0.13699444311402084
image_14867,0.13699444311402084
image_14868,0.13699444311402084
image_14869,0.13699444311402084
image_14870,0.13699444311402084
image_14871,0.13699444311402084
image_14872,0.13699444311402084
image_14873,0.13699444311402084
image_14874,0.13699444311402084
image_14875,0.13699444311402084
image_14876,0.13699444311402084
image_14877,0.13699444311402084
image_14878,0.13699444311402084
image_14879,0.13699444311402084
image_14880,0.13699444311402084
image_14881,0.13699444311402084
image_14882,0.13699444311402084
image_14883,0.13699444311402084
image_14884,0.13699444311402084
image_14885,0.13699444311402084
image_14886,0.13699444311402084
image_14887,0.13699444311402084
image_14888,0.13699444311402084
image_14889,0.13699444311402084
image_14890,0.13699444311402084
image_14891,0.13699444311402084
image_14892,0.13699444311402084
image_14893,0.13699444311402084
image_14894,0.13699444311402084
image_14895,0.13699444311402084
image_14896,0.13699444311402084
image_14897,0.13699444311402084
image_14898,0.13699444311402084
image_14899,0.13699444311402084
image_14900,0.13699444311402084
image_14901,0.13699444311402084
image_14902,0.13699444311402084
image_14903,0.13699444311402084
image_14904,0.13699444311402084
image_14905,0.13699444311402084
image_14906,0.13699444311402084
image_14907,0.13699444311402084
image_14908,0.13699444311402084
image_14909,0.13699444311402084
image_14910,0.13699444311402084
image_14911,0.13699444311402084
image_14912,0.13699444311402084
image_14913,0.13699444311402084
image_14914,0.13699444311402084
image_14915,0.13699444311402084
image_14916,0.13699444311402084
image_14917,0.13699444311402084
image_14918,0.13699444311402084
image_14919,0.13699444311402084
image_14920,0.13699444311402084
image_14921,0.13699444311402084
image_14922,0.13699444311402084
image_14923,0.13699444311402084
image_14924,0.13699444311402084
image_14925,0.13699444311402084
image_14926,0.13699444311402084
image_14927,0.13699444311402084
image_14928,0.13699444311402084
image_14929,0.13699444311402084
image_14930,0.13699444311402084
image_14931,0.13699444311402084
image_14932,0.13699444311402084
image_14933,0.13699444311402084
image_14934,0.13699444311402084
image_14935,0.13699444311402084
image_14936,0.13699444311402084
image_14937,0.13699444311402084
image_14938,0.13699444311402084
image_14939,0.13699444311402084
image_14940,0.13699444311402084
image_14941,0.13699444311402084
image_14942,0.13699444311402084
image_14943,0.13699444311402084
image_14944,0.13699444311402084
image_14945,0.13699444311402084
image_14946,0.13699444311402084
image_14947,0.13699444311402084
image_14948,0.13699444311402084
image_14949,0.13699444311402084
image_14950,0.13699444311402084
image_14951,0.13699444311402084
image_14952,0.13699444311402084
image_14953,0.13699444311402084
image_14954,0.13699444311402084
image_14955,0.13699444311402084
image_14956,0.13699444311402084
image_14957,0.13699444311402084
image_14958,0.13699444311402084
image_14959,0.13699444311402084
image_14960,0.13699444311402084
image_14961,0.13699444311402084
image_14962,0.13699444311402084
image_14963,0.13699444311402084
image_14964,0.13699444311402084
image_14965,0.13699444311402084
image_14966,0.13699444311402084
image_14967,0.13699444311402084
image_14968,0.13699444311402084
image_14969,0.13699444311402084
image_14970,0.13699444311402084
image_14971,0.13699444311402084
image_14972,0.13699444311402084
image_14973,0.13699444311402084
image_14974,0.13699444311402084
image_14975,0.13699444311402084
image_14976,0.13699444311402084
image_14977,0.13699444311402084
image_14978,0.13699444311402084
image_14979,0.13699444311402084
image_14980,0.13699444311402084
image_14981,0.13699444311402084
image_14982,0.13699444311402084
image_14983,0.13699444311402084
image_14984,0.13699444311402084
image_14985,0.13699444311402084
image_14986,0.13699444311402084
image_14987,0.13699444311402084
image_14988,0.13699444311402084
image_14989,0.13699444311402084
image_14990,0.13699444311402084
image_14991,0.13699444311402084
image_14992,0.13699444311402084
image_14993,0.13699444311402084
image_14994,0.13699444311402084
image_14995,0.13699444311402084
image_14996,0.13699444311402084
image_14997,0.13699444311402084
image_14998,0.13699444311402084
image_14999,0.13699444311402084
image_15000,0.13699444311402084
image_15001,0.13699444311402084
image_15002,0.13699444311402084
image_15003,0.13699444311402084
image_15004,0.13699444311402084
image_15005,0.13699444311402084
image_15006,0.13699444311402084
image_15007,0.13699444311402084
image_15008,0.13699444311402084
image_15009,0.13699444311402084
image_15010,0.13699444311402084
image_15011,0.13699444311402084
image_15012,0.13699444311402084
image_15013,0.13699444311402084
image_15014,0.13699444311402084
image_15015,0.13699444311402084
image_15016,0.13699444311402084
image_15017,0.13699444311402084
image_15018,0.13699444311402084
image_15019,0.13699444311402084
image_15020,0.13699444311402084
image_15021,0.13699444311402084
image_15022,0.13699444311402084
image_15023,0.13699444311402084
image_15024,0.13699444311402084
image_15025,0.13699444311402084
image_15026,0.13699444311402084
image_15027,0.13699444311402084
image_15028,0.13699444311402084
image_15029,0.13699444311402084
image_15030,0.13699444311402084
image_15031,0.13699444311402084
image_15032,0.13699444311402084
image_15033,0.13699444311402084
image_15034,0.13699444311402084
image_15035,0.13699444311402084
image_15036,0.13699444311402084
image_15037,0.13699444311402084
image_15038,0.13699444311402084
image_15039,0.13699444311402084
image_15040,0.13699444311402084
image_15041,0.13699444311402084
image_15042,0.13699444311402084
image_15043,0.13699444311402084
image_15044,0.13699444311402084
image_15045,0.13699444311402084
image_15046,0.13699444311402084
image_15047,0.13699444311402084
image_15048,0.13699444311402084
image_15049,0.13699444311402084
image_15050,0.13699444311402084
image_15051,0.13699444311402084
image_15052,0.13699444311402084
image_15053,0.13699444311402084
image_15054,0.13699444311402084
image_15055,0.13699444311402084
image_15056,0.13699444311402084
image_15057,0.13699444311402084
image_15058,0.13699444311402084
image_15059,0.13699444311402084
image_15060,0.13699444311402084
image_15061,0.13699444311402084
image_15062,0.13699444311402084
image_15063,0.13699444311402084
image_15064,0.13699444311402084
image_15065,0.13699444311402084
image_15066,0.13699444311402084
image_15067,0.13699444311402084
image_15068,0.13699444311402084
image_15069,0.13699444311402084
image_15070,0.13699444311402084
image_15071,0.13699444311402084
image_15072,0.13699444311402084
image_15073,0.13699444311402084
image_15074,0.13699444311402084
image_15075,0.13699444311402084
image_15076,0.13699444311402084
image_15077,0.13699444311402084
image_15078,0.13699444311402084
image_15079,0.13699444311402084
image_15080,0.13699444311402084
image_15081,0.13699444311402084
image_15082,0.13699444311402084
image_15083,0.13699444311402084
image_15084,0.13699444311402084
image_15085,0.13699444311402084
image_15086,0.13699444311402084
image_15087,0.13699444311402084
image_15088,0.13699444311402084
image_15089,0.13699444311402084
image_15090,0.13699444311402084
image_15091,0.13699444311402084
image_15092,0.13699444311402084
image_15093,0.13699444311402084
image_15094,0.13699444311402084
image_15095,0.13699444311402084
image_15096,0.13699444311402084
image_15097,0.13699444311402084
image_15098,0.13699444311402084
image_15099,0.13699444311402084
image_15100,0.13699444311402084
image_15101,0.13699444311402084
image_15102,0.13699444311402084
image_15103,0.13699444311402084
image_15104,0.13699444311402084
image_15105,0.13699444311402084
image_15106,0.13699444311402084
image_15107,0.13699444311402084
image_15108,0.13699444311402084
image_15109,0.13699444311402084
image_15110,0.13699444311402084
image_15111,0.13699444311402084
image_15112,0.13699444311402084
image_15113,0.13699444311402084
image_15114,0.13699444311402084
image_15115,0.13699444311402084
image_15116,0.13699444311402084
image_15117,0.13699444311402084
image_15118,0.13699444311402084
image_15119,0.13699444311402084
image_15120,0.13699444311402084
image_15121,0.13699444311402084
image_15122,0.13699444311402084
image_15123,0.13699444311402084
image_15124,0.13699444311402084
image_15125,0.13699444311402084
image_15126,0.13699444311402084
image_15127,0.13699444311402084
image_15128,0.13699444311402084
image_15129,0.13699444311402084
image_15130,0.13699444311402084
image_15131,0.13699444311402084
image_15132,0.13699444311402084
image_15133,0.13699444311402084
image_15134,0.13699444311402084
image_15135,0.13699444311402084
image_15136,0.13699444311402084
image_15137,0.13699444311402084
image_15138,0.13699444311402084
image_15139,0.13699444311402084
image_15140,0.13699444311402084
image_15141,0.13699444311402084
image_15142,0.13699444311402084
image_15143,0.13699444311402084
image_15144,0.13699444311402084
image_15145,0.13699444311402084
image_15146,0.13699444311402084
image_15147,0.13699444311402084
image_15148,0.13699444311402084
image_15149,0.13699444311402084
image_15150,0.13699444311402084
image_15151,0.13699444311402084
image_15152,0.13699444311402084
image_15153,0.13699444311402084
image_15154,0.13699444311402084
image_15155,0.13699444311402084
image_15156,0.13699444311402084
image_15157,0.13699444311402084
image_15158,0.13699444311402084
image_15159,0.13699444311402084
image_15160,0.13699444311402084
image_15161,0.13699444311402084
image_15162,0.13699444311402084
image_15163,0.13699444311402084
image_15164,0.13699444311402084
image_15165,0.13699444311402084
image_15166,0.13699444311402084
image_15167,0.13699444311402084
image_15168,0.13699444311402084
image_15169,0.13699444311402084
image_15170,0.13699444311402084
image_15171,0.13699444311402084
image_15172,0.13699444311402084
image_15173,0.13699444311402084
image_15174,0.13699444311402084
image_15175,0.13699444311402084
image_15176,0.13699444311402084
image_15177,0.13699444311402084
image_15178,0.13699444311402084
image_15179,0.13699444311402084
image_15180,0.13699444311402084
image_15181,0.13699444311402084
image_15182,0.13699444311402084
image_15183,0.13699444311402084
image_15184,0.13699444311402084
image_15185,0.13699444311402084
image_15186,0.13699444311402084
image_15187,0.13699444311402084
image_15188,0.13699444311402084
image_15189,0.13699444311402084
image_15190,0.13699444311402084
image_15191,0.13699444311402084
image_15192,0.13699444311402084
image_15193,0.13699444311402084
image_15194,0.13699444311402084
image_15195,0.13699444311402084
image_15196,0.13699444311402084
image_15197,0.13699444311402084
image_15198,0.13699444311402084
image_15199,0.13699444311402084
image_15200,0.13699444311402084
image_15201,0.13699444311402084
image_15202,0.13699444311402084
image_15203,0.13699444311402084
image_15204,0.13699444311402084
image_15205,0.13699444311402084
image_15206,0.13699444311402084
image_15207,0.13699444311402084
image_15208,0.13699444311402084
image_15209,0.13699444311402084
image_15210,0.13699444311402084
image_15211,0.13699444311402084
image_15212,0.13699444311402084
image_15213,0.13699444311402084
image_15214,0.13699444311402084
image_15215,0.13699444311402084
image_15216,0.13699444311402084
image_15217,0.13699444311402084
image_15218,0.13699444311402084
image_15219,0.13699444311402084
image_15220,0.13699444311402084
image_15221,0.13699444311402084
image_15222,0.13699444311402084
image_15223,0.13699444311402084
image_15224,0.13699444311402084
image_15225,0.13699444311402084
image_15226,0.13699444311402084
image_15227,0.13699444311402084
image_15228,0.13699444311402084
image_15229,0.13699444311402084
image_15230,0.13699444311402084
image_15231,0.13699444311402084
image_15232,0.13699444311402084
image_15233,0.13699444311402084
image_15234,0.13699444311402084
image_15235,0.13699444311402084
image_15236,0.13699444311402084
image_15237,0.13699444311402084
image_15238,0.13699444311402084
image_15239,0.13699444311402084
image_15240,0.13699444311402084
image_15241,0.13699444311402084
image_15242,0.13699444311402084
image_15243,0.13699444311402084
image_15244,0.13699444311402084
image_15245,0.13699444311402084
image_15246,0.13699444311402084
image_15247,0.13699444311402084
image_15248,0.13699444311402084
image_15249,0.13699444311402084
image_15250,0.13699444311402084
image_15251,0.13699444311402084
image_15252,0.13699444311402084
image_15253,0.13699444311402084
image_15254,0.13699444311402084
image_15255,0.13699444311402084
image_15256,0.13699444311402084
image_15257,0.13699444311402084
image_15258,0.13699444311402084
image_15259,0.13699444311402084
image_15260,0.13699444311402084
image_15261,0.13699444311402084
image_15262,0.13699444311402084
image_15263,0.13699444311402084
image_15264,0.13699444311402084
image_15265,0.13699444311402084
image_15266,0.13699444311402084
image_15267,0.13699444311402084
image_15268,0.13699444311402084
image_15269,0.13699444311402084
image_15270,0.13699444311402084
image_15271,0.13699444311402084
image_15272,0.13699444311402084
image_15273,0.13699444311402084
image_15274,0.13699444311402084
image_15275,0.13699444311402084
image_15276,0.13699444311402084
image_15277,0.13699444311402084
image_15278,0.13699444311402084
image_15279,0.13699444311402084
image_15280,0.13699444311402084
image_15281,0.13699444311402084
image_15282,0.13699444311402084
image_15283,0.13699444311402084
image_15284,0.13699444311402084
image_15285,0.13699444311402084
image_15286,0.13699444311402084
image_15287,0.13699444311402084
image_15288,0.13699444311402084
image_15289,0.13699444311402084
image_15290,0.13699444311402084
image_15291,0.13699444311402084
image_15292,0.13699444311402084
image_15293,0.13699444311402084
image_15294,0.13699444311402084
image_15295,0.13699444311402084
image_15296,0.13699444311402084
image_15297,0.13699444311402084
image_15298,0.13699444311402084
image_15299,0.13699444311402084
image_15300,0.13699444311402084
image_15301,0.13699444311402084
image_15302,0.13699444311402084
image_15303,0.13699444311402084
image_15304,0.13699444311402084
image_15305,0.13699444311402084
image_15306,0.13699444311402084
image_15307,0.13699444311402084
image_15308,0.13699444311402084
image_15309,0.13699444311402084
image_15310,0.13699444311402084
image_15311,0.13699444311402084
image_15312,0.13699444311402084
image_15313,0.13699444311402084
image_15314,0.13699444311402084
image_15315,0.13699444311402084
image_15316,0.13699444311402084
image_15317,0.13699444311402084
image_15318,0.13699444311402084
image_15319,0.13699444311402084
image_15320,0.13699444311402084
image_15321,0.13699444311402084
image_15322,0.13699444311402084
image_15323,0.13699444311402084
image_15324,0.13699444311402084
image_15325,0.13699444311402084
image_15326,0.13699444311402084
image_15327,0.13699444311402084
image_15328,0.13699444311402084
image_15329,0.13699444311402084
image_15330,0.13699444311402084
image_15331,0.13699444311402084
image_15332,0.13699444311402084
image_15333,0.13699444311402084
image_15334,0.13699444311402084
image_15335,0.13699444311402084
image_15336,0.13699444311402084
image_15337,0.13699444311402084
image_15338,0.13699444311402084
image_15339,0.13699444311402084
image_15340,0.13699444311402084
image_15341,0.13699444311402084
image_15342,0.13699444311402084
image_15343,0.13699444311402084
image_15344,0.13699444311402084
image_15345,0.13699444311402084
image_15346,0.13699444311402084
image_15347,0.13699444311402084
image_15348,0.13699444311402084
image_15349,0.13699444311402084
image_15350,0.13699444311402084
image_15351,0.13699444311402084
image_15352,0.13699444311402084
image_15353,0.13699444311402084
image_15354,0.13699444311402084
image_15355,0.13699444311402084
image_15356,0.13699444311402084
image_15357,0.13699444311402084
image_15358,0.13699444311402084
image_15359,0.13699444311402084
image_15360,0.13699444311402084
image_15361,0.13699444311402084
image_15362,0.13699444311402084
image_15363,0.13699444311402084
image_15364,0.13699444311402084
image_15365,0.13699444311402084
image_15366,0.13699444311402084
image_15367,0.13699444311402084
image_15368,0.13699444311402084
image_15369,0.13699444311402084
image_15370,0.13699444311402084
image_15371,0.13699444311402084
image_15372,0.13699444311402084
image_15373,0.13699444311402084
image_15374,0.13699444311402084
image_15375,0.13699444311402084
image_15376,0.13699444311402084
image_15377,0.13699444311402084
image_15378,0.13699444311402084
image_15379,0.13699444311402084
image_15380,0.13699444311402084
image_15381,0.13699444311402084
image_15382,0.13699444311402084
image_15383,0.13699444311402084
image_15384,0.13699444311402084
image_15385,0.13699444311402084
image_15386,0.13699444311402084
image_15387,0.13699444311402084
image_15388,0.13699444311402084
image_15389,0.13699444311402084
image_15390,0.13699444311402084
image_15391,0.13699444311402084
image_15392,0.13699444311402084
image_15393,0.13699444311402084
image_15394,0.13699444311402084
image_15395,0.13699444311402084
image_15396,0.13699444311402084
image_15397,0.13699444311402084
image_15398,0.13699444311402084
image_15399,0.13699444311402084
image_15400,0.13699444311402084
image_15401,0.13699444311402084
image_15402,0.13699444311402084
image_15403,0.13699444311402084
image_15404,0.13699444311402084
image_15405,0.13699444311402084
image_15406,0.13699444311402084
image_15407,0.13699444311402084
image_15408,0.13699444311402084
image_15409,0.13699444311402084
image_15410,0.13699444311402084
image_15411,0.13699444311402084
image_15412,0.13699444311402084
image_15413,0.13699444311402084
image_15414,0.13699444311402084
image_15415,0.13699444311402084
image_15416,0.13699444311402084
image_15417,0.13699444311402084
image_15418,0.13699444311402084
image_15419,0.13699444311402084
image_15420,0.13699444311402084
image_15421,0.13699444311402084
image_15422,0.13699444311402084
image_15423,0.13699444311402084
image_15424,0.13699444311402084
image_15425,0.13699444311402084
image_15426,0.13699444311402084
image_15427,0.13699444311402084
image_15428,0.13699444311402084
image_15429,0.13699444311402084
image_15430,0.13699444311402084
image_15431,0.13699444311402084
image_15432,0.13699444311402084
image_15433,0.13699444311402084
image_15434,0.13699444311402084
image_15435,0.13699444311402084
image_15436,0.13699444311402084
image_15437,0.13699444311402084
image_15438,0.13699444311402084
image_15439,0.13699444311402084
image_15440,0.13699444311402084
image_15441,0.13699444311402084
image_15442,0.13699444311402084
image_15443,0.13699444311402084
image_15444,0.13699444311402084
image_15445,0.13699444311402084
image_15446,0.13699444311402084
image_15447,0.13699444311402084
image_15448,0.13699444311402084
image_15449,0.13699444311402084
image_15450,0.13699444311402084
image_15451,0.13699444311402084
image_15452,0.13699444311402084
image_15453,0.13699444311402084
image_15454,0.13699444311402084
image_15455,0.13699444311402084
image_15456,0.13699444311402084
image_15457,0.13699444311402084
image_15458,0.13699444311402084
image_15459,0.13699444311402084
image_15460,0.13699444311402084
image_15461,0.13699444311402084
image_15462,0.13699444311402084
image_15463,0.13699444311402084
image_15464,0.13699444311402084
image_15465,0.13699444311402084
image_15466,0.13699444311402084
image_15467,0.13699444311402084
image_15468,0.13699444311402084
image_15469,0.13699444311402084
image_15470,0.13699444311402084
image_15471,0.13699444311402084
image_15472,0.13699444311402084
image_15473,0.13699444311402084
image_15474,0.13699444311402084
image_15475,0.13699444311402084
image_15476,0.13699444311402084
image_15477,0.13699444311402084
image_15478,0.13699444311402084
image_15479,0.13699444311402084
image_15480,0.13699444311402084
image_15481,0.13699444311402084
image_15482,0.13699444311402084
image_15483,0.13699444311402084
image_15484,0.13699444311402084
image_15485,0.13699444311402084
image_15486,0.13699444311402084
image_15487,0.13699444311402084
image_15488,0.13699444311402084
image_15489,0.13699444311402084
image_15490,0.13699444311402084
image_15491,0.13699444311402084
image_15492,0.13699444311402084
image_15493,0.13699444311402084
image_15494,0.13699444311402084
image_15495,0.13699444311402084
image_15496,0.13699444311402084
image_15497,0.13699444311402084
image_15498,0.13699444311402084
image_15499,0.13699444311402084
image_15500,0.13699444311402084
image_15501,0.13699444311402084
image_15502,0.13699444311402084
image_15503,0.13699444311402084
image_15504,0.13699444311402084
image_15505,0.13699444311402084
image_15506,0.13699444311402084
image_15507,0.13699444311402084
image_15508,0.13699444311402084
image_15509,0.13699444311402084
image_15510,0.13699444311402084
image_15511,0.13699444311402084
image_15512,0.13699444311402084
image_15513,0.13699444311402084
image_15514,0.13699444311402084
image_15515,0.13699444311402084
image_15516,0.13699444311402084
image_15517,0.13699444311402084
image_15518,0.13699444311402084
image_15519,0.13699444311402084
image_15520,0.13699444311402084
image_15521,0.13699444311402084
image_15522,0.13699444311402084
image_15523,0.13699444311402084
image_15524,0.13699444311402084
image_15525,0.13699444311402084
image_15526,0.13699444311402084
image_15527,0.13699444311402084
image_15528,0.13699444311402084
image_15529,0.13699444311402084
image_15530,0.13699444311402084
image_15531,0.13699444311402084
image_15532,0.13699444311402084
image_15533,0.13699444311402084
image_15534,0.13699444311402084
image_15535,0.13699444311402084
image_15536,0.13699444311402084
image_15537,0.13699444311402084
image_15538,0.13699444311402084
image_15539,0.13699444311402084
image_15540,0.13699444311402084
image_15541,0.13699444311402084
image_15542,0.13699444311402084
image_15543,0.13699444311402084
image_15544,0.13699444311402084
image_15545,0.13699444311402084
image_15546,0.13699444311402084
image_15547,0.13699444311402084
image_15548,0.13699444311402084
image_15549,0.13699444311402084
image_15550,0.13699444311402084
image_15551,0.13699444311402084
image_15552,0.13699444311402084
image_15553,0.13699444311402084
image_15554,0.13699444311402084
image_15555,0.13699444311402084
image_15556,0.13699444311402084
image_15557,0.13699444311402084
image_15558,0.13699444311402084
image_15559,0.13699444311402084
image_15560,0.13699444311402084
image_15561,0.13699444311402084
image_15562,0.13699444311402084
image_15563,0.13699444311402084
image_15564,0.13699444311402084
image_15565,0.13699444311402084
image_15566,0.13699444311402084
image_15567,0.13699444311402084
image_15568,0.13699444311402084
image_15569,0.13699444311402084
image_15570,0.13699444311402084
image_15571,0.13699444311402084
image_15572,0.13699444311402084
image_15573,0.13699444311402084
image_15574,0.13699444311402084
image_15575,0.13699444311402084
image_15576,0.13699444311402084
image_15577,0.13699444311402084
image_15578,0.13699444311402084
image_15579,0.13699444311402084
image_15580,0.13699444311402084
image_15581,0.13699444311402084
image_15582,0.13699444311402084
image_15583,0.13699444311402084
image_15584,0.13699444311402084
image_15585,0.13699444311402084
image_15586,0.13699444311402084
image_15587,0.13699444311402084
image_15588,0.13699444311402084
image_15589,0.13699444311402084
image_15590,0.13699444311402084
image_15591,0.13699444311402084
image_15592,0.13699444311402084
image_15593,0.13699444311402084
image_15594,0.13699444311402084
image_15595,0.13699444311402084
image_15596,0.13699444311402084
image_15597,0.13699444311402084
image_15598,0.13699444311402084
image_15599,0.13699444311402084
image_15600,0.13699444311402084
image_15601,0.13699444311402084
image_15602,0.13699444311402084
image_15603,0.13699444311402084
image_15604,0.13699444311402084
image_15605,0.13699444311402084
image_15606,0.13699444311402084
image_15607,0.13699444311402084
image_15608,0.13699444311402084
image_15609,0.13699444311402084
image_15610,0.13699444311402084
image_15611,0.13699444311402084
image_15612,0.13699444311402084
image_15613,0.13699444311402084
image_15614,0.13699444311402084
image_15615,0.13699444311402084
image_15616,0.13699444311402084
image_15617,0.13699444311402084
image_15618,0.13699444311402084
image_15619,0.13699444311402084
image_15620,0.13699444311402084
image_15621,0.13699444311402084
image_15622,0.13699444311402084
image_15623,0.13699444311402084
image_15624,0.13699444311402084
image_15625,0.13699444311402084
image_15626,0.13699444311402084
image_15627,0.13699444311402084
image_15628,0.13699444311402084
image_15629,0.13699444311402084
image_15630,0.13699444311402084
image_15631,0.13699444311402084
image_15632,0.13699444311402084
image_15633,0.13699444311402084
image_15634,0.13699444311402084
image_15635,0.13699444311402084
image_15636,0.13699444311402084
image_15637,0.13699444311402084
image_15638,0.13699444311402084
image_15639,0.13699444311402084
image_15640,0.13699444311402084
image_15641,0.13699444311402084
image_15642,0.13699444311402084
image_15643,0.13699444311402084
image_15644,0.13699444311402084
image_15645,0.13699444311402084
image_15646,0.13699444311402084
image_15647,0.13699444311402084
image_15648,0.13699444311402084
image_15649,0.13699444311402084
image_15650,0.13699444311402084
image_15651,0.13699444311402084
image_15652,0.13699444311402084
image_15653,0.13699444311402084
image_15654,0.13699444311402084
image_15655,0.13699444311402084
image_15656,0.13699444311402084
image_15657,0.13699444311402084
image_15658,0.13699444311402084
image_15659,0.13699444311402084
image_15660,0.13699444311402084
image_15661,0.13699444311402084
image_15662,0.13699444311402084
image_15663,0.13699444311402084
image_15664,0.13699444311402084
image_15665,0.13699444311402084
image_15666,0.13699444311402084
image_15667,0.13699444311402084
image_15668,0.13699444311402084
image_15669,0.13699444311402084
image_15670,0.13699444311402084
image_15671,0.13699444311402084
image_15672,0.13699444311402084
image_15673,0.13699444311402084
image_15674,0.13699444311402084
image_15675,0.13699444311402084
image_15676,0.13699444311402084
image_15677,0.13699444311402084
image_15678,0.13699444311402084
image_15679,0.13699444311402084
image_15680,0.13699444311402084
image_15681,0.13699444311402084
image_15682,0.13699444311402084
image_15683,0.13699444311402084
image_15684,0.13699444311402084
image_15685,0.13699444311402084
image_15686,0.13699444311402084
image_15687,0.13699444311402084
image_15688,0.13699444311402084
image_15689,0.13699444311402084
image_15690,0.13699444311402084
image_15691,0.13699444311402084
image_15692,0.13699444311402084
image_15693,0.13699444311402084
image_15694,0.13699444311402084
image_15695,0.13699444311402084
image_15696,0.13699444311402084
image_15697,0.13699444311402084
image_15698,0.13699444311402084
image_15699,0.13699444311402084
image_15700,0.13699444311402084
image_15701,0.13699444311402084
image_15702,0.13699444311402084
image_15703,0.13699444311402084
image_15704,0.13699444311402084
image_15705,0.13699444311402084
image_15706,0.13699444311402084
image_15707,0.13699444311402084
image_15708,0.13699444311402084
image_15709,0.13699444311402084
image_15710,0.13699444311402084
image_15711,0.13699444311402084
image_15712,0.13699444311402084
image_15713,0.13699444311402084
image_15714,0.13699444311402084
image_15715,0.13699444311402084
image_15716,0.13699444311402084
image_15717,0.13699444311402084
image_15718,0.13699444311402084
image_15719,0.13699444311402084
image_15720,0.13699444311402084
image_15721,0.13699444311402084
image_15722,0.13699444311402084
image_15723,0.13699444311402084
image_15724,0.13699444311402084
image_15725,0.13699444311402084
image_15726,0.13699444311402084
image_15727,0.13699444311402084
image_15728,0.13699444311402084
image_15729,0.13699444311402084
image_15730,0.13699444311402084
image_15731,0.13699444311402084
image_15732,0.13699444311402084
image_15733,0.13699444311402084
image_15734,0.13699444311402084
image_15735,0.13699444311402084
image_15736,0.13699444311402084
image_15737,0.13699444311402084
image_15738,0.13699444311402084
image_15739,0.13699444311402084
image_15740,0.13699444311402084
image_15741,0.13699444311402084
image_15742,0.13699444311402084
image_15743,0.13699444311402084
image_15744,0.13699444311402084
image_15745,0.13699444311402084
image_15746,0.13699444311402084
image_15747,0.13699444311402084
image_15748,0.13699444311402084
image_15749,0.13699444311402084
image_15750,0.13699444311402084
image_15751,0.13699444311402084
image_15752,0.13699444311402084
image_15753,0.13699444311402084
image_15754,0.13699444311402084
image_15755,0.13699444311402084
image_15756,0.13699444311402084
image_15757,0.13699444311402084
image_15758,0.13699444311402084
image_15759,0.13699444311402084
image_15760,0.13699444311402084
image_15761,0.13699444311402084
image_15762,0.13699444311402084
image_15763,0.13699444311402084
image_15764,0.13699444311402084
image_15765,0.13699444311402084
image_15766,0.13699444311402084
image_15767,0.13699444311402084
image_15768,0.13699444311402084
image_15769,0.13699444311402084
image_15770,0.13699444311402084
image_15771,0.13699444311402084
image_15772,0.13699444311402084
image_15773,0.13699444311402084
image_15774,0.13699444311402084
image_15775,0.13699444311402084
image_15776,0.13699444311402084
image_15777,0.13699444311402084
image_15778,0.13699444311402084
image_15779,0.13699444311402084
image_15780,0.13699444311402084
image_15781,0.13699444311402084
image_15782,0.13699444311402084
image_15783,0.13699444311402084
image_15784,0.13699444311402084
image_15785,0.13699444311402084
image_15786,0.13699444311402084
image_15787,0.13699444311402084
image_15788,0.13699444311402084
image_15789,0.13699444311402084
image_15790,0.13699444311402084
image_15791,0.13699444311402084
image_15792,0.13699444311402084
image_15793,0.13699444311402084
image_15794,0.13699444311402084
image_15795,0.13699444311402084
image_15796,0.13699444311402084
image_15797,0.13699444311402084
image_15798,0.13699444311402084
image_15799,0.13699444311402084
image_15800,0.13699444311402084
image_15801,0.13699444311402084
image_15802,0.13699444311402084
image_15803,0.13699444311402084
image_15804,0.13699444311402084
image_15805,0.13699444311402084
image_15806,0.13699444311402084
image_15807,0.13699444311402084
image_15808,0.13699444311402084
image_15809,0.13699444311402084
image_15810,0.13699444311402084
image_15811,0.13699444311402084
image_15812,0.13699444311402084
image_15813,0.13699444311402084
image_15814,0.13699444311402084
image_15815,0.13699444311402084
image_15816,0.13699444311402084
image_15817,0.13699444311402084
image_15818,0.13699444311402084
image_15819,0.13699444311402084
image_15820,0.13699444311402084
image_15821,0.13699444311402084
image_15822,0.13699444311402084
image_15823,0.13699444311402084
image_15824,0.13699444311402084
image_15825,0.13699444311402084
image_15826,0.13699444311402084
image_15827,0.13699444311402084
image_15828,0.13699444311402084
image_15829,0.13699444311402084
image_15830,0.13699444311402084
image_15831,0.13699444311402084
image_15832,0.13699444311402084
image_15833,0.13699444311402084
image_15834,0.13699444311402084
image_15835,0.13699444311402084
image_15836,0.13699444311402084
image_15837,0.13699444311402084
image_15838,0.13699444311402084
image_15839,0.13699444311402084
image_15840,0.13699444311402084
image_15841,0.13699444311402084
image_15842,0.13699444311402084
image_15843,0.13699444311402084
image_15844,0.13699444311402084
image_15845,0.13699444311402084
image_15846,0.13699444311402084
image_15847,0.13699444311402084
image_15848,0.13699444311402084
image_15849,0.13699444311402084
image_15850,0.13699444311402084
image_15851,0.13699444311402084
image_15852,0.13699444311402084
image_15853,0.13699444311402084
image_15854,0.13699444311402084
image_15855,0.13699444311402084
image_15856,0.13699444311402084
image_15857,0.13699444311402084
image_15858,0.13699444311402084
image_15859,0.13699444311402084
image_15860,0.13699444311402084
image_15861,0.13699444311402084
image_15862,0.13699444311402084
image_15863,0.13699444311402084
image_15864,0.13699444311402084
image_15865,0.13699444311402084
image_15866,0.13699444311402084
image_15867,0.13699444311402084
image_15868,0.13699444311402084
image_15869,0.13699444311402084
image_15870,0.13699444311402084
image_15871,0.13699444311402084
image_15872,0.13699444311402084
image_15873,0.13699444311402084
image_15874,0.13699444311402084
image_15875,0.13699444311402084
image_15876,0.13699444311402084
image_15877,0.13699444311402084
image_15878,0.13699444311402084
image_15879,0.13699444311402084
image_15880,0.13699444311402084
image_15881,0.13699444311402084
image_15882,0.13699444311402084
image_15883,0.13699444311402084
image_15884,0.13699444311402084
image_15885,0.13699444311402084
image_15886,0.13699444311402084
image_15887,0.13699444311402084
image_15888,0.13699444311402084
image_15889,0.13699444311402084
image_15890,0.13699444311402084
image_15891,0.13699444311402084
image_15892,0.13699444311402084
image_15893,0.13699444311402084
image_15894,0.13699444311402084
image_15895,0.13699444311402084
image_15896,0.13699444311402084
image_15897,0.13699444311402084
image_15898,0.13699444311402084
image_15899,0.13699444311402084
image_15900,0.13699444311402084
image_15901,0.13699444311402084
image_15902,0.13699444311402084
image_15903,0.13699444311402084
image_15904,0.13699444311402084
image_15905,0.13699444311402084
image_15906,0.13699444311402084
image_15907,0.13699444311402084
image_15908,0.13699444311402084
image_15909,0.13699444311402084
image_15910,0.13699444311402084
image_15911,0.13699444311402084
image_15912,0.13699444311402084
image_15913,0.13699444311402084
image_15914,0.13699444311402084
image_15915,0.13699444311402084
image_15916,0.13699444311402084
image_15917,0.13699444311402084
image_15918,0.13699444311402084
image_15919,0.13699444311402084
image_15920,0.13699444311402084
image_15921,0.13699444311402084
image_15922,0.13699444311402084
image_15923,0.13699444311402084
image_15924,0.13699444311402084
image_15925,0.13699444311402084
image_15926,0.13699444311402084
image_15927,0.13699444311402084
image_15928,0.13699444311402084
image_15929,0.13699444311402084
image_15930,0.13699444311402084
image_15931,0.13699444311402084
image_15932,0.13699444311402084
image_15933,0.13699444311402084
image_15934,0.13699444311402084
image_15935,0.13699444311402084
image_15936,0.13699444311402084
image_15937,0.13699444311402084
image_15938,0.13699444311402084
image_15939,0.13699444311402084
image_15940,0.13699444311402084
image_15941,0.13699444311402084
image_15942,0.13699444311402084
image_15943,0.13699444311402084
image_15944,0.13699444311402084
image_15945,0.13699444311402084
image_15946,0.13699444311402084
image_15947,0.13699444311402084
image_15948,0.13699444311402084
image_15949,0.13699444311402084
image_15950,0.13699444311402084
image_15951,0.13699444311402084
image_15952,0.13699444311402084
image_15953,0.13699444311402084
image_15954,0.13699444311402084
image_15955,0.13699444311402084
image_15956,0.13699444311402084
image_15957,0.13699444311402084
image_15958,0.13699444311402084
image_15959,0.13699444311402084
image_15960,0.13699444311402084
image_15961,0.13699444311402084
image_15962,0.13699444311402084
image_15963,0.13699444311402084
image_15964,0.13699444311402084
image_15965,0.13699444311402084
image_15966,0.13699444311402084
image_15967,0.13699444311402084
image_15968,0.13699444311402084
image_15969,0.13699444311402084
image_15970,0.13699444311402084
image_15971,0.13699444311402084
image_15972,0.13699444311402084
image_15973,0.13699444311402084
image_15974,0.13699444311402084
image_15975,0.13699444311402084
image_15976,0.13699444311402084
image_15977,0.13699444311402084
image_15978,0.13699444311402084
image_15979,0.13699444311402084
image_15980,0.13699444311402084
image_15981,0.13699444311402084
image_15982,0.13699444311402084
image_15983,0.13699444311402084
image_15984,0.13699444311402084
image_15985,0.13699444311402084
image_15986,0.13699444311402084
image_15987,0.13699444311402084
image_15988,0.13699444311402084
image_15989,0.13699444311402084
image_15990,0.13699444311402084
image_15991,0.13699444311402084
image_15992,0.13699444311402084
image_15993,0.13699444311402084
image_15994,0.13699444311402084
image_15995,0.13699444311402084
image_15996,0.13699444311402084
image_15997,0.13699444311402084
image_15998,0.13699444311402084
image_15999,0.13699444311402084
image_16000,0.13699444311402084
image_16001,0.13699444311402084
image_16002,0.13699444311402084
image_16003,0.13699444311402084
image_16004,0.13699444311402084
image_16005,0.13699444311402084
image_16006,0.13699444311402084
image_16007,0.13699444311402084
image_16008,0.13699444311402084
image_16009,0.13699444311402084
image_16010,0.13699444311402084
image_16011,0.13699444311402084
image_16012,0.13699444311402084
image_16013,0.13699444311402084
image_16014,0.13699444311402084
image_16015,0.13699444311402084
image_16016,0.13699444311402084
image_16017,0.13699444311402084
image_16018,0.13699444311402084
image_16019,0.13699444311402084
image_16020,0.13699444311402084
image_16021,0.13699444311402084
image_16022,0.13699444311402084
image_16023,0.13699444311402084
image_16024,0.13699444311402084
image_16025,0.13699444311402084
image_16026,0.13699444311402084
image_16027,0.13699444311402084
image_16028,0.13699444311402084
image_16029,0.13699444311402084
image_16030,0.13699444311402084
image_16031,0.13699444311402084
image_16032,0.13699444311402084
image_16033,0.13699444311402084
image_16034,0.13699444311402084
image_16035,0.13699444311402084
image_16036,0.13699444311402084
image_16037,0.13699444311402084
image_16038,0.13699444311402084
image_16039,0.13699444311402084
image_16040,0.13699444311402084
image_16041,0.13699444311402084
image_16042,0.13699444311402084
image_16043,0.13699444311402084
image_16044,0.13699444311402084
image_16045,0.13699444311402084
image_16046,0.13699444311402084
image_16047,0.13699444311402084
image_16048,0.13699444311402084
image_16049,0.13699444311402084
image_16050,0.13699444311402084
image_16051,0.13699444311402084
image_16052,0.13699444311402084
image_16053,0.13699444311402084
image_16054,0.13699444311402084
image_16055,0.13699444311402084
image_16056,0.13699444311402084
image_16057,0.13699444311402084
image_16058,0.13699444311402084
image_16059,0.13699444311402084
image_16060,0.13699444311402084
image_16061,0.13699444311402084
image_16062,0.13699444311402084
image_16063,0.13699444311402084
image_16064,0.13699444311402084
image_16065,0.13699444311402084
image_16066,0.13699444311402084
image_16067,0.13699444311402084
image_16068,0.13699444311402084
image_16069,0.13699444311402084
image_16070,0.13699444311402084
image_16071,0.13699444311402084
image_16072,0.13699444311402084
image_16073,0.13699444311402084
image_16074,0.13699444311402084
image_16075,0.13699444311402084
image_16076,0.13699444311402084
image_16077,0.13699444311402084
image_16078,0.13699444311402084
image_16079,0.13699444311402084
image_16080,0.13699444311402084
image_16081,0.13699444311402084
image_16082,0.13699444311402084
image_16083,0.13699444311402084
image_16084,0.13699444311402084
image_16085,0.13699444311402084
image_16086,0.13699444311402084
image_16087,0.13699444311402084
image_16088,0.13699444311402084
image_16089,0.13699444311402084
image_16090,0.13699444311402084
image_16091,0.13699444311402084
image_16092,0.13699444311402084
image_16093,0.13699444311402084
image_16094,0.13699444311402084
image_16095,0.13699444311402084
image_16096,0.13699444311402084
image_16097,0.13699444311402084
image_16098,0.13699444311402084
image_16099,0.13699444311402084
image_16100,0.13699444311402084
image_16101,0.13699444311402084
image_16102,0.13699444311402084
image_16103,0.13699444311402084
image_16104,0.13699444311402084
image_16105,0.13699444311402084
image_16106,0.13699444311402084
image_16107,0.13699444311402084
image_16108,0.13699444311402084
image_16109,0.13699444311402084
image_16110,0.13699444311402084
image_16111,0.13699444311402084
image_16112,0.13699444311402084
image_16113,0.13699444311402084
image_16114,0.13699444311402084
image_16115,0.13699444311402084
image_16116,0.13699444311402084
image_16117,0.13699444311402084
image_16118,0.13699444311402084
image_16119,0.13699444311402084
image_16120,0.13699444311402084
image_16121,0.13699444311402084
image_16122,0.13699444311402084
image_16123,0.13699444311402084
image_16124,0.13699444311402084
image_16125,0.13699444311402084
image_16126,0.13699444311402084
image_16127,0.13699444311402084
image_16128,0.13699444311402084
image_16129,0.13699444311402084
image_16130,0.13699444311402084
image_16131,0.13699444311402084
image_16132,0.13699444311402084
image_16133,0.13699444311402084
image_16134,0.13699444311402084
image_16135,0.13699444311402084
image_16136,0.13699444311402084
image_16137,0.13699444311402084
image_16138,0.13699444311402084
image_16139,0.13699444311402084
image_16140,0.13699444311402084
image_16141,0.13699444311402084
image_16142,0.13699444311402084
image_16143,0.13699444311402084
image_16144,0.13699444311402084
image_16145,0.13699444311402084
image_16146,0.13699444311402084
image_16147,0.13699444311402084
image_16148,0.13699444311402084
image_16149,0.13699444311402084
image_16150,0.13699444311402084
image_16151,0.13699444311402084
image_16152,0.13699444311402084
image_16153,0.13699444311402084
image_16154,0.13699444311402084
image_16155,0.13699444311402084
image_16156,0.13699444311402084
image_16157,0.13699444311402084
image_16158,0.13699444311402084
image_16159,0.13699444311402084
image_16160,0.13699444311402084
image_16161,0.13699444311402084
image_16162,0.13699444311402084
image_16163,0.13699444311402084
image_16164,0.13699444311402084
image_16165,0.13699444311402084
image_16166,0.13699444311402084
image_16167,0.13699444311402084
image_16168,0.13699444311402084
image_16169,0.13699444311402084
image_16170,0.13699444311402084
image_16171,0.13699444311402084
image_16172,0.13699444311402084
image_16173,0.13699444311402084
image_16174,0.13699444311402084
image_16175,0.13699444311402084
image_16176,0.13699444311402084
image_16177,0.13699444311402084
image_16178,0.13699444311402084
image_16179,0.13699444311402084
image_16180,0.13699444311402084
image_16181,0.13699444311402084
image_16182,0.13699444311402084
image_16183,0.13699444311402084
image_16184,0.13699444311402084
image_16185,0.13699444311402084
image_16186,0.13699444311402084
image_16187,0.13699444311402084
image_16188,0.13699444311402084
image_16189,0.13699444311402084
image_16190,0.13699444311402084
image_16191,0.13699444311402084
image_16192,0.13699444311402084
image_16193,0.13699444311402084
image_16194,0.13699444311402084
image_16195,0.13699444311402084
image_16196,0.13699444311402084
image_16197,0.13699444311402084
image_16198,0.13699444311402084
image_16199,0.13699444311402084
image_16200,0.13699444311402084
image_16201,0.13699444311402084
image_16202,0.13699444311402084
image_16203,0.13699444311402084
image_16204,0.13699444311402084
image_16205,0.13699444311402084
image_16206,0.13699444311402084
image_16207,0.13699444311402084
image_16208,0.13699444311402084
image_16209,0.13699444311402084
image_16210,0.13699444311402084
image_16211,0.13699444311402084
image_16212,0.13699444311402084
image_16213,0.13699444311402084
image_16214,0.13699444311402084
image_16215,0.13699444311402084
image_16216,0.13699444311402084
image_16217,0.13699444311402084
image_16218,0.13699444311402084
image_16219,0.13699444311402084
image_16220,0.13699444311402084
image_16221,0.13699444311402084
image_16222,0.13699444311402084
image_16223,0.13699444311402084
image_16224,0.13699444311402084
image_16225,0.13699444311402084
image_16226,0.13699444311402084
image_16227,0.13699444311402084
image_16228,0.13699444311402084
image_16229,0.13699444311402084
image_16230,0.13699444311402084
image_16231,0.13699444311402084
image_16232,0.13699444311402084
image_16233,0.13699444311402084
image_16234,0.13699444311402084
image_16235,0.13699444311402084
image_16236,0.13699444311402084
image_16237,0.13699444311402084
image_16238,0.13699444311402084
image_16239,0.13699444311402084
image_16240,0.13699444311402084
image_16241,0.13699444311402084
image_16242,0.13699444311402084
image_16243,0.13699444311402084
image_16244,0.13699444311402084
image_16245,0.13699444311402084
image_16246,0.13699444311402084
image_16247,0.13699444311402084
image_16248,0.13699444311402084
image_16249,0.13699444311402084
image_16250,0.13699444311402084
image_16251,0.13699444311402084
image_16252,0.13699444311402084
image_16253,0.13699444311402084
image_16254,0.13699444311402084
image_16255,0.13699444311402084
image_16256,0.13699444311402084
image_16257,0.13699444311402084
image_16258,0.13699444311402084
image_16259,0.13699444311402084
image_16260,0.13699444311402084
image_16261,0.13699444311402084
image_16262,0.13699444311402084
image_16263,0.13699444311402084
image_16264,0.13699444311402084
image_16265,0.13699444311402084
image_16266,0.13699444311402084
image_16267,0.13699444311402084
image_16268,0.13699444311402084
image_16269,0.13699444311402084
image_16270,0.13699444311402084
image_16271,0.13699444311402084
image_16272,0.13699444311402084
image_16273,0.13699444311402084
image_16274,0.13699444311402084
image_16275,0.13699444311402084
image_16276,0.13699444311402084
image_16277,0.13699444311402084
image_16278,0.13699444311402084
image_16279,0.13699444311402084
image_16280,0.13699444311402084
image_16281,0.13699444311402084
image_16282,0.13699444311402084
image_16283,0.13699444311402084
image_16284,0.13699444311402084
image_16285,0.13699444311402084
image_16286,0.13699444311402084
image_16287,0.13699444311402084
image_16288,0.13699444311402084
image_16289,0.13699444311402084
image_16290,0.13699444311402084
image_16291,0.13699444311402084
image_16292,0.13699444311402084
image_16293,0.13699444311402084
image_16294,0.13699444311402084
image_16295,0.13699444311402084
image_16296,0.13699444311402084
image_16297,0.13699444311402084
image_16298,0.13699444311402084
image_16299,0.13699444311402084
image_16300,0.13699444311402084
image_16301,0.13699444311402084
image_16302,0.13699444311402084
image_16303,0.13699444311402084
image_16304,0.13699444311402084
image_16305,0.13699444311402084
image_16306,0.13699444311402084
image_16307,0.13699444311402084
image_16308,0.13699444311402084
image_16309,0.13699444311402084
image_16310,0.13699444311402084
image_16311,0.13699444311402084
image_16312,0.13699444311402084
image_16313,0.13699444311402084
image_16314,0.13699444311402084
image_16315,0.13699444311402084
image_16316,0.13699444311402084
image_16317,0.13699444311402084
image_16318,0.13699444311402084
image_16319,0.13699444311402084
image_16320,0.13699444311402084
image_16321,0.13699444311402084
image_16322,0.13699444311402084
image_16323,0.13699444311402084
image_16324,0.13699444311402084
image_16325,0.13699444311402084
image_16326,0.13699444311402084
image_16327,0.13699444311402084
image_16328,0.13699444311402084
image_16329,0.13699444311402084
image_16330,0.13699444311402084
image_16331,0.13699444311402084
image_16332,0.13699444311402084
image_16333,0.13699444311402084
image_16334,0.13699444311402084
image_16335,0.13699444311402084
image_16336,0.13699444311402084
image_16337,0.13699444311402084
image_16338,0.13699444311402084
image_16339,0.13699444311402084
image_16340,0.13699444311402084
image_16341,0.13699444311402084
image_16342,0.13699444311402084
image_16343,0.13699444311402084
image_16344,0.13699444311402084
image_16345,0.13699444311402084
image_16346,0.13699444311402084
image_16347,0.13699444311402084
image_16348,0.13699444311402084
image_16349,0.13699444311402084
image_16350,0.13699444311402084
image_16351,0.13699444311402084
image_16352,0.13699444311402084
image_16353,0.13699444311402084
image_16354,0.13699444311402084
image_16355,0.13699444311402084
image_16356,0.13699444311402084
image_16357,0.13699444311402084
image_16358,0.13699444311402084
image_16359,0.13699444311402084
image_16360,0.13699444311402084
image_16361,0.13699444311402084
image_16362,0.13699444311402084
image_16363,0.13699444311402084
image_16364,0.13699444311402084
image_16365,0.13699444311402084
image_16366,0.13699444311402084
image_16367,0.13699444311402084
image_16368,0.13699444311402084
image_16369,0.13699444311402084
image_16370,0.13699444311402084
image_16371,0.13699444311402084
image_16372,0.13699444311402084
image_16373,0.13699444311402084
image_16374,0.13699444311402084
image_16375,0.13699444311402084
image_16376,0.13699444311402084
image_16377,0.13699444311402084
image_16378,0.13699444311402084
image_16379,0.13699444311402084
image_16380,0.13699444311402084
image_16381,0.13699444311402084
image_16382,0.13699444311402084
image_16383,0.13699444311402084
image_16384,0.13699444311402084
image_16385,0.13699444311402084
image_16386,0.13699444311402084
image_16387,0.13699444311402084
image_16388,0.13699444311402084
image_16389,0.13699444311402084
image_16390,0.13699444311402084
image_16391,0.13699444311402084
image_16392,0.13699444311402084
image_16393,0.13699444311402084
image_16394,0.13699444311402084
image_16395,0.13699444311402084
image_16396,0.13699444311402084
image_16397,0.13699444311402084
image_16398,0.13699444311402084
image_16399,0.13699444311402084
image_16400,0.13699444311402084
image_16401,0.13699444311402084
image_16402,0.13699444311402084
image_16403,0.13699444311402084
image_16404,0.13699444311402084
image_16405,0.13699444311402084
image_16406,0.13699444311402084
image_16407,0.13699444311402084
image_16408,0.13699444311402084
image_16409,0.13699444311402084
image_16410,0.13699444311402084
image_16411,0.13699444311402084
image_16412,0.13699444311402084
image_16413,0.13699444311402084
image_16414,0.13699444311402084
image_16415,0.13699444311402084
image_16416,0.13699444311402084
image_16417,0.13699444311402084
image_16418,0.13699444311402084
image_16419,0.13699444311402084
image_16420,0.13699444311402084
image_16421,0.13699444311402084
image_16422,0.13699444311402084
image_16423,0.13699444311402084
image_16424,0.13699444311402084
image_16425,0.13699444311402084
image_16426,0.13699444311402084
image_16427,0.13699444311402084
image_16428,0.13699444311402084
image_16429,0.13699444311402084
image_16430,0.13699444311402084
image_16431,0.13699444311402084
image_16432,0.13699444311402084
image_16433,0.13699444311402084
image_16434,0.13699444311402084
image_16435,0.13699444311402084
image_16436,0.13699444311402084
image_16437,0.13699444311402084
image_16438,0.13699444311402084
image_16439,0.13699444311402084
image_16440,0.13699444311402084
image_16441,0.13699444311402084
image_16442,0.13699444311402084
image_16443,0.13699444311402084
image_16444,0.13699444311402084
image_16445,0.13699444311402084
image_16446,0.13699444311402084
image_16447,0.13699444311402084
image_16448,0.13699444311402084
image_16449,0.13699444311402084
image_16450,0.13699444311402084
image_16451,0.13699444311402084
image_16452,0.13699444311402084
image_16453,0.13699444311402084
image_16454,0.13699444311402084
image_16455,0.13699444311402084
image_16456,0.13699444311402084
image_16457,0.13699444311402084
image_16458,0.13699444311402084
image_16459,0.13699444311402084
image_16460,0.13699444311402084
image_16461,0.13699444311402084
image_16462,0.13699444311402084
image_16463,0.13699444311402084
image_16464,0.13699444311402084
image_16465,0.13699444311402084
image_16466,0.13699444311402084
image_16467,0.13699444311402084
image_16468,0.13699444311402084
image_16469,0.13699444311402084
image_16470,0.13699444311402084
image_16471,0.13699444311402084
image_16472,0.13699444311402084
image_16473,0.13699444311402084
image_16474,0.13699444311402084
image_16475,0.13699444311402084
image_16476,0.13699444311402084
image_16477,0.13699444311402084
image_16478,0.13699444311402084
image_16479,0.13699444311402084
image_16480,0.13699444311402084
image_16481,0.13699444311402084
image_16482,0.13699444311402084
image_16483,0.13699444311402084
image_16484,0.13699444311402084
image_16485,0.13699444311402084
image_16486,0.13699444311402084
image_16487,0.13699444311402084
image_16488,0.13699444311402084
image_16489,0.13699444311402084
image_16490,0.13699444311402084
image_16491,0.13699444311402084
image_16492,0.13699444311402084
image_16493,0.13699444311402084
image_16494,0.13699444311402084
image_16495,0.13699444311402084
image_16496,0.13699444311402084
image_16497,0.13699444311402084
image_16498,0.13699444311402084
image_16499,0.13699444311402084
image_16500,0.13699444311402084
image_16501,0.13699444311402084
image_16502,0.13699444311402084
image_16503,0.13699444311402084
image_16504,0.13699444311402084
image_16505,0.13699444311402084
image_16506,0.13699444311402084
image_16507,0.13699444311402084
image_16508,0.13699444311402084
image_16509,0.13699444311402084
image_16510,0.13699444311402084
image_16511,0.13699444311402084
image_16512,0.13699444311402084
image_16513,0.13699444311402084
image_16514,0.13699444311402084
image_16515,0.13699444311402084
image_16516,0.13699444311402084
image_16517,0.13699444311402084
image_16518,0.13699444311402084
image_16519,0.13699444311402084
image_16520,0.13699444311402084
image_16521,0.13699444311402084
image_16522,0.13699444311402084
image_16523,0.13699444311402084
image_16524,0.13699444311402084
image_16525,0.13699444311402084
image_16526,0.13699444311402084
image_16527,0.13699444311402084
image_16528,0.13699444311402084
image_16529,0.13699444311402084
image_16530,0.13699444311402084
image_16531,0.13699444311402084
image_16532,0.13699444311402084
image_16533,0.13699444311402084
image_16534,0.13699444311402084
image_16535,0.13699444311402084
image_16536,0.13699444311402084
image_16537,0.13699444311402084
image_16538,0.13699444311402084
image_16539,0.13699444311402084
image_16540,0.13699444311402084
image_16541,0.13699444311402084
image_16542,0.13699444311402084
image_16543,0.13699444311402084
image_16544,0.13699444311402084
image_16545,0.13699444311402084
image_16546,0.13699444311402084
image_16547,0.13699444311402084
image_16548,0.13699444311402084
image_16549,0.13699444311402084
image_16550,0.13699444311402084
image_16551,0.13699444311402084
image_16552,0.13699444311402084
image_16553,0.13699444311402084
image_16554,0.13699444311402084
image_16555,0.13699444311402084
image_16556,0.13699444311402084
image_16557,0.13699444311402084
image_16558,0.13699444311402084
image_16559,0.13699444311402084
image_16560,0.13699444311402084
image_16561,0.13699444311402084
image_16562,0.13699444311402084
image_16563,0.13699444311402084
image_16564,0.13699444311402084
image_16565,0.13699444311402084
image_16566,0.13699444311402084
image_16567,0.13699444311402084
image_16568,0.13699444311402084
image_16569,0.13699444311402084
image_16570,0.13699444311402084
image_16571,0.13699444311402084
image_16572,0.13699444311402084
image_16573,0.13699444311402084
image_16574,0.13699444311402084
image_16575,0.1369944431140209
image_16576,0.1369944431140209
image_16577,0.13699444311402084
