image_name,malignancy_score
image_2889.jpg,0.6169482553588547
image_11783.jpg,0.0024826568403024506
image_9485.jpg,0.04393662354634021
image_13252.jpg,0.13923782386736247
image_7967.jpg,0.007310170813503755
image_14918.jpg,0.597237170789979
image_323.jpg,0.0425301136200524
image_12778.jpg,0.5522524715852237
image_118.jpg,0.318331810674204
image_2074.jpg,0.038627239919841044
image_6070.jpg,0.002458390637350934
image_12308.jpg,0.03676985720585068
image_92.jpg,0.02861787660144121
image_10252.jpg,0.04275975541518062
image_8468.jpg,0.7711355309794278
image_701.jpg,0.006736110359869936
image_4119.jpg,0.05610785868830875
image_11316.jpg,0.014764652323544852
image_5704.jpg,0.0008443959981047733
image_1380.jpg,0.00012874505255523898
image_9317.jpg,0.0472748080830606
image_14047.jpg,0.10835689762374277
image_11804.jpg,0.055156616506749835
image_4455.jpg,0.20191202188729093
image_1597.jpg,0.3289179454258618
image_15856.jpg,0.033458464162823
image_3291.jpg,0.0037417002482248445
image_2682.jpg,0.01904665409853847
image_7318.jpg,0.8504818577275393
image_15670.jpg,0.616866963659095
image_3111.jpg,0.022060242369300914
image_5410.jpg,0.9758102763160854
image_5595.jpg,0.8982351249992143
image_16323.jpg,0.050724297925542394
image_10092.jpg,0.7068574889147692
image_6902.jpg,0.038533942397488044
image_16562.jpg,3.4853693347105485e-05
image_11079.jpg,0.09235698496048014
image_2393.jpg,0.005792265045078711
image_14574.jpg,0.0044260062484671485
image_9511.jpg,0.45395992497359106
image_10807.jpg,0.005020367508078618
image_3935.jpg,0.1881915357462086
image_98.jpg,0.15574784554499446
image_132.jpg,0.003246300593459684
image_4529.jpg,0.12215187528875604
image_10512.jpg,0.005997558837217812
image_11217.jpg,0.9027329936162153
image_2998.jpg,0.18696840770205467
image_6778.jpg,0.0007378422270322403
image_1396.jpg,0.013768557052607145
image_12748.jpg,0.2310488611211804
image_16047.jpg,0.016171876408611667
image_13780.jpg,0.0022532833435954984
image_16336.jpg,0.7104109779999429
image_9631.jpg,0.0017464816216974245
image_3907.jpg,0.014880826542677259
image_1870.jpg,0.011221192012842315
image_8406.jpg,0.029576828406784196
image_2667.jpg,0.029097990594376847
image_2858.jpg,0.709317255485918
image_71.jpg,0.0006506993898888885
image_5282.jpg,0.9100072320038533
image_2892.jpg,0.1113497087401208
image_7074.jpg,0.04232940273429833
image_12440.jpg,0.8038996190958021
image_16459.jpg,0.9930198980429626
image_5690.jpg,0.006513941862925393
image_14960.jpg,0.015134748248457284
image_11452.jpg,0.10502586505326131
image_490.jpg,0.01837457831306844
image_13455.jpg,0.006342342260975233
image_10743.jpg,0.009619577418786879
image_2471.jpg,0.045135685354024874
image_5649.jpg,0.0038468007534702897
image_13041.jpg,0.8976427661204678
image_3514.jpg,0.013138906148776571
image_116.jpg,0.0034217187219711615
image_1955.jpg,0.8282272155770805
image_10202.jpg,0.17835221523793582
image_7670.jpg,0.0022164067143605115
image_8484.jpg,0.02223850597045198
image_977.jpg,0.185136979764786
image_11457.jpg,0.0042107670160665776
image_15880.jpg,0.22650543693984385
image_3482.jpg,0.006825115523762481
image_15404.jpg,0.00039994687058681594
image_6209.jpg,0.4609475946646527
image_10701.jpg,0.005128076443377121
image_14806.jpg,6.280075717478157e-05
image_4213.jpg,0.002697840899935222
image_16089.jpg,2.7932138248999447e-05
image_2080.jpg,0.0030142736146222767
image_16189.jpg,0.022884633229125775
image_10352.jpg,0.07268684529736837
image_1539.jpg,0.002434166992195661
image_5090.jpg,0.029231748894248018
image_7810.jpg,0.007433596018832593
image_11085.jpg,0.0003378130636104066
image_2549.jpg,0.05808109701119056
image_13888.jpg,0.01559814671061383
image_16258.jpg,0.22765459930875034
image_10498.jpg,0.004404203228860365
image_7416.jpg,0.014733344258690105
image_15019.jpg,0.7428391748046556
image_11114.jpg,0.03219139865755163
image_3195.jpg,0.0043848511876621215
image_4261.jpg,0.00183275669591446
image_2688.jpg,0.4473876395159669
image_105.jpg,0.019169718895264854
image_14458.jpg,0.013645755090623865
image_10555.jpg,0.010558627213983865
image_3932.jpg,0.2727913507627649
image_10306.jpg,0.00797363042994102
image_14284.jpg,0.005935000595260758
image_1110.jpg,0.06658044403607104
image_16217.jpg,0.8649524968581168
image_8117.jpg,0.016863507530394527
image_15203.jpg,0.008700774037160025
image_13862.jpg,0.007640043145809586
image_9061.jpg,0.039287948642451456
image_4220.jpg,0.21022124655062688
image_10931.jpg,0.032486647159205045
image_5857.jpg,0.9946294821695707
image_7737.jpg,0.007202823565640814
image_9372.jpg,0.3428440106639587
image_15833.jpg,0.8138713737853954
image_6723.jpg,0.05701857985583502
image_16567.jpg,0.6635335854138207
image_12334.jpg,0.020737725992418816
image_9967.jpg,0.2683437929600981
image_9574.jpg,0.011128010332234267
image_12995.jpg,0.004363670981525063
image_2849.jpg,0.02407476222799211
image_12993.jpg,0.0011168637912351636
image_14309.jpg,0.003917954249561915
image_16535.jpg,0.41355047588159927
image_14172.jpg,0.0007663768357316328
image_7897.jpg,0.00024413354222892794
image_14734.jpg,3.777430020098998e-05
image_15497.jpg,0.08152236434442164
image_14607.jpg,0.0005247774822494572
image_3956.jpg,0.0303377534627227
image_6957.jpg,0.8580836520210352
image_15078.jpg,0.017151238478850285
image_7651.jpg,0.9856538817278563
image_5305.jpg,0.0023709194083582855
image_10684.jpg,0.001122369971609226
image_8672.jpg,0.0014259479917236634
image_4631.jpg,0.0530906873154628
image_16351.jpg,0.05552624132352267
image_12587.jpg,0.017700398821612458
image_14643.jpg,0.0033541106284021116
image_5405.jpg,0.13769772177646236
image_134.jpg,0.02200670880331519
image_6616.jpg,0.008968416441792344
image_2167.jpg,0.01200193544747447
image_3154.jpg,0.009588210988415396
image_6990.jpg,8.08533775120285e-06
image_14364.jpg,0.21451333090838404
image_74.jpg,0.008487302720901308
image_9650.jpg,0.0684896491780812
image_14356.jpg,0.002516281362369318
image_15167.jpg,0.0015912258417337263
image_3511.jpg,0.02272234330651379
image_8174.jpg,0.06275578332321945
image_5170.jpg,0.21318442318728423
image_9142.jpg,0.012482445983313259
image_3175.jpg,0.0018455213229410493
image_824.jpg,0.44807219329188047
image_5701.jpg,0.05080612007881697
image_2426.jpg,0.08324017197132441
image_3724.jpg,0.03391314519545466
image_1994.jpg,0.8169831885416429
image_5449.jpg,0.055919838991433164
image_12291.jpg,0.0006924973837383635
image_5346.jpg,0.008670371842809473
image_5947.jpg,0.008533387775114759
image_11615.jpg,0.0009385105634794851
image_2399.jpg,0.29289878430637306
image_15163.jpg,0.001163857343679756
image_12515.jpg,0.36983379875829747
image_9757.jpg,0.012633216368175543
image_9865.jpg,0.005826225474871018
image_3606.jpg,0.013134376273160457
image_11573.jpg,0.09366709795461119
image_15626.jpg,0.0018381301903088875
image_15941.jpg,0.01890237482255236
image_5278.jpg,0.004106572546681889
image_5428.jpg,0.21323883499052826
image_11291.jpg,0.9999217347662752
image_9560.jpg,0.002144146276388294
image_14968.jpg,0.004852721086207797
image_1081.jpg,0.27983005684460954
image_4508.jpg,0.0031476702825509804
image_8900.jpg,0.002477198173677325
image_11742.jpg,0.0020141917235336074
image_14391.jpg,0.050995738810765384
image_9706.jpg,0.2823668536224353
image_16188.jpg,0.02520479900678938
image_3127.jpg,0.0010094898669328629
image_15990.jpg,0.024528317212671975
image_6817.jpg,0.04399976958126227
image_9443.jpg,0.019788529753470216
image_16395.jpg,0.00016772684251428044
image_12199.jpg,0.033813611095553475
image_11709.jpg,0.011536115655073495
image_546.jpg,0.016051975775059336
image_10519.jpg,0.0030787294545721014
image_13059.jpg,0.00023582477785062472
image_4827.jpg,0.03234219705812314
image_9799.jpg,0.0029240952983898114
image_3913.jpg,0.5614347066135713
image_13272.jpg,0.008803842027833582
image_16364.jpg,0.0012594454411970328
image_12437.jpg,0.004016504828335268
image_6227.jpg,0.011251286273252675
image_9917.jpg,0.010479172040622677
image_938.jpg,0.027957425393143758
image_6528.jpg,0.10235675239185128
image_10141.jpg,0.23785215691619924
image_9529.jpg,0.8698575478874199
image_14329.jpg,0.0035400598197184393
image_4994.jpg,0.19887014840141123
image_528.jpg,0.12337120750952449
image_4780.jpg,0.005304585433391535
image_9196.jpg,0.01449965525255452
image_9573.jpg,0.0035281572213211607
image_10919.jpg,0.020335326680054826
image_6736.jpg,0.05669129091226987
image_2966.jpg,0.5246870612597633
image_14488.jpg,0.024758783245989503
image_8930.jpg,0.004147320720113633
image_8133.jpg,0.25071015610131947
image_5981.jpg,0.06552241312263819
image_5794.jpg,0.24171022418477803
image_11833.jpg,0.017350426288727072
image_15105.jpg,0.1439819552709583
image_10518.jpg,0.91346776056431
image_8881.jpg,0.0025861829200222886
image_9596.jpg,0.025624817263157088
image_14185.jpg,0.001065570510008899
image_15185.jpg,0.05700451599555006
image_4172.jpg,0.007043749193517804
image_14203.jpg,0.045773978334990785
image_15120.jpg,0.0059724946330301405
image_381.jpg,0.6359613411879711
image_13562.jpg,0.240611316558249
image_8591.jpg,0.20176899545449703
image_427.jpg,0.0022594752995857303
image_13483.jpg,0.14161612307462523
image_8820.jpg,0.029185890559996538
image_12496.jpg,0.00023851723696621292
image_12251.jpg,0.026565904953465627
image_5917.jpg,0.038700790652943365
image_7994.jpg,0.00016566448225216482
image_11495.jpg,0.07163928168125025
image_2533.jpg,0.015102771592019268
image_12319.jpg,0.0080077388383891
image_9680.jpg,0.7498923540443654
image_13470.jpg,0.5961750634843757
image_181.jpg,5.421804593312884e-06
image_13005.jpg,0.0040990358754703134
image_436.jpg,0.08101052816954807
image_6331.jpg,0.00838311790549654
image_1809.jpg,0.15467275918164866
image_7090.jpg,0.02436058791703953
image_13513.jpg,0.006170244244774164
image_2311.jpg,0.015215337728083863
image_15618.jpg,0.06320904168860862
image_4576.jpg,0.0007766060257517404
image_4944.jpg,0.1575221119386729
image_8939.jpg,0.16374302258557547
image_14195.jpg,0.025349970038682425
image_5654.jpg,0.005894263657377898
image_10333.jpg,0.001709683481104419
image_13756.jpg,0.4925576237324709
image_13589.jpg,0.7934046109781706
image_1848.jpg,0.0005209995375168774
image_12553.jpg,0.017904663663303445
image_5414.jpg,0.00032259529136826666
image_11123.jpg,0.04636129420586592
image_10921.jpg,0.05799674678844293
image_2298.jpg,0.1614597601524463
image_11444.jpg,0.698626994477258
image_3930.jpg,0.001960903935188684
image_10582.jpg,0.5618721022988524
image_7763.jpg,0.021738774913275898
image_13955.jpg,0.003956528244806819
image_4067.jpg,0.004463423428541356
image_7398.jpg,0.01780877854710919
image_10866.jpg,0.006372931611221899
image_119.jpg,0.8145632019860487
image_15509.jpg,0.008935870362517528
image_10799.jpg,0.016297717009159773
image_1168.jpg,0.019091539388873178
image_6394.jpg,0.06105411999594025
image_12075.jpg,0.005114231127620169
image_2834.jpg,0.0020545918162293672
image_8762.jpg,0.01187375949557823
image_16488.jpg,0.001745881845652824
image_16148.jpg,0.0017799572711314413
image_6710.jpg,0.8661856866108711
image_6034.jpg,0.002132764970416983
image_6198.jpg,0.009056143954265301
image_12571.jpg,0.01900584815853937
image_507.jpg,0.7350222142194623
image_2991.jpg,0.0011567845149328567
image_2020.jpg,0.006410019491466009
image_4962.jpg,0.012269964498647885
image_4825.jpg,0.0809452229586958
image_15344.jpg,0.03948740871505545
image_10260.jpg,0.005135436074416017
image_9204.jpg,0.0021950243920369574
image_2283.jpg,0.0003757742801726748
image_1771.jpg,0.000710339204829929
image_7598.jpg,0.13218409354438665
image_8386.jpg,0.012254306963572801
image_10898.jpg,0.033139034086020557
image_5676.jpg,0.06698100661653683
image_10515.jpg,0.01261474702368699
image_12154.jpg,0.001937358743135966
image_539.jpg,0.4858966946264977
image_10193.jpg,0.0003593654194140736
image_8810.jpg,0.0006313415622623566
image_9049.jpg,0.03370591182130732
image_8099.jpg,0.3195257880300878
image_15954.jpg,0.04136884984347005
image_3248.jpg,0.027222619622705908
image_15960.jpg,0.000550224714114486
image_13283.jpg,0.0010455927296813172
image_8547.jpg,0.008456141958817604
image_4742.jpg,0.0002964393313116991
image_587.jpg,0.06459462721029809
image_7442.jpg,0.10735823604906324
image_4919.jpg,0.01920519287644462
image_8493.jpg,0.0017917551921292746
image_2300.jpg,0.08362673906653997
image_1266.jpg,0.00043263587370357597
image_6619.jpg,0.20464658442545036
image_10731.jpg,0.006357980966497708
image_10267.jpg,0.000867935455019793
image_11436.jpg,0.000841668986994682
image_6345.jpg,0.10105687146618536
image_9181.jpg,0.031243711243111368
image_3584.jpg,0.03900069941008802
image_8276.jpg,0.00017074241827067576
image_15999.jpg,0.007705704117906124
image_7516.jpg,0.004050778263065207
image_307.jpg,0.03701527144294888
image_13138.jpg,0.9523235703162568
image_13145.jpg,0.2483400067846743
image_15018.jpg,0.8464270179647029
image_7142.jpg,3.672899355820874e-05
image_9277.jpg,0.0026102328895513728
image_13253.jpg,0.07909982800291981
image_12195.jpg,0.25910506186673926
image_10232.jpg,0.33816244282491076
image_2087.jpg,0.13118147066369643
image_5237.jpg,0.5917207860965247
image_2564.jpg,0.3686495013873275
image_16083.jpg,0.4891625933448599
image_6564.jpg,4.3795051188933914e-05
image_8753.jpg,0.013969573491676601
image_6014.jpg,0.014725067988095959
image_12943.jpg,0.23395814492253122
image_141.jpg,0.050053078679192606
image_7745.jpg,0.009625433813903761
image_8389.jpg,0.0034829541295808716
image_596.jpg,0.9110385184404235
image_14876.jpg,0.8727420844649603
image_15327.jpg,0.7301297261908531
image_7172.jpg,0.029406241154561988
image_15024.jpg,0.1235873449714641
image_2647.jpg,0.06402686038027353
image_1008.jpg,0.003483718030001282
image_13295.jpg,0.016149211460050845
image_6003.jpg,0.6535439634328918
image_9398.jpg,0.009250984283289269
image_12325.jpg,0.25694025842191803
image_842.jpg,0.23967002205518864
image_14592.jpg,0.14807578063335372
image_10708.jpg,0.005651945990228578
image_13306.jpg,0.004396914762421789
image_1279.jpg,0.8889481516557074
image_15628.jpg,0.1967915373828757
image_5490.jpg,0.002305578417765626
image_1929.jpg,0.5709873868233956
image_9451.jpg,0.01645082418375104
image_1530.jpg,0.9047265825409415
image_9953.jpg,0.7401792352011105
image_4949.jpg,0.0168070194116598
image_11734.jpg,0.15874397027111425
image_12193.jpg,0.8232177667745898
image_9072.jpg,0.0605510364857636
image_14149.jpg,0.0072833390907259266
image_15531.jpg,0.046859790881883155
image_9179.jpg,0.1092666588362484
image_13903.jpg,0.01683837434598841
image_12228.jpg,0.002072069600046007
image_7835.jpg,0.316274571211538
image_2037.jpg,0.06536839911159614
image_1778.jpg,0.17641251251249762
image_4167.jpg,0.004097630361141742
image_13947.jpg,0.2801995971616007
image_867.jpg,0.0026397005986267714
image_2871.jpg,0.11031754610331786
image_10525.jpg,0.9968511863221312
image_15064.jpg,0.02424019968527172
image_2534.jpg,0.7467426794478778
image_4507.jpg,0.0014447167698923965
image_533.jpg,0.005010822381906791
image_6822.jpg,0.0022339087922619125
image_5369.jpg,0.07352842867232577
image_8688.jpg,0.08385423930857092
image_11059.jpg,0.006428377089600534
image_4479.jpg,0.6220779031925856
image_11170.jpg,0.0003766901778730349
image_717.jpg,0.4036535508835584
image_1282.jpg,0.007063739919660781
image_5804.jpg,0.31234676289559615
image_1564.jpg,0.9424908447221534
image_3749.jpg,0.006877131329752701
image_2503.jpg,0.004565538512869965
image_15690.jpg,0.010277202270702886
image_3145.jpg,0.0005186417943237756
image_12185.jpg,0.03989240383437583
image_6141.jpg,0.0005938108837555819
image_9816.jpg,0.004497607498062474
image_14359.jpg,0.0024808153003218016
image_12760.jpg,0.04657553956795118
image_8635.jpg,1.3231125919335195e-05
image_1633.jpg,0.2693984315096849
image_15925.jpg,0.006510312313841153
image_8482.jpg,0.0728569649468559
image_9803.jpg,0.7488201813237005
image_15119.jpg,0.0017032555371197316
image_15143.jpg,0.0015591801154530276
image_4945.jpg,0.44078424958453494
image_2050.jpg,0.022415366847678832
image_7381.jpg,0.0034298949022741076
image_7886.jpg,0.06350020083037351
image_14033.jpg,0.014018168916477744
image_10887.jpg,0.003923117859674132
image_657.jpg,0.006156843946662856
image_13969.jpg,0.18995567504646724
image_14627.jpg,0.16775819815889625
image_7707.jpg,2.8353642899076915e-05
image_15299.jpg,0.19264702531519706
image_2501.jpg,0.012227425790166174
image_4750.jpg,0.06940563983770895
image_16340.jpg,0.008571938093530651
image_11046.jpg,0.02391285337871216
image_11546.jpg,0.06240676155237026
image_13297.jpg,0.9508854612536826
image_3219.jpg,0.00011168244239334106
image_10554.jpg,0.00022626957113619292
image_12787.jpg,4.669342510915519e-05
image_14345.jpg,0.5499001139922834
image_4839.jpg,0.11853399298265448
image_6138.jpg,0.6483927628270189
image_9960.jpg,0.0387832706306736
image_3392.jpg,0.938035580612435
image_2665.jpg,0.027061829171129162
image_3462.jpg,0.17611649653910808
image_14001.jpg,0.011360766013373873
image_7110.jpg,0.005480480118591579
image_4230.jpg,0.01678999403922185
image_11562.jpg,0.8731639592407182
image_7513.jpg,0.9035091045723219
image_6494.jpg,4.523656991405859e-05
image_11812.jpg,0.02945409293924088
image_14828.jpg,0.0006834498072493147
image_2526.jpg,2.965152374787145e-05
image_12609.jpg,0.03472001120530261
image_3376.jpg,0.00974750409397484
image_11903.jpg,0.0052952490141994
image_12278.jpg,0.004743152787867546
image_193.jpg,0.006723117452319847
image_3674.jpg,0.01596555474285883
image_11239.jpg,0.005654873117069662
image_16350.jpg,0.0018337972183502214
image_14207.jpg,0.03644549214992231
image_4952.jpg,0.052582751889591876
image_15697.jpg,0.38751637369387193
image_5758.jpg,0.008810613686745718
image_5768.jpg,0.009892924124353593
image_13600.jpg,0.0029994943791819243
image_1066.jpg,0.004727071399270533
image_4981.jpg,0.021965291788340724
image_11692.jpg,0.0012981883194121862
image_8773.jpg,0.2146349653324067
image_14267.jpg,0.1595574723220489
image_8933.jpg,0.0007039078186664937
image_6602.jpg,0.046285426282497016
image_2888.jpg,0.04408674702576125
image_12203.jpg,0.05560356352023888
image_13276.jpg,0.051017554667560826
image_9794.jpg,0.06334784150118657
image_10476.jpg,0.05660841473777889
image_11369.jpg,0.06404108226708981
image_2384.jpg,0.5999493714500581
image_5463.jpg,0.045608617549315306
image_2179.jpg,0.004499665321280227
image_13205.jpg,0.02795450760816748
image_12378.jpg,0.04202698647033576
image_13418.jpg,0.11834078559722393
image_14653.jpg,0.052795681221369774
image_14471.jpg,0.007230665127995085
image_13233.jpg,0.059564489258772044
image_2594.jpg,0.21488378909024355
image_14635.jpg,0.040470742461364534
image_11636.jpg,0.00635136301878404
image_5060.jpg,0.047788114127134414
image_11723.jpg,0.75704879173741
image_14276.jpg,0.06357165294701873
image_3146.jpg,0.00529242353002634
image_15806.jpg,0.9770314462060243
image_742.jpg,0.07993077938567596
image_16426.jpg,0.04674931149789447
image_6679.jpg,0.015702377044254912
image_14062.jpg,0.0024114855537259255
image_9019.jpg,0.011639685076349224
image_8917.jpg,0.035322042521645926
image_4235.jpg,0.19244652728004297
image_8962.jpg,0.005420093205101392
image_6491.jpg,0.00016661930273116092
image_3223.jpg,0.019016686306808916
image_1134.jpg,0.03075552755034668
image_2441.jpg,0.01814499047871673
image_12511.jpg,0.006251953859672964
image_581.jpg,0.01424759656317043
image_5843.jpg,0.02441521444680713
image_12253.jpg,0.012686896291864886
image_16162.jpg,0.007184098396674782
image_12343.jpg,0.0005830095980973182
image_5708.jpg,0.5530561229394834
image_3032.jpg,0.08983243336542673
image_4893.jpg,0.1229516567472544
image_10397.jpg,0.0002617992800683295
image_629.jpg,0.009083357172099207
image_6275.jpg,0.0018899072794639176
image_4372.jpg,0.003856198924036536
image_9172.jpg,0.0014419526276911977
image_10793.jpg,0.24367525597640297
image_5513.jpg,0.0048632282460772495
image_4972.jpg,0.27989060962032764
image_3550.jpg,0.03379678332910297
image_15241.jpg,0.0710395827340189
image_15860.jpg,0.7303662992774782
image_13018.jpg,0.0005722864629191836
image_7424.jpg,0.008116983546731054
image_3124.jpg,0.0006522322590873014
image_13341.jpg,0.12286205617608693
image_12565.jpg,0.003561470019623682
image_4492.jpg,0.163517668091474
image_353.jpg,0.09808085494686362
image_7231.jpg,0.00010050545054585913
image_2756.jpg,0.6039085397257198
image_14814.jpg,0.3367935687093869
image_3600.jpg,0.0026837640325765005
image_16487.jpg,0.11429926661845016
image_5373.jpg,0.011452343187584719
image_6726.jpg,0.6371588252807011
image_8419.jpg,0.05215692471770234
image_14237.jpg,0.024776877512853582
image_9281.jpg,0.0017553911806662756
image_4019.jpg,3.25827923878524e-06
image_11139.jpg,0.031327197248225205
image_1774.jpg,0.00582079615186431
image_11176.jpg,0.001406534916729061
image_14199.jpg,0.0024689245933700757
image_6585.jpg,0.016497686519177757
image_7533.jpg,0.018381202537628195
image_10071.jpg,0.020044330486860263
image_9921.jpg,0.46380562490096894
image_13167.jpg,0.040425647662031765
image_246.jpg,0.0006767747355242941
image_9162.jpg,0.0002738163961014338
image_9546.jpg,0.2522365530495096
image_13109.jpg,0.04818793301211998
image_10915.jpg,0.029176693028745985
image_9158.jpg,0.0005774357262681307
image_3042.jpg,0.21882031610198635
image_11274.jpg,0.17890314905170657
image_11315.jpg,0.003241153446701713
image_4714.jpg,0.0007062161466929661
image_7285.jpg,0.7882298194980323
image_14122.jpg,1.0278781762250701e-05
image_9371.jpg,2.1945960033911388e-05
image_2847.jpg,0.6751743943779117
image_11683.jpg,0.018320210258789348
image_11354.jpg,0.03647441574620212
image_10693.jpg,0.00598202100171221
image_13737.jpg,0.002113715611957761
image_2646.jpg,0.20097199206678457
image_11489.jpg,0.6959915413862171
image_13224.jpg,0.002740924005355437
image_5839.jpg,0.003404535065639135
image_2162.jpg,0.01146521540069037
image_7617.jpg,0.07346445957441783
image_6107.jpg,0.002399214576849217
image_6028.jpg,0.20185989399916818
image_4520.jpg,0.02335023278946464
image_6424.jpg,0.46743732671553523
image_11925.jpg,0.14579228938237954
image_5064.jpg,0.013092036065862237
image_3382.jpg,0.11211474370055798
image_11744.jpg,0.0006600744839346511
image_9840.jpg,0.2867958345852814
image_3524.jpg,0.0002133953520899883
image_6008.jpg,0.0005450490586992391
image_12397.jpg,0.018857847522752713
image_2636.jpg,0.04983184131970428
image_10030.jpg,0.011581699815326855
image_4841.jpg,0.017767507732338376
image_3735.jpg,0.0855780819103462
image_3465.jpg,0.0046237537206776725
image_6365.jpg,0.005070550028572895
image_9736.jpg,6.263091718753544e-05
image_12874.jpg,0.0004850292962169578
image_6104.jpg,0.16786676819858795
image_4014.jpg,0.0009485542841883672
image_4984.jpg,0.010341772997457237
image_12245.jpg,0.07823692408002096
image_3894.jpg,0.10704675765941818
image_3489.jpg,0.087944305901453
image_12233.jpg,0.038359740116658395
image_8552.jpg,0.09677157243807732
image_11842.jpg,0.019061538152350774
image_10946.jpg,0.41358523407918635
image_8244.jpg,0.5440525219981917
image_10136.jpg,0.22737350130163828
image_5670.jpg,0.0023006542788438764
image_8632.jpg,0.03337172841446975
image_10960.jpg,0.8263479689214063
image_4954.jpg,0.4193618640309779
image_4647.jpg,0.0030196652714265613
image_1204.jpg,0.4465969662358914
image_10289.jpg,0.02672894363779481
image_11753.jpg,0.01939785675375359
image_6975.jpg,0.06419742328544038
image_4309.jpg,0.0022623667977564334
image_2693.jpg,0.0019841233212209283
image_5941.jpg,0.0031924480048023287
image_12534.jpg,0.08594067420877816
image_6429.jpg,0.0619342576778791
image_10639.jpg,0.18703002093881146
image_6073.jpg,0.6636167555100599
image_13317.jpg,0.014749267659399636
image_2160.jpg,0.0006583541106424649
image_9322.jpg,0.0029859607987846367
image_16288.jpg,0.07093478946423286
image_2343.jpg,0.00018163422596493466
image_14991.jpg,0.017323113439791
image_9755.jpg,0.009254145144469447
image_10666.jpg,0.9360393225959193
image_15663.jpg,0.002016368150267658
image_9857.jpg,0.3416599121946082
image_1918.jpg,0.05915323788656073
image_2974.jpg,0.39775235700268186
image_14251.jpg,0.12956251796555263
image_15219.jpg,0.9210031878329459
image_4159.jpg,0.6733867831021143
image_12703.jpg,0.03251990427993465
image_5953.jpg,0.0006178646036262538
image_6278.jpg,0.03861805866450805
image_79.jpg,0.008423005720866015
image_10923.jpg,0.15323246080416553
image_6624.jpg,0.0014830892561657305
image_11295.jpg,0.09873009144850259
image_395.jpg,0.058659260202404306
image_3227.jpg,0.0032654350458153803
image_11628.jpg,0.3389153710899937
image_13258.jpg,0.358499254618694
image_5348.jpg,6.811680239891964e-05
image_13850.jpg,0.005683500333313602
image_14075.jpg,0.002045729195171656
image_8150.jpg,0.033196925631565205
image_12109.jpg,0.009656081834071554
image_1239.jpg,0.06400072005328014
image_7200.jpg,0.3519339130207505
image_15262.jpg,0.0002545478694421096
image_16474.jpg,0.04773833353469188
image_4281.jpg,0.006767960429281822
image_1055.jpg,0.1789969537350971
image_11898.jpg,0.00040331086072133203
image_7869.jpg,0.11970947701232106
image_308.jpg,5.362074629407141e-05
image_2191.jpg,0.7136513381268579
image_12450.jpg,0.10885271822700628
image_5950.jpg,0.0012175795514690758
image_14279.jpg,0.7691878290543736
image_910.jpg,0.33840110976393695
image_7222.jpg,0.043779904865444835
image_13450.jpg,0.9399918658043388
image_8448.jpg,0.0005156819131920627
image_13815.jpg,0.3500909117489375
image_6445.jpg,0.6836628385767594
image_7660.jpg,0.0008144976964571747
image_6618.jpg,9.385626293264364e-05
image_13485.jpg,0.005017401265344852
image_3738.jpg,0.00260404518254448
image_7689.jpg,0.5540374673665849
image_15002.jpg,0.8952552048650467
image_11531.jpg,0.04340491411831407
image_8831.jpg,0.3772595488062252
image_14316.jpg,0.015168481136526624
image_5902.jpg,0.009480349649858846
image_180.jpg,0.01904620903775522
image_12504.jpg,0.015474132021280335
image_14235.jpg,0.30432571804255965
image_5427.jpg,0.6879946216147769
image_14350.jpg,0.012631158938009536
image_10477.jpg,0.26143928698848823
image_16024.jpg,0.04690211642330933
image_7587.jpg,0.3066234108601922
image_14825.jpg,0.0010678390005974371
image_2560.jpg,0.0006007277450346557
image_13117.jpg,0.0009736762469604056
image_1693.jpg,0.032752967599078496
image_13652.jpg,0.5192218255133434
image_15202.jpg,0.03617778931642073
image_12915.jpg,0.288592490174465
image_5009.jpg,0.08898712109570582
image_10583.jpg,0.04011118166138026
image_950.jpg,0.0059161593015130695
image_5354.jpg,0.9898720230297389
image_8261.jpg,0.05225893762847661
image_2891.jpg,0.004776945705552734
image_10800.jpg,0.17397488758254362
image_5291.jpg,0.11319164550317778
image_9635.jpg,0.0022483042235685313
image_2315.jpg,0.010676333873444254
image_13789.jpg,0.009064229098346253
image_9376.jpg,0.008373771998482837
image_14533.jpg,0.0013622341244799467
image_4216.jpg,0.33222828750417494
image_2250.jpg,0.001440104864113887
image_4364.jpg,0.014952496824875108
image_5830.jpg,0.009657760702675697
image_5663.jpg,0.44366476864741444
image_8457.jpg,0.640603890064607
image_15314.jpg,0.13000221426815867
image_9392.jpg,0.00898067543940724
image_12400.jpg,0.720324086840726
image_8204.jpg,0.015049897362036138
image_9931.jpg,0.08698996640193775
image_6392.jpg,0.03304290022782869
image_5101.jpg,0.10555001825438186
image_13618.jpg,0.0015259891734784457
image_8896.jpg,0.0010217069870383014
image_8726.jpg,0.00564523311118234
image_16256.jpg,0.8708607117481509
image_3388.jpg,0.22093106255279932
image_10259.jpg,0.9886464996444776
image_4778.jpg,0.004560475149665014
image_6259.jpg,0.9836651897701301
image_14035.jpg,0.5038752041311421
image_5027.jpg,0.474499314572434
image_5258.jpg,0.0317617511354097
image_14724.jpg,0.03758221229191941
image_15107.jpg,0.0013870020522237837
image_5783.jpg,0.009079047052942468
image_11306.jpg,0.0020221716103884465
image_6137.jpg,0.0013198217232765852
image_14068.jpg,0.48392542924159015
image_6044.jpg,0.8391128312631129
image_15341.jpg,0.09674181529769357
image_4519.jpg,0.022256140169334457
image_2387.jpg,0.043652766738742056
image_4525.jpg,0.0020681561124260904
image_9216.jpg,0.31330855359662196
image_1269.jpg,0.17345983246162308
image_314.jpg,0.00011997698511048909
image_8344.jpg,0.10400261867388105
image_2476.jpg,0.04024633232402002
image_5962.jpg,0.0024394711329311586
image_12820.jpg,0.052172853450571405
image_3698.jpg,0.012521176308998192
image_3951.jpg,0.002998577081604196
image_16466.jpg,0.4260274862758071
image_3468.jpg,0.7342359926206471
image_7586.jpg,0.02377096071642112
image_68.jpg,0.022311725569853825
image_3870.jpg,0.007250279338587228
image_10438.jpg,0.0021982236091236816
image_4753.jpg,0.00223467862090252
image_4878.jpg,0.0036343860431081645
image_8893.jpg,0.757461643427823
image_15359.jpg,0.015580942583786032
image_5616.jpg,0.7841806499551555
image_7385.jpg,0.016260594149987727
image_11211.jpg,0.0006943744990096637
image_10190.jpg,0.00019523486939057661
image_16485.jpg,0.004525238534682092
image_5054.jpg,0.6402457589092284
image_10310.jpg,0.7352460762012584
image_3723.jpg,0.9625065964841708
image_3962.jpg,0.8105975163418477
image_12988.jpg,0.026568878905103906
image_15751.jpg,0.0485351609874276
image_9735.jpg,0.4127328811652345
image_11793.jpg,0.0016325403809791556
image_3602.jpg,0.013647661748903563
image_7527.jpg,0.002623688966274946
image_11572.jpg,0.025038306428101013
image_14745.jpg,0.5644852879018054
image_1998.jpg,0.21772465352335388
image_9370.jpg,0.017218175715049053
image_10070.jpg,0.14230137573252244
image_4765.jpg,0.009363215943177147
image_5011.jpg,0.4037302978978009
image_9310.jpg,0.07651035395376705
image_4614.jpg,3.1039569931628915e-05
image_6777.jpg,0.012060659886862854
image_13497.jpg,0.0005573432562341641
image_9681.jpg,0.011005346274561548
image_12549.jpg,0.01408658540012045
image_14690.jpg,0.6807504721122909
image_12929.jpg,0.0213506086541164
image_5318.jpg,0.007329766639512341
image_9023.jpg,0.0023461769817553864
image_911.jpg,0.0032587823908819835
image_9020.jpg,0.5530578345728734
image_4100.jpg,0.00037476445603596315
image_9160.jpg,0.00022544057422531553
image_960.jpg,0.002240433406283288
image_7648.jpg,0.0017090903394251628
image_65.jpg,0.0002475118402375426
image_6666.jpg,0.008185168337979568
image_206.jpg,0.01710973760177502
image_810.jpg,0.14058517215569502
image_8135.jpg,0.05197907356185673
image_11037.jpg,0.3091493223209927
image_12301.jpg,0.006124916618249166
image_9382.jpg,0.0019335669241872635
image_7925.jpg,0.2665032161191258
image_13560.jpg,0.007678080616538333
image_9079.jpg,0.0011069360088950065
image_2499.jpg,0.9919626429830031
image_4302.jpg,0.014537361436719317
image_16276.jpg,0.002106438692155676
image_15384.jpg,0.05152206546900474
image_493.jpg,0.14131683227355996
image_11794.jpg,0.00012368744972193486
image_2772.jpg,0.0004406386729948703
image_14101.jpg,0.009463192772512126
image_3575.jpg,6.972882862412334e-05
image_7474.jpg,0.9732975000220807
image_13734.jpg,0.50128592854877
image_4493.jpg,0.27362568995369696
image_1995.jpg,0.001511507793626934
image_9246.jpg,0.060557492810135824
image_14071.jpg,0.29229878017326083
image_13278.jpg,0.0016820953602558288
image_5501.jpg,0.005630842153036272
image_14143.jpg,0.05477243534201869
image_3839.jpg,0.2174247240717574
image_2928.jpg,0.019744309522532907
image_740.jpg,0.002445164852293926
image_8739.jpg,0.08278304715709665
image_14779.jpg,0.00933524499279926
image_14198.jpg,0.011784941232279144
image_2335.jpg,0.25088371598270093
image_15972.jpg,0.9448572805301029
image_14612.jpg,0.005848164646220345
image_5623.jpg,0.0013614944545437073
image_15830.jpg,0.1392759736771097
image_4185.jpg,0.01492724618882773
image_2493.jpg,0.0013639107485929358
image_7325.jpg,0.030059882554363402
image_7802.jpg,0.04478693295885936
image_13187.jpg,0.017292413693475277
image_2502.jpg,0.008674051368782954
image_4021.jpg,0.0006419234456635059
image_2143.jpg,0.0034652311783642227
image_167.jpg,0.0004468915195737771
image_2026.jpg,0.00031592460055598215
image_12635.jpg,0.6407139787973869
image_15295.jpg,0.004410203090270269
image_15465.jpg,0.01823647476787696
image_11284.jpg,0.06957988171967301
image_9491.jpg,0.1997864617903034
image_11468.jpg,0.026950655371840528
image_2720.jpg,0.005521985503445684
image_10775.jpg,0.00370463027773902
image_11978.jpg,0.004394601069807002
image_3360.jpg,0.6239657065409466
image_16291.jpg,0.22876203721256902
image_16446.jpg,0.018467281020646806
image_6458.jpg,0.016907036607384057
image_2422.jpg,6.173282032904135e-06
image_3409.jpg,0.04458230069844783
image_5388.jpg,0.00212247052366267
image_4568.jpg,0.000111834513882905
image_16376.jpg,0.04365592796664565
image_15770.jpg,0.0011892966481475116
image_11408.jpg,0.006768591025433038
image_9074.jpg,0.03275052046320375
image_13152.jpg,0.0002092747291296644
image_11986.jpg,0.012436198709158785
image_12066.jpg,0.2891445401846383
image_5933.jpg,0.41199334296295165
image_10924.jpg,0.9478478737745518
image_11928.jpg,0.024911896512825566
image_9362.jpg,0.020470978898087636
image_8095.jpg,0.00107789363999141
image_12781.jpg,0.010315982841109978
image_6903.jpg,0.0015389587743273195
image_15867.jpg,0.07094095298383213
image_6531.jpg,0.0012544129411943621
image_14796.jpg,0.13381746589335075
image_6698.jpg,0.04726680964565992
image_4912.jpg,0.037452492743493
image_3030.jpg,0.05821051203374796
image_7715.jpg,0.004756776521624097
image_4861.jpg,0.00038553802779813244
image_6444.jpg,0.2731646579801294
image_1041.jpg,0.10549546685054738
image_5730.jpg,0.00756293201686511
image_290.jpg,0.024907794654528175
image_15683.jpg,0.0017612076691408502
image_12311.jpg,0.008474969919283454
image_10632.jpg,0.000609700626313143
image_8378.jpg,0.1831111840136304
image_1599.jpg,0.020449052977420643
image_14790.jpg,0.0005385970325335899
image_7738.jpg,0.011199770556443743
image_15938.jpg,0.09107694238096252
image_9852.jpg,0.00010255560247562353
image_16172.jpg,0.036064684949498924
image_15887.jpg,0.5928387733756163
image_14589.jpg,0.014327810230685172
image_14729.jpg,0.06523706797996516
image_14491.jpg,0.04249108097063163
image_13058.jpg,0.022261050944495018
image_11933.jpg,0.002768370851304376
image_9052.jpg,0.013668862176248553
image_12421.jpg,0.5319256164619945
image_14527.jpg,0.013894872836670244
image_11276.jpg,0.34759874774671085
image_4394.jpg,0.03011791626900795
image_13229.jpg,0.0017348935604499522
image_12704.jpg,0.0002562843571484696
image_9306.jpg,0.16481056510834682
image_13964.jpg,0.12907019452488266
image_2252.jpg,0.0009336401647450122
image_1913.jpg,0.0014171922611310608
image_13802.jpg,0.15000903078629424
image_4924.jpg,0.000898319675266656
image_9129.jpg,0.030406672260359417
image_1750.jpg,0.23870748460971805
image_12174.jpg,0.885148723872426
image_2104.jpg,0.005149986687330976
image_8803.jpg,0.00031920765098477033
image_3657.jpg,0.05624599459150977
image_2417.jpg,0.8267829284443446
image_5574.jpg,0.06581196903712572
image_5880.jpg,0.25830761284863807
image_8161.jpg,0.13820691853569794
image_5207.jpg,0.05300066681647342
image_4969.jpg,0.027336104042933712
image_3067.jpg,0.17025940385362845
image_521.jpg,0.015543216467607287
image_15609.jpg,0.004501509086077677
image_12841.jpg,0.08095562164384836
image_1367.jpg,0.2144113345600607
image_8061.jpg,0.0007165760704847823
image_1188.jpg,0.0008928210903780378
image_4032.jpg,0.03114384265134154
image_12148.jpg,0.1537938175122406
image_7258.jpg,0.23563658161741627
image_8111.jpg,0.009511936708356823
image_2324.jpg,0.0009049381300563665
image_10973.jpg,0.001206492070070214
image_4650.jpg,0.38210452062196076
image_5260.jpg,0.3808352384194245
image_538.jpg,0.04219991218507943
image_136.jpg,0.004214935154297806
image_5167.jpg,0.4508560836035792
image_15080.jpg,0.13979910704357984
image_15731.jpg,0.001585449808486456
image_3590.jpg,0.0065417846389394674
image_649.jpg,0.46925406209649767
image_6493.jpg,0.0355400493221997
image_106.jpg,0.9706758673291374
image_14947.jpg,0.9767584336208487
image_8259.jpg,0.01619555714705268
image_4035.jpg,0.013679485158582668
image_11575.jpg,0.016195846309511742
image_10220.jpg,0.012764325487510046
image_16165.jpg,0.1453339724508721
image_7996.jpg,6.00663189623462e-06
image_12569.jpg,0.009235700077751116
image_15959.jpg,0.5184897034693042
image_6096.jpg,0.00012228747663614107
image_14584.jpg,0.05137826372438609
image_16216.jpg,0.009162272175915023
image_12683.jpg,0.003408608753061691
image_7151.jpg,0.0003684483346965921
image_691.jpg,0.0005248391662304576
image_16263.jpg,0.11240010802143215
image_6695.jpg,0.003679538908727949
image_2398.jpg,0.001322250497937421
image_2449.jpg,0.0066519138272730935
image_1458.jpg,0.08716938957522748
image_377.jpg,0.002994585580428782
image_15721.jpg,0.011773902394623014
image_3081.jpg,0.05374702545192967
image_12329.jpg,0.0007292104746249264
image_15480.jpg,0.07076570731174935
image_12658.jpg,0.007687319933629984
image_1253.jpg,0.001992825642354159
image_5199.jpg,5.1036205565660736e-05
image_9453.jpg,0.1259432593538287
image_263.jpg,0.1182803673091161
image_9349.jpg,0.7092375555960877
image_11558.jpg,0.00942896693505546
image_9408.jpg,0.5809700020404038
image_9046.jpg,0.02102770129816461
image_5162.jpg,0.021544223725906617
image_6521.jpg,0.0008679826348886277
image_7798.jpg,0.019263450047270682
image_6904.jpg,0.05490178719034535
image_10064.jpg,0.00048191140205387306
image_16238.jpg,0.003803120981214959
image_6582.jpg,0.9288831239228693
image_4329.jpg,0.0019940896724299274
image_4629.jpg,0.005062036024478043
image_9276.jpg,0.013245431596160947
image_10123.jpg,0.0012771575433933643
image_11294.jpg,0.4563978923352505
image_8350.jpg,0.006186518684850588
image_1350.jpg,0.010204166043851675
image_6205.jpg,0.0009757003158994669
image_10740.jpg,0.026122475760746663
image_2318.jpg,0.007397017560130927
image_16184.jpg,0.5751045508748699
image_12621.jpg,0.6752674436812213
image_16174.jpg,0.20239969515979708
image_6468.jpg,0.01716585722519893
image_3029.jpg,0.0397582054146793
image_1065.jpg,0.008136031903695882
image_9667.jpg,0.03895350379303177
image_11763.jpg,0.004239077781262684
image_10157.jpg,0.02044765736156571
image_1491.jpg,0.8052094508380786
image_6909.jpg,0.8542133037757643
image_7002.jpg,0.004300058003725634
image_8889.jpg,0.04323080333498665
image_4707.jpg,0.7978045960596061
image_1314.jpg,0.10478664124867906
image_15922.jpg,0.6864373813035696
image_9866.jpg,0.6055800813005809
image_3478.jpg,0.0005533566161133256
image_7849.jpg,0.20955446452070037
image_4660.jpg,0.008743226820026954
image_2208.jpg,0.04744586829975004
image_7758.jpg,0.03550100252367908
image_4458.jpg,0.0505842126159464
image_16094.jpg,0.7678172809009582
image_11597.jpg,0.012246136135131109
image_1767.jpg,0.00019263725218055555
image_12817.jpg,0.013337780472617905
image_15533.jpg,0.0007427365584829051
image_12207.jpg,0.013450593656482133
image_3957.jpg,0.005313724179283264
image_11618.jpg,0.05141093441500985
image_13615.jpg,0.0027226699429970113
image_1028.jpg,0.41005456062663936
image_2059.jpg,0.6688652378606048
image_7266.jpg,0.13618152313000664
image_7691.jpg,0.13157670129145801
image_2597.jpg,0.016589211649210452
image_15103.jpg,0.9797814337954985
image_13452.jpg,8.009075478581206e-05
image_11084.jpg,0.8945749605619733
image_1727.jpg,0.05521376667665886
image_3245.jpg,0.07916603214122311
image_4486.jpg,0.12171791143215957
image_5722.jpg,0.06066049980777855
image_78.jpg,0.006220015731970144
image_5539.jpg,0.0655422630829525
image_11039.jpg,0.09661187480078405
image_9199.jpg,0.5227054089327489
image_11001.jpg,0.6474920376387987
image_12563.jpg,0.0012156705342188563
image_1875.jpg,0.13688882640126784
image_1181.jpg,0.016812244029189644
image_6545.jpg,0.0005420225897698922
image_2077.jpg,0.00027496614027301783
image_9657.jpg,0.11528401089025683
image_1340.jpg,0.0010763474510169357
image_13806.jpg,0.02051111957163009
image_2796.jpg,0.05407232631661835
image_3458.jpg,0.0008285109590849878
image_13192.jpg,0.03603559169930754
image_12709.jpg,0.7129562875589718
image_10997.jpg,0.5070646776342724
image_10066.jpg,0.0016677825926487509
image_2173.jpg,0.03905419657332574
image_14673.jpg,0.034627303834562605
image_15077.jpg,0.007574815587421989
image_14300.jpg,0.001704686097691653
image_11480.jpg,0.0001597253683755354
image_681.jpg,0.027649201812891756
image_11533.jpg,0.7313090621605103
image_8875.jpg,0.009168998869005681
image_5432.jpg,0.002414867486548975
image_835.jpg,0.14889052656251384
image_15698.jpg,0.0007068341787276431
image_10351.jpg,0.06527207740048396
image_1709.jpg,0.49916312906541216
image_10173.jpg,0.023973888201804502
image_8877.jpg,0.003814385895783501
image_11266.jpg,0.7849333660943884
image_7383.jpg,0.022571995127488094
image_9587.jpg,0.00998737546280116
image_10107.jpg,0.0022968813575398013
image_12637.jpg,0.3243423364274095
image_3492.jpg,0.9086345554522015
image_11195.jpg,0.4410167593826782
image_14789.jpg,0.005867850442163311
image_16563.jpg,0.6097015620880939
image_8354.jpg,0.011150451761461603
image_5909.jpg,0.001806643387902552
image_4232.jpg,0.5700586820716628
image_3530.jpg,0.04724931594814657
image_10297.jpg,0.008719149944639432
image_8613.jpg,0.06858236400562012
image_12802.jpg,0.0007643035615059496
image_13624.jpg,0.2343610965611283
image_10406.jpg,0.6852606857012165
image_10573.jpg,0.06500053113581027
image_10916.jpg,0.04784654742609238
image_11781.jpg,0.0374268665899197
image_8447.jpg,0.03215380627109872
image_11509.jpg,0.0007282100409310144
image_7957.jpg,0.0011933872568875797
image_14074.jpg,0.008536476042255511
image_9524.jpg,0.08976198822044748
image_13804.jpg,0.1549908531632761
image_4546.jpg,0.072982087557866
image_15882.jpg,0.010695921845827381
image_6517.jpg,0.0025901832190909162
image_12642.jpg,0.0016265957850277453
image_11237.jpg,0.3753838561731226
image_6299.jpg,0.004560712652846528
image_16338.jpg,0.03551840131832645
image_16223.jpg,0.02771348028549204
image_7566.jpg,0.0046447786595067726
image_7125.jpg,0.18281992720702636
image_9579.jpg,0.7610989521232201
image_12300.jpg,0.030908897186251845
image_4452.jpg,0.005329679590929295
image_4999.jpg,0.013558753777892138
image_12552.jpg,0.7777903246479411
image_4054.jpg,0.040648570146049536
image_5248.jpg,0.14858055216287877
image_13010.jpg,0.016075942562001778
image_9155.jpg,0.05310327049115994
image_12183.jpg,0.0012104367058960975
image_4927.jpg,0.01867628284388807
image_8781.jpg,0.021126306028264492
image_13602.jpg,0.5257021622930586
image_3012.jpg,0.00889126265555684
image_3445.jpg,0.0007106510372357011
image_6483.jpg,0.10021536941498559
image_8505.jpg,0.0060460744558638695
image_7920.jpg,0.00031530349104979323
image_7584.jpg,0.00017079478351758078
image_4571.jpg,0.7336105858809873
image_3676.jpg,0.2793325093625832
image_4845.jpg,0.021248861690806822
image_11785.jpg,0.01597729078185557
image_3290.jpg,0.3176250945280142
image_1206.jpg,0.00021681956564337536
image_7422.jpg,0.006489604892202517
image_15114.jpg,0.018893382080861817
image_15777.jpg,0.0019748025237173727
image_3666.jpg,0.002189797184714558
image_11649.jpg,0.5891219809074922
image_5775.jpg,0.004717244669912973
image_12908.jpg,0.08895382017467457
image_8961.jpg,0.13719462587589204
image_15350.jpg,0.19890599161389638
image_1736.jpg,0.17473148191877408
image_13537.jpg,0.636090165296765
image_11254.jpg,0.14301577378451766
image_3390.jpg,0.7485616632084444
image_9553.jpg,0.1523296300765834
image_14063.jpg,0.05249747981544893
image_3483.jpg,0.012727903681973839
image_309.jpg,0.4443611552876139
image_3450.jpg,0.7352756550359488
image_15784.jpg,0.026026867782399505
image_3569.jpg,0.07843986524575734
image_8137.jpg,0.05235087193080782
image_5323.jpg,0.00013232577507742399
image_5891.jpg,0.033895304382507686
image_14412.jpg,0.018736471982628063
image_6747.jpg,7.750748481572033e-05
image_14131.jpg,0.0074171739445868315
image_15382.jpg,0.03187024044315532
image_14320.jpg,0.997784277116065
image_14052.jpg,0.05246072826906139
image_653.jpg,0.036023298600382656
image_8072.jpg,0.0023751630091560817
image_12126.jpg,0.003132879991596855
image_1667.jpg,0.017052993744522512
image_4356.jpg,0.0001655331429533534
image_9347.jpg,0.0038789618652407833
image_3719.jpg,0.03614202501588034
image_4273.jpg,0.003417768505790002
image_10831.jpg,0.003751244975493114
image_12180.jpg,0.3190650348879029
image_11159.jpg,0.12551538649774707
image_7152.jpg,0.13540903952903022
image_16073.jpg,0.9639968277257593
image_2029.jpg,0.0008827914240818746
image_9518.jpg,0.003974508439900118
image_10216.jpg,0.2297596260054194
image_2633.jpg,0.06032421109146371
image_7167.jpg,0.2261135162024424
image_12649.jpg,0.015657911651685952
image_15198.jpg,0.010665565768769772
image_9509.jpg,0.01807871118496248
image_12324.jpg,0.009633858064486833
image_16091.jpg,0.010970557697177466
image_1691.jpg,0.1398713002951551
image_4762.jpg,0.010647599872252923
image_8513.jpg,0.7262271189508137
image_8682.jpg,0.002469134441242427
image_14566.jpg,0.47504220003556297
image_9847.jpg,3.251433331133085e-06
image_14716.jpg,0.05879729356676306
image_11776.jpg,0.25419643801881525
image_12115.jpg,0.03247173656830733
image_8449.jpg,0.2971559071840393
image_2963.jpg,0.0014181219674460372
image_11554.jpg,0.00022000889245280916
image_7124.jpg,0.00019847016142336194
image_11820.jpg,0.08114517387179013
image_474.jpg,0.014527993738569953
image_9150.jpg,0.26976124037722987
image_10970.jpg,0.00179989361625188
image_7679.jpg,0.005698948944407326
image_11016.jpg,0.08458008763061726
image_2485.jpg,0.06418696653870669
image_13264.jpg,0.012067932954581173
image_9564.jpg,0.11107571152723934
image_4620.jpg,0.06944579699180346
image_50.jpg,0.03705413526514607
image_7048.jpg,0.03653502968535918
image_2455.jpg,0.0001757539608043243
image_15445.jpg,0.037234220913907934
image_1017.jpg,8.195475875338989e-05
image_7870.jpg,0.007061359144280433
image_8581.jpg,0.10075497978740941
image_8655.jpg,0.005510111183899352
image_10987.jpg,0.0011778512287961465
image_5837.jpg,0.011272656063284701
image_13488.jpg,0.008201616698455198
image_4429.jpg,0.10051449298630762
image_11689.jpg,0.009481489774551396
image_836.jpg,0.0070708874289402614
image_8191.jpg,0.01633319656269946
image_8957.jpg,0.00016056826321931406
image_14303.jpg,0.00025917745007090115
image_9202.jpg,0.029874222072608116
image_9661.jpg,0.0001820104796287258
image_14214.jpg,0.022846690868582566
image_12091.jpg,0.012331170455366355
image_280.jpg,0.004691975381298916
image_15672.jpg,0.012001217503127153
image_939.jpg,0.885680436295285
image_2023.jpg,0.10166132322228597
image_4630.jpg,0.16312834219910854
image_14928.jpg,0.7072647650530093
image_2175.jpg,0.17990416739937834
image_9195.jpg,0.019171283997319547
image_884.jpg,0.040565182151696265
image_13424.jpg,0.02570844608093236
image_11188.jpg,0.006868020545227713
image_178.jpg,0.014283931855587797
image_13070.jpg,0.0010160543762994846
image_13697.jpg,0.008633923983143662
image_8661.jpg,0.02433269671096678
image_2866.jpg,0.02696688414085788
image_7276.jpg,0.0019776952928525545
image_7455.jpg,0.0006183270454258413
image_15244.jpg,0.011959869408807972
image_15305.jpg,0.0006065814342876957
image_11184.jpg,0.07802190608593694
image_1681.jpg,0.038331968200869704
image_708.jpg,0.3580850567996393
image_11067.jpg,0.13724084199526557
image_1781.jpg,2.6056972020396917e-05
image_4544.jpg,0.9963681475004061
image_13673.jpg,0.1848982005510904
image_11250.jpg,0.11378678842533187
image_12212.jpg,0.007584420754434782
image_172.jpg,0.9965703297122502
image_11962.jpg,0.08936099813427925
image_11206.jpg,0.002546047285563678
image_16106.jpg,0.8742508298294932
image_2876.jpg,9.958213160179749e-05
image_10838.jpg,0.15758355377159455
image_9377.jpg,0.46908960528222965
image_15230.jpg,0.015600394980046804
image_6465.jpg,0.03898581110309696
image_1290.jpg,0.09927529612349767
image_5926.jpg,0.019322152587545976
image_15082.jpg,0.00010464279336920875
image_385.jpg,0.10872057060406667
image_1967.jpg,0.9403391056276137
image_15934.jpg,0.5922804175833444
image_5755.jpg,0.7716523074920237
image_2085.jpg,0.00020215797453226907
image_8785.jpg,9.744610758314425e-05
image_3490.jpg,0.007397663843484302
image_15969.jpg,0.016414366944290843
image_12767.jpg,5.190504383893591e-05
image_15375.jpg,0.0034253186831458083
image_6571.jpg,0.013280744608908204
image_16343.jpg,0.003057685327872001
image_14248.jpg,0.003612109808232567
image_14469.jpg,0.0020013958956900885
image_8058.jpg,0.11999129610271414
image_5251.jpg,0.05927569895263043
image_6670.jpg,0.012481652647301344
image_5617.jpg,0.0011565944057215715
image_8530.jpg,0.01679437653573237
image_13134.jpg,0.008425558466642377
image_11514.jpg,0.002740718010087059
image_13322.jpg,0.16802897027114758
image_485.jpg,0.16514184631744303
image_13120.jpg,0.0006459734462710001
image_16023.jpg,0.006211975036826292
image_8975.jpg,0.44331403955893817
image_16012.jpg,0.009292634843780425
image_13132.jpg,0.9908984357787755
image_6097.jpg,0.01541170056577126
image_11136.jpg,0.0844893399966692
image_10497.jpg,0.00026556022824636893
image_14041.jpg,0.5441379854764831
image_3230.jpg,0.253044082449808
image_686.jpg,0.512596077706123
image_1374.jpg,0.0025443095797024725
image_4643.jpg,0.010559615592658354
image_14348.jpg,0.05012928675476882
image_13707.jpg,0.19894598794569762
image_13378.jpg,0.004794190944162248
image_7853.jpg,0.37964247345572144
image_4323.jpg,0.14206945133141424
image_1378.jpg,0.0035973163259260033
image_16548.jpg,0.006381922488644149
image_268.jpg,0.012748391478635527
image_5038.jpg,0.01679195130845391
image_4860.jpg,1.64953703448181e-05
image_1489.jpg,0.016762652791832363
image_5564.jpg,0.005693577106111046
image_5610.jpg,0.03033083497990738
image_11296.jpg,0.001439048279399929
image_6116.jpg,0.006445544038966951
image_16132.jpg,0.008119101658189382
image_12557.jpg,0.002871687796323036
image_8090.jpg,0.0029397666780012583
image_5867.jpg,0.018600959653064433
image_6382.jpg,0.04043332767077338
image_4244.jpg,0.001385129723505121
image_10350.jpg,0.18430237966747828
image_7671.jpg,0.0012017831635855315
image_14706.jpg,0.004358710684735391
image_10560.jpg,0.012512420892990973
image_14848.jpg,0.017989774901327412
image_9850.jpg,9.075217861652395e-07
image_15763.jpg,0.10211080487759361
image_11601.jpg,0.02450933780658592
image_16440.jpg,0.07050740019314218
image_6470.jpg,0.15380313732853246
image_229.jpg,0.5217857726112882
image_12733.jpg,0.010474277855303062
image_107.jpg,0.010514235286334453
image_48.jpg,0.010332747842053434
image_13770.jpg,0.11704991813839605
image_8548.jpg,0.0014358402789929146
image_15160.jpg,0.09084603490427669
image_9018.jpg,0.1366888163871132
image_7228.jpg,0.0003192460776044515
image_9454.jpg,0.0002444621660468678
image_6650.jpg,0.013685851551888235
image_14887.jpg,0.42777059986524213
image_5472.jpg,0.2018111286972408
image_5914.jpg,0.4795964745790429
image_16472.jpg,0.01057856182066159
image_12178.jpg,0.07819099134323296
image_4960.jpg,0.35288699487673775
image_8740.jpg,0.7184554259975093
image_2904.jpg,0.0010875658629605487
image_13023.jpg,0.008233665476713252
image_15017.jpg,0.0016296136190114745
image_13843.jpg,0.039816698780126655
image_15664.jpg,0.08850899449183339
image_6216.jpg,0.009850398895955424
image_2983.jpg,0.054324858039547196
image_224.jpg,0.07617319821811996
image_6863.jpg,0.053836271523402764
image_13505.jpg,0.018569743477695726
image_12130.jpg,0.012914784199212744
image_2322.jpg,0.9771186842957965
image_15695.jpg,0.08143327657338734
image_12899.jpg,0.0007573571786365721
image_7043.jpg,0.1693135084920541
image_2286.jpg,0.002114684425557377
image_16329.jpg,0.0025701705066255628
image_14066.jpg,0.010434565036870135
image_7253.jpg,0.21454742613082597
image_13300.jpg,0.006505973958479714
image_6469.jpg,0.6263445698326932
image_12080.jpg,0.05659392063848129
image_16194.jpg,0.10283045181505833
image_7580.jpg,0.820537478271904
image_14206.jpg,0.00199766061836753
image_14861.jpg,0.0010518465561934545
image_2627.jpg,0.0009292782122964526
image_5053.jpg,0.054467279572775154
image_16098.jpg,0.001856730347337293
image_13905.jpg,0.0012574759728971774
image_9173.jpg,0.07973004075266138
image_6078.jpg,0.0017075808277795285
image_16565.jpg,0.0020251501738409046
image_13717.jpg,0.0016007486541821333
image_4105.jpg,0.002648948719449518
image_12830.jpg,0.004081002969859521
image_12526.jpg,0.38783768376176664
image_13077.jpg,0.24284167761924488
image_10122.jpg,0.10816966889197997
image_12332.jpg,0.1927929171948375
image_11431.jpg,0.0052129504830724935
image_4551.jpg,0.037299984495001846
image_10481.jpg,0.04508759036262524
image_716.jpg,0.012711637673373044
image_13530.jpg,0.7374036738931853
image_1286.jpg,0.040599073884582754
image_659.jpg,0.8323103320763936
image_7898.jpg,0.03621011696182144
image_16036.jpg,0.18513006593569778
image_12052.jpg,0.0002381621685360447
image_13971.jpg,0.00019384440434355992
image_10382.jpg,0.0007371565686455443
image_7887.jpg,0.0004443302709941629
image_10355.jpg,0.01610608841278876
image_16252.jpg,0.0008155423600302304
image_1125.jpg,0.14172743063777926
image_1584.jpg,0.08632151486838426
image_8012.jpg,0.271536168156611
image_304.jpg,0.034385760255868175
image_11821.jpg,0.015212157780510582
image_5094.jpg,0.04611869383946306
image_5068.jpg,5.652058857814151e-05
image_4970.jpg,0.8704045625384531
image_6647.jpg,0.005019159850264526
image_3205.jpg,0.0022045927220783884
image_2659.jpg,0.8041565643696239
image_2496.jpg,5.9475235928448275e-05
image_4377.jpg,0.0029729474802831285
image_211.jpg,0.0008404429494664566
image_10421.jpg,0.0012925380601981626
image_12279.jpg,0.2346977720182088
image_6885.jpg,0.14000806091397858
image_6532.jpg,0.0015934727747827337
image_14988.jpg,0.030580326839493834
image_9433.jpg,0.0391284803716741
image_7101.jpg,0.01682962126706347
image_11086.jpg,0.2091836050411881
image_6606.jpg,0.0024488821756411447
image_8617.jpg,0.0017589003508257843
image_15503.jpg,0.00819049498494574
image_10488.jpg,0.0002792610094488278
image_7457.jpg,0.0014265951254662102
image_3686.jpg,0.010665268053891315
image_13162.jpg,0.008562744519939177
image_9476.jpg,0.059501003753156825
image_12322.jpg,0.004163939548689894
image_577.jpg,0.0020641634201114174
image_14687.jpg,0.012677570929564784
image_4218.jpg,0.026082924445109703
image_10003.jpg,0.48690361518302794
image_7708.jpg,0.015110508351643095
image_7958.jpg,0.2337972524402478
image_15649.jpg,0.8063984753650844
image_9520.jpg,0.4947900833386553
image_2984.jpg,0.9882621170889255
image_11422.jpg,0.004127544809141969
image_6553.jpg,0.0029409925446024438
image_15592.jpg,0.00046437294533765853
image_10511.jpg,0.000506208649908144
image_3383.jpg,0.013920985378477045
image_6529.jpg,0.0023680790518313282
image_295.jpg,0.023338941798180066
image_16410.jpg,0.01373490526404448
image_8943.jpg,0.08800379283770048
image_110.jpg,0.00020229494186992762
image_13310.jpg,2.6521046432954553e-05
image_7290.jpg,0.014771961900072511
image_1966.jpg,0.18539839463579014
image_1174.jpg,0.01074896268629649
image_8298.jpg,0.009098208710038278
image_16576.jpg,0.01758254397664797
image_4524.jpg,0.005439419186153201
image_11107.jpg,0.03302688566969537
image_12538.jpg,0.09177614468073952
image_5165.jpg,0.3161144654889324
image_9343.jpg,0.07460444842139478
image_933.jpg,0.0016270794477795745
image_5505.jpg,0.04060380048122811
image_7501.jpg,0.03563056429223424
image_554.jpg,0.004575188241649688
image_6987.jpg,0.22656126334570414
image_11171.jpg,0.020113165142913482
image_4633.jpg,0.5112950201111996
image_9910.jpg,0.019017512537750296
image_16482.jpg,0.0036868372727320003
image_362.jpg,0.0007862503367383941
image_5360.jpg,0.03333517221209856
image_4679.jpg,0.03932596663064846
image_7966.jpg,0.00012053972097839685
image_5583.jpg,0.007432839365646593
image_9664.jpg,0.04044078737594162
image_5275.jpg,0.0014496999031900965
image_4179.jpg,0.9988211584605534
image_16396.jpg,0.27517738174421746
image_4923.jpg,0.011431187926284685
image_2690.jpg,0.12988088940020753
image_3484.jpg,0.003159063251867487
image_3375.jpg,0.054044728004109505
image_16290.jpg,0.013668514433766358
image_1258.jpg,0.39052166552056955
image_2089.jpg,0.03331032039732296
image_15101.jpg,0.00815217708060255
image_7303.jpg,0.025369298650542806
image_12492.jpg,0.9264934820433975
image_13057.jpg,0.963880839133271
image_13575.jpg,0.04240687538250021
image_14078.jpg,0.43430921482316265
image_7168.jpg,0.00529492137956378
image_8263.jpg,0.015582368372582209
image_1332.jpg,0.377794751397167
image_10945.jpg,0.001378494219940405
image_9992.jpg,0.23457913507476205
image_10215.jpg,0.32212224333273676
image_14617.jpg,0.3393488630883876
image_1448.jpg,0.15888986464188468
image_14984.jpg,0.726704140553923
image_1229.jpg,0.4295383794131883
image_855.jpg,0.0011036049056436484
image_6276.jpg,0.019739323217677598
image_15881.jpg,0.016451402413405602
image_1325.jpg,0.1583972378673006
image_1645.jpg,0.00414597106502041
image_616.jpg,0.0318015140473685
image_10760.jpg,0.3030737430912574
image_13075.jpg,0.4038193795573945
image_10690.jpg,0.05815233273705856
image_4203.jpg,0.1036188083820143
image_6115.jpg,0.02426802102680011
image_3002.jpg,0.006135495282841317
image_4477.jpg,0.23552175081381815
image_8007.jpg,0.04209521414615386
image_4375.jpg,0.9538450335607096
image_2141.jpg,0.0030560178231197684
image_12249.jpg,0.37662369428157433
image_14722.jpg,0.43140234391366966
image_3202.jpg,0.6487051295465693
image_791.jpg,4.7955074829838854e-06
image_12630.jpg,0.9930074534528951
image_13401.jpg,0.00921440119080094
image_841.jpg,0.005238209262193285
image_3437.jpg,0.06107716866046677
image_6897.jpg,0.2648694422575492
image_9259.jpg,0.003871104096401591
image_4675.jpg,0.4142375412477889
image_11449.jpg,0.006097041602649979
image_11603.jpg,0.03156302912399641
image_13973.jpg,0.0030239899830719367
image_9334.jpg,0.06398222654711973
image_3066.jpg,0.004551349449648021
image_12410.jpg,0.00028890509386116797
image_1510.jpg,0.17541718455086064
image_1743.jpg,0.04355641998210835
image_5964.jpg,0.022336450450504284
image_14040.jpg,0.013226993796164477
image_11669.jpg,0.0019196454168735292
image_9712.jpg,0.06181276481557407
image_11124.jpg,0.009473190391018032
image_12832.jpg,0.0006510210857170539
image_13578.jpg,0.08089951391729158
image_7550.jpg,0.014945745503813165
image_4766.jpg,0.0007637399947718242
image_15892.jpg,0.0005476640205718298
image_3881.jpg,0.009000810863394507
image_9876.jpg,0.003243510939458664
image_2801.jpg,0.8585395808800509
image_11970.jpg,0.004446635819980319
image_8863.jpg,0.02992731836334875
image_95.jpg,0.0015362345831486913
image_9182.jpg,0.9481045737227551
image_1242.jpg,0.7099995298457535
image_8151.jpg,0.01975648698353688
image_8428.jpg,0.00026456236528374236
image_5511.jpg,0.24086216262486376
image_3475.jpg,0.0035550023336315597
image_8693.jpg,0.00935749018056443
image_10532.jpg,0.2573021270040999
image_3713.jpg,0.018554799290023384
image_5789.jpg,0.001997971509830471
image_7592.jpg,0.011635917182671606
image_7473.jpg,0.01731523629935566
image_15530.jpg,0.07522220350409477
image_2896.jpg,0.0008707327434277871
image_2685.jpg,0.9281889760359094
image_15796.jpg,0.17409779863930755
image_16240.jpg,0.023930951691010498
image_13409.jpg,0.001638936894381654
image_11175.jpg,1.8267591967481548e-06
image_11233.jpg,0.030782391819504592
image_10670.jpg,0.007164420929757434
image_10174.jpg,0.1039180646736192
image_14372.jpg,0.006043449782423486
image_913.jpg,0.0903635394718059
image_16449.jpg,0.39366234471851724
image_3179.jpg,0.0003893402748636523
image_16295.jpg,0.1882044543959531
image_12445.jpg,0.027992358756389175
image_147.jpg,0.008286250573434233
image_15088.jpg,0.2897275314652803
image_4221.jpg,0.09794901329316123
image_12938.jpg,0.013201205962526169
image_12876.jpg,0.06292663881231135
image_12035.jpg,0.35882541881431346
image_14105.jpg,0.20075579875726793
image_7423.jpg,0.015348160114768852
image_10808.jpg,0.005089329873829094
image_10724.jpg,0.0013879414345734525
image_13768.jpg,0.0039965668165089455
image_6649.jpg,0.6922470289430027
image_13933.jpg,0.04447589137948275
image_12933.jpg,0.09960742609030425
image_7935.jpg,0.14738673185621723
image_13211.jpg,0.8676341105287061
image_10142.jpg,0.005773295485527581
image_10394.jpg,0.0002910961421429797
image_14628.jpg,0.04236313043799151
image_13545.jpg,0.06770581260362807
image_4320.jpg,0.5900857594424346
image_4010.jpg,0.09684204476923236
image_5549.jpg,0.9493809326794238
image_3611.jpg,0.914757236042306
image_10896.jpg,0.0012862103176558123
image_7696.jpg,0.0006168902286372483
image_1943.jpg,0.003928557574557247
image_15121.jpg,0.017950173127211456
image_3835.jpg,0.008229048574160406
image_635.jpg,0.0007171597219174239
image_10343.jpg,0.04988593411090234
image_4516.jpg,0.0015911385124489142
image_12821.jpg,0.21584605827794487
image_2575.jpg,0.00014320085599566314
image_12753.jpg,0.6785819854350444
image_5138.jpg,0.0032712780422896564
image_8564.jpg,0.00025619022459458197
image_4368.jpg,0.3676283267157009
image_2599.jpg,0.016740134909003425
image_10486.jpg,0.015179806352788181
image_1867.jpg,0.02476696072342687
image_4224.jpg,0.29900524490793
image_6464.jpg,0.35931219452149177
image_2969.jpg,0.004583465648267375
image_6428.jpg,0.11165478613088803
image_5984.jpg,0.0033780418386553965
image_14139.jpg,0.005682729355844972
image_6614.jpg,0.00025648407039138447
image_4396.jpg,0.001777422775397934
image_7170.jpg,0.004811805110056406
image_9544.jpg,0.004708306172455969
image_10148.jpg,0.04488695531925629
image_2805.jpg,9.09433628366672e-05
image_10039.jpg,0.00195404542693322
image_13496.jpg,0.014089969588415996
image_11103.jpg,0.10879939440961732
image_8277.jpg,0.006335779528631287
image_9283.jpg,0.005140228796905658
image_11838.jpg,0.4633641376053959
image_8323.jpg,0.02622484897627918
image_9029.jpg,0.6087916350717815
image_4249.jpg,0.0008893066184860424
image_1345.jpg,0.20678560676583124
image_11076.jpg,0.013693549363124927
image_16130.jpg,0.07394779987675167
image_12850.jpg,0.019332190311780163
image_13598.jpg,0.09588942728004685
image_12862.jpg,0.13294279755162222
image_6229.jpg,0.0018507427326550862
image_13250.jpg,0.0012036492483870442
image_9767.jpg,0.2490824097013624
image_235.jpg,0.010837318930126226
image_8247.jpg,0.08609125159453274
image_5321.jpg,0.0334936552792409
image_12641.jpg,0.00013896032613449957
image_6140.jpg,0.43943085929447756
image_5195.jpg,0.010564075070500317
image_1628.jpg,0.000651772669142516
image_14769.jpg,0.004260505486239484
image_14908.jpg,0.028204658548926585
image_4771.jpg,0.0031025489930402877
image_4726.jpg,0.005375575193653913
image_13337.jpg,0.008642420396669629
image_8712.jpg,0.0003907124291901494
image_3128.jpg,0.4064165222491462
image_7003.jpg,0.0006965863044300525
image_10991.jpg,0.010952618541560563
image_10709.jpg,0.9316300235480959
image_12652.jpg,0.04832744045463853
image_7044.jpg,0.9503500167142699
image_10649.jpg,0.0018989639116103552
image_12741.jpg,0.00020962100520183316
image_2625.jpg,0.9209489805425788
image_11257.jpg,0.0045462573912734006
image_12386.jpg,0.050316760654245965
image_2563.jpg,0.8960890714708959
image_8395.jpg,0.007058664351159608
image_6717.jpg,0.006911077846743432
image_1447.jpg,0.007557111989505516
image_11995.jpg,0.004577934635248717
image_1591.jpg,0.034635826511372786
image_9599.jpg,0.00017187987571102165
image_15476.jpg,0.31656417262785985
image_472.jpg,0.00017138019208481092
image_12104.jpg,0.2607809581367363
image_9742.jpg,0.005811659256232912
image_1977.jpg,0.09372986915570898
image_8003.jpg,0.0016281440825523712
image_12626.jpg,0.00449395073663412
image_15942.jpg,0.05336993736189989
image_7915.jpg,0.001458342580008286
image_12355.jpg,0.009212450737362324
image_2153.jpg,0.7755302666354419
image_8597.jpg,0.0008120792092667591
image_4263.jpg,0.05119786766506548
image_8030.jpg,0.010625130609485096
image_10843.jpg,0.044023413990934755
image_1140.jpg,0.046967015943359836
image_14461.jpg,0.0020475813082760984
image_1970.jpg,0.05701252891154962
image_5063.jpg,0.015579243839314205
image_4555.jpg,0.490318226900455
image_5729.jpg,0.03361754507565448
image_1435.jpg,0.048949027539382996
image_4288.jpg,0.009857079145575442
image_10023.jpg,0.02691209422823794
image_2897.jpg,0.7879889525151755
image_7232.jpg,0.010071328864025019
image_4806.jpg,3.3908199300571834e-08
image_5989.jpg,0.005380456278161625
image_15840.jpg,0.5007839297327008
image_15940.jpg,0.1726447142545755
image_6249.jpg,0.004904729004924662
image_13772.jpg,0.01686675155628999
image_998.jpg,0.022216328182880305
image_6938.jpg,0.12094606079009056
image_15011.jpg,0.007616842743424287
image_10768.jpg,0.00019481526827103086
image_3397.jpg,0.01079591076236139
image_5630.jpg,0.057577848639415154
image_7468.jpg,0.03725447949457189
image_8116.jpg,0.00459436345151034
image_14221.jpg,0.0014567371405456318
image_11621.jpg,0.007244354617908641
image_15824.jpg,0.005945048955304515
image_108.jpg,0.13100400086789094
image_6413.jpg,0.04749562836699495
image_14315.jpg,0.009219954940887997
image_14219.jpg,0.01159663845254667
image_798.jpg,0.03290240434310572
image_7211.jpg,0.014558512608091148
image_11231.jpg,0.7646565384729533
image_12867.jpg,0.000311555485763086
image_8114.jpg,0.8208687424095206
image_4853.jpg,0.5203498409240881
image_12348.jpg,0.0002814146501633614
image_1420.jpg,0.19238218692313708
image_2370.jpg,0.0008352310888439801
image_3607.jpg,0.0008401877759165995
image_13320.jpg,0.17998215128560638
image_2609.jpg,0.32348060132705264
image_14608.jpg,0.02561192055888546
image_2007.jpg,0.18971909070306375
image_6038.jpg,0.37883643623320085
image_2592.jpg,0.014163046363543888
image_3299.jpg,0.00030687049236862856
image_12328.jpg,0.5908135814497278
image_13679.jpg,0.027886804289630678
image_12902.jpg,0.014101239224381858
image_1948.jpg,0.046817258609135055
image_10635.jpg,0.00039803196581042623
image_10366.jpg,0.8329713860784014
image_2857.jpg,0.06023255904843083
image_2487.jpg,0.021904575489506216
image_8955.jpg,0.07939887536097599
image_8744.jpg,0.15565888618377494
image_7581.jpg,0.0045905565378326595
image_204.jpg,0.017592381380094956
image_1391.jpg,0.17332602124166055
image_11751.jpg,0.03891655068298287
image_8723.jpg,0.03835032088765677
image_2551.jpg,0.0010753101805491506
image_10033.jpg,0.0011332210391159342
image_5148.jpg,0.0017182052578156566
image_5187.jpg,0.0263281453876291
image_15231.jpg,0.016070287415450753
image_2591.jpg,0.002447689501951848
image_8519.jpg,0.20814059548646668
image_9766.jpg,0.0009015115746822104
image_4866.jpg,0.6256874448958863
image_6696.jpg,0.1168973453202351
image_14019.jpg,0.04606257491709295
image_10360.jpg,0.22516331098404854
image_15684.jpg,0.036133518684867576
image_15146.jpg,0.11693746364997916
image_8464.jpg,0.19448054851972058
image_13904.jpg,0.1963991768957028
image_5631.jpg,0.2957867721344742
image_6664.jpg,0.00025180645502421317
image_11363.jpg,0.0013178789550370937
image_9069.jpg,0.9586615791803293
image_16399.jpg,0.4869665460163925
image_10183.jpg,6.119662532916452e-05
image_15053.jpg,0.012783199076054201
image_1373.jpg,0.007165859001852124
image_7287.jpg,0.041744171080492116
image_4326.jpg,3.279289492048969e-05
image_7407.jpg,0.0037181973511125534
image_8595.jpg,0.00010888905739075066
image_11193.jpg,0.0011927586957999644
image_315.jpg,0.004504977174703944
image_15811.jpg,0.0005746352302325874
image_5008.jpg,0.00860237721973472
image_14541.jpg,0.0057965730848923485
image_4245.jpg,0.002031721514737721
image_13921.jpg,0.0015068536908832192
image_15072.jpg,0.004608726381642745
image_1249.jpg,0.0015054057497626181
image_1270.jpg,0.0012732164814172906
image_13311.jpg,0.10966264380589903
image_7776.jpg,0.012868661565696337
image_2079.jpg,0.10354102758900707
image_453.jpg,0.008462634445203345
image_10526.jpg,4.880767462733804e-05
image_9995.jpg,0.9971907901569554
image_13916.jpg,0.03233529150475788
image_14637.jpg,0.12062559599661754
image_7944.jpg,0.012477249524645231
image_5742.jpg,0.004757084762484253
image_5920.jpg,0.005399349784377653
image_12725.jpg,0.989835885714336
image_12041.jpg,0.004804268937689792
image_4402.jpg,0.001728101059029886
image_814.jpg,0.0010807251696787574
image_16114.jpg,0.007672169022102758
image_5615.jpg,0.0032788394230152678
image_15921.jpg,0.0008734921510634788
image_9279.jpg,0.028751149825330908
image_3531.jpg,0.7833623029282698
image_6797.jpg,0.008399258115051834
image_14721.jpg,0.6566272681195309
image_7475.jpg,0.0014381055432528486
image_13279.jpg,0.001963869347656109
image_11312.jpg,0.018004849908396497
image_5376.jpg,0.3061875576246468
image_11980.jpg,0.297609667530484
image_6787.jpg,0.07307346158484963
image_11290.jpg,0.07835332106872801
image_1533.jpg,0.00041123511465139
image_1544.jpg,0.01319437716670489
image_14989.jpg,0.039741228024343295
image_846.jpg,0.044510412215104496
image_1200.jpg,0.011338939927046552
image_5498.jpg,5.675108624002729e-05
image_4625.jpg,0.21729493723612023
image_14260.jpg,0.8754516288130686
image_8413.jpg,0.18219733242619335
image_15455.jpg,0.016613305167892244
image_7995.jpg,0.0040928544093822876
image_9515.jpg,0.2448256405389906
image_6637.jpg,0.034810881462237354
image_14093.jpg,0.010305748491895445
image_12700.jpg,0.020174048277018332
image_4537.jpg,0.011931132260420613
image_7348.jpg,0.044831278132042865
image_3658.jpg,0.41845802420911465
image_11892.jpg,0.3445281139407641
image_14515.jpg,0.47410573255370125
image_3707.jpg,0.06673063035250863
image_7825.jpg,0.002417742682082137
image_15948.jpg,0.017947760073897378
image_3710.jpg,0.9602908292366652
image_6700.jpg,0.030298673585114726
image_9303.jpg,0.0005447811473414736
image_13626.jpg,0.028773309551344103
image_7015.jpg,0.12606121600953651
image_1647.jpg,0.9973835950397943
image_8940.jpg,0.0830065039090656
image_13630.jpg,0.7763648184468552
image_1321.jpg,0.008222387268685636
image_5838.jpg,0.10302320277549916
image_10772.jpg,0.3475336622578365
image_12317.jpg,0.0064991192662353986
image_11021.jpg,0.0011834444670374086
image_12717.jpg,0.007468767397853842
image_6127.jpg,0.005300974733310498
image_5756.jpg,0.05606815518573489
image_14495.jpg,0.008068867924490417
image_9853.jpg,0.015792888519662856
image_2437.jpg,0.01296769394521228
image_4959.jpg,0.2976231661997761
image_6381.jpg,0.3964492433470348
image_10952.jpg,0.0005020079616737437
image_2640.jpg,0.024552758140674452
image_10602.jpg,0.3442342159574953
image_3335.jpg,0.058139949935784585
image_5218.jpg,0.00777450139867987
image_10983.jpg,0.047411605510439755
image_3253.jpg,0.07903701697586354
image_8844.jpg,0.7246957826795001
image_2063.jpg,0.2434112835958087
image_12028.jpg,2.755196188884919e-06
image_4290.jpg,0.06209320539674712
image_4899.jpg,0.12092031165028949
image_7284.jpg,0.021873643632726047
image_6187.jpg,0.01219789852444583
image_2233.jpg,0.030007326154278705
image_9787.jpg,0.0023313398728655654
image_11031.jpg,0.36406062570847497
image_16101.jpg,0.009617747420206626
image_13911.jpg,0.00010897535056532118
image_15311.jpg,0.0030582606078573328
image_8225.jpg,0.00027561511175106337
image_11926.jpg,0.004014581889321721
image_3170.jpg,0.6837106862593418
image_16186.jpg,0.016365544427962373
image_6550.jpg,0.005056415182557523
image_1555.jpg,0.9761533926888936
image_6870.jpg,0.05426659387041383
image_5409.jpg,0.006382302114811822
image_5095.jpg,0.20514638852958755
image_13105.jpg,0.06792668809812276
image_13309.jpg,0.005524687071604423
image_9765.jpg,0.02844158061131021
image_9467.jpg,0.07644893093826786
image_1097.jpg,0.7375761141669717
image_16169.jpg,0.02595872778003469
image_6894.jpg,0.0034104588000651416
image_2295.jpg,0.003666806785325693
image_67.jpg,0.004740047677623532
image_9455.jpg,0.014956428174277845
image_11235.jpg,0.819664606031088
image_275.jpg,0.002988547679911438
image_16282.jpg,0.40560740507582727
image_8374.jpg,0.00038996017245194515
image_46.jpg,0.029595961071036476
image_14735.jpg,0.002997334951158301
image_10821.jpg,0.5501309810823577
image_723.jpg,0.012497140474685633
image_14037.jpg,0.016824642804388276
image_10179.jpg,0.3278676900895872
image_8795.jpg,0.1154671169574674
image_5045.jpg,0.7370012587394873
image_2483.jpg,0.030200383672978497
image_13692.jpg,0.0010127766481012506
image_3997.jpg,0.020954119298408656
image_4796.jpg,0.5224185773578824
image_1070.jpg,0.0032476934293868623
image_11640.jpg,0.043990659847954056
image_561.jpg,0.004148179437487162
image_10758.jpg,0.14642878394235054
image_15003.jpg,0.11586266744372013
image_14981.jpg,0.19326995248431708
image_6477.jpg,0.18599867989487373
image_6264.jpg,0.013646724996436963
image_8148.jpg,0.0036571511927949215
image_2629.jpg,0.0002549690089161636
image_10361.jpg,0.12769227268994718
image_1048.jpg,0.0007414679446562499
image_7959.jpg,0.18439216399841815
image_11161.jpg,0.00018300365547791668
image_6406.jpg,0.03471670784680054
image_12414.jpg,0.14880729116613456
image_13984.jpg,0.10281306927152752
image_10781.jpg,0.25991617219666646
image_10367.jpg,0.021567787091990948
image_11786.jpg,0.018863535732534523
image_15092.jpg,0.8211854236861889
image_8115.jpg,0.009013310606411078
image_8871.jpg,0.01726169986572847
image_14447.jpg,0.0815165312836889
image_340.jpg,0.0712158345378836
image_15165.jpg,0.008130995111701407
image_14481.jpg,0.12944884108016383
image_13543.jpg,0.7858015090809606
image_2910.jpg,0.006593633649323466
image_13959.jpg,0.0005845575501590287
image_3739.jpg,0.014032769660639398
image_11774.jpg,0.2937209076506594
image_14283.jpg,0.5061933350152722
image_888.jpg,0.00034540274813368757
image_14374.jpg,0.01854000090212568
image_4457.jpg,0.008930521331120399
image_14504.jpg,0.012130713130010705
image_11907.jpg,0.05081676841328523
image_16277.jpg,0.08825193776120374
image_14870.jpg,0.0004039439582724636
image_2391.jpg,0.004657403647670077
image_840.jpg,0.015710250788627866
image_7486.jpg,0.0016606123854461241
image_5907.jpg,0.02967108341797745
image_1860.jpg,0.017288070566956262
image_9098.jpg,0.0007297912103541793
image_8305.jpg,0.010200587627260217
image_10564.jpg,0.01633101500564242
image_4250.jpg,0.07534736954405218
image_1232.jpg,0.10956645888549044
image_3604.jpg,0.00012288178193449359
image_7828.jpg,0.0004138487331255392
image_1636.jpg,0.03500089662110477
image_14714.jpg,0.002252810837253156
image_3947.jpg,0.006793719572100786
image_12710.jpg,0.7958921752775117
image_15049.jpg,0.000798860087840964
image_693.jpg,0.009835860007893453
image_111.jpg,0.04677103579162289
image_15297.jpg,0.06485526315745506
image_2813.jpg,0.8926039523719107
image_7.jpg,0.0005870974543357884
image_8842.jpg,0.003330409165498896
image_6853.jpg,0.2473759080841572
image_1479.jpg,0.0028318779466588863
image_883.jpg,0.0070306402494292805
image_10262.jpg,0.0007918039303523083
image_1138.jpg,0.019906382929166525
image_8177.jpg,0.10516565223493467
image_2200.jpg,0.4616954811833481
image_941.jpg,0.041924898087135135
image_6277.jpg,0.008693079833472487
image_4785.jpg,0.00055157267701751
image_6403.jpg,0.44679878951781976
image_9789.jpg,0.004114504428489901
image_4982.jpg,0.003100811959703296
image_7692.jpg,0.015566348497468996
image_11367.jpg,0.01918460906290028
image_13740.jpg,0.002038685638636101
image_15172.jpg,0.005659029702842761
image_9005.jpg,0.011592346295878197
image_4134.jpg,0.18072529001551518
image_16226.jpg,0.24374132060299655
image_15680.jpg,0.00024009457152838435
image_7099.jpg,0.00993566627972236
image_15890.jpg,0.00615717537914337
image_12510.jpg,0.036320715743218476
image_7821.jpg,0.009887507939329732
image_11048.jpg,0.41012324945791334
image_6781.jpg,0.0887139609162032
image_1287.jpg,0.4591194650213267
image_8294.jpg,0.4241533554264949
image_16575.jpg,0.15633133850358855
image_4269.jpg,0.42885952637822045
image_4692.jpg,0.01636151908644552
image_1791.jpg,0.42879471554846543
image_9228.jpg,0.173755274271166
image_11043.jpg,0.07369698373973212
image_4468.jpg,0.007077637225952124
image_1637.jpg,0.010534291791380126
image_2689.jpg,0.0056780804338551726
image_563.jpg,0.8159015848925295
image_14441.jpg,0.0031138708819788102
image_5713.jpg,0.21146831131119764
image_13265.jpg,0.9826052069110551
image_2964.jpg,0.05971096950670131
image_3228.jpg,0.01236459042063285
image_12893.jpg,0.03384041516678038
image_16161.jpg,0.15976213013413004
image_7120.jpg,0.002338328991943231
image_16499.jpg,0.823232106364653
image_11167.jpg,0.9781582147618643
image_16031.jpg,0.025747352768966517
image_1137.jpg,0.00012856680690251073
image_3987.jpg,0.018571782278686586
image_10155.jpg,0.004515911281824501
image_14065.jpg,0.002327793174335832
image_9972.jpg,0.07706776281248026
image_1171.jpg,0.17805510610032446
image_15458.jpg,0.1882930720547314
image_11866.jpg,0.004279424988173329
image_12354.jpg,0.11139257785374068
image_7117.jpg,0.019820542804016742
image_16220.jpg,0.33820522783466167
image_11761.jpg,0.039950836056920125
image_11249.jpg,0.0034199051516021
image_6419.jpg,0.021410249593868426
image_6000.jpg,0.3706601097633881
image_14758.jpg,0.00033602250528006134
image_12923.jpg,0.010836451347982879
image_8802.jpg,0.02776253269962123
image_2911.jpg,0.26249517942669914
image_9375.jpg,0.01916389983704685
image_13856.jpg,0.04243421002678561
image_817.jpg,0.0018112285769073034
image_14639.jpg,0.002173682414804484
image_2687.jpg,0.004762261002536331
image_9753.jpg,0.21204923606593373
image_10453.jpg,0.003689537367310409
image_930.jpg,0.027693166676070455
image_14632.jpg,0.002600602406635723
image_8181.jpg,0.4633998967821421
image_15093.jpg,0.004028028411994426
image_7175.jpg,0.0006617543962481936
image_9542.jpg,0.7947764951746215
image_8624.jpg,9.698146059278887e-05
image_995.jpg,0.004233311628569177
image_7842.jpg,0.1649286764097193
image_6851.jpg,0.009005678453744915
image_4867.jpg,0.0034683787532132264
image_7084.jpg,0.015658068154857298
image_12608.jpg,0.0006447060990035569
image_10737.jpg,0.0011275370559591176
image_12219.jpg,0.1269406606776859
image_2409.jpg,0.008057709405573663
image_13668.jpg,0.00040314145566071433
image_503.jpg,0.2852287684192423
image_5899.jpg,0.0009194447889572677
image_7224.jpg,0.8538169058539121
image_12935.jpg,0.01775357066159408
image_15004.jpg,0.0005782086720607993
image_751.jpg,0.0021552739467740967
image_9886.jpg,0.036805976262570934
image_1797.jpg,0.007512024259878715
image_2206.jpg,0.08502681259969525
image_5748.jpg,2.5632360273879917e-06
image_6054.jpg,0.21517415560670902
image_12949.jpg,0.0021907512009678716
image_6240.jpg,0.014516394977981514
image_16391.jpg,0.14717212113653283
image_8138.jpg,0.16452893481426067
image_5762.jpg,0.015134634440034824
image_6928.jpg,0.004088760574081403
image_11377.jpg,0.10234764025081247
image_8210.jpg,0.019857069150977732
image_3435.jpg,0.004000281100864092
image_13248.jpg,0.017605229553239888
image_306.jpg,0.02934735746036781
image_7673.jpg,0.7538523813704756
image_5125.jpg,0.20055625416205763
image_6091.jpg,0.004390014884806165
image_505.jpg,0.11624246519716562
image_7786.jpg,0.0011375348659459388
image_11541.jpg,0.0020766382487191035
image_446.jpg,0.000693639343603049
image_13871.jpg,0.00038605473762837276
image_15175.jpg,0.1673954908915613
image_619.jpg,0.010596219899793664
image_12826.jpg,0.006706911343634573
image_10229.jpg,0.024718459226604792
image_894.jpg,0.18340164287790414
image_8371.jpg,0.019358506961239797
image_3241.jpg,0.008638205697500007
image_7238.jpg,0.4991121703190644
image_15159.jpg,0.008175066774125566
image_10677.jpg,0.0033390396638187407
image_10558.jpg,0.008190012204224597
image_13151.jpg,0.022554541513234848
image_7012.jpg,0.8523005087494968
image_5516.jpg,0.0004499215424318658
image_2584.jpg,0.07295542776768689
image_6864.jpg,0.018328718516824632
image_11018.jpg,0.0017582550895911952
image_10396.jpg,0.00590251149783578
image_9494.jpg,0.3706919513135923
image_2181.jpg,0.022111091173668787
image_8854.jpg,0.26975599769462494
image_13967.jpg,0.0005646126331612903
image_11389.jpg,0.0003814724658476601
image_6849.jpg,0.0030121089085284286
image_9495.jpg,0.8678826554284272
image_2134.jpg,0.002719372241642858
image_8433.jpg,0.045376770699208924
image_13474.jpg,0.949874487044413
image_9190.jpg,0.0031274357466477467
image_3404.jpg,0.014890231167877693
image_9868.jpg,0.14213602384490018
image_5537.jpg,0.30801512876472226
image_13943.jpg,0.03293051030376692
image_14703.jpg,0.9006820264020832
image_8869.jpg,0.03857034974835556
image_6515.jpg,0.04493835198827547
image_12081.jpg,0.0006308573944668857
image_4648.jpg,0.016190229243271237
image_12179.jpg,0.0002535984837329572
image_6450.jpg,0.06986900932440822
image_15657.jpg,0.10077178571936524
image_4313.jpg,0.004935302269756993
image_15633.jpg,0.044075771833140855
image_6042.jpg,0.15307326658744172
image_4838.jpg,4.234152987880262e-05
image_6793.jpg,0.01654030150778935
image_3494.jpg,0.6150751878901471
image_7126.jpg,0.008320059506710591
image_1593.jpg,0.001204467858942053
image_3136.jpg,0.005976673625500721
image_1029.jpg,0.028058317568116328
image_8100.jpg,0.018610776396484948
image_14126.jpg,0.35512948674806416
image_13085.jpg,0.011135017804484663
image_6095.jpg,0.10744986624740445
image_8185.jpg,0.8570785975425349
image_13031.jpg,0.12000501897419598
image_5850.jpg,0.07563994580356959
image_53.jpg,0.005423249965324943
image_10342.jpg,0.06009120271930365
image_13701.jpg,0.0013789634608980068
image_5855.jpg,0.050275117129788084
image_733.jpg,0.006192304229759972
image_16310.jpg,0.04762209864335694
image_5802.jpg,0.007324057759902686
image_15952.jpg,0.5061287135510143
image_15775.jpg,0.07810672304655333
image_5893.jpg,0.0006012425482638306
image_560.jpg,0.030901179678522236
image_15329.jpg,0.000492823136848717
image_5214.jpg,0.08763566815688584
image_1207.jpg,0.006052429695528346
image_14777.jpg,0.0006937835438157281
image_9974.jpg,0.05436717534330675
image_3950.jpg,0.021275552950969695
image_4383.jpg,0.18137774557557654
image_2673.jpg,0.010221713036585471
image_256.jpg,0.38849014011637467
image_13291.jpg,0.12120135318006786
image_713.jpg,0.049322241489545865
image_14560.jpg,0.005694971757050217
image_3715.jpg,0.012500209611063007
image_10370.jpg,0.005656463294092454
image_14567.jpg,0.005333907068099239
image_6007.jpg,0.039123563407535554
image_2327.jpg,0.7699538093576624
image_10988.jpg,0.0002796066944390396
image_2985.jpg,0.017734938753869972
image_9342.jpg,0.9234889645084681
image_16493.jpg,0.005616762794733033
image_16050.jpg,0.00016599901035192966
image_15001.jpg,0.010496572651837796
image_13220.jpg,0.00433630236053146
image_14338.jpg,0.0003162677693107003
image_13827.jpg,0.09742840431060802
image_11212.jpg,0.4370925253078946
image_9881.jpg,0.0076332973896251375
image_3452.jpg,0.6279766428642141
image_7552.jpg,0.027774346046325227
image_14535.jpg,0.754753035598354
image_9117.jpg,0.004378995976361485
image_6296.jpg,0.0453324727016933
image_13627.jpg,0.0164152996569218
image_2163.jpg,0.05038938257066698
image_572.jpg,0.3137713409008822
image_4606.jpg,0.0010931522272477749
image_12578.jpg,0.16933885221182585
image_4424.jpg,0.0009670582736964308
image_3966.jpg,0.02490054202072315
image_1198.jpg,0.3278059232470581
image_5479.jpg,0.06109249150942578
image_5771.jpg,0.09868898048324999
image_5407.jpg,0.0052890218547945655
image_2256.jpg,0.09394627486658154
image_2002.jpg,0.00013415960814361195
image_14258.jpg,0.0038999332431999554
image_1808.jpg,0.0015489799606603404
image_10981.jpg,0.7677559227719832
image_14914.jpg,0.22169083606522041
image_14327.jpg,0.4779872020251557
image_6271.jpg,0.0015319266106494731
image_3886.jpg,0.03652402695832622
image_8226.jpg,0.22984419304171663
image_7784.jpg,0.8248432305427605
image_8750.jpg,0.07485821855748427
image_8978.jpg,0.007392528986738753
image_14586.jpg,0.13421886289734822
image_4681.jpg,0.0003488357790563658
image_10886.jpg,0.012720366516448806
image_6060.jpg,0.33990441157226414
image_14425.jpg,0.019606552229388306
image_9884.jpg,0.644411224024097
image_948.jpg,0.06758836251700218
image_1933.jpg,0.29251863933650013
image_2710.jpg,0.01714648213579895
image_5477.jpg,0.001294324176797729
image_7018.jpg,0.03410482015290215
image_10871.jpg,0.026259150479170695
image_7517.jpg,0.0012318434667008625
image_5457.jpg,0.35489535645913456
image_1631.jpg,0.0056105332617769925
image_11498.jpg,0.0704330131453671
image_10496.jpg,0.06273795058517255
image_3871.jpg,0.22854773745973028
image_9492.jpg,0.05989081981461138
image_11941.jpg,0.05243167400691079
image_9456.jpg,0.012144925019711397
image_14896.jpg,0.0076360997135410755
image_15322.jpg,0.005569035057881365
image_14175.jpg,0.024551999161631446
image_6340.jpg,0.022805169273234952
image_15304.jpg,0.021925013207666755
image_9955.jpg,0.08791195855828864
image_14209.jpg,0.0118209352867928
image_11527.jpg,0.004238371548600366
image_15610.jpg,0.0011780559507345413
image_13484.jpg,0.0004648959059060001
image_8657.jpg,0.03093917278885427
image_13369.jpg,0.00041758704276983344
image_2792.jpg,0.04845306753185546
image_9116.jpg,0.04766062726426531
image_3334.jpg,0.20584131195481695
image_1486.jpg,0.04948739210389517
image_10493.jpg,0.22007829201674978
image_8429.jpg,0.014097254158839377
image_318.jpg,0.00017661387714018123
image_12259.jpg,0.04283818996831186
image_5761.jpg,0.008828440501723331
image_4286.jpg,0.0007503130871002891
image_11662.jpg,0.004395763236496812
image_13091.jpg,0.03184866265646566
image_3744.jpg,0.04533545187202232
image_6312.jpg,0.010191088512984722
image_8421.jpg,0.001810905013523972
image_14148.jpg,0.5719951817601765
image_7975.jpg,0.27910636945756456
image_8858.jpg,0.031199968207848178
image_7817.jpg,0.060455272199520536
image_3311.jpg,0.04101739196665444
image_15812.jpg,0.6067418574997612
image_12327.jpg,0.40851542122221285
image_12461.jpg,0.0148245609457524
image_15362.jpg,0.0011423093698676853
image_1766.jpg,0.05740977456774081
image_2048.jpg,0.005171869154915044
image_5324.jpg,0.7476580989623955
image_1122.jpg,0.013284138935200824
image_14621.jpg,0.805270292154671
image_4711.jpg,0.07255547961279808
image_5573.jpg,0.025166810419193855
image_9323.jpg,0.0058578909124084285
image_5424.jpg,0.0006488043695891461
image_8044.jpg,0.7097485370874576
image_16225.jpg,0.1395510225960364
image_3970.jpg,0.04039691538785567
image_1108.jpg,0.0023294381103407306
image_569.jpg,0.10842501786424662
image_241.jpg,0.002315962081761307
image_2880.jpg,0.8981508248858949
image_11096.jpg,0.051249846399673844
image_12568.jpg,0.02948126446771231
image_12487.jpg,0.548772589538229
image_14433.jpg,0.0002648085031427617
image_4150.jpg,0.0005362505369661773
image_6754.jpg,0.003558342529969233
image_7236.jpg,0.20856112098790758
image_10531.jpg,0.01687213073419421
image_14655.jpg,0.0002445451921713931
image_2977.jpg,0.06127538098890148
image_5404.jpg,0.003455945584522217
image_14137.jpg,0.00022808336130390706
image_15118.jpg,0.0843042056677149
image_13180.jpg,0.4854162301000627
image_757.jpg,0.01595938485401717
image_212.jpg,0.006837611929267331
image_1013.jpg,0.5939618376555463
image_12507.jpg,0.019703014496465932
image_13919.jpg,0.7517460873523977
image_8966.jpg,0.004527081171817694
image_15776.jpg,0.7802904087931484
image_13873.jpg,0.05578839499738782
image_2204.jpg,0.032373234136093235
image_13907.jpg,0.0008199814907970594
image_12118.jpg,0.4341581435912977
image_13808.jpg,0.16362861198073647
image_643.jpg,0.007770213037911013
image_4256.jpg,0.020437402749707338
image_1614.jpg,0.00048820780230195664
image_5611.jpg,0.005198734534913491
image_10037.jpg,0.5615203743418582
image_5243.jpg,0.006234595472039098
image_176.jpg,0.00025579854667156235
image_13884.jpg,0.02447985399393508
image_15405.jpg,0.5781938592041855
image_4465.jpg,0.00589229765193382
image_13528.jpg,0.4400352785623059
image_9481.jpg,0.013910578309847427
image_11992.jpg,0.016709663179928193
image_7072.jpg,0.22060365304876975
image_9309.jpg,0.0014836457211181
image_16018.jpg,0.1275251548167438
image_2351.jpg,0.001053675725329944
image_6657.jpg,0.002966485944598528
image_3880.jpg,0.05603378184250923
image_164.jpg,0.18767646679261388
image_12869.jpg,0.004890757334561527
image_13412.jpg,0.08399686135142735
image_14853.jpg,0.006459006726660689
image_5226.jpg,0.00688355608969236
image_4412.jpg,0.0010979428992378155
image_15889.jpg,0.12784839839479348
image_13150.jpg,0.3613652423518014
image_4120.jpg,0.09264389919164505
image_244.jpg,0.020020112035849844
image_7083.jpg,0.0847998633245742
image_6134.jpg,0.004896459911987856
image_11087.jpg,0.00020351337126322107
image_10189.jpg,0.03392006748253348
image_1075.jpg,0.7737627241881634
image_14973.jpg,0.008629183610931384
image_1895.jpg,0.001677210048542298
image_9913.jpg,0.034660708746749515
image_8645.jpg,0.022666048901438397
image_1672.jpg,0.004573223148373968
image_13039.jpg,0.14569545494324523
image_15225.jpg,0.009568783457845575
image_1330.jpg,0.013638122808362366
image_15355.jpg,0.40760901711531644
image_13552.jpg,0.008425596896567149
image_5314.jpg,0.013538391092848438
image_5273.jpg,0.21835565413552696
image_16017.jpg,0.0010971135476398172
image_8424.jpg,0.00015128016232026243
image_14472.jpg,0.026517846018231674
image_6407.jpg,0.0002937485869480345
image_15772.jpg,2.1947001976278734e-06
image_12084.jpg,0.021467288832518406
image_6542.jpg,0.0023841052655078046
image_16299.jpg,0.002879915926842727
image_7744.jpg,0.005385943235258675
image_15789.jpg,0.0013164713483408126
image_14344.jpg,0.3594310313918869
image_15296.jpg,0.08140350148738722
image_6160.jpg,0.0001737947416254542
image_7097.jpg,1.969375501598047e-05
image_2655.jpg,0.12522981351199142
image_8265.jpg,0.5910080143363095
image_5937.jpg,0.01711581517274997
image_861.jpg,0.8680478710609719
image_5452.jpg,0.20294884413291067
image_9819.jpg,0.5015908047699211
image_10700.jpg,0.27919620937361933
image_15170.jpg,0.006004244347144737
image_11494.jpg,0.025655736282741943
image_14718.jpg,0.04001855955779428
image_14048.jpg,0.003148113736317506
image_15529.jpg,8.397737612872487e-05
image_4316.jpg,0.5256422774315366
image_3570.jpg,0.0005216671830638129
image_14987.jpg,0.007302179343336617
image_7439.jpg,0.1075467518362361
image_10901.jpg,0.1687173066471083
image_3851.jpg,0.002992585669655584
image_3906.jpg,0.0004800850056907626
image_11681.jpg,0.00012640044044541734
image_14083.jpg,0.001236617012458157
image_14570.jpg,0.9761581784424838
image_6913.jpg,0.058410647245914
image_15191.jpg,0.1850559832529917
image_3974.jpg,0.08466351611924375
image_11858.jpg,0.7238026893807762
image_1366.jpg,0.1319711571302881
image_7878.jpg,0.08107163923651765
image_7668.jpg,0.004540059001237646
image_57.jpg,0.02770307396692591
image_12309.jpg,0.00273901043930844
image_8818.jpg,0.0017856828042259383
image_3783.jpg,0.022418281083068772
image_16202.jpg,0.029579345073783198
image_13175.jpg,0.002848177071426792
image_10204.jpg,0.003968095534980958
image_15161.jpg,0.054157336128652526
image_5168.jpg,0.5773928885851032
image_11127.jpg,0.17966588315999568
image_9610.jpg,0.06997542128064109
image_4386.jpg,0.023448447021401003
image_6077.jpg,0.0015178570199546144
image_10321.jpg,0.0032904960308820833
image_11688.jpg,0.010105532035461095
image_10459.jpg,0.021807662308675334
image_13083.jpg,0.18011190446705108
image_5995.jpg,0.7960865872547768
image_8664.jpg,0.7634211319308505
image_9688.jpg,0.010463479279575324
image_182.jpg,0.05752501226534572
image_5925.jpg,0.1590612437024139
image_3858.jpg,0.13345357552741913
image_11809.jpg,0.0007618753497257466
image_15298.jpg,0.03767341820747672
image_1069.jpg,0.09660296748965347
image_14082.jpg,0.16677427164489766
image_3915.jpg,0.047803369045581426
image_11299.jpg,0.09180186714675297
image_15850.jpg,0.03095694206115194
image_7922.jpg,0.0052673277440837135
image_6327.jpg,0.037672779186666935
image_10502.jpg,0.01783894516324791
image_12006.jpg,0.010060309377738077
image_710.jpg,0.06967241141739189
image_7001.jpg,0.003809478088591899
image_16401.jpg,0.0026064633336634227
image_8945.jpg,0.009785553416444654
image_4583.jpg,0.05918577221656226
image_7329.jpg,0.9345898379060225
image_4453.jpg,0.9801564143020864
image_3082.jpg,0.003878045249705854
image_5073.jpg,0.1800442889041499
image_16110.jpg,0.9988819174232191
image_5913.jpg,0.00931659832478183
image_13547.jpg,0.00032821067741826575
image_8326.jpg,0.0610152565289875
image_3235.jpg,0.03792907094340891
image_10750.jpg,0.9546074592359867
image_2241.jpg,0.5845630293333923
image_12509.jpg,0.06326525391652185
image_3120.jpg,0.06226128540869765
image_4991.jpg,0.006087037561817567
image_10250.jpg,0.009239257686954919
image_15841.jpg,0.3102316658944761
image_9051.jpg,0.30018561993955994
image_7910.jpg,0.0010194267267092682
image_12645.jpg,0.04099252852869272
image_16571.jpg,0.0005339596926036915
image_7820.jpg,0.4875555351358695
image_2385.jpg,0.012398637503141173
image_4561.jpg,0.003210100811856547
image_4538.jpg,0.031206469191951268
image_3512.jpg,0.00421459011499163
image_15271.jpg,0.011644740603703702
image_3063.jpg,0.0014506618043479721
image_8256.jpg,0.0004660246246582666
image_15845.jpg,0.054422030533923235
image_2254.jpg,0.03265294663392341
image_981.jpg,0.01910429573062156
image_10912.jpg,0.03816466939836239
image_3246.jpg,0.001669348669838868
image_10631.jpg,0.006372976163151964
image_7328.jpg,0.5447670699341892
image_13486.jpg,0.008236840475001384
image_8588.jpg,0.06719091123960609
image_14174.jpg,0.021311986914158972
image_2259.jpg,0.2378326759787837
image_9477.jpg,0.00661228222780371
image_10672.jpg,0.0018056021419371
image_15319.jpg,0.015903424796085246
image_6998.jpg,0.009887191234435141
image_6692.jpg,0.9868362685622717
image_11475.jpg,0.5576050581905376
image_10146.jpg,0.009733968616701841
image_5719.jpg,0.01524209881300266
image_14856.jpg,0.03287394061495113
image_3777.jpg,0.2683715446695641
image_9344.jpg,0.1354288893737356
image_14795.jpg,0.04808868141683727
image_9791.jpg,0.008007627745316472
image_7752.jpg,0.002778407308981414
image_13217.jpg,0.0021986908551824757
image_10910.jpg,0.33963721569737904
image_1854.jpg,0.009699132847072871
image_1.jpg,0.05902041281936273
image_6135.jpg,0.013692250183948275
image_8339.jpg,0.03838629596552978
image_1101.jpg,0.15686099794239697
image_16404.jpg,0.8861614127308174
image_11999.jpg,0.021676452391708123
image_15197.jpg,0.005216865315942275
image_2444.jpg,0.005257348942152752
image_13370.jpg,0.03220601326455089
image_5825.jpg,0.24948626592243636
image_15544.jpg,0.021762627050666818
image_3647.jpg,0.03019516110534176
image_12731.jpg,0.002108001824295495
image_11232.jpg,0.02087638095711465
image_7508.jpg,0.002615111231079583
image_15424.jpg,0.03731888822660268
image_4812.jpg,0.2847571692935707
image_16045.jpg,0.00018050730233106537
image_11719.jpg,0.010393946830916228
image_3964.jpg,0.007739731308720322
image_14179.jpg,0.16985003118948042
image_7390.jpg,0.029188873134203236
image_13830.jpg,0.3093655577296273
image_16501.jpg,0.0032708648719100538
image_1884.jpg,0.0019034348043992125
image_10307.jpg,0.0011121276959462488
image_15461.jpg,0.39016312657414876
image_9434.jpg,0.0016205370622747082
image_16566.jpg,0.010501336252977759
image_14281.jpg,0.21669958332135839
image_16033.jpg,0.013502378855196217
image_15068.jpg,0.6380447955118618
image_10137.jpg,0.008485277134468379
image_8241.jpg,0.007162787279392187
image_33.jpg,3.1822309190489985e-05
image_8131.jpg,0.01041461302552065
image_14644.jpg,0.15656786977349538
image_15016.jpg,0.0008310032725514562
image_7426.jpg,0.053067436188518655
image_5121.jpg,0.17514592937052736
image_7985.jpg,0.4226214957272674
image_12472.jpg,0.7745349977668189
image_11622.jpg,0.03645795761586239
image_10097.jpg,0.01105768088625492
image_7448.jpg,0.03957325776550546
image_15612.jpg,0.5013716599526036
image_325.jpg,0.01039939476334562
image_15507.jpg,0.006271601416436989
image_13255.jpg,0.09665017943937446
image_5554.jpg,0.003400838762350511
image_2825.jpg,0.005672296482710808
image_2520.jpg,0.0032700187896248785
image_13820.jpg,0.005192109965014462
image_10049.jpg,0.9407548069080685
image_2642.jpg,0.02218071263988246
image_15378.jpg,0.6063203260592245
image_6814.jpg,0.02917412441399202
image_2345.jpg,0.8755369216828072
image_7796.jpg,0.0770529511592304
image_13541.jpg,0.20554234956935916
image_9244.jpg,9.865028511719937e-05
image_5438.jpg,0.014536650964350388
image_9590.jpg,0.014711783025649064
image_3373.jpg,0.000399685091843776
image_10369.jpg,0.08457501624523243
image_2071.jpg,0.0008542523753508614
image_4515.jpg,0.010351771766563347
image_11882.jpg,0.02122926971075781
image_1961.jpg,0.010196283999128003
image_13302.jpg,0.0008572747442748939
image_7863.jpg,0.11583030388763714
image_6774.jpg,0.018829100398215115
image_2339.jpg,0.0007700390457541042
image_12580.jpg,0.001272236376238154
image_2873.jpg,0.9266756133491361
image_5074.jpg,0.021301798100350586
image_16380.jpg,0.051962552684706634
image_9751.jpg,0.11940731198102317
image_3378.jpg,0.019580143385071115
image_14415.jpg,0.015266329175581751
image_16512.jpg,0.2609686214190572
image_3743.jpg,0.0006940545088373426
image_14801.jpg,0.00014327523344793023
image_11663.jpg,0.0005380262167207842
image_13222.jpg,0.8793649141050697
image_3096.jpg,0.011309574323831489
image_2448.jpg,0.006191727773406927
image_7800.jpg,0.007580035265834223
image_14723.jpg,0.0008633942530715252
image_4315.jpg,0.9718530554774522
image_12934.jpg,0.01305071365849109
image_2247.jpg,0.00029588057318664837
image_6541.jpg,0.016226341736265897
image_14600.jpg,0.005369492414794012
image_15447.jpg,0.025502274246714415
image_2773.jpg,0.006174408029012293
image_15859.jpg,0.07021897177704627
image_15132.jpg,0.014443232986349796
image_6505.jpg,0.0018537585577641034
image_8045.jpg,0.0006110177703743256
image_12947.jpg,0.0013155758325880294
image_1989.jpg,0.058950819801544437
image_15623.jpg,0.22219938723961047
image_1708.jpg,0.06799837926388165
image_3434.jpg,0.005391139815790971
image_10181.jpg,0.016455874544444856
image_15215.jpg,0.07705686774337195
image_5657.jpg,0.0013660869360932009
image_4569.jpg,0.0013941006180437027
image_11644.jpg,0.0024077656147631233
image_13650.jpg,0.010922261830639433
image_16509.jpg,0.029610295673836697
image_6678.jpg,0.006544627661943798
image_1248.jpg,0.23440862885902136
image_6053.jpg,0.02166192022785205
image_5110.jpg,0.002029104403738224
image_7185.jpg,0.04680690223123285
image_13993.jpg,0.16645072047337697
image_15109.jpg,0.07967516821359694
image_8911.jpg,0.33272470496552153
image_12724.jpg,0.026383030872215326
image_11861.jpg,0.024079248326260638
image_11165.jpg,0.10345423050696564
image_694.jpg,0.17903881730356577
image_6087.jpg,0.00289358948603338
image_16269.jpg,0.0429899442561369
image_5683.jpg,0.0002983113411694644
image_5178.jpg,0.0014493037466162964
image_9813.jpg,0.001088850666284975
image_3337.jpg,0.816302671821077
image_7061.jpg,0.001736086898474954
image_4715.jpg,0.0008372041848002129
image_6284.jpg,0.00032932140711646975
image_4871.jpg,0.9700941145458061
image_14582.jpg,0.03888191365281155
image_1331.jpg,0.19760434516888217
image_7351.jpg,0.5851378383039828
image_15577.jpg,0.019826969097737016
image_12672.jpg,0.11371929830787594
image_13269.jpg,0.025152611397311446
image_4819.jpg,0.48475339697535225
image_12364.jpg,0.018005284923271903
image_14886.jpg,0.0043919898102093985
image_3939.jpg,0.007582489011006418
image_123.jpg,0.020883384002954867
image_12413.jpg,0.02907726908421031
image_12102.jpg,0.19561077550311298
image_13104.jpg,0.032946899915359075
image_12007.jpg,0.00022747160473594551
image_9551.jpg,0.01307193958115123
image_13390.jpg,0.004385783086752328
image_231.jpg,0.11018449661165511
image_4849.jpg,0.0003332002000655667
image_8129.jpg,0.46133615816050993
image_6020.jpg,0.0007143460536263491
image_12448.jpg,0.0017098270519477247
image_8080.jpg,0.008637947614730176
image_14116.jpg,0.0002693827916858659
image_10778.jpg,0.02167867087466117
image_4380.jpg,0.03145449626838041
image_7813.jpg,0.12970406240198512
image_179.jpg,0.00035558352184575647
image_14888.jpg,0.3447795632575427
image_16254.jpg,0.02865815556093269
image_15266.jpg,0.10239164494234718
image_3363.jpg,0.0019696850371704127
image_15441.jpg,0.001148814076946187
image_11592.jpg,0.12736218469459845
image_305.jpg,0.01932729972601975
image_14247.jpg,0.029675915344311198
image_9308.jpg,0.5314289595675394
image_15929.jpg,0.014327108582270409
image_9493.jpg,0.0007729023063355632
image_3479.jpg,0.11198980746120561
image_7361.jpg,0.004292385521567415
image_9222.jpg,0.002937688199646332
image_1464.jpg,0.06786318777049091
image_5293.jpg,0.0003321581534546628
image_242.jpg,0.8501148159023747
image_1215.jpg,0.0425924932632031
image_10627.jpg,0.004215401578009103
image_3463.jpg,0.655712511555394
image_13807.jpg,0.0003628406289717766
image_3213.jpg,0.953993876583724
image_15522.jpg,0.0013995634796813649
image_15891.jpg,0.05828240547577128
image_128.jpg,0.029323068572800325
image_16536.jpg,0.01895252124061743
image_6422.jpg,0.27871490376610886
image_10175.jpg,0.9245718688480179
image_10045.jpg,0.9456676591518121
image_7263.jpg,0.0025458769517865062
image_2289.jpg,0.40034022237562344
image_15685.jpg,0.01606632917603165
image_9570.jpg,0.0025616130212854655
image_2957.jpg,0.094292458587878
image_13381.jpg,0.15242153735528086
image_5350.jpg,0.002124625979270483
image_12895.jpg,0.09005104823582552
image_3919.jpg,0.07356556220836204
image_15099.jpg,0.010444858443995056
image_14152.jpg,0.009050692332253822
image_15988.jpg,0.015457374047532758
image_4709.jpg,1.8486238454443276e-05
image_3800.jpg,0.035623971891062374
image_15106.jpg,0.06567694646455499
image_14516.jpg,0.8058254337580998
image_2473.jpg,0.006841923769981148
image_16359.jpg,0.02630254390418144
image_14407.jpg,0.014410783369365385
image_7919.jpg,0.0073403107421022434
image_16271.jpg,0.014586970686276965
image_2361.jpg,0.07275559351855101
image_2290.jpg,0.0019314289011619738
image_10876.jpg,0.05215436495835256
image_14623.jpg,0.0012280823096982526
image_7132.jpg,0.009868930316343465
image_14686.jpg,0.059947634457336064
image_3556.jpg,0.012836206794395524
image_8238.jpg,0.002678421955580918
image_16235.jpg,0.3111028698780177
image_10611.jpg,0.15418314924967877
image_2868.jpg,0.03442143753817005
image_7077.jpg,0.07581578318698487
image_3860.jpg,0.0007652494667099129
image_3589.jpg,0.0034491847680576506
image_3265.jpg,0.18090497676450853
image_15641.jpg,0.08862796916512097
image_2161.jpg,0.1159563932468336
image_10594.jpg,0.08880263780168073
image_10537.jpg,0.0007735843105469248
image_12783.jpg,0.0001225271344679546
image_15686.jpg,0.004870456134388735
image_700.jpg,0.45949367063860325
image_16063.jpg,0.1819103067661316
image_8284.jpg,0.00023569909597137575
image_10029.jpg,0.0130652894949826
image_10938.jpg,0.1268934329627886
image_3446.jpg,0.0017219176815708383
image_8771.jpg,0.03887287120329422
image_11330.jpg,0.005665475644890504
image_14290.jpg,0.004185199252166519
image_5163.jpg,0.1568285865448633
image_6201.jpg,0.004734835685303244
image_15034.jpg,0.15000603682602262
image_11178.jpg,0.0520805172929432
image_4734.jpg,0.8261006109319358
image_15839.jpg,0.003862216293448549
image_15057.jpg,0.8941790049739063
image_3049.jpg,0.0014603004887186622
image_6015.jpg,1.0725395850689582e-05
image_3678.jpg,0.14014906241291564
image_15538.jpg,0.22063363100383923
image_10725.jpg,0.01464639850852174
image_970.jpg,0.9152391884579858
image_2229.jpg,0.4612558991807446
image_8212.jpg,0.007011244030903893
image_12780.jpg,0.015126595744559062
image_2403.jpg,0.007088876472464809
image_1912.jpg,0.0015510011219971064
image_10568.jpg,0.0006935856387650799
image_3535.jpg,0.005816436711322916
image_12263.jpg,2.1828448896755103e-05
image_2951.jpg,0.0044298999240892645
image_12702.jpg,0.00040449642897326344
image_8687.jpg,0.006500525788599637
image_5772.jpg,0.02513645109562154
image_8025.jpg,0.06839286295878419
image_6455.jpg,0.00479230873808043
image_16334.jpg,0.0016176448726785604
image_4301.jpg,0.011802698144079417
image_4240.jpg,0.6624989069467504
image_12852.jpg,0.26108420622761375
image_4603.jpg,0.011378858409608459
image_14552.jpg,0.6346316872805803
image_15917.jpg,0.038488791613459035
image_4266.jpg,0.00020376892713981908
image_15571.jpg,0.8910578762857375
image_6776.jpg,0.0008915333677127519
image_13025.jpg,0.01179218002387632
image_12088.jpg,0.13668307152634543
image_14804.jpg,0.23116377619302506
image_14443.jpg,0.000420408609168087
image_10976.jpg,0.00938896167605909
image_9959.jpg,0.3115684052881238
image_7242.jpg,0.05119902511095783
image_9814.jpg,0.013081930650786961
image_9985.jpg,0.0012320904098159367
image_13767.jpg,0.9588555159400927
image_11397.jpg,0.007667227782108543
image_8267.jpg,0.0026011573419931788
image_1617.jpg,0.024508819967192137
image_9139.jpg,0.02034923319264651
image_11308.jpg,0.9252063204358606
image_14055.jpg,0.0205785249676068
image_6576.jpg,0.8033333677048888
image_3714.jpg,0.0023769291143052223
image_12582.jpg,0.5306380849771245
image_9168.jpg,0.002302014742313873
image_8815.jpg,0.1426045977703052
image_15492.jpg,0.03052249852292365
image_3576.jpg,0.7186014623861203
image_2363.jpg,0.2966236657524672
image_15913.jpg,0.0009995914963768066
image_5793.jpg,0.005229932003092435
image_448.jpg,0.16893298916389946
image_3872.jpg,0.004728081115065017
image_11125.jpg,0.07078265741802912
image_9132.jpg,0.0022361904948872847
image_11058.jpg,0.9533058208927071
image_10127.jpg,0.0383031489335578
image_4047.jpg,0.011839498567186408
image_12434.jpg,0.019168323307133254
image_11279.jpg,0.03439404983460856
image_13289.jpg,0.4206247526962326
image_11393.jpg,0.8227079759913697
image_4971.jpg,0.0021234182393599643
image_6362.jpg,0.000207382922300925
image_9299.jpg,0.24824399064031358
image_14395.jpg,0.023615706168025098
image_7115.jpg,0.67655626576692
image_14979.jpg,0.06474736373895328
image_6714.jpg,0.1597395633978777
image_6588.jpg,0.011015694925675508
image_3807.jpg,0.2405033500730081
image_6162.jpg,0.002346321360382676
image_12101.jpg,0.6924010267817032
image_14039.jpg,0.14528218549552643
image_8060.jpg,0.6538455738614206
image_13111.jpg,0.00479661075324441
image_4925.jpg,0.8907507840971063
image_2463.jpg,0.0024465579068842468
image_9666.jpg,0.3970449527903997
image_14786.jpg,0.001628885189362833
image_4161.jpg,0.9143617717380064
image_16030.jpg,7.460350521100781e-05
image_11691.jpg,0.0026501374879655194
image_9327.jpg,0.234570208550015
image_1310.jpg,0.33006977670514803
image_3474.jpg,0.022275369072138864
image_465.jpg,0.0047503123495995616
image_90.jpg,0.0015380921566428966
image_16208.jpg,0.07049682376486276
image_10347.jpg,0.015940724704131756
image_10957.jpg,0.32761691055015324
image_14528.jpg,0.007419218187026662
image_14233.jpg,0.009018219681372308
image_6456.jpg,0.0019160497980227635
image_13951.jpg,0.023035397450154035
image_4699.jpg,0.0011224787975586015
image_15897.jpg,0.7626068836915598
image_4627.jpg,0.004305137760116117
image_6159.jpg,0.005655379898284321
image_12072.jpg,0.056164880771024224
image_6860.jpg,0.01573079927297331
image_5308.jpg,0.025332411349064284
image_2695.jpg,0.32081425934695573
image_12603.jpg,0.0037082708515961548
image_11075.jpg,0.9597348913174774
image_2562.jpg,0.08758415425878525
image_1329.jpg,0.02011411710662071
image_12918.jpg,0.0002879691025373905
image_9464.jpg,0.13905876426856897
image_14802.jpg,0.0013133845170744563
image_10409.jpg,0.004108617875708039
image_2072.jpg,0.005211130203322515
image_9692.jpg,0.039968201597160184
image_13693.jpg,0.9011209335463238
image_14875.jpg,0.47230807855948775
image_16087.jpg,0.04071914219942068
image_3790.jpg,0.004307112648556661
image_5221.jpg,0.08567417379753141
image_3703.jpg,0.00018471946724766161
image_9065.jpg,0.00471270904390696
image_4443.jpg,0.000496948164230518
image_12537.jpg,0.012593576123604604
image_13859.jpg,0.030936316124197526
image_2052.jpg,0.03148117247465804
image_2211.jpg,0.010270849041214074
image_8023.jpg,0.11505083731700802
image_16278.jpg,0.000531649955317545
image_1382.jpg,0.059535947236841066
image_8522.jpg,0.0024426607308777703
image_8194.jpg,0.27217570478782027
image_3850.jpg,0.9329576334230096
image_2127.jpg,0.001800737202508897
image_13633.jpg,0.050960719066544966
image_5156.jpg,0.13511366532421787
image_4604.jpg,0.021025126583790073
image_8019.jpg,0.0023100967682776166
image_2334.jpg,0.10741302375371496
image_5612.jpg,0.025394831627659157
image_8611.jpg,0.008273768419669331
image_9479.jpg,0.03594432055735766
image_11948.jpg,0.03556003645953736
image_14299.jpg,0.24001254175752054
image_1841.jpg,0.0043586248329442094
image_7913.jpg,8.457919039114823e-05
image_2036.jpg,0.038221152705489383
image_3231.jpg,0.30628497238085756
image_9585.jpg,0.9783343980204119
image_5111.jpg,0.17795475048315024
image_7579.jpg,0.002721260185852713
image_12574.jpg,0.020892283075033057
image_16439.jpg,0.0472471598369373
image_13053.jpg,0.0060500117437088516
image_12070.jpg,0.40155693194212655
image_467.jpg,0.9606385690495524
image_2973.jpg,0.0649644737703751
image_1979.jpg,0.028245314842608664
image_1621.jpg,0.00458146075709728
image_6750.jpg,0.04351314781990187
image_14091.jpg,0.6492674735180772
image_6079.jpg,0.010949634668832966
image_6771.jpg,0.011277753764579925
image_631.jpg,0.5657028536542521
image_5256.jpg,0.020376185526873883
image_15548.jpg,0.9230351820190263
image_10085.jpg,0.08194970753348756
image_6117.jpg,0.158343636516102
image_14683.jpg,0.5979871658373527
image_2459.jpg,0.29926871302551367
image_2021.jpg,0.007536082409859515
image_12791.jpg,0.16805888892748766
image_15968.jpg,0.0022824027168531864
image_13677.jpg,0.0017748172993559141
image_12473.jpg,0.914646154375348
image_15136.jpg,0.031415256563116944
image_12494.jpg,0.0026201377371895766
image_11247.jpg,0.0014691336192944042
image_8876.jpg,0.017976183115312606
image_15874.jpg,0.002094601274515024
image_10004.jpg,0.0031471201038074034
image_14691.jpg,0.0029142758132872175
image_2851.jpg,0.03264198912087036
image_5403.jpg,0.0010974269108219277
image_16306.jpg,0.0171892289496072
image_16328.jpg,0.0006307348969277022
image_2186.jpg,0.006696695332162362
image_15632.jpg,0.012021259420543719
image_14544.jpg,0.0001421983865893646
image_12788.jpg,0.1268051286885343
image_320.jpg,0.035185383202971814
image_12484.jpg,0.002206270541029408
image_6211.jpg,0.11834945730547192
image_466.jpg,0.03335848954774449
image_6758.jpg,0.0007318671589383881
image_2590.jpg,0.8512619335001285
image_15273.jpg,0.009061656086423914
image_5210.jpg,0.036773361530482045
image_5389.jpg,0.009257566411064011
image_10450.jpg,0.008802069892352498
image_13896.jpg,0.6069259423606013
image_6118.jpg,0.00799964504535776
image_2237.jpg,0.029042696171174134
image_1685.jpg,0.07400693836065503
image_10667.jpg,0.01563753283344395
image_7116.jpg,0.9450090650482867
image_276.jpg,0.8772317246003618
image_14191.jpg,0.026307437956272915
image_11378.jpg,0.009743110945418437
image_2721.jpg,0.05519484808301141
image_4662.jpg,0.002677552598251598
image_5408.jpg,2.9877509410344865e-05
image_5944.jpg,0.06279958438736341
image_15585.jpg,0.6480838390993475
image_2539.jpg,0.0006644585916012521
image_11953.jpg,0.004394745074911754
image_2088.jpg,0.042338800624649744
image_4133.jpg,0.036548167280254285
image_6828.jpg,0.11228698871802628
image_14540.jpg,0.021142087276580856
image_11476.jpg,0.6809711990232499
image_9381.jpg,0.07437176211925182
image_3672.jpg,0.014934369253832205
image_4409.jpg,0.001799772197667355
image_9171.jpg,0.0006072229956521529
image_5234.jpg,0.022955222188498603
image_12860.jpg,0.0012466912311017327
image_12318.jpg,0.004082529226629392
image_2149.jpg,0.11294668757863478
image_7203.jpg,0.029959187163999826
image_13385.jpg,0.0014672733017308294
image_2923.jpg,0.9810448310283919
image_3675.jpg,0.002408970293207017
image_12575.jpg,0.019716642587284953
image_15713.jpg,0.6483552421646651
image_13709.jpg,0.02458625677238986
image_16547.jpg,0.010687083121298485
image_11063.jpg,0.02102370938385718
image_4985.jpg,0.0011820610313186665
image_750.jpg,0.0003331589437170748
image_4500.jpg,0.01028919763288772
image_4197.jpg,0.15952497369415733
image_16335.jpg,0.02290675791164054
image_10269.jpg,0.7245054099540894
image_4783.jpg,0.0005282244472638663
image_15871.jpg,0.004033648961491071
image_8807.jpg,0.015062539336206137
image_225.jpg,0.02748773474821007
image_4777.jpg,0.006973442438397453
image_11641.jpg,0.06303615557778702
image_1370.jpg,0.007520372128872825
image_5189.jpg,0.12011826551105592
image_13606.jpg,0.8251560469148865
image_16462.jpg,0.009396881581509118
image_1847.jpg,0.006735462577238261
image_5439.jpg,0.3812877429433778
image_5075.jpg,0.02637500491698384
image_11415.jpg,0.00023620435430519402
image_6281.jpg,0.7726751391141693
image_15179.jpg,0.04145389369865829
image_15376.jpg,0.029431003150954368
image_16241.jpg,0.00019408843365382138
image_590.jpg,0.3448286596503709
image_8904.jpg,0.01308932117202006
image_1756.jpg,0.05786824962545651
image_4768.jpg,0.00034579044312231207
image_7297.jpg,0.9942190668427153
image_1056.jpg,0.08036719726355895
image_656.jpg,0.5987312910367472
image_4276.jpg,0.0019481028396901709
image_3596.jpg,0.0856550469286008
image_7903.jpg,0.03990013364170305
image_15547.jpg,0.006615377252951045
image_10201.jpg,0.19366828893937507
image_3868.jpg,0.6766152242745829
image_3973.jpg,0.0003345850878947602
image_5514.jpg,0.4688674084344194
image_15818.jpg,0.0011644000016582637
image_2639.jpg,0.04156780447168171
image_10469.jpg,0.09830742585530794
image_14361.jpg,0.006647183435309259
image_12305.jpg,0.056565237560140834
image_10661.jpg,0.0030582411453909273
image_10990.jpg,0.0609669345377988
image_2921.jpg,0.034695981995688074
image_15250.jpg,0.9677669752931859
image_5576.jpg,0.8475212830408011
image_711.jpg,0.03744715277574917
image_12156.jpg,0.02766273706197404
image_4187.jpg,0.1279713753067607
image_293.jpg,0.7455509800574989
image_1586.jpg,0.021210015470787318
image_3692.jpg,0.1347112976442506
image_8467.jpg,0.6641290108866845
image_4776.jpg,0.00245327455545485
image_10681.jpg,0.0048873629158661235
image_7750.jpg,0.031402446560528464
image_8633.jpg,0.25214763469577933
image_2994.jpg,0.12308472962465976
image_8692.jpg,0.02674900524254798
image_11891.jpg,0.0002621274983922218
image_1416.jpg,0.0905372192153268
image_3841.jpg,0.04515516950714735
image_5872.jpg,0.13986715203696234
image_11961.jpg,0.060785493990490505
image_3680.jpg,0.137060383636768
image_5781.jpg,0.0040867229322639545
image_5998.jpg,0.11431480545912015
image_3071.jpg,0.005785686068130583
image_16518.jpg,0.004658452493763903
image_16559.jpg,0.00037005715312675165
image_6171.jpg,0.0034260526689909856
image_13834.jpg,0.024814079146265617
image_5496.jpg,0.011443195876744383
image_12678.jpg,0.000823393668731913
image_11945.jpg,0.018453205878216816
image_10980.jpg,0.02510901446541568
image_6010.jpg,0.010850842295904795
image_10387.jpg,0.0010226205212833263
image_12766.jpg,0.6166233650736379
image_12634.jpg,0.10627680475137302
image_2424.jpg,0.8343456178651172
image_2293.jpg,0.017249772234213596
image_15243.jpg,0.007697426433480785
image_13722.jpg,0.05144492582020883
image_10891.jpg,0.978897484881066
image_5231.jpg,0.05301774243944152
image_11583.jpg,0.12658420505297183
image_7585.jpg,0.6973418276792862
image_9737.jpg,0.00012977066625798913
image_8269.jpg,0.31017529805473426
image_3884.jpg,0.21879375992588423
image_1012.jpg,0.004585320275736626
image_15829.jpg,0.3204086908740494
image_14591.jpg,0.03984241333630748
image_8062.jpg,0.02869715401791438
image_2197.jpg,0.038573647180678974
image_10904.jpg,0.9524413172524957
image_3639.jpg,3.2498872272026716e-05
image_10662.jpg,0.05797476759430467
image_8560.jpg,0.004948158151156966
image_15595.jpg,0.032953581116587416
image_3210.jpg,0.002737405504295456
image_15054.jpg,0.0011477792084814895
image_9169.jpg,0.005517420293025218
image_6636.jpg,0.0032232772201803493
image_15184.jpg,0.012716615419881368
image_11932.jpg,0.0007370981044829646
image_1454.jpg,0.5921066530883142
image_2694.jpg,0.0035758078300044275
image_4278.jpg,0.09133092077079338
image_4422.jpg,0.14604099971184303
image_2744.jpg,0.0007334518070187778
image_14698.jpg,0.3675994677511818
image_13251.jpg,0.017564415457264185
image_14823.jpg,0.15356956895544102
image_13389.jpg,0.002889136448104664
image_8816.jpg,0.0017460789052153476
image_6336.jpg,0.9143641605747408
image_11608.jpg,0.016498844676082685
image_3755.jpg,0.03674972451706614
image_7836.jpg,0.010944981630386545
image_2358.jpg,0.8516449360133702
image_2672.jpg,0.3319163260767639
image_16544.jpg,0.10740016469277959
image_13095.jpg,0.1707808485906776
image_9978.jpg,0.13859049819159125
image_9430.jpg,0.1001667097901724
image_16016.jpg,0.0097481913626834
image_11102.jpg,0.011188791830398604
image_11213.jpg,0.24893650982097673
image_7417.jpg,0.04050745417128118
image_14756.jpg,0.0011156589929493981
image_15965.jpg,0.011071155628156665
image_6348.jpg,0.01684325569551193
image_11485.jpg,0.005992826169029862
image_5606.jpg,0.006175207740072203
image_2205.jpg,0.006041831971443973
image_13526.jpg,0.0014168730446555403
image_3257.jpg,0.06078753730605354
image_12926.jpg,0.017452727743303253
image_2812.jpg,0.5999296766930369
image_2898.jpg,0.3275247815454852
image_542.jpg,0.13842323818756053
image_9425.jpg,0.07797508744176918
image_10892.jpg,0.518296924359174
image_12985.jpg,0.9849111562557458
image_16507.jpg,0.008971385288238978
image_7710.jpg,0.00031155038754545743
image_8454.jpg,0.006826092623295494
image_578.jpg,0.15744338796422666
image_5716.jpg,0.11490644101214263
image_3843.jpg,0.00017219320259819122
image_4339.jpg,0.04318573232909919
image_52.jpg,0.5819774727542236
image_9827.jpg,0.12594278575354415
image_14261.jpg,0.004421801084307803
image_8756.jpg,0.00013332533395758712
image_250.jpg,0.005696771247248125
image_9496.jpg,0.0001506783342747527
image_3728.jpg,0.00953922967417012
image_4069.jpg,6.735622577340432e-05
image_7334.jpg,0.00034739760331091977
image_14002.jpg,0.3055300247242725
image_6068.jpg,0.3105786945008626
image_3812.jpg,0.028525388239867507
image_3593.jpg,0.0008968320439859066
image_13548.jpg,0.011444840749764157
image_7465.jpg,0.005395926214378493
image_10246.jpg,0.00747176890395912
image_13305.jpg,0.001931084994501616
image_14121.jpg,0.14178129949449675
image_9114.jpg,0.4872122331715935
image_14196.jpg,0.0018926890811813014
image_1906.jpg,0.010523576230255025
image_14763.jpg,0.12783737644652113
image_2395.jpg,0.01042219772542362
image_11038.jpg,0.7284370261407483
image_11252.jpg,0.7688673442499799
image_10437.jpg,0.015932946946422513
image_6017.jpg,0.2348034226327827
image_13032.jpg,0.0004042668934361371
image_3107.jpg,0.17449884251371006
image_3904.jpg,0.0022951502677728396
image_3977.jpg,0.04010887332566257
image_2185.jpg,0.0037095174266532508
image_13821.jpg,0.00040771676740704207
image_1305.jpg,0.016872170022648857
image_12493.jpg,0.5206098545014799
image_6830.jpg,0.012252309008192993
image_14963.jpg,0.33493236763829226
image_799.jpg,0.032321698879669784
image_3983.jpg,0.0037635725942696966
image_6916.jpg,0.024804970649335664
image_14252.jpg,0.3037236899872514
image_13688.jpg,0.003153255578465467
image_15060.jpg,0.018429396596558494
image_10444.jpg,0.005621622255247855
image_14177.jpg,0.11491246522541045
image_11629.jpg,0.11814804114528296
image_6746.jpg,0.1956248747851107
image_11863.jpg,0.9625198508803913
image_12655.jpg,8.598034189853824e-05
image_8452.jpg,0.0150150495548184
image_6880.jpg,0.1082212471024585
image_1549.jpg,0.016378602495974934
image_7498.jpg,0.03149380164635088
image_5859.jpg,0.011906393467052868
image_5180.jpg,0.1267480244012256
image_14107.jpg,0.7521118622359985
image_3166.jpg,0.0009235911774710281
image_8792.jpg,0.008328360275371597
image_9025.jpg,0.7785202281449527
image_7733.jpg,0.021290513761923934
image_15905.jpg,0.05037480242621502
image_4741.jpg,0.6152957720191407
image_13803.jpg,0.07725624217218342
image_7464.jpg,0.0250010590441501
image_7113.jpg,0.0005828382417430079
image_14440.jpg,0.0048391637767023895
image_8860.jpg,0.14110848574805174
image_2783.jpg,0.0008096479329739694
image_12202.jpg,0.006191860418330429
image_12491.jpg,0.00014595527983280644
image_10495.jpg,5.5011026108315426e-05
image_14713.jpg,0.01025762552403711
image_5648.jpg,0.0035773680111465317
image_15020.jpg,0.4893119934107461
image_6519.jpg,0.006136646159184611
image_5628.jpg,0.08842403645325513
image_3294.jpg,0.9074076256663979
image_13880.jpg,0.2643180245210802
image_4729.jpg,0.025274472970865786
image_12857.jpg,0.0011692093674084193
image_10313.jpg,0.0015892193405426846
image_9178.jpg,0.009152242843773415
image_11596.jpg,0.017423782075545804
image_14013.jpg,0.007811068139591988
image_15676.jpg,0.06505645952758132
image_2174.jpg,0.004411995777009705
image_12456.jpg,0.23047642210684824
image_8149.jpg,0.0691489337211567
image_8369.jpg,0.11433581729641099
image_7174.jpg,0.3950341792397845
image_2942.jpg,3.938513469328506e-05
image_2103.jpg,0.02599617811414359
image_7706.jpg,0.016260838894146246
image_270.jpg,0.025849621687281152
image_16568.jpg,0.009281727625510501
image_7808.jpg,0.19269682936641636
image_11168.jpg,0.00029342809841154994
image_3637.jpg,0.9588207467106798
image_6448.jpg,0.001004011935079032
image_16005.jpg,0.14083183434774585
image_10697.jpg,0.0034404976471904647
image_4059.jpg,0.03425720381470066
image_10969.jpg,0.0055774922562870505
image_2603.jpg,0.3217566962516235
image_4400.jpg,0.007677654036103993
image_6292.jpg,0.015212298719079177
image_7619.jpg,0.009802114126836145
image_16056.jpg,0.0006921831858459107
image_1193.jpg,0.273850318543229
image_10377.jpg,0.02582535848452506
image_15814.jpg,0.04670334151595397
image_8629.jpg,0.08308276952415446
image_15884.jpg,0.0010714097008020583
image_10102.jpg,0.002453751569057631
image_15620.jpg,0.10911950024501729
image_6821.jpg,0.11772856963233651
image_6686.jpg,0.4766823996588879
image_12267.jpg,0.3004885347260072
image_10817.jpg,0.057078658779118475
image_8707.jpg,0.08268855853632158
image_1820.jpg,0.028228572918523327
image_451.jpg,0.005350538550693727
image_284.jpg,0.03383087485762639
image_1237.jpg,0.1469807412371797
image_10240.jpg,0.2691889419112259
image_13666.jpg,0.009778757902285265
image_7729.jpg,0.003590278660865373
image_11190.jpg,0.5523716401006287
image_1742.jpg,0.8615093145237337
image_4136.jpg,0.5216596968418039
image_12628.jpg,0.9012092803933053
image_5754.jpg,0.004681181087222651
image_3369.jpg,0.000511076727148989
image_5543.jpg,0.136352209285923
image_8511.jpg,0.013923966979351287
image_10679.jpg,0.0013809493676253876
image_1476.jpg,0.007957812456176072
image_5184.jpg,0.0010279625531314776
image_1371.jpg,0.31549620556523594
image_2003.jpg,0.03676256137420592
image_13999.jpg,0.5862263760241438
image_13882.jpg,0.8479579818693163
image_10880.jpg,0.06510204502923184
image_8592.jpg,0.019042600968711437
image_8351.jpg,0.04105565778525618
image_454.jpg,0.18467436524721909
image_15817.jpg,0.004484961836624622
image_13877.jpg,0.010113017860937231
image_7158.jpg,0.011679626805386312
image_7461.jpg,0.019537214488022092
image_2166.jpg,0.04210281283749233
image_652.jpg,0.007477503063248476
image_8673.jpg,0.0006046312059861924
image_6021.jpg,0.0030820895725259235
image_14585.jpg,0.8805687809511648
image_7518.jpg,0.0010273297995495514
image_15757.jpg,0.026266824105294868
image_9808.jpg,0.029382360686119
image_6574.jpg,0.029423388017712212
image_7923.jpg,0.016727045520097183
image_297.jpg,0.2034951112195675
image_10711.jpg,0.020350146531389786
image_7573.jpg,0.007920501039800801
image_11267.jpg,0.0009259283783321893
image_1342.jpg,0.06715707988173379
image_6533.jpg,0.05053246768733296
image_4198.jpg,0.006338165587792534
image_5478.jpg,0.009200258183536437
image_2227.jpg,0.061407175317687974
image_1104.jpg,0.09851111793270007
image_7037.jpg,0.08758119068198918
image_3324.jpg,0.028120219480719563
image_360.jpg,0.027527578078044374
image_8334.jpg,0.004211728483986668
image_496.jpg,0.13279379972204988
image_13359.jpg,0.03634252695553663
image_13986.jpg,0.12524344421533284
image_15615.jpg,0.013575968072501303
image_11626.jpg,0.043262990137124764
image_15284.jpg,0.00036492949841901884
image_1692.jpg,0.40828218300724817
image_3883.jpg,0.03909612679489975
image_8754.jpg,0.07225403471331042
image_3991.jpg,0.002494859183277769
image_10473.jpg,0.14408666144634583
image_11428.jpg,0.3833073134697183
image_11954.jpg,0.6513347485235637
image_11567.jpg,0.002251461843611032
image_2828.jpg,0.06499727506389491
image_16213.jpg,0.010238858920976283
image_8616.jpg,0.0014136349871972744
image_15984.jpg,0.006881662180243419
image_12975.jpg,0.03821692564017033
image_3061.jpg,0.00012147358474499599
image_16065.jpg,0.000683392054591314
image_9301.jpg,0.04511385903263725
image_731.jpg,0.002151090846748544
image_4189.jpg,0.1127297236858565
image_12436.jpg,0.13070875250781472
image_61.jpg,0.021432893402021307
image_3619.jpg,0.017348431669846492
image_4655.jpg,0.005919718859074604
image_9774.jpg,0.03282406571894326
image_14182.jpg,0.0021702695842921596
image_464.jpg,0.004572444532495769
image_13456.jpg,0.023512355636605142
image_10730.jpg,0.002816901395186881
image_2715.jpg,0.04975507826262607
image_6341.jpg,0.05658901167933483
image_9513.jpg,0.0005896420670167136
image_10727.jpg,0.007296162273881457
image_16353.jpg,0.025039473276609478
image_4755.jpg,0.1341986991697533
image_1317.jpg,0.00109594851665243
image_5886.jpg,0.0028581479990992488
image_1761.jpg,0.006256452817918769
image_13202.jpg,0.001426397250342619
image_6789.jpg,0.179714813016245
image_7838.jpg,0.34862812116434505
image_8054.jpg,0.05277513146828492
image_957.jpg,0.06312399764979211
image_1930.jpg,0.017308576219855522
image_6356.jpg,0.008639609545871207
image_11429.jpg,0.0024134602845242914
image_7139.jpg,0.03929772922082327
image_11339.jpg,0.8432526188801205
image_6653.jpg,0.0012115953941379005
image_7313.jpg,0.002368638435042309
image_5943.jpg,0.9267432345177646
image_11930.jpg,0.11451907611853224
image_11829.jpg,0.003892133688928254
image_7109.jpg,0.0068919081145853095
image_14999.jpg,0.004894780201447825
image_6221.jpg,0.9467507540154306
image_2401.jpg,0.0010529547726092444
image_3533.jpg,0.016873422968907703
image_12362.jpg,0.06865989851076948
image_3370.jpg,0.028338993440848097
image_10654.jpg,0.00338370387334597
image_14370.jpg,0.0014618751035179443
image_3255.jpg,0.07984258826795568
image_9089.jpg,0.019197081029470903
image_9407.jpg,0.12888099293430047
image_4180.jpg,0.0009064587687200686
image_5854.jpg,0.010847588964960467
image_15498.jpg,0.025442875645187903
image_9128.jpg,0.31701498480033186
image_15365.jpg,0.5321581829239921
image_7260.jpg,0.44582271383421396
image_8253.jpg,0.21897702767490035
image_6955.jpg,0.0006108985522498087
image_13691.jpg,0.1408465431699341
image_13416.jpg,0.23630838429385104
image_2019.jpg,0.014547315920618331
image_13946.jpg,0.006344852849751823
image_3201.jpg,0.019554767810458257
image_12849.jpg,0.9815768580414808
image_16011.jpg,0.026233015245675593
image_1954.jpg,0.01152255305173976
image_8352.jpg,0.03593304822009191
image_15857.jpg,0.0049804890735355946
image_5065.jpg,0.8053172027567718
image_14707.jpg,0.02874382786738582
image_6314.jpg,0.015678089486537358
image_7780.jpg,0.4264279665947713
image_7806.jpg,0.01553721676710158
image_5567.jpg,0.018523651001146373
image_14757.jpg,0.026017994643720916
image_4673.jpg,0.10366394553037175
image_4284.jpg,0.0004869865249942545
image_9643.jpg,0.001170532134907396
image_3942.jpg,0.13975745750527016
image_2201.jpg,0.9643103692332802
image_5660.jpg,0.03021319270542051
image_15655.jpg,0.0021726052161320326
image_11574.jpg,0.035531586036801316
image_3181.jpg,0.14433928212353758
image_19.jpg,0.23569658122739595
image_15422.jpg,0.32719592401600023
image_9566.jpg,0.03469105836417562
image_9954.jpg,0.01781860437695026
image_14371.jpg,0.08289620338964114
image_14782.jpg,9.64148730953779e-05
image_8715.jpg,0.027934823890144178
image_4834.jpg,0.009764252127193652
image_14595.jpg,0.06080106049919971
image_8935.jpg,0.0002172109312532538
image_10034.jpg,0.013755170903334805
image_6223.jpg,0.012752271619372426
image_15406.jpg,0.0034557029146362697
image_13069.jpg,0.0008795516562143529
image_2014.jpg,0.001954393601739302
image_3857.jpg,0.08602002848074636
image_2718.jpg,0.9326308885807214
image_11902.jpg,0.004955126684808187
image_1862.jpg,0.10236734622276435
image_9771.jpg,0.05245301466760988
image_12027.jpg,0.15356965614989757
image_11778.jpg,0.015317943836845335
image_15518.jpg,0.11918529147549242
image_4076.jpg,0.02966871276306972
image_12636.jpg,0.044898368571411586
image_10412.jpg,0.0015964701103199403
image_5400.jpg,0.002515795259647105
image_15675.jpg,0.002326274438382075
image_4444.jpg,0.6356071038584598
image_8653.jpg,0.17341011431648626
image_801.jpg,0.0872943929146278
image_4385.jpg,0.4172162388655124
image_8941.jpg,0.00925640536304121
image_8971.jpg,0.00768807734334231
image_15512.jpg,0.0008831782863107013
image_13147.jpg,0.024226546512289268
image_51.jpg,0.1337894448217577
image_13507.jpg,0.816652985105204
image_5645.jpg,0.0032489719732354838
image_3999.jpg,0.8359093099634668
image_8202.jpg,0.3144679700296073
image_3522.jpg,0.0254167776808735
image_12671.jpg,0.00632299993556515
image_4586.jpg,0.023994549706627056
image_1051.jpg,0.019161849269378674
image_3958.jpg,0.015477005156144037
image_12853.jpg,0.00738279185990087
image_12191.jpg,0.011369105128323702
image_6590.jpg,0.06098697601053094
image_12623.jpg,0.00028356987429568436
image_16058.jpg,0.000636478306897047
image_5307.jpg,0.5566896873576167
image_16234.jpg,0.8690143270734554
image_14840.jpg,0.024264740566256923
image_1497.jpg,0.08348396722937582
image_14304.jpg,0.002321129636947359
image_2730.jpg,0.04764527433791587
image_3163.jpg,0.0017063035176822332
image_7122.jpg,0.05866966631001595
image_7144.jpg,0.00017989093980020477
image_5132.jpg,0.010536280683227966
image_14728.jpg,0.21629134450851747
image_6050.jpg,0.032331497992120366
image_13527.jpg,0.5654395602016259
image_9012.jpg,0.03286463667719397
image_14178.jpg,0.004128805168240061
image_9759.jpg,0.07161470273606664
image_13118.jpg,0.05860630165900492
image_1734.jpg,0.006350748275335645
image_14764.jpg,0.010314198696787635
image_13748.jpg,0.012205922237946561
image_9697.jpg,0.003699760265371116
image_15259.jpg,0.006338525739101004
image_1431.jpg,0.061322560441391324
image_8622.jpg,0.5146186174593372
image_9699.jpg,0.00016196522649752286
image_5272.jpg,0.9814590421488074
image_2865.jpg,0.07775070204912833
image_6252.jpg,0.003362403353345501
image_8388.jpg,0.0034432870602135054
image_1315.jpg,0.19021226050234696
image_3694.jpg,0.0051161100099895935
image_10956.jpg,0.014665233320635697
image_12695.jpg,0.005287020124993527
image_14352.jpg,0.2596717812193025
image_6691.jpg,0.040560958101438456
image_9056.jpg,0.10922458766901517
image_905.jpg,0.014811127222480005
image_10149.jpg,0.06837467609994863
image_12489.jpg,0.06220993226071653
image_9627.jpg,0.10585102371238451
image_13928.jpg,0.04519616365116294
image_897.jpg,0.007210616842973509
image_14529.jpg,0.06746990773931219
image_1116.jpg,0.0009385021105624297
image_5881.jpg,0.002981657355421665
image_6766.jpg,0.010728608372889392
image_11474.jpg,0.0006270531699151409
image_8882.jpg,0.001641659903611915
image_11501.jpg,0.0004707774943238487
image_7111.jpg,0.058472634455641576
image_272.jpg,0.7448255793148335
image_13836.jpg,0.05089128142512671
image_13594.jpg,0.015318111324567275
image_2294.jpg,0.01781204357643925
image_345.jpg,0.820149050125976
image_15014.jpg,0.0021273363782027227
image_10660.jpg,0.0073820690616026195
image_1469.jpg,0.011848634544176498
image_15848.jpg,8.030954295403822e-06
image_8001.jpg,0.07267063660766375
image_12863.jpg,0.5431630052239197
image_4931.jpg,0.012703830244030408
image_6369.jpg,0.056695045691688165
image_5204.jpg,0.15609620181719142
image_7748.jpg,0.010187831010173213
image_228.jpg,0.09926933617037251
image_14976.jpg,0.08254209896541352
image_3673.jpg,0.00504952067091836
image_5113.jpg,0.21926100776615148
image_1003.jpg,0.47697337059620387
image_6156.jpg,0.0506773423296172
image_6446.jpg,7.173998338210251e-05
image_13962.jpg,0.07777961873873904
image_13280.jpg,0.047351220601698454
image_24.jpg,0.9717373883846923
image_515.jpg,0.5752904966904161
image_9745.jpg,0.009465185583591275
image_5470.jpg,0.29971026393654965
image_6729.jpg,0.30603659510550646
image_7130.jpg,0.05683760302856339
image_3990.jpg,0.0014843149957612248
image_2006.jpg,0.06050431552611566
image_1821.jpg,0.00045929299758276925
image_5056.jpg,5.757905501662461e-05
image_9701.jpg,0.1396943718178365
image_13371.jpg,0.000156828578475425
image_14132.jpg,0.00014331330613085377
image_3015.jpg,0.0034005223990153355
image_10226.jpg,0.058439191094957064
image_3975.jpg,0.06891559255532564
image_15597.jpg,0.005814033543700404
image_11008.jpg,0.061637237730517304
image_11680.jpg,0.0026714839783226613
image_7255.jpg,0.027622780190936804
image_4332.jpg,0.022488534176940255
image_15980.jpg,0.0031245385056579114
image_4130.jpg,0.001860417126880401
image_16455.jpg,0.15805636155269082
image_7432.jpg,0.203912339914409
image_15599.jpg,0.01409023371487376
image_2535.jpg,0.9806973886037942
image_9964.jpg,0.012535675406031288
image_13072.jpg,0.029331315381629378
image_16251.jpg,0.0062535630672320005
image_11227.jpg,0.2968247903993232
image_6884.jpg,0.0009402598629020633
image_1158.jpg,0.10102945472045324
image_4416.jpg,0.14357656570791616
image_5908.jpg,0.05105458411397969
image_3750.jpg,0.41712486165842655
image_4809.jpg,0.04626453060105787
image_5744.jpg,0.08818565211229525
image_11310.jpg,0.055669483024330994
image_16497.jpg,0.05257532443020024
image_2267.jpg,0.7355920488918722
image_12497.jpg,0.20426608291378862
image_398.jpg,0.13674220350849967
image_5345.jpg,0.24389817496231322
image_9770.jpg,0.1835132366415501
image_14102.jpg,0.0006415744116729051
image_3247.jpg,0.022512686518760063
image_11226.jpg,0.028532132703566044
image_11813.jpg,0.0055454117342276
image_2365.jpg,0.05069653680404911
image_4892.jpg,0.25115556489763313
image_8257.jpg,0.010314141899531443
image_11301.jpg,0.877060781860593
image_492.jpg,6.857906756053327e-06
image_2723.jpg,0.0001967231341324439
image_3331.jpg,0.017367499822041017
image_14393.jpg,0.05998254410119296
image_373.jpg,0.03436433260298872
image_6274.jpg,0.9510300674355546
image_14397.jpg,0.5171197038326474
image_6447.jpg,0.13038033791289408
image_15838.jpg,0.0008064230340625769
image_10069.jpg,0.10271679847042801
image_450.jpg,0.00016732585957437486
image_1551.jpg,0.17097896049758599
image_2821.jpg,0.014276096162310988
image_6718.jpg,0.016326894539515854
image_7304.jpg,0.0004028195085112135
image_11721.jpg,0.06617540037278598
image_6794.jpg,0.021470332236999977
image_406.jpg,0.0047269167773481965
image_12881.jpg,8.04803595896689e-05
image_7458.jpg,0.0011935638406524978
image_15047.jpg,0.004426673390827618
image_7198.jpg,0.6522125317606765
image_697.jpg,0.14247429937055542
image_8850.jpg,0.054295024186727006
image_7542.jpg,0.9687673937627269
image_16494.jpg,0.000867909417365328
image_8662.jpg,0.0027341552755761633
image_5120.jpg,0.9510374924108062
image_3427.jpg,0.006544627541235059
image_14306.jpg,0.05826617321010341
image_4359.jpg,0.0033369089188356195
image_7989.jpg,0.686323022979016
image_10129.jpg,0.027966243211501846
image_316.jpg,0.1089213469689233
image_7244.jpg,0.02417613162119195
image_9159.jpg,0.026161764436969437
image_11835.jpg,0.5505615476215687
image_11493.jpg,0.2639211540904594
image_1086.jpg,1.8617773947614308e-05
image_4599.jpg,0.0009653519321617451
image_10404.jpg,0.03710844827976086
image_9289.jpg,0.014883862851814646
image_10441.jpg,0.9057202604767378
image_12798.jpg,0.07110717681686675
image_13256.jpg,0.0013363332552640604
image_2785.jpg,0.029012560273720542
image_13825.jpg,0.08939136641762727
image_805.jpg,0.031902495585434926
image_7773.jpg,0.06508264689100846
image_7507.jpg,0.07264019826464203
image_8102.jpg,0.0008857959355780524
image_9994.jpg,0.9936820489385124
image_7749.jpg,0.0011547162963223628
image_16451.jpg,0.024542022015185083
image_13473.jpg,0.9138692966820633
image_7723.jpg,0.004092077706042359
image_15725.jpg,0.014955242668725558
image_3350.jpg,0.0012086956260054097
image_5141.jpg,0.2820717382822186
image_609.jpg,0.005866156958568595
image_4559.jpg,0.21969501617189088
image_76.jpg,0.02471518637264908
image_4872.jpg,0.5284145685057244
image_16116.jpg,0.028345663748845718
image_4116.jpg,0.04735412054783216
image_3487.jpg,0.0012626356996332088
image_2739.jpg,0.015285817030208069
image_13426.jpg,0.03647382856401444
image_8575.jpg,0.017735700009166782
image_9638.jpg,0.007848423953364051
image_6970.jpg,0.061117038110705124
image_13642.jpg,0.007349126187029039
image_12416.jpg,0.2956269640181844
image_13889.jpg,0.01109354794165414
image_6803.jpg,0.0013416153560278387
image_5590.jpg,0.17020569771423377
image_10381.jpg,0.02970213330744652
image_2746.jpg,0.0005709701702628336
image_15152.jpg,0.013570773673329203
image_8391.jpg,0.0038973417142250835
image_7046.jpg,0.007695387914620616
image_14280.jpg,0.7033858169041525
image_14909.jpg,0.09831099792666376
image_10227.jpg,0.9980980527884773
image_1053.jpg,0.0015361261340123334
image_7943.jpg,0.008001581793264613
image_6197.jpg,0.008076581358946946
image_8381.jpg,0.0069037064817485125
image_1191.jpg,0.00696907929101603
image_14239.jpg,0.0039389996629516704
image_1087.jpg,0.0007549181190526511
image_7895.jpg,0.00818369712553448
image_4101.jpg,0.009020395575230843
image_10322.jpg,0.00012493977703983793
image_4490.jpg,0.06666429998754268
image_3527.jpg,0.9816073702841793
image_1911.jpg,0.018253524435359887
image_5845.jpg,0.0009754411226041126
image_10698.jpg,0.06830558599011254
image_15557.jpg,0.00868704010304571
image_12124.jpg,0.02169940817223494
image_7431.jpg,0.012852485583828671
image_2429.jpg,0.0687862422694535
image_16053.jpg,0.0036094986410127356
image_7860.jpg,0.8168857122594356
image_11991.jpg,0.004792175071955658
image_4206.jpg,0.7987981093871513
image_3328.jpg,0.004783567552673431
image_10761.jpg,0.005360597578071878
image_14362.jpg,0.1784517661850436
image_7058.jpg,0.13849258885520144
image_12365.jpg,0.016450242216916745
image_9008.jpg,0.045270121123714445
image_2788.jpg,0.0039870019613363
image_11442.jpg,0.2597813080134338
image_14314.jpg,0.7177244974519097
image_10563.jpg,2.2008754906696978e-05
image_672.jpg,0.0017153287101233838
image_3036.jpg,0.008836942305358524
image_11014.jpg,0.01764757137345611
image_11969.jpg,0.21771836485346052
image_11066.jpg,0.003842579980796701
image_10228.jpg,0.7794578257387911
image_1359.jpg,0.016051881698153473
image_7270.jpg,0.0009368277737488854
image_11595.jpg,0.03826917200794727
image_15961.jpg,0.12116235713573105
image_6914.jpg,0.001066237587244918
image_4616.jpg,0.0019929915172019067
image_6673.jpg,0.04405604230704864
image_12121.jpg,0.03626800123659897
image_16421.jpg,0.005350692980564305
image_6660.jpg,0.0009768998560105045
image_15568.jpg,0.0257648122992981
image_7939.jpg,0.001027347343440756
image_8487.jpg,0.10053937980884509
image_14626.jpg,0.003450606030940731
image_12122.jpg,0.0023698594822728343
image_8507.jpg,0.05317751650070455
image_513.jpg,1.2223052141432629e-05
image_2212.jpg,0.004740893077410141
image_16473.jpg,0.03602155019970762
image_7725.jpg,0.1351147972061874
image_11024.jpg,0.2598380941387646
image_1575.jpg,0.035517495620605494
image_10006.jpg,0.004335444149717422
image_9527.jpg,0.0009239317296078379
image_15506.jpg,0.011667346040137094
image_498.jpg,0.004050872772011891
image_10044.jpg,0.05825588181714728
image_1246.jpg,0.003140716488424491
image_12699.jpg,0.0008536975085850098
image_12727.jpg,0.059629275180060164
image_1738.jpg,0.0003556504692551549
image_5618.jpg,0.42802682314001755
image_7413.jpg,0.03169568669744823
image_16048.jpg,0.001099911636383355
image_3221.jpg,0.0014917961845764295
image_7680.jpg,0.0022083592333765954
image_12390.jpg,0.01952897351262014
image_15736.jpg,0.0008152091822559498
image_9123.jpg,0.23524204083030395
image_11798.jpg,0.0007758753955560996
image_2949.jpg,0.0132967202521863
image_5257.jpg,0.4774470075357959
image_10689.jpg,0.2547041097396713
image_12004.jpg,0.0009167080553861431
image_5930.jpg,0.0039644400490584245
image_192.jpg,0.10542093687092276
image_16070.jpg,0.028890650887355727
image_14246.jpg,0.01069741495755511
image_5797.jpg,0.13169736083744693
image_9274.jpg,0.14976776802821642
image_13546.jpg,0.00038512363502224314
image_9085.jpg,0.000251333249211932
image_3520.jpg,0.0006301245179410437
image_8403.jpg,0.01813857547993999
image_10256.jpg,0.021950559334988275
image_10937.jpg,0.19204810640425485
image_13684.jpg,0.0004501966897451509
image_7191.jpg,0.014916959454324061
image_15287.jpg,0.503418349533154
image_13675.jpg,0.002589908488297323
image_1202.jpg,0.036580432227095
image_11446.jpg,0.03263695007267951
image_1442.jpg,0.0014329231029329046
image_15223.jpg,0.04282116764330007
image_1173.jpg,0.009283032334880066
image_14558.jpg,0.022948232799409017
image_2081.jpg,0.012843048861472623
image_9339.jpg,0.024866262675890878
image_12679.jpg,0.09624819276149693
image_12107.jpg,0.038308642429773464
image_2288.jpg,0.9893708137955614
image_5005.jpg,0.6660325444051797
image_871.jpg,0.2722523423784459
image_11591.jpg,0.10406505842994045
image_6859.jpg,0.6665315331698102
image_2265.jpg,0.09104574204666001
image_6873.jpg,0.0012372076393849293
image_13227.jpg,0.0003356848709194948
image_6978.jpg,0.01088448156858456
image_4688.jpg,0.8590171114279342
image_13738.jpg,0.0008911753300997141
image_15726.jpg,0.47439893163326763
image_13956.jpg,0.004754270711313883
image_5080.jpg,0.00024294965402124562
image_14793.jpg,0.1737841363552726
image_378.jpg,0.16900794827654178
image_2808.jpg,0.06467735890401564
image_6627.jpg,0.01668800299707121
image_14855.jpg,0.0018527593001548242
image_1155.jpg,0.12447225561082387
image_9998.jpg,0.861260720335776
image_9357.jpg,0.041913582611680864
image_15505.jpg,0.6055295502683089
image_11957.jpg,0.04213226010754357
image_10429.jpg,0.009086627012064403
image_4818.jpg,4.788372222190038e-05
image_5385.jpg,0.0017237700126411912
image_16035.jpg,0.796577491861997
image_3352.jpg,0.960999152697057
image_7025.jpg,0.17553711961002325
image_18.jpg,0.00043948390750643557
image_6560.jpg,1.589402684588657e-05
image_12462.jpg,0.6083431111667206
image_15043.jpg,0.08966110658115593
image_16136.jpg,0.036471462259846175
image_3072.jpg,0.011690284569809997
image_1288.jpg,0.0021082864167722075
image_2248.jpg,0.45513455067616476
image_1187.jpg,0.0013320120785412508
image_15765.jpg,0.22505486069411595
image_14692.jpg,0.05240315921878102
image_13570.jpg,0.07161424546742147
image_912.jpg,0.011749143688726793
image_14957.jpg,0.018270968450772952
image_8057.jpg,0.04819629641361309
image_2018.jpg,0.02435908075928975
image_4573.jpg,0.0005628240779896718
image_12034.jpg,0.013469363423793505
image_6092.jpg,0.09502632200896345
image_9227.jpg,0.0028224906716192116
image_13509.jpg,0.0003058653763577704
image_13423.jpg,0.006015878094028001
image_15778.jpg,0.011403434807521306
image_16428.jpg,0.04043880592264505
image_11587.jpg,0.905139880471464
image_15504.jpg,0.23743960053209276
image_12187.jpg,0.2325866661468703
image_5301.jpg,0.02438451408514263
image_9949.jpg,0.000724082223610985
image_8494.jpg,0.003818892166565485
image_1166.jpg,0.019193024589949967
image_7901.jpg,0.010969197460317843
image_1102.jpg,0.18663689143682202
image_15915.jpg,0.003728347002095872
image_9975.jpg,0.016581869337404867
image_1007.jpg,0.9529320027524426
image_5259.jpg,0.45598343223321314
image_2108.jpg,0.00036410317967755057
image_7421.jpg,0.02347836900504051
image_4695.jpg,0.00650171005262049
image_15978.jpg,0.0073657317151710625
image_3112.jpg,0.18083011774540234
image_5894.jpg,0.06354352123444165
image_12224.jpg,0.11476313291229812
image_13783.jpg,0.048515094405212844
image_11730.jpg,0.983513002544451
image_13073.jpg,0.9040587293161357
image_8862.jpg,0.08492037199189535
image_15754.jpg,0.019109178056321136
image_7157.jpg,0.007157256605877514
image_12446.jpg,0.0077786038851885625
image_435.jpg,0.024498766494010345
image_9101.jpg,0.0020475326420628793
image_11499.jpg,0.10119714117301667
image_13972.jpg,0.7055622423511896
image_2329.jpg,0.02981301155758244
image_12667.jpg,0.8855270473370422
image_12612.jpg,0.01382743355168626
image_3582.jpg,0.002461162690516671
image_12170.jpg,0.0023446084828851314
image_3234.jpg,0.1382439108773799
image_10472.jpg,0.09666226176054978
image_6609.jpg,0.0014868183230539649
image_8716.jpg,0.0030571964103011597
image_6932.jpg,0.00360202962575881
image_15158.jpg,0.031201960883988602
image_6980.jpg,0.6688288682549643
image_570.jpg,0.0058734176289236715
image_14475.jpg,0.009275570297866218
image_6951.jpg,0.0024757952279014185
image_5823.jpg,0.00010071691624724442
image_9792.jpg,0.01344158044000862
image_14874.jpg,0.1530740059371103
image_2552.jpg,0.08348576869098755
image_6309.jpg,0.04662706980999427
image_9027.jpg,0.010213691729631637
image_5515.jpg,0.0012514885101515964
image_6693.jpg,0.026838042857722264
image_8055.jpg,0.005200801886300534
image_9747.jpg,0.0011094314004869922
image_2435.jpg,0.0009756695067841493
image_1697.jpg,0.0018577893980769554
image_9761.jpg,0.0770285989623012
image_4044.jpg,0.006053554780422533
image_1644.jpg,0.036911444157021515
image_6153.jpg,0.0006999877885212617
image_3528.jpg,0.002819926453786889
image_2809.jpg,0.29370884425193894
image_741.jpg,0.03493426230378922
image_15006.jpg,0.10346499439595502
image_16355.jpg,0.0009771810182358277
image_4233.jpg,0.03569790337525892
image_11432.jpg,0.05930456541131113
image_4983.jpg,0.06120426235343635
image_12363.jpg,0.0006700406003098477
image_8826.jpg,0.6219588850148381
image_12872.jpg,0.0027339293458018025
image_9348.jpg,0.5012903737273987
image_8928.jpg,0.005105023055452861
image_16529.jpg,0.10070416843462403
image_9577.jpg,0.032127723087796455
image_15318.jpg,0.020191386504219682
image_5931.jpg,0.007825133184931493
image_16314.jpg,0.017982655531937
image_5582.jpg,0.41753125536186914
image_3068.jpg,0.10328685529834324
image_15430.jpg,0.02066527127004817
image_2461.jpg,0.002158345040522511
image_13939.jpg,0.050691164977269214
image_6671.jpg,0.9578207279270531
image_14604.jpg,0.1869267488837696
image_6820.jpg,0.0010339183267541767
image_2041.jpg,0.3114564845558161
image_2240.jpg,0.0002067549942060979
image_10530.jpg,0.06953034658920047
image_1810.jpg,0.02458000625507514
image_8931.jpg,0.0006038172151116119
image_7718.jpg,0.02018351674234689
image_16119.jpg,0.3976962757854447
image_7249.jpg,0.211107702775263
image_9782.jpg,0.11524820424802676
image_1319.jpg,0.0013693067437458278
image_6784.jpg,0.003809751324949342
image_988.jpg,0.07657992688958953
image_140.jpg,0.012381707048922438
image_11530.jpg,0.11153994518834565
image_5066.jpg,0.008548765110660285
image_10099.jpg,0.011521803814753514
image_5692.jpg,0.1520463443775489
image_2466.jpg,0.008012009563474295
image_14200.jpg,0.14970054969048052
image_14486.jpg,0.0016660566395196486
image_15899.jpg,0.699450581352772
image_2219.jpg,0.0005521205848184537
image_5434.jpg,5.3953339805639725e-05
image_6143.jpg,0.04454978781669617
image_6105.jpg,0.0015617447142551512
image_5112.jpg,0.14468104795288225
image_7804.jpg,0.14813904471622824
image_12992.jpg,0.781630911689161
image_14404.jpg,0.0885031748051125
image_13351.jpg,0.00019247407727399866
image_9447.jpg,0.030719255851647056
image_9133.jpg,0.0697740376335529
image_3027.jpg,0.019987122179254673
image_877.jpg,0.0876316346822399
image_6359.jpg,0.03686807921796742
image_12527.jpg,0.004300541940877936
image_11580.jpg,0.13670205702329985
image_869.jpg,0.0414179059062376
image_15247.jpg,0.0031366456362297477
image_10213.jpg,0.11779016673263197
image_6120.jpg,0.0032700158502675385
image_12157.jpg,0.06962045079313064
image_7889.jpg,0.014040771810911257
image_368.jpg,0.0026517451824326164
image_8737.jpg,0.2931115094600054
image_10857.jpg,0.05212000725419064
image_7549.jpg,0.0006644105442102686
image_7843.jpg,0.057035011467869476
image_7971.jpg,0.009246421003450401
image_2142.jpg,0.7075771561093186
image_4794.jpg,0.00817598626794325
image_2500.jpg,0.005015174768020584
image_14601.jpg,0.0017179476391291156
image_9393.jpg,0.0012028678425366798
image_11199.jpg,0.09070448411707796
image_13521.jpg,0.0017147388774323906
image_5827.jpg,0.002707182047627507
image_15605.jpg,0.004217393357975755
image_13174.jpg,0.4884045453405918
image_11619.jpg,0.07810711714287978
image_1303.jpg,0.0004784744274455799
image_8949.jpg,0.798133289162113
image_9846.jpg,0.060581090450185365
image_848.jpg,0.14508363689743584
image_5499.jpg,0.012908844200551021
image_12033.jpg,0.18029526418590733
image_15600.jpg,0.21862227394463782
image_2613.jpg,0.0038707804704916885
image_6548.jpg,0.007583576615266871
image_15332.jpg,0.00267965227404041
image_2800.jpg,0.381765730831794
image_12605.jpg,0.2728581304689542
image_8288.jpg,0.010578094612394572
image_2392.jpg,0.0001133055638203313
image_16037.jpg,0.0006720129209413554
image_3158.jpg,0.02772803712324581
image_15920.jpg,0.0021734095843178747
image_5500.jpg,0.006704556539838306
image_3361.jpg,0.06011899746784271
image_11464.jpg,0.009134621470880608
image_5526.jpg,0.01275961757434501
image_5882.jpg,0.003264003907020908
image_15486.jpg,0.0004564656818434207
image_12588.jpg,0.028060981599113542
image_3571.jpg,0.0004332793555630953
image_13089.jpg,0.0011516545611213872
image_3319.jpg,0.028855037487593993
image_2347.jpg,0.020664558268797976
image_4004.jpg,0.6657389926832998
image_1531.jpg,0.018798240948664027
image_14288.jpg,0.04791993574638807
image_3772.jpg,0.03762433368006605
image_3102.jpg,0.0006735748577021698
image_3616.jpg,0.0007252473866964735
image_6487.jpg,0.003632968754715639
image_10150.jpg,0.4493146142760992
image_11244.jpg,0.009778264418193327
image_8087.jpg,0.055629939347000515
image_8270.jpg,0.9438555177375111
image_16249.jpg,0.7699316990147881
image_2929.jpg,0.020424914120575267
image_1690.jpg,0.012747648035299512
image_10323.jpg,0.02862150136050375
image_13349.jpg,0.018363055977630285
image_7528.jpg,0.04957843457386116
image_8743.jpg,3.6991372446020772e-06
image_703.jpg,0.0024847914845435924
image_1250.jpg,0.13471632026163993
image_11052.jpg,0.008927599457806325
image_3561.jpg,0.0010396665914922392
image_9002.jpg,0.3814597150689567
image_5030.jpg,0.02646510995999869
image_2054.jpg,0.02248194723365747
image_3818.jpg,8.646370856410373e-05
image_8383.jpg,0.2792027866724711
image_399.jpg,0.0011768547102051967
image_15324.jpg,0.0005624777052796062
image_8398.jpg,0.05363699880107353
image_7844.jpg,0.07729260462639764
image_14417.jpg,0.14264827743485517
image_6163.jpg,0.00014553176072702227
image_7896.jpg,0.6940302234221656
image_5598.jpg,0.0009076927525372734
image_10206.jpg,0.026549636784237274
image_5192.jpg,0.007054643699245317
image_1782.jpg,0.2779225556309313
image_8426.jpg,0.8010001343904821
image_7627.jpg,0.02187672464261642
image_7521.jpg,0.00347077673800614
image_9826.jpg,0.0003031156392606754
image_352.jpg,0.9819024931846921
image_12417.jpg,0.009519481133138663
image_2115.jpg,0.00257521252217365
image_3721.jpg,0.015782965842312886
image_1951.jpg,0.16534885244561118
image_9383.jpg,0.0020185645469241267
image_3547.jpg,0.11295149623137482
image_3609.jpg,0.008017238643657363
image_2355.jpg,0.0033129873048814013
image_9004.jpg,0.027042681995493416
image_10688.jpg,0.006743384331098827
image_7248.jpg,0.018668453013427358
image_3897.jpg,0.5955666047586389
image_7320.jpg,0.0035991617600371114
image_11754.jpg,0.7053444243951438
image_7104.jpg,0.8733367388190924
image_15487.jpg,0.10321330154339531
image_2060.jpg,0.017458504440863137
image_1670.jpg,0.009773142886644744
image_15102.jpg,0.0058884607899328005
image_13915.jpg,0.0009387955166217207
image_10918.jpg,0.009436288694804243
image_11906.jpg,0.014115226312065614
image_15229.jpg,0.014854368830302344
image_15870.jpg,0.10788009241773826
image_10024.jpg,0.0017546058888889503
image_9665.jpg,0.006673139641380512
image_9366.jpg,0.002400452110815583
image_488.jpg,0.0012350069954709698
image_13307.jpg,0.0022201760759783286
image_4598.jpg,0.0001195680641460529
image_5425.jpg,0.0022977422238608988
image_8761.jpg,0.0958038292089282
image_14791.jpg,0.5331858800108884
image_12666.jpg,0.9759372844256612
image_4678.jpg,0.15205654800822416
image_13131.jpg,0.05074782576225901
image_4001.jpg,0.8158708510876788
image_7924.jpg,0.15657528364495366
image_13260.jpg,0.005317169359810031
image_11484.jpg,0.0002563019759342477
image_11981.jpg,0.00013957887788614514
image_5624.jpg,0.03278213071423123
image_9534.jpg,0.18090644707063255
image_285.jpg,0.03295048321481288
image_9806.jpg,0.5094008878437083
image_3053.jpg,0.0059496175363276576
image_14287.jpg,0.10160616919304115
image_9469.jpg,0.005397734842404475
image_1308.jpg,0.004161913769010582
image_15415.jpg,0.0014787693473683496
image_1284.jpg,0.06406644284826288
image_10372.jpg,0.002010488621143725
image_16102.jpg,0.037205104163979145
image_5067.jpg,0.11205146746280677
image_15668.jpg,0.0007024279497373466
image_16068.jpg,0.8792679867653029
image_7932.jpg,0.0003208645784767521
image_12643.jpg,0.03652132295779411
image_15303.jpg,0.01558754714348457
image_11955.jpg,0.016846311602488735
image_3911.jpg,0.17068848291119842
image_2846.jpg,0.0588721219003427
image_15288.jpg,0.16913569704596473
image_1719.jpg,0.13990359561231472
image_12128.jpg,0.28486576881270465
image_1960.jpg,0.10011879932056368
image_10888.jpg,0.006098806551593458
image_10745.jpg,0.13328668175595706
image_2009.jpg,0.0009480487177271589
image_3467.jpg,0.00018883725157797673
image_2762.jpg,0.0776473201283891
image_10308.jpg,0.007376467367423284
image_4877.jpg,0.046764096694596864
image_12296.jpg,0.05503802582217151
image_1195.jpg,0.00040334983412607827
image_7753.jpg,0.030629339857379485
image_6129.jpg,0.40685978493892266
image_9880.jpg,0.6556959045542757
image_14497.jpg,0.05621007563830611
image_60.jpg,0.01402715890195172
image_11743.jpg,0.042757762905540654
image_6911.jpg,0.050721590664252754
image_11183.jpg,0.0014413912816477934
image_9442.jpg,0.010808142499187805
image_13012.jpg,0.009381583211505787
image_1671.jpg,0.00791578762465141
image_8293.jpg,0.0009972161559146351
image_1238.jpg,0.005544344807331553
image_11222.jpg,0.7852337650437061
image_5752.jpg,0.01606314628886628
image_5779.jpg,0.10878722087450936
image_15992.jpg,0.02367751831986445
image_6488.jpg,0.003418952549307481
image_14067.jpg,0.00020732082239680792
image_1132.jpg,0.0005466810807430411
image_11795.jpg,0.0148454821199532
image_11771.jpg,0.019767819775549474
image_15831.jpg,0.0018009677208387308
image_12337.jpg,0.07351785372752358
image_3867.jpg,0.0293229964799978
image_7782.jpg,0.001290224865142842
image_14872.jpg,0.010710029124120089
image_5999.jpg,0.0040107258132030974
image_5049.jpg,0.09792807881958647
image_8175.jpg,0.0055411967241229074
image_6688.jpg,0.5422251743683524
image_11616.jpg,0.0009220033762880136
image_4270.jpg,0.10379799540864941
image_11106.jpg,0.017864882446758146
image_14399.jpg,0.26853944677239816
image_14517.jpg,0.05233604940641489
image_2632.jpg,0.09051330991182187
image_2838.jpg,0.0006657755643848628
image_369.jpg,0.7497856699017351
image_3280.jpg,0.006547555040199246
image_11238.jpg,0.019910497308842902
image_818.jpg,0.0980613464472235
image_13635.jpg,0.003416723147224221
image_13517.jpg,0.1240759127665954
image_1833.jpg,0.006759780019454852
image_15598.jpg,4.940927710188986e-06
image_1320.jpg,0.014400429117827813
image_15169.jpg,0.09718109748263672
image_10014.jpg,0.06263399352473631
image_15769.jpg,0.0012216827597198384
image_7697.jpg,0.008223875297706226
image_9444.jpg,0.0035785106114468905
image_11458.jpg,0.6644267836769993
image_15369.jpg,0.0016244049146295417
image_15545.jpg,0.011784657329807843
image_9543.jpg,0.8439435161520209
image_41.jpg,0.02938964041874873
image_11545.jpg,0.9652340700997533
image_7918.jpg,0.1312996197908199
image_14036.jpg,0.0024008382616341408
image_14974.jpg,0.012615708194881895
image_4052.jpg,0.12154328035298904
image_15383.jpg,0.6739027647295139
image_8553.jpg,0.31075212391719054
image_16517.jpg,0.11069003795801903
image_13290.jpg,0.010912588348248285
image_10833.jpg,0.000601813679606131
image_11005.jpg,0.003740582786895984
image_11697.jpg,0.052681181737863805
image_12026.jpg,0.0008837095842659464
image_738.jpg,0.9714221181837268
image_3828.jpg,0.004086363802030378
image_13112.jpg,0.018135178155838295
image_2340.jpg,0.0006670806113305423
image_12665.jpg,0.0028444199248292474
image_11118.jpg,0.12304540158479559
image_13994.jpg,0.0025871966684368614
image_7626.jpg,0.004113153271788936
image_12520.jpg,0.0006710757665845837
image_9966.jpg,0.0007951163279886231
image_7822.jpg,0.1590566811429964
image_12387.jpg,0.014345891545962223
image_8213.jpg,0.0004818333382478438
image_830.jpg,0.06190307725526773
image_3887.jpg,0.17430733591645303
image_7149.jpg,0.00024789782566733514
image_15785.jpg,0.02595419765572699
image_222.jpg,0.0048690278211276005
image_13567.jpg,0.0072814807832405045
image_11674.jpg,0.0002925306718706322
image_13154.jpg,0.008930109090202408
image_12840.jpg,0.033404357270785966
image_2644.jpg,0.001675267922157397
image_9462.jpg,0.0006832945039982661
image_2453.jpg,0.0032003215637305673
image_6967.jpg,0.004568706041753764
image_5750.jpg,0.009576385592680417
image_4703.jpg,0.01451551919970315
image_3045.jpg,0.00010602589892616422
image_6228.jpg,0.18421958463582894
image_926.jpg,0.013792691505669589
image_12712.jpg,0.011930253883107983
image_7907.jpg,0.0016728357204203697
image_16117.jpg,0.0379106933945271
image_16390.jpg,0.018886701045020188
image_11658.jpg,0.034719716999406
image_8048.jpg,0.5592768659756013
image_4038.jpg,0.03492897256749364
image_6435.jpg,0.02467268146157667
image_2781.jpg,0.16789448134698146
image_4149.jpg,0.0017762501266965598
image_379.jpg,0.8241267654501964
image_8481.jpg,0.003617984084864262
image_5803.jpg,0.02242978188520086
image_7739.jpg,0.96207526864824
image_4378.jpg,0.012695977793374148
image_13157.jpg,0.008487980452713985
image_6492.jpg,0.009760210931653232
image_11447.jpg,0.005125643930814606
image_14905.jpg,0.9642164946019424
image_11900.jpg,0.6890645906649991
image_11939.jpg,0.35913071524276663
image_7433.jpg,0.11251325089657582
image_15768.jpg,0.001772805274658925
image_14256.jpg,0.05361575407205388
image_1498.jpg,0.004796309760328075
image_937.jpg,0.0006733548083110622
image_15962.jpg,0.019644694894415313
image_6626.jpg,0.0005092512937227826
image_13489.jpg,0.12143720640299727
image_3661.jpg,0.02435808568998395
image_584.jpg,0.0020143374397924366
image_10591.jpg,0.026229546091609553
image_4088.jpg,0.09889172372235519
image_12408.jpg,0.004222512232048744
image_15084.jpg,0.010914447469627962
image_12916.jpg,0.0005819092155161035
image_2697.jpg,0.7141967800841567
image_6905.jpg,0.061022703517770054
image_16237.jpg,0.006303613304818407
image_1466.jpg,0.00040635738093604344
image_811.jpg,0.00032120941385119006
image_5430.jpg,0.0072966995049800806
image_10885.jpg,0.02991144289887184
image_6301.jpg,0.03538213301753979
image_8713.jpg,0.44434542446498343
image_13074.jpg,0.008729182612550072
image_4399.jpg,0.6104190810898714
image_11557.jpg,0.009004819343476484
image_4928.jpg,0.4754186815711055
image_4888.jpg,0.011208814358293278
image_10676.jpg,0.015449705305359319
image_13829.jpg,0.005782844985441255
image_4056.jpg,0.016720223765365902
image_336.jpg,0.0008193535557180689
image_8186.jpg,0.0012718203308576459
image_12566.jpg,0.32737956694221415
image_772.jpg,0.0002983011863599355
image_13043.jpg,0.005589575111988441
image_6384.jpg,0.00018021393645431676
image_14024.jpg,0.37032282917053394
image_8567.jpg,0.02024288670989187
image_5493.jpg,0.0009225877889046645
image_15646.jpg,0.01298216027049219
image_3266.jpg,0.09278012504061783
image_2447.jpg,0.4411943000858164
image_15923.jpg,0.0018297164880660662
image_14482.jpg,0.004500523485941117
image_7684.jpg,0.023610195958928912
image_10585.jpg,0.10551917350814066
image_7411.jpg,0.0035289995698682426
image_11434.jpg,9.994535969122648e-05
image_3075.jpg,0.01578118927165369
image_9245.jpg,0.007329487732892516
image_16264.jpg,0.1366151754683525
image_7316.jpg,0.0012627786084138208
image_9871.jpg,0.4634645132891057
image_15462.jpg,0.000860942505928729
image_13097.jpg,0.003011914936227292
image_2268.jpg,0.003086606723058195
image_14150.jpg,0.016989938733527492
image_8097.jpg,9.927024467768038e-05
image_9388.jpg,0.026869200905349135
image_2308.jpg,0.10699780747986441
image_9617.jpg,0.42790936174079114
image_1326.jpg,0.029155971073431153
image_10210.jpg,0.047988415169689706
image_14452.jpg,0.006998666852956972
image_2516.jpg,0.008105217982179743
image_14092.jpg,0.00526524208183009
image_12777.jpg,0.00018691205191142494
image_7434.jpg,0.02190046077817313
image_2823.jpg,0.010971998388061318
image_13518.jpg,0.04043223784019507
image_9000.jpg,0.0030984029853299492
image_55.jpg,0.0028029754434172965
image_2786.jpg,0.004344960851980675
image_9062.jpg,0.32877628655247276
image_6845.jpg,0.3932345334174328
image_10694.jpg,0.06818603691862206
image_1504.jpg,2.6478448132802852e-05
image_8282.jpg,0.02572978704852711
image_13667.jpg,0.002712128729985211
image_15439.jpg,0.0002008533746289141
image_13998.jpg,0.14374056084089862
image_16516.jpg,0.5418166133512939
image_12248.jpg,0.47187796848350566
image_2309.jpg,0.9407198725231339
image_473.jpg,0.05556166146185077
image_15582.jpg,0.06025423073680466
image_2371.jpg,0.02668819581569698
image_11365.jpg,0.000848626904792367
image_8396.jpg,0.003056946449298685
image_11019.jpg,0.001168825381020937
image_10656.jpg,0.013890006310697322
image_10368.jpg,0.019357379934711705
image_14429.jpg,0.0011504822626737965
image_4449.jpg,0.04216348277212172
image_11765.jpg,0.37501802745738755
image_3293.jpg,0.005790486076887686
image_10461.jpg,0.0002080730152033324
image_775.jpg,0.08284873526280229
image_2337.jpg,0.013795764580556391
image_6379.jpg,0.06390189194155022
image_6631.jpg,0.13169288381415312
image_1245.jpg,0.05347975336727653
image_2668.jpg,2.8050497579008582e-05
image_7768.jpg,0.002246964145746441
image_6658.jpg,0.0052581533736510335
image_13886.jpg,0.03233890976294417
image_1615.jpg,0.003731818939633521
image_9459.jpg,0.004653076072727536
image_13595.jpg,0.008532572693542516
image_8083.jpg,0.0007330998019062247
image_10186.jpg,0.008883821044031034
image_4229.jpg,0.030870828315707283
image_11810.jpg,0.05507817601766965
image_8535.jpg,0.06080372404731313
image_6466.jpg,0.08620165856975535
image_15937.jpg,0.2430549688674482
image_14813.jpg,0.06364213962663573
image_15499.jpg,0.00973016344199039
image_12600.jpg,0.05392585607113311
image_16055.jpg,0.015566434542789354
image_8462.jpg,0.0003266384071789683
image_14630.jpg,0.03842073926864498
image_15194.jpg,0.00562105856072123
image_9864.jpg,0.0009312056758493594
image_32.jpg,0.023688106691152493
image_12786.jpg,0.0007135851258442494
image_9499.jpg,0.0005645639641211755
image_4334.jpg,0.038368945954722254
image_6204.jpg,0.006323971562554031
image_8783.jpg,0.22264055092368318
image_4721.jpg,0.029817455281189707
image_1832.jpg,0.5479913921733441
image_8438.jpg,0.40792006686065446
image_16051.jpg,0.006380033103979196
image_9902.jpg,0.10067103074034466
image_13407.jpg,0.14276891825329652
image_11853.jpg,0.0008991562960536989
image_10374.jpg,0.08934121548546126
image_2789.jpg,0.004678972074977128
image_11461.jpg,0.07752850668961105
image_169.jpg,0.009163313233352875
image_7976.jpg,0.004978652912327387
image_16081.jpg,0.026632769322020532
image_11757.jpg,0.002501577996109605
image_12293.jpg,0.6046706650810049
image_5910.jpg,0.03662182428984397
image_15662.jpg,0.0037906130889811224
image_8327.jpg,0.015521277535656398
image_13766.jpg,0.00038477384293311213
image_8136.jpg,0.0032510693164475983
image_15249.jpg,0.010311682684195246
image_9800.jpg,0.009514883772495515
image_3039.jpg,0.17041493946321534
image_2509.jpg,0.004310598454281339
image_11880.jpg,0.09866503073125332
image_15622.jpg,0.006147726595319036
image_12646.jpg,0.0077216667145473365
image_8648.jpg,0.08309175401027699
image_8472.jpg,0.001629302857658521
image_9022.jpg,0.0432397867154588
image_4822.jpg,0.0027475836373793885
image_16154.jpg,0.06722571612161254
image_3132.jpg,0.0016997206645829163
image_2553.jpg,0.044735723747613795
image_1372.jpg,0.02001964929489689
image_8262.jpg,0.016853994311862058
image_3204.jpg,0.007701672749867003
image_14940.jpg,0.7652123243666934
image_2407.jpg,0.9398763839525297
image_130.jpg,0.036208387844369985
image_860.jpg,0.9898567149804068
image_14007.jpg,0.2358093265466275
image_11593.jpg,0.0003472897525219561
image_12911.jpg,0.00026196443710240223
image_15389.jpg,0.44191353275277456
image_5782.jpg,0.06052580375382301
image_2803.jpg,0.0017298975036645417
image_1754.jpg,0.0006924320239363443
image_13049.jpg,0.012587536778005825
image_5580.jpg,0.005828190706057391
image_14031.jpg,4.9512568652677175e-05
image_10405.jpg,0.09932772101715817
image_534.jpg,0.2847216242049123
image_1481.jpg,0.009879934507031092
image_6559.jpg,0.16391997219067406
image_3491.jpg,0.801856193999634
image_5254.jpg,0.05065243746032762
image_8976.jpg,0.04390284397298834
image_349.jpg,0.009367739357078058
image_470.jpg,0.002963113464759734
image_11453.jpg,3.974232462936829e-05
image_8827.jpg,0.024411790739736556
image_3083.jpg,0.019123756166534507
image_3339.jpg,0.00022590458910163604
image_2333.jpg,0.23452354295908318
image_11758.jpg,0.29279100140494846
image_5603.jpg,0.08867917004793788
image_4526.jpg,0.0005684592884125814
image_1618.jpg,0.0008790934799807472
image_3799.jpg,0.0069386651680036545
image_5411.jpg,0.9865045535884637
image_8266.jpg,0.011212096533822826
image_2456.jpg,0.0007684036620063597
image_12521.jpg,0.9985917396226839
image_10254.jpg,0.033505153196055765
image_1130.jpg,0.007616636140338504
image_1788.jpg,0.12820275048880866
image_1675.jpg,0.02853690525208025
image_11030.jpg,0.004433524806369927
image_12285.jpg,0.00012902276660590534
image_7774.jpg,0.006399225586347266
image_14619.jpg,0.26292166754820834
image_10288.jpg,0.8775724097396301
image_11119.jpg,0.1432189079141755
image_4940.jpg,0.028857627337168523
image_15554.jpg,0.0050864157554723005
image_10884.jpg,0.9689073786727065
image_8839.jpg,0.00026990543711517107
image_8376.jpg,0.8258559485400201
image_13724.jpg,0.007575476166937836
image_7947.jpg,0.12533214395437622
image_3716.jpg,0.07330357453108366
image_10822.jpg,0.004649459276302334
image_15342.jpg,0.025557947592548293
image_9507.jpg,0.0005354746513398164
image_5337.jpg,0.011310284806757477
image_7600.jpg,0.4445811792166589
image_1945.jpg,0.0013149834600463136
image_11749.jpg,0.4351521946683239
image_9888.jpg,3.460264371846326e-05
image_7267.jpg,0.004851899831341755
image_12320.jpg,0.42695604805541426
image_13824.jpg,0.008095112620077203
image_16384.jpg,0.035529435596671655
image_4193.jpg,0.001549213982300692
image_5212.jpg,0.2789686897131366
image_10718.jpg,0.034639475423270165
image_5665.jpg,0.9300825460161979
image_13794.jpg,0.004289587176267449
image_7497.jpg,0.0005046803920144277
image_1612.jpg,0.0011378777199642894
image_1758.jpg,0.08008148725377845
image_2692.jpg,0.03886322613195646
image_6367.jpg,0.6143208143241815
image_15659.jpg,0.05215586595261878
image_12137.jpg,0.010516093958017015
image_2344.jpg,0.006124430339480045
image_11350.jpg,0.9072838969656618
image_13909.jpg,0.9047395025034116
image_3928.jpg,0.007313025053531738
image_1408.jpg,0.007386648705836715
image_384.jpg,0.15718414701138667
image_9769.jpg,0.17149245165226282
image_14824.jpg,0.02230858107321383
image_15416.jpg,0.008144457917268167
image_10754.jpg,0.000427376206230389
image_13292.jpg,0.00066720710788515
image_3279.jpg,0.6350389079887976
image_12697.jpg,0.0005840515359466917
image_16429.jpg,0.008287849576351316
image_9210.jpg,0.39118249521365706
image_7105.jpg,0.005324974623659384
image_16313.jpg,0.017759310271062707
image_12331.jpg,0.47597134304802086
image_10615.jpg,0.002145120444553935
image_3351.jpg,0.0005498445092243229
image_14852.jpg,0.0020243958078107176
image_10855.jpg,0.10363940214777588
image_7080.jpg,0.005123536614937506
image_14355.jpg,0.006441785332126593
image_8394.jpg,0.03308799047883758
image_11664.jpg,0.046553697809096455
image_13464.jpg,0.0011340586905402245
image_1978.jpg,0.009971930172352029
image_1419.jpg,0.0016980954533289208
image_11994.jpg,0.8723193526063762
image_6463.jpg,0.017118088589616234
image_9703.jpg,0.009158490070777304
image_7452.jpg,0.005041823332663559
image_14394.jpg,0.003955356458273996
image_4974.jpg,0.034967335155229276
image_1413.jpg,0.2705868459251152
image_16192.jpg,0.0036025131918575727
image_5026.jpg,0.5464142453286304
image_11302.jpg,0.0008502794440174816
image_8885.jpg,0.006913693243609985
image_14269.jpg,0.032721519964120725
image_11711.jpg,0.3178293111652579
image_6324.jpg,2.9375110321476884e-05
image_3261.jpg,0.006427467715828067
image_4481.jpg,0.005091004983293369
image_14602.jpg,0.00077226568670015
image_15677.jpg,0.001552530750363145
image_1418.jpg,0.014890849798942112
image_13845.jpg,0.001212693163076977
image_12694.jpg,0.03299228534607982
image_11329.jpg,0.014326889455011616
image_7128.jpg,0.00044214272305017515
image_10253.jpg,0.3302959393125089
image_12165.jpg,0.08249904277393541
image_11710.jpg,0.021549777342962033
image_4754.jpg,0.011818551136560157
image_5634.jpg,0.8313450634409965
image_4813.jpg,0.0011924565298217242
image_5181.jpg,0.9171481960732508
image_11346.jpg,0.22699430909900273
image_15282.jpg,0.001659916023731164
image_11425.jpg,0.0711259459494376
image_9124.jpg,0.014655148503318532
image_734.jpg,0.0548042878384948
image_7382.jpg,0.9181322478212373
image_9384.jpg,0.006604239586685422
image_9849.jpg,0.00012470737199963509
image_3823.jpg,0.03829283432460827
image_14821.jpg,0.00010714069213419517
image_15924.jpg,0.28700143224717795
image_14377.jpg,0.03235980566322525
image_10791.jpg,0.008772175204704025
image_3385.jpg,0.034054569666237794
image_5155.jpg,0.00026582685978002483
image_9401.jpg,0.24527145385186264
image_1570.jpg,0.09781388665958225
image_9326.jpg,0.0013922821963077076
image_10597.jpg,0.0046190115600663675
image_13373.jpg,0.015511339400685312
image_6645.jpg,0.004655721079790373
image_12499.jpg,0.0043487373235024445
image_9321.jpg,0.25951982872744356
image_3115.jpg,0.6883306545557847
image_5878.jpg,0.049512660672396416
image_7307.jpg,0.002086106965198463
image_7358.jpg,0.07494563338139673
image_7194.jpg,0.02853223525297313
image_3240.jpg,0.01215835141035334
image_13339.jpg,0.3062040000545215
image_6304.jpg,0.015761710035125377
image_14378.jpg,0.008172818429579254
image_13332.jpg,0.0006249508757537877
image_15896.jpg,0.01877781881500258
image_4365.jpg,0.0036250551253154315
image_12439.jpg,0.02807113996807173
image_7867.jpg,0.03847457936643304
image_5467.jpg,0.019972292706998407
image_4155.jpg,0.0005898471953454046
image_5299.jpg,0.05269307564366048
image_10638.jpg,0.4337195596554268
image_8706.jpg,0.011430976800683796
image_15729.jpg,0.14148747284916993
image_10803.jpg,0.00018710405001482448
image_6943.jpg,0.03364716699784811
image_14682.jpg,0.8579143719494488
image_6706.jpg,0.006063670986999846
image_15260.jpg,0.2153848158403424
image_13619.jpg,0.021722289815728324
image_11324.jpg,0.0003789849815354257
image_1885.jpg,0.02980265949657981
image_12707.jpg,0.31260069889904984
image_4110.jpg,0.006411670246915555
image_2319.jpg,0.034791935774442596
image_2774.jpg,1.1232887767414328e-06
image_10401.jpg,0.0008454966921570924
image_286.jpg,0.43374025273918415
image_14010.jpg,0.5475983103674265
image_3934.jpg,0.005778397349678908
image_13480.jpg,0.3819694152431922
image_10905.jpg,0.01549907299743286
image_11292.jpg,0.03104248580472427
image_15876.jpg,0.0008284166842418113
image_3754.jpg,0.0922272198613564
image_5531.jpg,0.029344865790732987
image_14990.jpg,0.001781462839193044
image_1890.jpg,0.5580638346033638
image_7134.jpg,0.014403094157970909
image_10077.jpg,0.0011474777730737203
image_481.jpg,0.12172241680035749
image_15420.jpg,0.0018617531256870672
image_7658.jpg,0.06698422213352125
image_1337.jpg,0.011485028820255498
image_14012.jpg,0.0018477276284220156
image_3167.jpg,0.0056912304457455015
image_12675.jpg,0.8851489617649134
image_4051.jpg,0.44098266046014734
image_6383.jpg,0.39398275055890813
image_3151.jpg,0.16289291824411758
image_3837.jpg,0.1767754017005174
image_7412.jpg,0.0009271457455671346
image_6266.jpg,0.03774082114523117
image_2512.jpg,0.24951978853049922
image_3778.jpg,0.0007882669046659858
image_14215.jpg,0.019947801988838224
image_12959.jpg,0.0187569100178862
image_9212.jpg,0.0009301583432220417
image_11871.jpg,0.04735906721007634
image_8788.jpg,0.17351700952322893
image_4461.jpg,0.0005910293605568073
image_1985.jpg,0.02877966210577866
image_4055.jpg,8.908378708756434e-05
image_754.jpg,0.42589809475651297
image_6075.jpg,0.06170648784876966
image_1226.jpg,0.006676948013953376
image_4255.jpg,0.09468799930862584
image_12184.jpg,0.008151485857845859
image_8576.jpg,0.12150850078093794
image_12186.jpg,0.0003496791543552086
image_14778.jpg,0.0022339146736306444
image_3101.jpg,0.034820199257011915
image_2842.jpg,0.001779700941177447
image_8668.jpg,0.7832372560476281
image_13153.jpg,0.0008415099758965301
image_904.jpg,0.03024440795176978
image_7159.jpg,0.028230343494947435
image_10145.jpg,0.004927181321458495
image_3003.jpg,0.33691131475055064
image_779.jpg,0.0032293088448380916
image_14890.jpg,0.03585315816368353
image_4025.jpg,0.0018401211913689275
image_10801.jpg,0.04787792584958006
image_15467.jpg,0.02650482068232217
image_2056.jpg,0.9171749149694944
image_3214.jpg,0.03511329883731693
image_7269.jpg,0.014570130045114118
image_6457.jpg,0.041960391566875005
image_15087.jpg,0.7657502774604025
image_2269.jpg,0.14031477643704174
image_12168.jpg,0.00029985412723357215
image_10209.jpg,0.0006338361229984441
image_12839.jpg,0.00011742576621718713
image_11956.jpg,0.05534184059047168
image_759.jpg,0.030076016250617912
image_8.jpg,0.21501525852198602
image_4874.jpg,0.0018712937710331718
image_15255.jpg,0.0002825130169012407
image_1935.jpg,0.1669568869443564
image_13419.jpg,0.005027600898157855
image_11287.jpg,0.33345881603221544
image_1105.jpg,0.014031889938649749
image_9353.jpg,0.0186940773835992
image_1844.jpg,0.00039582378452681673
image_11540.jpg,0.0016937086839906219
image_10784.jpg,0.004669251128661666
image_5575.jpg,0.028231363843293156
image_5280.jpg,0.00455557634036718
image_10685.jpg,0.954909573028766
image_13828.jpg,0.016859128780296002
image_2917.jpg,0.033118900779323265
image_12673.jpg,0.7291481594102279
image_5482.jpg,0.1050515806178662
image_5332.jpg,0.04577681679940251
image_1295.jpg,0.9197591815590738
image_14100.jpg,0.0005719913421827916
image_3955.jpg,0.001154554056983478
image_13330.jpg,0.003276207163322961
image_7245.jpg,0.01722859653480811
image_11173.jpg,0.0019717825254527473
image_11390.jpg,0.005683955643831745
image_2187.jpg,0.08649065002031056
image_14781.jpg,0.007107796571620501
image_12924.jpg,0.3624746906617187
image_15549.jpg,0.016733908803954495
image_6741.jpg,0.035854836499681485
image_924.jpg,0.007186299106244043
image_13481.jpg,0.00621772289594148
image_13732.jpg,0.00362867246537355
image_7019.jpg,0.0018030445105286013
image_16118.jpg,0.009996360211401241
image_14081.jpg,0.08118605050316316
image_11796.jpg,0.20896316327908765
image_1696.jpg,0.1059861849081793
image_9126.jpg,0.06682546622927442
image_1365.jpg,0.030188738035958992
image_4478.jpg,0.002226763507947862
image_11769.jpg,0.3457476120033684
image_13137.jpg,0.019919808261856242
image_9980.jpg,0.11179904011446443
image_7387.jpg,0.003448928595418246
image_7271.jpg,0.031040156539826235
image_14672.jpg,0.13461838201340773
image_2554.jpg,0.4181357464926244
image_5087.jpg,0.019774122562778964
image_15481.jpg,0.025608312099346525
image_13771.jpg,0.11088808690588187
image_6012.jpg,0.005153181943583782
image_4391.jpg,0.1246608127842551
image_10829.jpg,0.11583183990071849
image_12688.jpg,0.00014768028424235366
image_3084.jpg,0.0011211616260972334
image_12597.jpg,0.12525241669578255
image_3194.jpg,0.0006479326238385879
image_1859.jpg,0.06025950311037659
image_7676.jpg,0.3042247591418236
image_14023.jpg,0.9003894236305332
image_1142.jpg,0.03863510683802562
image_6241.jpg,0.0028277642479034035
image_6827.jpg,0.24780597405915994
image_3763.jpg,0.22821653578011122
image_13019.jpg,0.029846593117177585
image_14005.jpg,0.020588262961193843
image_1745.jpg,0.013472304815471627
image_12775.jpg,0.0255295646254525
image_5245.jpg,0.2532562893189066
image_3605.jpg,0.061755014468187354
image_13610.jpg,0.0005727479826308165
image_13340.jpg,0.10732085785777133
image_1292.jpg,0.00033148449202830634
image_11855.jpg,0.691467686154188
image_13435.jpg,0.017875378070284553
image_7591.jpg,0.02635456189501164
image_7073.jpg,0.0437546285144829
image_8920.jpg,0.05169025164424445
image_12345.jpg,0.08993531431395038
image_3625.jpg,0.027450599383192803
image_13146.jpg,0.0001897781161232788
image_5161.jpg,0.06694115580203566
image_6570.jpg,0.01575537138258784
image_5022.jpg,0.013435406899434087
image_15036.jpg,0.0007489933487151069
image_14859.jpg,0.003303806209212782
image_5382.jpg,0.004819868534283388
image_562.jpg,0.003854731101478924
image_9716.jpg,0.7108221271221664
image_7372.jpg,0.000330920848405412
image_9996.jpg,0.36031487228847875
image_2423.jpg,0.0045799679861578116
image_4177.jpg,0.007439898685247832
image_4501.jpg,0.1340408601426871
image_4833.jpg,0.0065047897620703855
image_10327.jpg,0.001561313612036699
image_1688.jpg,0.5319278557151081
image_15563.jpg,0.0028239513769416514
image_14184.jpg,0.005895246327701595
image_2631.jpg,0.042467713064318686
image_673.jpg,0.08817768176409037
image_10985.jpg,0.022483124783927774
image_726.jpg,0.017576596762036076
image_6986.jpg,0.0036104917239427998
image_14186.jpg,0.007679587241376853
image_9436.jpg,0.009553019078831005
image_7029.jpg,0.019743916415696096
image_15701.jpg,0.006603653011247608
image_1851.jpg,0.23904669599079528
image_9304.jpg,0.007422521158409133
image_11385.jpg,0.026449032507568977
image_7990.jpg,0.7649377242296205
image_14562.jpg,0.026804062933479814
image_4426.jpg,0.006761711152245451
image_6759.jpg,0.5011942757885387
image_11191.jpg,0.04730347498693498
image_13631.jpg,0.9926825403015622
image_14506.jpg,0.003210522673320914
image_10862.jpg,0.019565939551869575
image_4080.jpg,0.8428257392890214
image_9671.jpg,0.010837390810767802
image_15201.jpg,0.0004084598721136889
image_13502.jpg,0.06042493893639188
image_13183.jpg,0.07464878305235347
image_6023.jpg,0.15843733675087285
image_13960.jpg,0.7851249906941232
image_16438.jpg,0.0027470079312537357
image_5450.jpg,0.03755653730453081
image_5290.jpg,0.05987751135338609
image_4913.jpg,6.054921654816746e-06
image_15428.jpg,0.000553706883851982
image_11069.jpg,0.07256361597435688
image_7727.jpg,0.0597692872560808
image_8741.jpg,0.0038717618394475393
image_1787.jpg,0.04250203208484887
image_3415.jpg,0.0016225134010008097
image_946.jpg,9.981648499268431e-05
image_13846.jpg,0.000537658140871276
image_2778.jpg,0.04906977796513889
image_3809.jpg,0.5997601853959764
image_9360.jpg,0.0365368765149834
image_3572.jpg,0.018681219179275385
image_1522.jpg,0.013886748629814075
image_12087.jpg,0.018852461109394623
image_15358.jpg,0.04585655512073585
image_5349.jpg,0.004615100661985689
image_3748.jpg,0.0037113785333302268
image_5627.jpg,0.15038709632702849
image_13490.jpg,0.10092642400133585
image_11003.jpg,0.00041538568159216183
image_4993.jpg,0.0004269140868760538
image_14245.jpg,0.044539358653099874
image_1311.jpg,0.007954978112045536
image_4906.jpg,0.009235439016328882
image_5051.jpg,0.021446066667167883
image_15264.jpg,0.005920252563915744
image_8084.jpg,0.5871211239842773
image_15914.jpg,0.031635459169113755
image_3908.jpg,0.000605914634345173
image_2039.jpg,0.02463651008646064
image_12205.jpg,0.0012010666748717767
image_13263.jpg,0.005318808145720527
image_8638.jpg,0.08570394897004326
image_1915.jpg,0.49873429896836224
image_8004.jpg,0.018879893583118718
image_16104.jpg,0.15248180769572103
image_12392.jpg,0.003865902878645315
image_3232.jpg,0.0008023325424831974
image_15883.jpg,0.005006621304904106
image_918.jpg,0.03159089436963929
image_10637.jpg,0.9827244881434156
image_3916.jpg,0.4353239038959956
image_10714.jpg,0.000989456198720713
image_15958.jpg,0.03897470295931474
image_11848.jpg,0.002086621711513597
image_16139.jpg,0.9995922066043343
image_890.jpg,0.00010732862742930176
image_232.jpg,0.026502549808629698
image_16029.jpg,0.005747933027400409
image_9956.jpg,0.003930941849908329
image_7063.jpg,0.10273559900182849
image_8758.jpg,0.014846323818939354
image_9738.jpg,5.686917836693626e-05
image_9842.jpg,0.04227990704222546
image_4333.jpg,0.5503261238876478
image_3353.jpg,0.00016322408132216863
image_11386.jpg,0.02756393023260449
image_11258.jpg,0.020411061881152385
image_11667.jpg,0.027850601081655366
image_12514.jpg,0.001785875427555726
image_12304.jpg,0.16608261619970252
image_4166.jpg,0.036715526617474785
image_5215.jpg,0.03222044019586195
image_15562.jpg,0.0008981445649732646
image_16142.jpg,0.17009717339968675
image_10959.jpg,0.001639979906773568
image_16153.jpg,0.0007301531097362693
image_14473.jpg,0.02775235569160277
image_11851.jpg,0.0005554115336636122
image_7094.jpg,0.9011449834579505
image_11764.jpg,0.7892799862796565
image_15073.jpg,0.0008953566971597167
image_12960.jpg,0.009517915847840999
image_5644.jpg,0.5784582635256925
image_10316.jpg,0.002647820382289029
image_13293.jpg,0.0030723702429732323
image_12955.jpg,0.0003938039724488013
image_16044.jpg,0.023935885203507794
image_3756.jpg,0.0067698168551866954
image_9783.jpg,0.03183166586250922
image_12728.jpg,0.0006062198594500731
image_13621.jpg,0.0035989480449264014
image_6595.jpg,0.0006954756983751555
image_475.jpg,0.0019544562070982706
image_7962.jpg,0.00746940556951465
image_12796.jpg,0.07916923118932728
image_10395.jpg,0.005317668024256503
image_5137.jpg,0.019791957489048988
image_7705.jpg,0.0012381848825139584
image_14842.jpg,0.18226853780657054
image_11566.jpg,0.0005474965141890043
image_12732.jpg,0.008544829948737594
image_9946.jpg,0.0003247447594939115
image_4722.jpg,0.00425889355162032
image_1409.jpg,0.12853774494294215
image_13038.jpg,0.01215152513130835
image_16537.jpg,0.17003103382181325
image_9804.jpg,0.9056837825098799
image_8918.jpg,0.08358350769391908
image_4716.jpg,0.6335291621994626
image_2660.jpg,0.006058051337064768
image_12721.jpg,0.006887915187334469
image_14948.jpg,0.004399144030665468
image_6303.jpg,0.8773237926480821
image_12677.jpg,0.00893577318492936
image_16381.jpg,0.044889990443724534
image_11071.jpg,0.09893811668169787
image_780.jpg,0.08623965111123934
image_3895.jpg,0.5347399799887212
image_4728.jpg,0.0056930166655319485
image_15653.jpg,9.451842340999427e-05
image_348.jpg,0.327425791292891
image_4294.jpg,0.017738510868099792
image_5351.jpg,0.0014888443150160712
image_3540.jpg,0.7028824178794209
image_10653.jpg,0.9750086875954853
image_606.jpg,0.008406138829978106
image_3525.jpg,0.003557728470840087
image_6942.jpg,0.44037271538475675
image_5757.jpg,0.3937915902534561
image_13230.jpg,3.630545610483138e-05
image_2314.jpg,0.004994317212917788
image_2617.jpg,0.15834912107738683
image_4705.jpg,0.0010702429707218416
image_14810.jpg,0.02167468368064977
image_7936.jpg,0.0005292377940619291
image_15602.jpg,0.002584986132440757
image_12922.jpg,0.02853164599123687
image_16080.jpg,0.09310333789903433
image_16337.jpg,0.004094989144211889
image_7251.jpg,0.07174674839014977
image_6668.jpg,0.0878482378363971
image_11976.jpg,0.07395894757748568
image_15805.jpg,0.4336156889487271
image_1351.jpg,0.0964357664111469
image_557.jpg,0.030059656517103905
image_1136.jpg,0.4835240276788109
image_9037.jpg,0.04018304816539319
image_1079.jpg,0.005983531203549472
image_10126.jpg,0.07113456173168162
image_10038.jpg,0.3925520569396292
image_1135.jpg,0.001532696715023943
image_4126.jpg,0.46560269857712083
image_12017.jpg,0.057686568166408964
image_16260.jpg,0.0022070627625875366
image_4575.jpg,0.12059498171582445
image_5133.jpg,0.9029030728682568
image_3254.jpg,0.673421710630882
image_1360.jpg,0.3057454751772973
image_16503.jpg,0.19980943364671203
image_8121.jpg,0.00014469513493317848
image_10170.jpg,0.7817830051567
image_3963.jpg,0.011174822077092736
image_16460.jpg,0.12907617752414857
image_4562.jpg,0.0017958143178527313
image_442.jpg,0.0005665058778426369
image_12377.jpg,0.014149133427226278
image_10180.jpg,0.00029527914049199
image_3178.jpg,0.0037132241243309503
image_12542.jpg,0.04320358404788314
image_10466.jpg,0.02590259213937295
image_4178.jpg,0.0011005464559694414
image_8078.jpg,0.5478996569837423
image_1180.jpg,0.003679214518483918
image_11144.jpg,0.2936807352990581
image_3333.jpg,0.0007655036566244099
image_13379.jpg,0.2828813969653837
image_3443.jpg,0.06255841298457444
image_10864.jpg,0.0012728403780958022
image_11101.jpg,0.01228660324515529
image_11624.jpg,0.025852054929290696
image_10048.jpg,0.01620579590096794
image_1789.jpg,0.001312593331832043
image_3516.jpg,0.03052484154923328
image_8028.jpg,0.029623879448613246
image_1780.jpg,0.0030145916814298796
image_1899.jpg,0.008094360698376738
image_418.jpg,0.0004512721323071183
image_12478.jpg,0.07774207882168918
image_1803.jpg,0.004879116886236784
image_12998.jpg,0.005833024311762922
image_13397.jpg,0.3755370260429727
image_11269.jpg,0.03577640963921194
image_13910.jpg,0.10083396401603789
image_6506.jpg,0.20995617172071124
image_2577.jpg,0.05139261801129366
image_15117.jpg,0.0916788978294632
image_5175.jpg,0.0032456211128572983
image_4735.jpg,0.00121975470558207
image_11569.jpg,0.023640977832179624
image_15741.jpg,0.09525505875773534
image_3938.jpg,0.007265192775575168
image_10733.jpg,0.20612319950477861
image_16152.jpg,0.02568634138579055
image_205.jpg,0.018564745615047402
image_4975.jpg,0.12287211159603237
image_14278.jpg,0.013697690770140448
image_3078.jpg,0.34330185629299165
image_15062.jpg,0.07385300045477662
image_28.jpg,0.0008073054501129919
image_11908.jpg,0.012515839066910894
image_113.jpg,0.04803596016408702
image_10811.jpg,0.0033224499293834377
image_10630.jpg,0.200549410447634
image_3198.jpg,0.03791263062497845
image_12330.jpg,0.24802369692455506
image_13228.jpg,0.10794373908169842
image_4369.jpg,0.16544367182319036
image_2530.jpg,0.001194167820076205
image_7538.jpg,0.01261452849643156
image_1888.jpg,0.0032517795868587797
image_13982.jpg,0.04328201345192352
image_6103.jpg,0.94913137352977
image_5942.jpg,0.01643275748635645
image_13557.jpg,0.08291172535777436
image_7992.jpg,0.0027862154541318167
image_5727.jpg,0.9533282333408781
image_9144.jpg,0.020064734990873016
image_6190.jpg,0.54292163676946
image_4495.jpg,0.0007357754919956421
image_10577.jpg,0.02040407766658561
image_6321.jpg,0.8635047161415875
image_5620.jpg,0.3691648484536768
image_8134.jpg,0.032311586459794525
image_7563.jpg,0.0031522527664939568
image_9656.jpg,0.002209982765525032
image_1088.jpg,0.8221704662853802
image_8797.jpg,0.000797250346298033
image_996.jpg,0.26280433769963896
image_8006.jpg,0.000166451965447172
image_4357.jpg,8.934809011416534e-05
image_5633.jpg,0.9258659708265092
image_3325.jpg,0.0016853168177848842
image_9802.jpg,0.27939325557108524
image_135.jpg,0.03367761286651174
image_16281.jpg,0.6132280603654767
image_12928.jpg,0.01161149953269529
image_16533.jpg,0.25068797584317143
image_12353.jpg,0.031074948755749236
image_559.jpg,0.007254633970162618
image_12405.jpg,0.0016722395292060712
image_10241.jpg,0.34527569919983625
image_16084.jpg,0.0012259202537348096
image_10578.jpg,0.0010438835195256898
image_14931.jpg,0.11205587050017253
image_5328.jpg,0.008197791865609474
image_6969.jpg,0.7017216437588918
image_14384.jpg,0.0004719294048835425
image_6844.jpg,0.7242307480168338
image_4348.jpg,0.8555643407152339
image_2843.jpg,0.6319806508991168
image_13992.jpg,0.00044268306711633373
image_1403.jpg,0.0778687997075522
image_3650.jpg,0.9052167425831738
image_15650.jpg,0.7429539889017114
image_3150.jpg,0.3876485773561982
image_3318.jpg,0.07377354728336731
image_6112.jpg,0.0033100290448796255
image_9762.jpg,0.4555345122608124
image_12169.jpg,0.9949992921863406
image_785.jpg,0.05434031236659292
image_2652.jpg,0.07610639216347374
image_617.jpg,0.005065602481001715
image_10507.jpg,0.6623601335349442
image_11714.jpg,0.02467069667422547
image_864.jpg,0.021246447781492983
image_3808.jpg,0.0011592847449644818
image_1527.jpg,0.04589628398278499
image_3859.jpg,0.19973329358950123
image_7827.jpg,0.002399917077029436
image_2446.jpg,0.0753698794691185
image_14305.jpg,0.015558726113033815
image_12441.jpg,0.02006039378884835
image_13585.jpg,0.3442588854539562
image_9164.jpg,0.014874143962891797
image_15753.jpg,0.009388554166406987
image_15015.jpg,0.05006673118830017
image_15495.jpg,0.004866825053527655
image_12559.jpg,0.002019525918985283
image_12095.jpg,0.0008190789776361445
image_4265.jpg,0.033070340875215064
image_9249.jpg,0.011879892568690839
image_11924.jpg,0.00031680528493010715
image_15317.jpg,0.006139656806308068
image_13608.jpg,2.7569510313856652e-05
image_1823.jpg,0.040632870382666914
image_14326.jpg,1.2737828403301956e-05
image_8170.jpg,0.28006805458013284
image_6739.jpg,0.026902355950557084
image_9271.jpg,0.022993790596070294
image_7023.jpg,0.0183397256324194
image_12971.jpg,0.1546362285404899
image_10624.jpg,0.0002938333180840461
image_537.jpg,0.00915487167891631
image_9603.jpg,0.0029041057196018756
image_7631.jpg,0.0015432464826980023
image_14386.jpg,0.18613352581024686
image_12194.jpg,0.07147803655501565
image_12562.jpg,0.0010385276356046087
image_6763.jpg,0.013065403210246695
image_5735.jpg,0.014782320412761207
image_4900.jpg,0.03159882143792633
image_1439.jpg,0.0008338349488281764
image_3931.jpg,0.08180720187860147
image_4.jpg,0.012275406463489054
image_6334.jpg,0.06959706260464286
image_14201.jpg,0.03939545385766486
image_5062.jpg,0.9858864963975676
image_10153.jpg,0.001985982944104313
image_5069.jpg,0.0003441058841353096
image_10436.jpg,0.024644585007094474
image_14292.jpg,0.00020443433896821973
image_4376.jpg,0.19755185822230306
image_12236.jpg,0.09473123433451827
image_4595.jpg,0.0008799318835873681
image_3496.jpg,0.01091435095198342
image_3023.jpg,0.7692911323024464
image_4836.jpg,0.003438692290507166
image_2706.jpg,0.06947365650347738
image_5445.jpg,0.00035019738968458176
image_5159.jpg,0.0011141067140391261
image_11040.jpg,0.013864873460401429
image_15790.jpg,0.023812257375639807
image_3211.jpg,0.00917649961194677
image_6720.jpg,0.009844982977806593
image_1590.jpg,0.7860182152370716
image_6712.jpg,0.006834105367596913
image_15847.jpg,0.0018048978507826691
image_15328.jpg,0.14171873552617312
image_11518.jpg,0.000909840509286264
image_5315.jpg,0.0003801238122282564
image_9287.jpg,0.0021343871462038244
image_1356.jpg,0.00044219860556774475
image_9914.jpg,0.010925448818883493
image_5489.jpg,0.06204957932290271
image_13657.jpg,0.0045691900767803224
image_9120.jpg,0.1182500358994027
image_6460.jpg,0.16426305806926653
image_13929.jpg,0.0017929470453483805
image_4472.jpg,0.03397410629815268
image_15877.jpg,0.1306207649485634
image_978.jpg,0.0020306660848888377
image_44.jpg,0.020323579237256473
image_10110.jpg,0.22594937310142166
image_8275.jpg,0.13400726860714862
image_428.jpg,0.0023349742443317155
image_332.jpg,0.016331384488668273
image_6625.jpg,0.09953860722447957
image_1064.jpg,0.1279403225259574
image_2611.jpg,0.00042807940314252565
image_15608.jpg,0.0014252824953309305
image_148.jpg,0.0009707651590333975
image_6217.jpg,0.031376811923085
image_3671.jpg,0.0055315054230913735
image_845.jpg,0.1642016096853095
image_372.jpg,0.65073045546481
image_2884.jpg,0.04465978780115315
image_14596.jpg,0.037585299749326416
image_14136.jpg,0.7249819435306207
image_9989.jpg,0.004292449159031582
image_2378.jpg,0.014866720452328605
image_3431.jpg,0.10720510022644868
image_4217.jpg,0.17933423164364107
image_4743.jpg,0.056026028858882394
image_3464.jpg,0.003291737867429858
image_10984.jpg,0.00020696338857354278
image_8089.jpg,0.017590389988139523
image_2669.jpg,0.0004083983008059666
image_3055.jpg,0.0001369781835770173
image_8944.jpg,0.027528216636572702
image_8663.jpg,0.061905306080927425
image_8539.jpg,0.12195441169923481
image_10391.jpg,0.014913757934468492
image_4238.jpg,0.053305236843333395
image_9583.jpg,0.08503202764752628
image_14381.jpg,0.0187307266801638
image_15392.jpg,0.009126957661583855
image_6889.jpg,0.06387325295088787
image_10706.jpg,0.01955780701912262
image_484.jpg,0.9508877323339242
image_2653.jpg,0.006716499782116494
image_13590.jpg,0.0024898657609827043
image_12092.jpg,0.0505624925243494
image_11451.jpg,0.00018517788140020325
image_1386.jpg,0.008913560854924186
image_10375.jpg,0.018101141816719575
image_847.jpg,0.443023786087154
image_10641.jpg,0.7398290844229458
image_13957.jpg,0.021920951614048622
image_3789.jpg,0.9443486811488504
image_14229.jpg,0.026239177632544727
image_8441.jpg,0.018277267902974795
image_3440.jpg,0.003033719829794858
image_12268.jpg,0.0006556482286826494
image_10400.jpg,9.709278096183175e-05
image_3608.jpg,0.0021657701446413033
image_11177.jpg,0.004104950014232428
image_13042.jpg,0.0038851236471174034
image_14920.jpg,0.028017759324943207
image_4680.jpg,0.02228183281582485
image_5807.jpg,0.0067744178645289055
image_14694.jpg,0.03626807359704707
image_6543.jpg,0.10447674407526063
image_14507.jpg,0.0005486931478840411
image_11333.jpg,0.027934273937863432
image_1812.jpg,0.06827308055542901
image_5810.jpg,0.564182861392666
image_15127.jpg,0.24956740833268673
image_3447.jpg,0.0958405193816747
image_8366.jpg,0.030801147547257192
image_10816.jpg,0.30220731176085597
image_13142.jpg,0.021106169878462686
image_16307.jpg,0.40689810260481685
image_12782.jpg,0.03022474822555753
image_3366.jpg,0.01677912471305963
image_8923.jpg,0.5859865715476169
image_1837.jpg,0.05339245988762971
image_16127.jpg,0.008324610768404187
image_15658.jpg,0.8173695389770561
image_5219.jpg,0.03695422989197052
image_12668.jpg,0.01542539294969546
image_8784.jpg,0.22658430189874532
image_3013.jpg,0.04674502063370985
image_15330.jpg,0.10985406723632271
image_16561.jpg,0.0003395318467587077
image_8314.jpg,0.008194737442190441
image_5225.jpg,0.0022725755188898527
image_13793.jpg,0.058301658211739306
image_11935.jpg,0.2590866857568314
image_7862.jpg,0.0011811154905895342
image_13622.jpg,0.002619324900185699
image_8995.jpg,0.22757775872037958
image_14129.jpg,0.03669280207817558
image_914.jpg,5.816885338689753e-05
image_14259.jpg,0.1488303494052534
image_4725.jpg,0.036924593057129376
image_9894.jpg,0.012874079335653758
image_12310.jpg,0.053797296478505195
image_10445.jpg,0.0015152712823003583
image_2601.jpg,0.006750584201888166
image_6452.jpg,0.035764342548031944
image_4911.jpg,0.04084783340425462
image_10777.jpg,0.023480841520458817
image_12370.jpg,0.0037082964023533757
image_10947.jpg,0.568430838250764
image_6530.jpg,0.4665358487636237
image_7983.jpg,0.19536523447510537
image_9034.jpg,0.00980349612087903
image_6280.jpg,0.013690470244111914
image_9315.jpg,0.008785516319376824
image_11406.jpg,0.13403932101101862
image_13932.jpg,0.06132141769647098
image_6581.jpg,0.3366979712206939
image_4462.jpg,0.08078340652202191
image_9441.jpg,0.005450411184856302
image_12885.jpg,0.08588705401954498
image_3089.jpg,0.005174401584532435
image_439.jpg,0.33953225553408156
image_11612.jpg,0.0003538603254358561
image_29.jpg,0.0026548135689428718
image_8246.jpg,0.7254090532004904
image_14845.jpg,0.008147194137815419
image_8832.jpg,0.008178188136889376
image_100.jpg,0.014998021339331678
image_15347.jpg,0.40344400208459
image_4497.jpg,0.021105506885820684
image_2550.jpg,0.043775830114928194
image_15971.jpg,0.0021846912322231907
image_2164.jpg,0.0016551712754067011
image_11862.jpg,0.009855539013370515
image_8906.jpg,0.4576075620479329
image_10233.jpg,0.6826886103981846
image_10748.jpg,0.06653906934675709
image_1296.jpg,0.0097089682642758
image_3212.jpg,0.0038417902707883925
image_12312.jpg,0.005833116129270665
image_14373.jpg,0.010019361802932081
image_12805.jpg,0.20916911650925124
image_1062.jpg,0.006764810604443641
image_16368.jpg,0.0921100829239529
image_2531.jpg,0.055423068765766505
image_6175.jpg,0.279474136318104
image_14912.jpg,0.13417161862617363
image_13000.jpg,0.031898844575718746
image_9890.jpg,0.11232865390311618
image_5518.jpg,0.0016646725963071895
image_6835.jpg,0.009052110002165721
image_6877.jpg,0.01603284527310962
image_9727.jpg,0.17672664695645607
image_10686.jpg,0.3302941798284622
image_15976.jpg,0.003948034051951884
image_12054.jpg,0.0013716309840741067
image_4071.jpg,0.008713506557159537
image_7807.jpg,0.0769646148022761
image_5832.jpg,0.0014593743130006118
image_16546.jpg,3.965848870910402e-05
image_9305.jpg,0.004231406774079755
image_3155.jpg,0.005358372140098497
image_9203.jpg,0.022330164113031566
image_771.jpg,0.04372630238144107
image_13588.jpg,0.8339154036613763
image_6764.jpg,0.0017336505523564804
image_12878.jpg,0.7497210545366118
image_11686.jpg,0.0025404672279096185
image_4049.jpg,0.21320032939814446
image_11659.jpg,0.043172377145153935
image_3477.jpg,0.0030128396896316307
image_3100.jpg,0.03403113997873752
image_12898.jpg,0.17066543042420956
image_15277.jpg,0.006909211240695159
image_8423.jpg,0.03186905105051832
image_15272.jpg,0.0010816751327781652
image_8533.jpg,0.5657965435054425
image_3954.jpg,0.0011078384906179778
image_12970.jpg,0.0112139138910806
image_9399.jpg,0.47465784259634036
image_5640.jpg,0.0006408661021293875
image_11500.jpg,0.04033856543945866
image_11670.jpg,0.003606362758634478
image_1964.jpg,0.00032778922398176666
image_5638.jpg,0.984897819022734
image_15366.jpg,0.06531908151194848
image_2462.jpg,0.0017492974945774427
image_7558.jpg,0.035871054683298306
image_1718.jpg,0.004472564180862079
image_5948.jpg,0.0008988445918835783
image_12581.jpg,0.027230537160103416
image_6579.jpg,0.006141979114155974
image_9948.jpg,0.0021728313561313935
image_5524.jpg,0.6323864402863391
image_12158.jpg,0.03220566933333647
image_15100.jpg,0.005153013092223526
image_3005.jpg,0.0007500189778606136
image_3344.jpg,0.021942052505048357
image_3712.jpg,0.9549251708161182
image_15336.jpg,0.010462294680984452
image_2628.jpg,0.9508737488073986
image_2875.jpg,0.0006535786401901025
image_12222.jpg,0.0056355452562214005
image_16100.jpg,0.06163600782747538
image_622.jpg,0.10832717445338108
image_1939.jpg,0.0003937752756509715
image_11280.jpg,0.9125798620523085
image_1724.jpg,0.01227125293791211
image_11404.jpg,0.031512189960648494
image_6329.jpg,0.0004570532247479547
image_2623.jpg,0.12449085349991063
image_13979.jpg,0.016203871521502173
image_16025.jpg,0.7554187783246123
image_15521.jpg,0.01549444059039928
image_2696.jpg,0.0031955708663252078
image_11490.jpg,0.00022665087123736988
image_3776.jpg,0.01000546213764409
image_6293.jpg,0.006368635957837049
image_3559.jpg,0.059908441897264665
image_15619.jpg,0.0044494818043942005
image_5244.jpg,0.03316360032386548
image_1796.jpg,0.0011593782410325684
image_16294.jpg,0.007985047264109892
image_5853.jpg,0.003305677853862111
image_14169.jpg,0.06578488304318567
image_9801.jpg,0.9561134413580826
image_8156.jpg,0.0008690560853257794
image_2582.jpg,0.009629588964248866
image_13475.jpg,0.0829030119747905
image_6819.jpg,0.015132943246111826
image_14366.jpg,0.0007588681597542623
image_1415.jpg,0.014397854353696588
image_7735.jpg,0.005824144238922806
image_5828.jpg,0.018123571024272533
image_15123.jpg,0.19895175702426965
image_14173.jpg,0.0033132602090194902
image_10325.jpg,0.00017368654793187667
image_5976.jpg,0.00037046106161201653
image_9763.jpg,0.0019364186069286856
image_13127.jpg,0.0010934379127063047
image_5451.jpg,0.2163431791374037
image_8772.jpg,0.016891606574038872
image_480.jpg,0.00010538999083982042
image_6662.jpg,0.00012460262908669658
image_13672.jpg,0.0001018601261761275
image_16402.jpg,0.04400735614981932
image_2494.jpg,0.03417550057573638
image_3563.jpg,0.0010952148950051249
image_10827.jpg,0.027828546697103194
image_16066.jpg,0.005859496779581794
image_819.jpg,0.008922551923908019
image_429.jpg,0.00021264189575948415
image_12216.jpg,0.013486715923681747
image_3374.jpg,0.017637682948940362
image_10292.jpg,0.0039785543805167575
image_12162.jpg,0.886975655978232
image_8343.jpg,0.08645666479389291
image_16564.jpg,0.0020037938156349955
image_8650.jpg,0.019224717709085123
image_6076.jpg,0.0005506864836761961
image_10191.jpg,0.08797276987995488
image_1921.jpg,0.002475724974061123
image_2045.jpg,0.5146121938567034
image_6959.jpg,0.0002142074553675416
image_8742.jpg,0.0022663001882638695
image_16373.jpg,0.018334893490515564
image_5136.jpg,0.35490194580116324
image_14994.jpg,0.11615105877537871
image_6005.jpg,0.9545915795845668
image_2066.jpg,0.0027449302229627715
image_12023.jpg,0.0015284771170307769
image_13461.jpg,0.06417601503709638
image_2824.jpg,0.357289261312363
image_12367.jpg,0.0006033534596052659
image_15865.jpg,0.44071720785493107
image_11090.jpg,0.1418070415572344
image_566.jpg,0.00902945528906396
image_16543.jpg,0.0032564158033688857
image_1043.jpg,0.14335531654511224
image_3275.jpg,0.049147129534082026
image_9013.jpg,0.014173228193915895
image_7036.jpg,0.48886429499167905
image_14162.jpg,0.021331207968766194
image_7604.jpg,0.028323706336023872
image_5117.jpg,0.016421687050918624
image_10868.jpg,0.28864452564142173
image_9911.jpg,0.019619270145502823
image_15519.jpg,0.014731693978643112
image_1577.jpg,0.20816707084702266
image_15556.jpg,0.25398157120452397
image_15190.jpg,0.00012013520735679879
image_4698.jpg,0.00040702236193466355
image_9839.jpg,0.0024410642736016194
image_4504.jpg,0.07387047524467222
image_13636.jpg,0.40791334831594844
image_12147.jpg,0.09490541494458461
image_5596.jpg,0.17962078552199698
image_14549.jpg,0.0030747077971107
image_9832.jpg,0.00012680941395734762
image_983.jpg,0.089916167923899
image_13434.jpg,0.10442935437959697
image_1301.jpg,0.012366435284175808
image_15005.jpg,0.08546777323980001
image_15205.jpg,0.15522745838710014
image_8093.jpg,0.3010843422290165
image_14059.jpg,0.015313004810130496
image_2676.jpg,0.05045945650101274
image_9463.jpg,0.0029892868254271327
image_13200.jpg,0.0001885356192396452
image_13313.jpg,0.048756661129840444
image_654.jpg,0.006218317318963185
image_2907.jpg,0.7407655542226335
image_13553.jpg,0.0018992664334234524
image_11564.jpg,0.012660627124737886
image_11782.jpg,0.003869671499182856
image_3690.jpg,0.9473198176926717
image_1777.jpg,0.9906051917986304
image_13723.jpg,0.26036719801460956
image_8711.jpg,0.03363567781509337
image_1648.jpg,0.027526579042141848
image_9925.jpg,0.9826415876928151
image_10567.jpg,0.0005908084428955408
image_2460.jpg,0.2525679773959658
image_12221.jpg,0.46782127005230933
image_2826.jpg,0.03135724522500169
image_10835.jpg,0.0032336338983257264
image_3408.jpg,0.016034455838694502
image_13492.jpg,0.002423772185994916
image_3250.jpg,0.031097190460711594
image_3169.jpg,0.0017665218798597405
image_8799.jpg,0.01712790703041946
image_1328.jpg,0.005811393281670614
image_1664.jpg,0.003771342928896517
image_7551.jpg,0.9451684184445155
image_8178.jpg,0.000575395931104473
image_11817.jpg,0.372173460151338
image_7418.jpg,0.008569696087830205
image_852.jpg,0.004941772174548161
image_11270.jpg,0.11417669283507194
image_9191.jpg,0.03183868412191376
image_8110.jpg,0.00025657575278871585
image_13384.jpg,0.4451424300665341
image_9711.jpg,0.057004695400064455
image_9523.jpg,0.004614144447997249
image_7628.jpg,0.04659761832807101
image_6260.jpg,0.030180100572982982
image_1082.jpg,0.012257694919630692
image_15466.jpg,0.6720132646223461
image_6857.jpg,0.0029468329342576096
image_6711.jpg,0.0019436045692235936
image_13082.jpg,0.006090175780754709
image_12676.jpg,0.0022817567805533383
image_8561.jpg,0.039898279147458145
image_14079.jpg,0.002554291036241742
image_11185.jpg,0.16713534977020655
image_8206.jpg,0.3085577304973759
image_11544.jpg,0.16233085592108865
image_11716.jpg,0.02006928687651724
image_6431.jpg,0.001961316141806271
image_9918.jpg,0.6840178355489172
image_1813.jpg,0.03960736197753502
image_277.jpg,0.026323802739620338
image_434.jpg,0.30725269742098915
image_14165.jpg,0.30202130377780423
image_10388.jpg,0.014419843974503549
image_7824.jpg,0.02173744226270363
image_8912.jpg,0.08761055194064213
image_13159.jpg,0.16025939803853717
image_7223.jpg,0.4476631165282228
image_2624.jpg,0.8852516767563958
image_2047.jpg,0.06652847808108918
image_2452.jpg,0.01838963757635596
image_4921.jpg,0.002635863554019537
image_129.jpg,0.39520314892647695
image_10909.jpg,0.0022644123447597363
image_9670.jpg,0.004823007280917696
image_3105.jpg,0.04112762045782603
image_14710.jpg,0.0016010933150923145
image_15444.jpg,0.04980436073536873
image_10199.jpg,0.9873177298279961
image_6146.jpg,0.0007514807194829486
image_519.jpg,0.02999322861993925
image_10328.jpg,0.30547127802358087
image_15410.jpg,0.928690777966708
image_8499.jpg,0.14613287958180793
image_13839.jpg,0.007492522812361558
image_6357.jpg,0.43369573221483493
image_16250.jpg,0.0038001931784144953
image_7630.jpg,0.00031502815494567534
image_4034.jpg,0.018634663029446503
image_2540.jpg,0.0009125945438576737
image_7639.jpg,0.13742242908373437
image_5674.jpg,0.001853997162742142
image_6561.jpg,0.6382862025535477
image_11115.jpg,0.05385305786598396
image_16360.jpg,0.19695606856255046
image_13849.jpg,0.003273591374285747
image_10280.jpg,0.009046008161414256
image_3069.jpg,0.0006034455689709027
image_5991.jpg,0.012355459504801799
image_7281.jpg,0.7480244430894428
image_8430.jpg,0.00021510889295567925
image_2965.jpg,0.0010701902615061509
image_823.jpg,0.0769808695109092
image_4534.jpg,0.0014189645953454995
image_6973.jpg,0.0004948022845135961
image_397.jpg,0.05671030869636802
image_1770.jpg,0.043125413866547294
image_5928.jpg,0.0010927343245710217
image_13036.jpg,0.0006669485940920017
image_12161.jpg,0.004970934659748821
image_14389.jpg,0.10071214885156814
image_1942.jpg,0.1827488985699162
image_14483.jpg,0.0009793332479801713
image_10413.jpg,0.006674974591239438
image_2819.jpg,8.30131051785005e-05
image_739.jpg,0.002070278380124731
image_4886.jpg,0.00020687296016909094
image_9166.jpg,0.02435764576715549
image_8124.jpg,0.243976210966277
image_9545.jpg,0.004917216008464311
image_7256.jpg,0.001308911088302971
image_4875.jpg,0.19019757859351455
image_1268.jpg,0.11507114025143098
image_5960.jpg,0.4413363828078705
image_13027.jpg,0.0004187064142182374
image_9290.jpg,0.06971582349313656
image_15477.jpg,0.00025071602350939734
image_4330.jpg,0.018419264391736922
image_3558.jpg,0.004194568873233753
image_6756.jpg,0.013278566387798714
image_9356.jpg,0.2086895883419868
image_12698.jpg,0.14011347947401528
image_602.jpg,0.04702890580428204
image_8809.jpg,0.21553318493983148
image_10521.jpg,0.022927495682549485
image_1379.jpg,0.8589924647596878
image_2210.jpg,0.38110659857591
image_5283.jpg,0.9809714041917653
image_3508.jpg,0.03040580363377404
image_13931.jpg,0.021457115827965303
image_9882.jpg,0.010067149529595828
image_10427.jpg,0.2276584409469271
image_2320.jpg,0.008304389781457845
image_443.jpg,0.8408472255549567
image_3400.jpg,0.06561715131196055
image_13714.jpg,0.11202460749870581
image_3651.jpg,0.039108597289799804
image_11525.jpg,0.007789901624254523
image_14104.jpg,0.0034130803254765413
image_15589.jpg,0.03711982044299875
image_10810.jpg,0.0019178930701024847
image_3317.jpg,0.014538406795936105
image_2822.jpg,0.9652937196343626
image_1986.jpg,0.0023387024096628638
image_12503.jpg,0.0014293363453650612
image_8678.jpg,0.1702201182697113
image_5340.jpg,0.014368166198648799
image_15157.jpg,0.027622670250171455
image_13037.jpg,0.02852788694107373
image_7502.jpg,0.9064220764926226
image_4795.jpg,0.018931322684858032
image_1014.jpg,0.00047272866309601804
image_16266.jpg,0.0018885478527999986
image_16301.jpg,0.004870821632701581
image_14022.jpg,0.034882829221862456
image_10629.jpg,0.0357039873249741
image_14889.jpg,0.01257238606626316
image_12656.jpg,0.0008952874769483425
image_9878.jpg,0.11674813986904128
image_8372.jpg,0.03132173503099007
image_866.jpg,0.025870039104854924
image_11543.jpg,0.033763437112389535
image_10154.jpg,0.07596897977279642
image_8901.jpg,0.05831863342042058
image_5294.jpg,0.023363765827949124
image_1937.jpg,0.084194990352901
image_11944.jpg,0.010068426062150516
image_8300.jpg,0.08009109363403633
image_13566.jpg,0.01172389535075925
image_10330.jpg,0.3150583403849478
image_14026.jpg,0.0002898123468140629
image_9547.jpg,0.002399627326851958
image_2684.jpg,0.0021200806192002964
image_5557.jpg,0.0005978442801635224
image_8463.jpg,0.007730549629085226
image_400.jpg,0.00032829562423398697
image_1299.jpg,0.04556984882447743
image_11590.jpg,0.016608693959369782
image_6865.jpg,0.08744087334200394
image_6815.jpg,0.00017715892440375503
image_10043.jpg,0.004264230394691886
image_12967.jpg,0.07253959505816401
image_8819.jpg,0.019230734404420413
image_9673.jpg,0.0023084373892974614
image_565.jpg,0.06329914076332263
image_4868.jpg,0.4383306885926462
image_5743.jpg,0.005219411396733612
image_6612.jpg,0.017391903063264606
image_11020.jpg,0.0024691705496388667
image_1536.jpg,0.0018968044859937973
image_4749.jpg,0.008153112327092886
image_6247.jpg,0.14945962759641443
image_10178.jpg,0.0032616656255073403
image_2120.jpg,0.10405584227043965
image_9872.jpg,0.004855917356703596
image_13680.jpg,0.00032214423072523976
image_14014.jpg,0.13445704477334872
image_10860.jpg,0.19890481721222267
image_5760.jpg,0.0008649214849976908
image_2713.jpg,0.009663787096199462
image_14873.jpg,0.11379414429306298
image_12464.jpg,0.06546195056481492
image_7978.jpg,0.22869196051709886
image_712.jpg,0.43808902925014803
image_10083.jpg,0.06319080828468063
image_12756.jpg,0.017243071239674553
image_13188.jpg,0.0007706835204132622
image_1478.jpg,0.02950480704702506
image_8676.jpg,0.45270996934257246
image_4259.jpg,0.005314264208118515
image_8183.jpg,0.055348225898696445
image_2130.jpg,0.0047100110258601
image_2234.jpg,0.12870674229568219
image_13231.jpg,0.42493101341417283
image_7169.jpg,0.006959100488163795
image_8651.jpg,0.0033947849610493947
image_8786.jpg,0.07592114833302901
image_6923.jpg,0.04263083478803119
image_7208.jpg,0.4914154177313704
image_8520.jpg,0.013620702981728386
image_1459.jpg,0.015853778448756326
image_8951.jpg,0.05022912319806415
image_9947.jpg,0.0010690230714638616
image_13842.jpg,0.0001871179787311519
image_5082.jpg,0.00045023583974900525
image_15188.jpg,0.762894646719498
image_5689.jpg,0.04273166835997844
image_9325.jpg,0.770142462782384
image_13797.jpg,0.015337678745237468
image_10021.jpg,0.2996452994630057
image_9760.jpg,0.011248556340780867
image_12795.jpg,0.00029484926927242643
image_1839.jpg,0.11687120196136012
image_6868.jpg,0.9141472650220555
image_8865.jpg,0.9435083244181529
image_4428.jpg,0.011166547671475955
image_12579.jpg,0.15185973374377584
image_1402.jpg,0.02675719105277097
image_4748.jpg,0.0009000202128631513
image_12718.jpg,0.7721863204304862
image_15593.jpg,0.9826490476843167
image_12106.jpg,0.04724016026754225
image_8034.jpg,0.21829919821458202
image_6253.jpg,0.002405206783292292
image_11577.jpg,0.02521525323358865
image_849.jpg,0.013029906394188731
image_9600.jpg,0.015651031339359807
image_6847.jpg,0.006763117478381029
image_6629.jpg,0.005396593708803234
image_15489.jpg,0.0818452371309612
image_3238.jpg,0.45047980620567996
image_6150.jpg,0.047992240469400295
image_1098.jpg,0.6690209940668803
image_8172.jpg,0.03810019485454973
image_12927.jpg,0.012701477508251431
image_14368.jpg,0.0008561014714694878
image_14142.jpg,0.17122214608502914
image_7716.jpg,0.021277224586522914
image_6482.jpg,0.01573780610363797
image_11091.jpg,0.03522978814069393
image_1430.jpg,0.5973313839339038
image_3386.jpg,0.0007867945744341284
image_16096.jpg,0.05714821781827182
image_14159.jpg,0.019611941385028017
image_735.jpg,0.604266958798117
image_8994.jpg,0.005171520319196673
image_2954.jpg,0.3315879485847942
image_12946.jpg,0.006298092122978436
image_12942.jpg,0.005329326288274923
image_396.jpg,0.017753843089476536
image_3026.jpg,0.008654554807815486
image_14743.jpg,0.5683815086631159
image_7261.jpg,0.26056357750974435
image_5686.jpg,0.1102074074856676
image_13361.jpg,0.07515468153565232
image_6225.jpg,0.004785672600722491
image_13086.jpg,0.0009700385673144387
image_3270.jpg,0.01490189230657543
image_10899.jpg,0.004184726867690803
image_10479.jpg,0.020637047768850943
image_8203.jpg,0.02129519046822627
image_11788.jpg,0.5721737956300567
image_2261.jpg,0.005904883253299308
image_5372.jpg,0.4097693540520463
image_8631.jpg,0.011044820713625517
image_3564.jpg,0.00731445935416363
image_11262.jpg,0.011629747098623924
image_13239.jpg,0.052275488997929824
image_8921.jpg,0.007961486108537417
image_13938.jpg,0.004581110353831863
image_11840.jpg,0.012047022656972913
image_1209.jpg,0.005908992135020712
image_13403.jpg,0.008442616616851611
image_7770.jpg,0.6649232294626878
image_9778.jpg,0.0304276386697216
image_2919.jpg,0.0002446682900744826
image_8684.jpg,0.02037611965590133
image_4413.jpg,0.025537749191908182
image_14817.jpg,0.003444594028766436
image_13887.jpg,0.0010172980983312815
image_16010.jpg,0.011785081265337123
image_822.jpg,0.01700635431880303
image_9999.jpg,0.008428613799626746
image_10456.jpg,0.017665288939313403
image_5158.jpg,0.021897876672143872
image_5012.jpg,0.009788954848509827
image_4646.jpg,0.13626197646388097
image_11419.jpg,0.027145836597142554
image_2125.jpg,0.01984664662875269
image_10978.jpg,0.10595595261091326
image_8884.jpg,0.0010279369293113808
image_10858.jpg,0.013862700985140223
image_11376.jpg,0.00014595819245147954
image_4926.jpg,0.267375770312075
image_2377.jpg,0.0177547091978055
image_4403.jpg,0.019431085571918357
image_15370.jpg,0.07039582218388667
image_7150.jpg,0.5529553509422724
image_16370.jpg,0.8492928138169619
image_10606.jpg,0.006180632336668118
image_14253.jpg,0.6025259508582034
image_15852.jpg,0.20212291103001917
image_3343.jpg,0.0383735141779125
image_10266.jpg,0.01600228294203198
image_7039.jpg,0.7981505849198448
image_5952.jpg,0.1107285695039386
image_10187.jpg,0.01630102776957236
image_6412.jpg,0.4024402597977682
image_2798.jpg,0.13547858896332074
image_3094.jpg,0.257428276799797
image_8736.jpg,0.8733332490072628
image_3946.jpg,0.0010984347725625176
image_7963.jpg,0.05041454118954226
image_1364.jpg,0.007587384916144617
image_13720.jpg,0.0002811698723298108
image_13503.jpg,0.002369356323333998
image_727.jpg,0.6777203138949622
image_16022.jpg,0.02069708152841864
image_383.jpg,0.41901888190822545
image_11818.jpg,0.01094708181499048
image_4135.jpg,0.028621720460542337
image_8546.jpg,0.014867370442996755
image_4661.jpg,0.9016962964662524
image_3551.jpg,0.006509574584738157
image_8776.jpg,0.9937321422485267
image_5241.jpg,0.0011166577130386508
image_5619.jpg,0.05344370432959751
image_13927.jpg,0.1956424120793182
image_6102.jpg,0.019432696778960867
image_3761.jpg,0.19886216361592532
image_10090.jpg,0.004318966533976138
image_6926.jpg,0.09711060268686264
image_13002.jpg,0.04329283675902524
image_11988.jpg,0.09088767686297794
image_11321.jpg,0.6529309316477765
image_13178.jpg,0.008310122039361538
image_1723.jpg,0.78365779323039
image_13128.jpg,0.9500735128903925
image_9728.jpg,0.0030751986279932957
image_9503.jpg,0.003917412745400323
image_15133.jpg,0.001104982899421115
image_4297.jpg,0.9713003247445186
image_13742.jpg,0.0027083836056467016
image_2157.jpg,0.014556107839479268
image_7717.jpg,0.0023919616453087354
image_8998.jpg,0.0727462212521283
image_10961.jpg,0.008779589389919781
image_13304.jpg,0.005186754440601923
image_10948.jpg,0.10036799176718383
image_2776.jpg,0.0041419901427535285
image_16349.jpg,0.05891924876643445
image_16261.jpg,6.320022010668766e-05
image_5710.jpg,0.008932947489656886
image_10968.jpg,0.6875746841449442
image_6516.jpg,0.18174499917647358
image_4271.jpg,0.015178256659125809
image_6604.jpg,0.04101398286890527
image_1604.jpg,0.0990211856983795
image_444.jpg,0.05259789528709843
image_15238.jpg,0.5764691492488796
image_8587.jpg,0.00014160162079669637
image_8473.jpg,0.020800734371412204
image_15472.jpg,0.002747519647760672
image_8106.jpg,0.005824632066490015
image_12113.jpg,0.902916157440479
image_14674.jpg,3.984903494255425e-05
image_5971.jpg,0.0045403653272339094
image_1335.jpg,0.32988809420909043
image_4423.jpg,0.05704324603230588
image_14799.jpg,0.007676535332322436
image_5288.jpg,0.09238173613488802
image_14532.jpg,0.004946041387257159
image_15335.jpg,0.32480576781583487
image_4153.jpg,0.0763111711721877
image_14119.jpg,0.7079033157408557
image_14330.jpg,0.0052815341819722715
image_15261.jpg,0.041744780141256675
image_11878.jpg,0.0007981209169818401
image_1078.jpg,0.13168401244995873
image_6628.jpg,0.0019638504225202194
image_9987.jpg,0.0006831461482834707
image_15570.jpg,0.1006066545487155
image_11472.jpg,0.2877972895883352
image_796.jpg,0.013440494703044007
image_1775.jpg,0.03673737047992204
image_6441.jpg,0.04296845108337868
image_13352.jpg,0.5239769756079896
image_9648.jpg,0.00011864205334175023
image_83.jpg,0.2484538688785763
image_5015.jpg,0.13546479944307382
image_13715.jpg,0.02870464244680262
image_13817.jpg,0.022530293368016516
image_13367.jpg,0.0076037001538181185
image_5365.jpg,0.20312052258025143
image_15098.jpg,0.08567864449564273
image_1705.jpg,0.4458661049131738
image_3264.jpg,0.024557789703413907
image_10936.jpg,0.0032537141335592813
image_11579.jpg,0.79559072075214
image_15337.jpg,0.001531536393494755
image_10571.jpg,0.011214828484671691
image_8409.jpg,0.011955992196122025
image_8823.jpg,0.00576993287007022
image_12010.jpg,0.026389379608156887
image_3165.jpg,0.1607595323971819
image_14436.jpg,0.41317796015310654
image_3523.jpg,0.0038113167776306247
image_925.jpg,0.023758761123272274
image_5171.jpg,0.0063812090224301095
image_14701.jpg,0.19620627708594554
image_12965.jpg,0.2754121706549342
image_6043.jpg,0.16503505331050325
image_12083.jpg,0.003132393252012423
image_14555.jpg,0.014664565123070605
image_2242.jpg,0.0031384701877100888
image_3961.jpg,0.0020657085303111226
image_13730.jpg,0.3631497265234484
image_9438.jpg,9.719375454559547e-06
image_11673.jpg,0.007859779569367282
image_9663.jpg,0.007483772760190054
image_1876.jpg,0.028282442758308907
image_13061.jpg,0.05442148104628341
image_9043.jpg,0.020747734668196977
image_14731.jpg,0.03650051926050015
image_11609.jpg,0.001628023425332776
image_782.jpg,0.19390055670860643
image_12495.jpg,0.004124530290990731
image_14785.jpg,0.046748548452675384
image_10096.jpg,0.002558048266347362
image_8380.jpg,0.011799789705431482
image_12828.jpg,0.03406321766644771
image_1710.jpg,0.03687835815362667
image_1661.jpg,0.008033422624134711
image_11000.jpg,0.0004926467185331228
image_7977.jpg,0.29843252425288036
image_45.jpg,0.007956236975542047
image_11799.jpg,0.018477900754165826
image_16484.jpg,0.002073570318290697
image_10465.jpg,0.0006434687115140039
image_15995.jpg,0.7130603746098283
image_10989.jpg,0.06440091011261435
image_9237.jpg,0.001516896997700399
image_14445.jpg,0.010389687091380615
image_1845.jpg,0.02018782743410769
image_14240.jpg,0.014878463656027142
image_8470.jpg,0.025546307116865372
image_4174.jpg,0.03294042158457458
image_11210.jpg,0.31697712659459104
image_582.jpg,0.001121583297478351
image_3688.jpg,0.019434032636102078
image_10710.jpg,0.1874447830911223
image_8103.jpg,0.07327930280956897
image_1757.jpg,0.015111804446301719
image_13121.jpg,0.0662981536786657
image_1278.jpg,0.004554974600060699
image_391.jpg,0.02709606943259089
image_4773.jpg,0.002147606950664649
image_7443.jpg,0.037076870589507344
image_13913.jpg,0.014447076612132279
image_8525.jpg,0.004730650184254862
image_12108.jpg,0.33540448899129066
image_6948.jpg,0.01675016179548822
image_5556.jpg,0.294108700889057
image_4182.jpg,0.04058711127157565
image_9010.jpg,0.8637650180279401
image_15063.jpg,0.026326948000252638
image_11298.jpg,0.07951721352653426
image_1556.jpg,0.00017080803052817352
image_9531.jpg,0.006666620507395204
image_8637.jpg,0.019610062220403034
image_4811.jpg,0.02747282164167005
image_14231.jpg,0.00909696252874546
image_11207.jpg,0.06703438508001848
image_9403.jpg,0.3386696911905123
image_12556.jpg,0.005734850069425714
image_5444.jpg,0.1294177511657236
image_10271.jpg,0.624656262569291
image_11971.jpg,0.0005613985732157587
image_15056.jpg,1.355468191103756e-06
image_13266.jpg,0.015318567906058856
image_10299.jpg,0.08166894944798883
image_3295.jpg,9.579643557391254e-05
image_16423.jpg,0.31999540384131886
image_10093.jpg,0.4752073389804096
image_7662.jpg,0.003386885075394538
image_12539.jpg,0.0068938618923378055
image_12117.jpg,0.0028836374835810694
image_1023.jpg,5.80259306715344e-05
image_12594.jpg,0.012460202841799098
image_8286.jpg,0.018771201820124504
image_11888.jpg,0.02360470342770995
image_8874.jpg,0.06321734468950457
image_14428.jpg,0.11534040590032488
image_16243.jpg,0.6798872581400511
image_10050.jpg,0.07762152206317689
image_11502.jpg,0.0013774540550136778
image_15579.jpg,0.11089420889781405
image_1783.jpg,0.20045378255491988
image_10385.jpg,0.7649746901218316
image_11013.jpg,0.03894110277726865
image_261.jpg,0.0017486492466369395
image_4065.jpg,0.0004175814761950952
image_832.jpg,0.000394519686465728
image_7161.jpg,0.014379242103712074
image_11455.jpg,0.007122708563060109
image_214.jpg,0.07310125092193018
image_4390.jpg,0.02614845683233171
image_4772.jpg,0.13872790646170655
image_15110.jpg,0.013657052678994976
image_1178.jpg,0.0196352294255559
image_253.jpg,0.5136170092631792
image_6495.jpg,0.006904879826213301
image_6831.jpg,0.04637783869853816
image_5317.jpg,0.0038695912246138804
image_508.jpg,0.003651641615730157
image_10027.jpg,0.031101767617364814
image_8503.jpg,0.007205363043926208
image_2317.jpg,0.5734433506993699
image_15654.jpg,0.05201650517238217
image_863.jpg,0.8271905106044796
image_4527.jpg,0.012238796562193097
image_10117.jpg,0.00025842395473740906
image_2195.jpg,0.07513297690773794
image_4300.jpg,0.0035358095359478525
image_10992.jpg,0.01065116528657278
image_5443.jpg,0.3435034051837943
image_8443.jpg,0.006797638123742161
image_14700.jpg,0.3201718849067248
image_8634.jpg,0.12884084280553007
image_3753.jpg,0.06549949348558362
image_9256.jpg,0.0017238910712645238
image_11881.jpg,0.0018794391766080267
image_7489.jpg,0.023280443049051816
image_2033.jpg,0.025089289876192102
image_4328.jpg,0.4562309314782641
image_15532.jpg,0.2789014386925579
image_14933.jpg,0.03628670067884196
image_14547.jpg,0.5850394711423397
image_12889.jpg,0.028095766651745156
image_1581.jpg,0.06676119282498538
image_3664.jpg,0.19564860667690404
image_10993.jpg,0.9995609309974715
image_10326.jpg,0.0006008194123937141
image_14911.jpg,0.9660133156516195
image_12373.jpg,0.028311850536333016
image_7805.jpg,0.00025327444852501547
image_5662.jpg,0.2317222736727946
image_8870.jpg,0.0004696068642642905
image_16280.jpg,0.6319386120185034
image_10614.jpg,0.7595037356066995
image_4739.jpg,0.06337173423886473
image_13751.jpg,0.005900490014706277
image_11322.jpg,0.2674752954791345
image_15153.jpg,0.06761560755217262
image_486.jpg,0.4648835432732957
image_13787.jpg,0.00046499676510188833
image_8681.jpg,0.023233673254445343
image_1141.jpg,0.018740802486650672
image_3329.jpg,0.004338884591844016
image_160.jpg,0.00981200137776046
image_10927.jpg,0.016671141384165294
image_7237.jpg,0.689966804284477
image_14057.jpg,0.0001383868901062912
image_10668.jpg,0.24062297428934537
image_5223.jpg,0.00013288268697652367
image_13906.jpg,0.9997410343290972
image_14631.jpg,0.25150897689397744
image_11450.jpg,0.08251954464285703
image_786.jpg,0.9955560708569055
image_15759.jpg,0.04830090177959368
image_8853.jpg,0.14015970217857737
image_12474.jpg,0.00516715326416664
image_14811.jpg,0.0014714033979239096
image_3314.jpg,0.14868442779945504
image_2287.jpg,0.044008234713916905
image_5561.jpg,0.22519424607030472
image_7547.jpg,0.0010542308443626824
image_11684.jpg,0.05221068104878399
image_6132.jpg,0.6597408966656145
image_8130.jpg,0.07293941234996919
image_1163.jpg,0.07200462532125367
image_4360.jpg,0.0042111928132126985
image_15044.jpg,0.03774781318495022
image_7337.jpg,0.030544383557972586
image_15819.jpg,0.010967198670920237
image_6058.jpg,0.009170918660012253
image_16205.jpg,0.17516183880655053
image_5725.jpg,0.032089851747995175
image_12163.jpg,0.008124966395266574
image_666.jpg,0.00801417785189257
image_3574.jpg,0.023655134756030944
image_14550.jpg,0.012597963900114357
image_27.jpg,0.0025747596646548323
image_7060.jpg,0.007773523752643518
image_12022.jpg,0.026979458210121775
image_9614.jpg,0.008924929949042867
image_208.jpg,0.03425080048531499
image_5462.jpg,0.3731282485462545
image_1623.jpg,0.02717058548148815
image_14277.jpg,0.17989021010037862
image_6732.jpg,0.489406501785258
image_1016.jpg,0.004886469352267423
image_11990.jpg,0.007117333336326353
image_7273.jpg,0.003247123370173959
image_1490.jpg,0.005698753508392681
image_15702.jpg,0.008882551647854271
image_4883.jpg,0.0327032853306405
image_7444.jpg,0.9582135532027227
image_15534.jpg,0.6011725329888341
image_7350.jpg,0.00540578842832989
image_13935.jpg,0.0290011640575809
image_13897.jpg,0.7228838514342558
image_411.jpg,0.014874665617104706
image_4939.jpg,0.28994967091845697
image_9220.jpg,0.12784957991340318
image_4942.jpg,0.002116201633228355
image_620.jpg,0.6785017292430231
image_7767.jpg,0.01690323443987071
image_12508.jpg,0.00048038934464797716
image_13876.jpg,0.004265643892996071
image_13894.jpg,0.071353880473406
image_10964.jpg,0.00512839755347118
image_12939.jpg,0.22790646612811558
image_10834.jpg,0.9742680793205746
image_4228.jpg,0.024627737147568926
image_7875.jpg,0.004214543206417575
image_1959.jpg,4.988778190025087e-05
image_13870.jpg,0.009531296875869738
image_610.jpg,0.026727639916395842
image_6996.jpg,0.17268588295571374
image_12061.jpg,0.0008947870220662852
image_583.jpg,0.004312221927169836
image_12089.jpg,0.04789835529298347
image_13744.jpg,0.0038597325752828186
image_12085.jpg,0.00047359795873118605
image_13632.jpg,0.0009694284834609099
image_5905.jpg,0.002582820001628587
image_3518.jpg,0.003705298113944687
image_3882.jpg,0.00017775691570730983
image_4066.jpg,0.00035477310359538267
image_191.jpg,0.0019733181400011348
image_6305.jpg,0.002539823125381834
image_3879.jpg,0.1908217553484429
image_249.jpg,0.015182326759245867
image_8393.jpg,0.02774780949695286
image_7964.jpg,0.859772052379741
image_876.jpg,0.0005798529267167666
image_9602.jpg,0.0005070383720360177
image_11285.jpg,0.1344212333757372
image_1513.jpg,0.07821312070519193
image_12810.jpg,0.9475689479525616
image_5003.jpg,0.1944642782522667
image_11160.jpg,0.0089709100470248
image_15762.jpg,0.029725640171932015
image_1990.jpg,0.5247617512060544
image_11917.jpg,0.004154350819133465
image_14189.jpg,0.0677980517408875
image_12480.jpg,0.010857211586923984
image_1283.jpg,0.154892417378573
image_6562.jpg,0.011565546586789203
image_12631.jpg,0.07385957111221425
image_14891.jpg,0.0950502229287333
image_15000.jpg,0.00054739502880387
image_7881.jpg,0.0007632789607030563
image_8924.jpg,0.012909238237236111
image_3803.jpg,0.02802027855546411
image_4876.jpg,0.052686899767577795
image_14117.jpg,0.05562397123936575
image_7108.jpg,0.05867749217467466
image_10364.jpg,0.2935335346957122
image_8541.jpg,0.09360918021446941
image_11142.jpg,0.00045080963694803103
image_6825.jpg,0.43368317653708
image_3613.jpg,0.377696737027697
image_9722.jpg,0.05129242529201964
image_2799.jpg,0.23328423109744628
image_886.jpg,0.015475313722148838
image_4353.jpg,0.8590385823252362
image_11675.jpg,0.04411847360935006
image_3252.jpg,0.05336082537239085
image_9623.jpg,0.0319251548995711
image_2348.jpg,0.002066472269440696
image_5196.jpg,0.21662078872035548
image_10607.jpg,0.001469378782865491
image_13534.jpg,0.02447120577142859
image_3874.jpg,0.011487484080668655
image_8488.jpg,0.7031692983075414
image_1892.jpg,0.10129677143588028
image_11655.jpg,3.035611297936687e-05
image_9662.jpg,0.03253032087684221
image_9001.jpg,0.0006463121915072342
image_12383.jpg,0.0019554608289412702
image_5677.jpg,0.0009856631513016551
image_16327.jpg,0.022976310222235126
image_2641.jpg,0.5608519840768079
image_10971.jpg,0.017695682444870003
image_2749.jpg,0.012199240193961753
image_13663.jpg,0.06801557992753227
image_11513.jpg,0.13239709194147622
image_16265.jpg,0.017972051936566133
image_2427.jpg,0.000363599366799955
image_548.jpg,0.0003164272048757974
image_6888.jpg,0.08430728622898577
image_4864.jpg,0.016523239855024244
image_13790.jpg,0.00043846342499343416
image_1825.jpg,0.0017414533680519472
image_9428.jpg,0.6530949386307788
image_16539.jpg,0.39256806936860067
image_12272.jpg,0.2315260087292088
image_10353.jpg,0.9544365544553717
image_8071.jpg,2.5769954287412885e-05
image_7961.jpg,0.11391189975832203
image_6522.jpg,0.1931129892756403
image_14572.jpg,0.01843959929000984
image_12906.jpg,0.0022437008790744837
image_4205.jpg,0.1403029063181168
image_10487.jpg,0.00908595086083716
image_16469.jpg,0.06012983331429865
image_11987.jpg,0.05719840809849275
image_14453.jpg,0.011185500735290803
image_14830.jpg,0.026381804430580028
image_8666.jpg,0.8334078838080713
image_9563.jpg,0.036059606530159216
image_10363.jpg,0.0021614820854525935
image_13051.jpg,0.6674875562301871
image_8538.jpg,0.35505679263149237
image_11487.jpg,0.019786636348444398
image_13582.jpg,0.029339256960178556
image_9958.jpg,0.03307990499232799
image_5589.jpg,0.27297689826619576
image_16461.jpg,0.0034629273543339565
image_6270.jpg,0.11642621689750515
image_6400.jpg,0.5215912350200429
image_15906.jpg,0.03538952979165502
image_11264.jpg,0.09670843820695084
image_200.jpg,0.0070259860196747
image_8800.jpg,0.004793770734653707
image_15130.jpg,0.027630463292358774
image_14449.jpg,0.038107316536971136
image_4701.jpg,0.016742165676740705
image_8748.jpg,0.009581557992485291
image_6416.jpg,0.003004213187327687
image_16520.jpg,0.28559375568801415
image_4907.jpg,0.07168693681584908
image_1338.jpg,0.007268255249317871
image_9288.jpg,0.10895509060007016
image_4145.jpg,0.002499028673767768
image_8646.jpg,0.12030593685754172
image_2262.jpg,0.029517413102979066
image_7565.jpg,0.38866382950710265
image_14421.jpg,0.19057718981749375
image_2635.jpg,0.02089919592609249
image_3796.jpg,0.03335255822226271
image_6738.jpg,0.0007233155054817155
image_6361.jpg,0.09735324328222514
image_86.jpg,0.0034230883417119503
image_13021.jpg,0.0008747016681621536
image_14323.jpg,0.23918948749142463
image_6193.jpg,0.07498577305275063
image_2913.jpg,0.0024542200688696795
image_4298.jpg,0.006479282677994062
image_4254.jpg,0.012589419950800474
image_11398.jpg,0.05041535147615865
image_4184.jpg,0.023509876105362662
image_3621.jpg,7.976787758548566e-05
image_4327.jpg,0.024682591393077415
image_4471.jpg,0.3099501993350404
image_6071.jpg,0.0011439954342242144
image_3432.jpg,0.708716725677704
image_7829.jpg,0.005791253850770646
image_11672.jpg,0.000765082796486427
image_5336.jpg,0.00789354101498429
image_15671.jpg,0.9874033809582025
image_13837.jpg,0.0003764440164084258
image_6363.jpg,2.864167826804727e-07
image_10780.jpg,0.5384982068926369
image_12361.jpg,0.0365720806765072
image_6489.jpg,7.257334087059789e-05
image_1422.jpg,0.05900991076070658
image_9637.jpg,0.014967756889785987
image_15720.jpg,0.03703504374586752
image_833.jpg,0.0008157378818781438
image_15932.jpg,0.06180422860902445
image_6708.jpg,0.0004368292855673046
image_4144.jpg,0.1810170147607629
image_4343.jpg,8.485915464648745e-05
image_7441.jpg,0.028076472831750368
image_8122.jpg,0.021301855487468595
image_14654.jpg,0.23820761897110526
image_11344.jpg,0.0008293751184829344
image_500.jpg,0.004968999819375689
image_11438.jpg,0.0002138029223885086
image_15071.jpg,0.3079707529509237
image_5738.jpg,0.0009585091113346257
image_3406.jpg,0.0018779756556951373
image_10595.jpg,0.0018243377688718905
image_4518.jpg,0.09779407521897515
image_10251.jpg,0.0011308169279866302
image_9093.jpg,0.04281593580912212
image_16002.jpg,0.975784924951536
image_6936.jpg,0.11041707247640214
image_16175.jpg,0.0030742355305770257
image_16510.jpg,0.6786161935213026
image_10319.jpg,0.007860371761500557
image_16574.jpg,0.19318627328321708
image_9965.jpg,0.005605361144538512
image_4304.jpg,0.9794945969124266
image_11358.jpg,0.5337048486052359
image_4070.jpg,0.09715031504581474
image_7595.jpg,0.03713157008722847
image_8169.jpg,0.0042347787430780425
image_1019.jpg,8.102525928435788e-05
image_10222.jpg,0.2552474801543876
image_7182.jpg,0.029732571765112
image_11772.jpg,0.007643540939294225
image_13539.jpg,0.04708279078530519
image_12220.jpg,0.3953592666842829
image_13141.jpg,0.008174339383923094
image_1827.jpg,0.16258171790032377
image_11033.jpg,0.013232618141650606
image_4837.jpg,0.69669834300374
image_6031.jpg,0.06821116915796335
image_9561.jpg,0.007792093048721859
image_1795.jpg,0.007216404077082109
image_13431.jpg,0.0013506582751978769
image_5104.jpg,0.0003562611824469184
image_6979.jpg,0.0004961798271217636
image_13498.jpg,8.049586718018646e-05
image_175.jpg,0.050586948979562105
image_12638.jpg,0.18572711288107258
image_3187.jpg,0.003636560533280848
image_5122.jpg,0.9724102883180457
image_13559.jpg,0.007825422525996845
image_14935.jpg,0.1061855190273898
image_9539.jpg,0.0060498684414351965
image_9607.jpg,0.07013546976205058
image_5887.jpg,0.022779674024156447
image_3683.jpg,7.890697304097805e-05
image_8349.jpg,0.0022727551709134097
image_8698.jpg,0.013636802528185514
image_14263.jpg,0.0016015994317334556
image_13396.jpg,0.0001890704210454619
image_283.jpg,0.024767592789188945
image_1578.jpg,0.30712827414962096
image_243.jpg,9.674611078373773e-05
image_15478.jpg,0.019437676603685082
image_4895.jpg,0.15393076080661425
image_6672.jpg,0.009854670117653059
image_9084.jpg,0.0003125510622612092
image_5216.jpg,0.5023880300199458
image_8077.jpg,0.02511990985869671
image_5816.jpg,0.12558290903290525
image_14944.jpg,0.002134006449069026
image_5398.jpg,0.017453793141846988
image_9106.jpg,0.08785471631615914
image_1969.jpg,0.012070362561827275
image_6002.jpg,0.009381884160881046
image_14194.jpg,0.037439117851463206
image_504.jpg,0.02419103964933285
image_6597.jpg,0.021480588514939527
image_4737.jpg,0.1579742449658944
image_2569.jpg,0.11068263316425628
image_7890.jpg,0.0012675297256721858
image_6861.jpg,0.04752396228246845
image_12500.jpg,0.48715568961341477
image_15023.jpg,0.7022132778276441
image_4987.jpg,0.3412973878585111
image_13682.jpg,0.017241278174636828
image_4880.jpg,0.14272166208424844
image_15682.jpg,0.026609937838405626
image_10309.jpg,0.016972678590817646
image_7095.jpg,0.8602714077877913
image_4499.jpg,0.7241532385826435
image_6952.jpg,0.3040747291468621
image_1285.jpg,0.051030804116244395
image_1394.jpg,0.0005546005962231101
image_6882.jpg,0.12460892153508978
image_15038.jpg,0.001729218587269936
image_8618.jpg,0.18257203641643657
image_10738.jpg,0.009515704554583206
image_2097.jpg,0.0024928089398735154
image_9070.jpg,0.0027063058445283565
image_15955.jpg,0.12947243056076668
image_7299.jpg,0.1368528025236404
image_9472.jpg,0.008480590320974913
image_7300.jpg,0.1787167197871426
image_5897.jpg,0.003979310207260619
image_7487.jpg,0.11991203297816598
image_5979.jpg,0.13511952420437834
image_13524.jpg,0.03000500832982146
image_6945.jpg,0.024505152220259993
image_10640.jpg,0.8059021793767895
image_6785.jpg,0.005610550510432113
image_7209.jpg,0.004834570643710051
image_2299.jpg,0.0009195802632928394
image_4251.jpg,0.029234435998085857
image_8965.jpg,0.2204987775386788
image_102.jpg,0.0008465818214354055
image_2701.jpg,0.005713676700866781
image_10314.jpg,0.5201973088772801
image_12831.jpg,0.024623004719861657
image_4656.jpg,0.07406964048846333
image_15122.jpg,0.005836003707083032
image_16121.jpg,0.019475401841049705
image_7214.jpg,0.00035279397141013187
image_8208.jpg,0.0067087783090942765
image_2567.jpg,0.8938510436648367
image_2228.jpg,0.07617368728364902
image_13215.jpg,0.013792637713939206
image_6168.jpg,0.02780048902444725
image_7605.jpg,0.7075317983880375
image_10088.jpg,0.0005554365939616855
image_15957.jpg,0.013927093906489616
image_3615.jpg,0.001846540851605068
image_7545.jpg,0.9442866561853264
image_7544.jpg,0.3721727724397105
image_15750.jpg,0.7366236931893396
image_6760.jpg,0.43268308902757807
image_463.jpg,0.0022981862820736225
image_9532.jpg,0.017060863151715473
image_15228.jpg,0.000556694635231028
image_8727.jpg,0.29480085219578617
image_13788.jpg,0.0316078413570723
image_11949.jpg,0.0016545880032170482
image_5149.jpg,0.004335072639018723
image_980.jpg,0.005128008394147906
image_2593.jpg,0.013854117891229218
image_15636.jpg,0.027644292623371734
image_8063.jpg,0.003731491172961534
image_4046.jpg,0.0008791855681697652
image_6556.jpg,0.046214005839674534
image_11660.jpg,0.01316293436114025
image_6405.jpg,0.802185021162649
image_13752.jpg,0.007989205949146426
image_4264.jpg,0.07880306222000126
image_9088.jpg,0.9290832487763572
image_8527.jpg,0.1577829594888336
image_10870.jpg,0.0007914335799270302
image_252.jpg,0.003480309204766263
image_7098.jpg,0.013963265057062397
image_7654.jpg,0.0009831851830777454
image_1217.jpg,0.006573811273302192
image_7809.jpg,0.012603813603944474
image_7500.jpg,0.2757871569213003
image_10628.jpg,0.11764035463966085
image_15285.jpg,0.18270409601345008
image_10384.jpg,0.00216368650109164
image_9624.jpg,0.020919254198049898
image_7742.jpg,0.05994655757376829
image_6178.jpg,0.0002878720693434262
image_9431.jpg,0.653264853250103
image_14753.jpg,0.010566395137140513
image_9519.jpg,0.000446766651640536
image_11899.jpg,2.075333052710412e-05
image_14513.jpg,0.4454175939752234
image_10430.jpg,0.006938608534829863
image_5911.jpg,0.04625064644367302
image_11552.jpg,0.0017852240927349774
image_6322.jpg,0.08284393849346539
image_5956.jpg,0.00043075692459643736
image_971.jpg,0.88074793418735
image_15873.jpg,0.08345727055406735
image_2978.jpg,0.009080936672316423
image_12627.jpg,0.009962048406167929
image_9741.jpg,0.025758047865573636
image_12983.jpg,0.0012945007026623871
image_10547.jpg,0.00016825488526307723
image_16231.jpg,0.0025748953877198803
image_4690.jpg,0.004962796357396766
image_15606.jpg,0.05552911940083401
image_11421.jpg,0.3844441087924165
image_219.jpg,0.05057976148765671
image_14403.jpg,0.09693193239981335
image_16483.jpg,0.03448486762959138
image_5666.jpg,0.001385078832146166
image_8766.jpg,0.3443642905429308
image_9979.jpg,0.012239189801817891
image_5777.jpg,0.09326954814805186
image_3945.jpg,0.010678686642802448
image_12825.jpg,0.7106761686829889
image_8158.jpg,0.0009974691355093856
image_1160.jpg,0.16896345055173742
image_2856.jpg,0.03223417609340701
image_7021.jpg,0.004641470418805102
image_5401.jpg,0.0010001502772319338
image_15947.jpg,0.04683054988833808
image_8422.jpg,0.09257724811625166
image_6632.jpg,0.10625651261595614
image_6131.jpg,0.014524406147475405
image_8160.jpg,0.0165437193216457
image_15652.jpg,0.020327736627264073
image_5492.jpg,0.8425287285640539
image_15864.jpg,0.0035191883250489837
image_7292.jpg,0.0005305408924887715
image_10517.jpg,0.03264250915002733
image_2895.jpg,0.0649363745728123
image_7087.jpg,0.001957274473318148
image_15174.jpg,0.009887548889281719
image_11364.jpg,0.034407553277754604
image_11884.jpg,0.14331262099018616
image_4431.jpg,0.05353159986969716
image_1421.jpg,0.07998315727636615
image_5717.jpg,0.033434612003387855
image_13106.jpg,0.7208489804580819
image_3917.jpg,0.8358633454250264
image_10270.jpg,0.09169626980918905
image_409.jpg,0.005939716839089579
image_5387.jpg,0.006235459528825559
image_1035.jpg,0.6036561800420635
image_5013.jpg,0.12775351084414197
image_14925.jpg,0.021167805349650015
image_8559.jpg,0.0031262882473598614
image_4272.jpg,0.3173529894449964
image_1658.jpg,0.002462573046354178
image_6019.jpg,0.09343955323502875
image_6575.jpg,0.002671795436368235
image_4710.jpg,0.012389942874241715
image_6643.jpg,0.0017064304242911436
image_14667.jpg,0.6176905275194701
image_11381.jpg,0.017102913575500804
image_12190.jpg,0.0010261223301343745
image_8128.jpg,0.004406862201567862
image_5726.jpg,0.001608881187099717
image_10881.jpg,0.07228564811420334
image_14646.jpg,0.01927292157295727
image_15450.jpg,0.00016100560709827598
image_8118.jpg,0.02546233915706711
image_826.jpg,0.07195300520639444
image_11668.jpg,0.13834754231265667
image_5673.jpg,0.019195667932899868
image_12937.jpg,0.0015915374637949149
image_10963.jpg,0.004518642186851818
image_14953.jpg,0.00010039406334187894
image_14834.jpg,0.015341581119907905
image_11374.jpg,0.18364014427958553
image_2257.jpg,0.003555634218786945
image_11007.jpg,0.014750668886884836
image_10809.jpg,0.0024911548492246817
image_2445.jpg,0.007689700638299784
image_2325.jpg,0.06947491323806584
image_3355.jpg,0.010306766290440037
image_14325.jpg,0.2212276934129079
image_15853.jpg,0.0412319137730624
image_781.jpg,0.2695890024820519
image_10451.jpg,0.009126573696712166
image_768.jpg,0.04229791675491343
image_16144.jpg,0.0006808261127532656
image_12094.jpg,0.008521714040469218
image_8059.jpg,0.16557342068161043
image_10054.jpg,0.0026351190078014925
image_8500.jpg,0.004185208813563883
image_5739.jpg,0.04778614922970601
image_9685.jpg,0.0006096481133438898
image_5817.jpg,0.274349212300915
image_3653.jpg,0.02127477676570633
image_343.jpg,0.006428734552895392
image_6391.jpg,0.04292478678464094
image_7430.jpg,0.018202008117525547
image_7523.jpg,0.6497634871920709
image_8571.jpg,0.00657482921559876
image_12561.jpg,0.13308516129537318
image_15474.jpg,0.005260759291634796
image_12784.jpg,0.16407052258780136
image_9113.jpg,0.10564472313585224
image_14383.jpg,0.012613858344804973
image_9877.jpg,0.16269777695723636
image_12614.jpg,0.013973646286442803
image_3048.jpg,0.008701539802566721
image_3717.jpg,0.00119816662555511
image_9318.jpg,0.06720508869669377
image_15535.jpg,0.9799874474423409
image_16039.jpg,0.0012824391731222024
image_6591.jpg,0.022603287786071916
image_10722.jpg,0.020682377676409913
image_12546.jpg,0.07240779037221971
image_11081.jpg,0.02465417368922278
image_4530.jpg,0.005729987615623331
image_7814.jpg,0.021123638540688612
image_5021.jpg,0.001879992378341354
image_6730.jpg,0.0004922325545906447
image_13901.jpg,0.8553344286147118
image_4902.jpg,0.00019527966258030464
image_5420.jpg,0.005702931658152592
image_3052.jpg,0.577997807867847
image_8333.jpg,0.0003953941866627179
image_709.jpg,0.002277756668985933
image_8531.jpg,0.0011943822079456103
image_10062.jpg,0.1063693262148626
image_9221.jpg,0.36941928945418445
image_10742.jpg,0.000954393635878736
image_9764.jpg,0.0008217509072117615
image_13671.jpg,0.0009950401567259378
image_8330.jpg,0.025130580611731245
image_16519.jpg,0.008941278898499116
image_2743.jpg,0.10550093278100825
image_15919.jpg,0.00650889134504662
image_1914.jpg,0.017827463248472977
image_9426.jpg,0.33582440921609646
image_7408.jpg,0.00350885004421079
image_10365.jpg,0.05156360259624094
image_12020.jpg,0.0019471547275963501
image_898.jpg,0.002791415029296108
image_5672.jpg,0.02548464079021784
image_5814.jpg,0.0026281861394114947
image_16057.jpg,0.2917909073506542
image_8159.jpg,0.004939172493636287
image_11095.jpg,0.05056198888804767
image_5186.jpg,0.0014980069750930077
image_10276.jpg,0.01312863865105795
image_16318.jpg,0.21507952133441613
image_1037.jpg,0.01403749088961871
image_12979.jpg,0.013180775795630525
image_16212.jpg,0.006932536524929879
image_13156.jpg,0.00010136222148496836
image_14017.jpg,0.5490375198721016
image_2102.jpg,0.004644846500852326
image_15550.jpg,0.002001483268166074
image_4246.jpg,0.017538992600409475
image_1609.jpg,0.12338281805908406
image_1532.jpg,0.004740067792121021
image_3364.jpg,0.0026955642034944046
image_9355.jpg,0.003338581765459163
image_15334.jpg,0.04900077594304531
image_16573.jpg,0.07812099844542719
image_15222.jpg,0.046920929218781826
image_47.jpg,0.4336489196944526
image_337.jpg,0.03563050594837733
image_1484.jpg,0.05570613354959319
image_9777.jpg,0.0626686711225989
image_11702.jpg,0.008954457630265235
image_9612.jpg,0.0018595953368861298
image_5731.jpg,0.06518817241405321
image_3092.jpg,0.003651426536603833
image_10795.jpg,0.008300272697723364
image_10953.jpg,0.0019000564621230447
image_1400.jpg,0.8477504584462395
image_5709.jpg,0.0038748624070680427
image_10480.jpg,0.24591771383312655
image_4798.jpg,0.01273471378572611
image_10928.jpg,0.004872089358528138
image_14021.jpg,0.0005780457660050057
image_5572.jpg,0.0004538273081515292
image_9063.jpg,0.14497320847292022
image_5197.jpg,0.6230562222334287
image_7213.jpg,0.7084783697230055
image_12246.jpg,0.2442911549459847
image_15781.jpg,0.33302063548028854
image_12181.jpg,0.0695879583083156
image_14741.jpg,0.0008000455010148666
image_3086.jpg,0.0018937954212256203
image_3833.jpg,0.7146170238173238
image_16480.jpg,0.8400420248543075
image_3134.jpg,0.002459166337069525
image_2724.jpg,0.0034234984281142824
image_14833.jpg,0.0054801588297433024
image_13601.jpg,0.012227205776379105
image_7775.jpg,0.004270224527685184
image_2373.jpg,0.0013347657956136805
image_13573.jpg,0.011802850105269635
image_3591.jpg,0.000552846876564609
image_9838.jpg,0.2632875275990422
image_778.jpg,0.0034825585641282616
image_1450.jpg,0.4542011701109513
image_11635.jpg,0.011269587105127111
image_14319.jpg,0.02145687134495109
image_13213.jpg,0.02397408904931232
image_2568.jpg,0.051029293257107304
image_14803.jpg,0.13260933098940367
image_5437.jpg,0.306921329436907
image_7366.jpg,0.0054111791609327345
image_3627.jpg,0.10665444157021654
image_4115.jpg,0.0066986723954214015
image_2251.jpg,0.0423395066702434
image_6453.jpg,0.003759745852828018
image_7229.jpg,0.03089254220261888
image_14120.jpg,0.00843964370754543
image_4084.jpg,0.0910776195211419
image_16176.jpg,0.0009118476569159772
image_15982.jpg,0.498404974401205
image_3885.jpg,0.002370499651495639
image_7437.jpg,0.013115770785273248
image_6900.jpg,0.92800362067304
image_4466.jpg,0.01314060682994193
image_2566.jpg,0.012377591327435468
image_8101.jpg,0.017794177254052395
image_10457.jpg,0.7000203079704012
image_13514.jpg,0.08839246189539685
image_13777.jpg,0.07961220890302886
image_4590.jpg,0.001796903896473346
image_585.jpg,0.0017597583460585502
image_5206.jpg,0.016911365979033942
image_14363.jpg,0.44919632371463597
image_15523.jpg,0.00981329428225915
image_14027.jpg,0.10964819231893164
image_10752.jpg,0.07376067222431494
image_6811.jpg,0.7683906876553237
image_5512.jpg,0.02742830112018573
image_1872.jpg,0.24264737516071638
image_5712.jpg,0.004074299094238121
image_4237.jpg,0.38502367825753764
image_745.jpg,0.004116233666277568
image_7594.jpg,0.07108477375555489
image_2380.jpg,0.019870533035987917
image_893.jpg,0.18043817509545615
image_11427.jpg,0.12711895345147353
image_8385.jpg,0.019705720597619745
image_12883.jpg,0.9058441852755895
image_5924.jpg,0.013882184506226405
image_14762.jpg,0.04634944050085943
image_931.jpg,0.037462608594561596
image_9225.jpg,0.008009283465508537
image_5298.jpg,0.9398665341663829
image_2431.jpg,0.5955793437174766
image_4967.jpg,0.03747033866688387
image_9156.jpg,0.010440948345114068
image_5520.jpg,0.00764239576041577
image_4485.jpg,0.016419434011233858
image_7857.jpg,0.8701978789995015
image_3793.jpg,0.0014243027790401706
image_14322.jpg,0.0007744903037190023
image_1112.jpg,0.04769895299541736
image_6518.jpg,0.18984488662055915
image_2922.jpg,0.015586923360195239
image_5697.jpg,0.001342410345094579
image_11559.jpg,0.7704036465482079
image_13586.jpg,0.011334116827524011
image_13143.jpg,0.14526111179689863
image_5521.jpg,0.0026028842048710222
image_2058.jpg,0.0007063309349652736
image_5476.jpg,0.008577809448518126
image_1755.jpg,0.3212615599932011
image_2482.jpg,0.0002109037387563522
image_2282.jpg,0.004086438709070324
image_14949.jpg,0.9434246734704538
image_5253.jpg,0.022961121054019505
image_7931.jpg,0.0012553448510145815
image_14176.jpg,0.14417927120079996
image_7664.jpg,0.013953347942131636
image_13614.jpg,0.08974687267984484
image_15627.jpg,0.011903197505212966
image_4898.jpg,0.03060147508870588
image_6525.jpg,0.00042807205946293354
image_13698.jpg,0.07527116025897071
image_7321.jpg,0.00024083738561027202
image_10440.jpg,0.03322195548000705
image_13219.jpg,0.312981021999253
image_13540.jpg,0.16887319116554425
image_15030.jpg,0.4193983511691788
image_13009.jpg,0.0029087595405670598
image_1737.jpg,0.958082843193116
image_9036.jpg,0.015567466663400841
image_15560.jpg,0.0009501177591490098
image_6323.jpg,0.013496463982058346
image_10255.jpg,0.1313030923962775
image_12223.jpg,0.029253098380048494
image_3901.jpg,0.055917340102152185
image_11328.jpg,0.04367791400838524
image_15320.jpg,0.0009798129083603926
image_10463.jpg,0.0009747653904762909
image_15026.jpg,0.41714140347632583
image_5852.jpg,0.9563334320250584
image_4533.jpg,0.004974075318822062
image_14688.jpg,0.08164632893580276
image_1656.jpg,0.025268963695567623
image_4030.jpg,0.008223901622100063
image_3402.jpg,0.9253340993049914
image_8846.jpg,0.36220510627217894
image_1211.jpg,0.5978043313004078
image_7205.jpg,0.0019064625892701273
image_11359.jpg,0.010282766210899835
image_11483.jpg,0.03336083035109152
image_6459.jpg,0.9622726396733744
image_7831.jpg,0.005204301490893402
image_5842.jpg,0.004142801214787513
image_8652.jpg,0.00876446998298934
image_1094.jpg,0.17248805534883152
image_704.jpg,0.5882360500998893
image_4287.jpg,0.08205411118429178
image_5325.jpg,0.26038183352495203
image_15032.jpg,0.0026414311542277582
image_317.jpg,0.0010717139433156241
image_3902.jpg,0.46665590091822734
image_15566.jpg,0.05393464478124268
image_12654.jpg,0.11073493467579518
image_13427.jpg,0.18244634627168585
image_1354.jpg,0.007140303867306649
image_4870.jpg,0.4326912483099523
image_4322.jpg,0.01536241198002338
image_642.jpg,0.26666850496308814
image_13479.jpg,0.028817920411645402
image_3543.jpg,0.6514226586923293
image_1038.jpg,8.031320384855588e-05
image_8590.jpg,0.0010854123067657532
image_8738.jpg,0.032323699362207706
image_6843.jpg,0.05168192569740609
image_16486.jpg,0.0004326899299032772
image_2402.jpg,0.007156003230543453
image_2899.jpg,0.007567805334128734
image_1611.jpg,0.0032644523393257803
image_9270.jpg,0.070829010295364
image_15561.jpg,0.0010763016557504888
image_16133.jpg,0.9815268326961514
image_10580.jpg,0.9507044434240801
image_2458.jpg,0.01900747032788256
image_15234.jpg,0.0014143107230168916
image_7815.jpg,0.04604027476896648
image_11505.jpg,0.00018485009412738362
image_1606.jpg,0.6867863714632775
image_10134.jpg,0.02574106747260868
image_1095.jpg,0.026647669862121543
image_3709.jpg,0.002752650430695186
image_9224.jpg,0.02930337941944696
image_15199.jpg,0.0024361710753050226
image_8356.jpg,0.0065188614222144595
image_150.jpg,0.018629650678181054
image_14652.jpg,0.008967910050322974
image_6094.jpg,0.17997556746000962
image_3536.jpg,0.005110834989398862
image_10211.jpg,0.023683029097449418
image_13743.jpg,0.951967095526766
image_15340.jpg,0.21275910008355117
image_11677.jpg,0.018218993187771534
image_4106.jpg,0.0005758446253730537
image_12523.jpg,0.22187692586029426
image_10680.jpg,0.011196174868292098
image_9505.jpg,0.05453916750279226
image_13669.jpg,0.0010476684149481824
image_4181.jpg,0.007554134388288457
image_688.jpg,0.01907867913622791
image_8573.jpg,0.05735603648745323
image_3498.jpg,0.008684407842682722
image_11565.jpg,0.005724900961396549
image_12358.jpg,0.003784419827001108
image_6733.jpg,0.0005204874805449385
image_655.jpg,0.01833191816522024
image_16357.jpg,0.0010991658345695682
image_3394.jpg,0.23108949242720456
image_8200.jpg,0.3317608837848126
image_12009.jpg,0.9042535749351817
image_15928.jpg,0.9305683992005623
image_16522.jpg,0.2126463668395861
image_4183.jpg,0.00882837974361509
image_2901.jpg,0.006020944538676214
image_3585.jpg,0.19952936974978383
image_6786.jpg,0.22736209078600825
image_394.jpg,0.005296039611234956
image_13044.jpg,0.00510322112444015
image_14609.jpg,0.0011608245880922498
image_1963.jpg,0.027359565718260506
image_9830.jpg,0.007799582471506238
image_5304.jpg,0.0038390681290979573
image_13522.jpg,0.002354776585600718
image_6829.jpg,0.003283689398209177
image_10274.jpg,0.0013080538671514086
image_2180.jpg,0.009206355524619552
image_14038.jpg,0.38941781985755564
image_16463.jpg,3.375911545063307e-05
image_3856.jpg,0.0022575532631710694
image_11904.jpg,0.14480278325814977
image_14418.jpg,0.9728297171225302
image_3979.jpg,0.02552533340282939
image_3034.jpg,0.01158052834388165
image_14618.jpg,0.0038776592746824863
image_10674.jpg,0.0005200728381684323
image_9696.jpg,8.517240531457463e-05
image_3566.jpg,0.026623901550301927
image_8475.jpg,0.00033946071742115973
image_9950.jpg,0.019884598767974507
image_8841.jpg,0.702154227030022
image_14032.jpg,0.054437498556447986
image_6915.jpg,0.011904492526697449
image_3284.jpg,0.043838531910742336
image_7917.jpg,0.9787679426866734
image_6826.jpg,0.049795482462799585
image_7536.jpg,0.0006897774414761739
image_3920.jpg,0.0015653663893510918
image_12463.jpg,0.0005689999953040077
image_162.jpg,0.00904508915244057
image_11777.jpg,0.8398870789319673
image_10932.jpg,0.03814307057967947
image_1740.jpg,0.03198714050946189
image_11979.jpg,0.02449365157933996
image_12589.jpg,0.010769131990295194
image_15740.jpg,0.06159521415709705
image_12265.jpg,0.7194435585584964
image_10610.jpg,0.005082510931689133
image_11787.jpg,0.021155624929742173
image_3720.jpg,0.10231932920973023
image_7323.jpg,0.32974058235654063
image_9468.jpg,0.022854615300380653
image_1642.jpg,0.006221525120974975
image_14725.jpg,0.03347955873017807
image_11894.jpg,0.4582593729679244
image_3176.jpg,0.005687633470917756
image_11423.jpg,0.012645470709485851
image_358.jpg,0.0007396835425699547
image_15065.jpg,0.0012002314916809262
image_12038.jpg,0.007171555832107211
image_3504.jpg,0.01908306249384856
image_7873.jpg,0.03241673707204278
image_10719.jpg,0.05923345973937711
image_2766.jpg,0.041817635513843564
image_6328.jpg,0.00017685469380326373
image_3603.jpg,0.519399210578361
image_3459.jpg,0.0017435560167461234
image_526.jpg,0.07672478599525108
image_14070.jpg,5.359099800345993e-05
image_7599.jpg,0.1025906453253261
image_9621.jpg,0.014660751650121718
image_298.jpg,0.00031493091584245753
image_10746.jpg,0.0026162848415899245
image_16422.jpg,1.566184980791e-05
image_4114.jpg,0.0017219657962105437
image_13394.jpg,0.0035138310793537747
image_14297.jpg,0.10788640037130848
image_5812.jpg,0.008429383943526188
image_1092.jpg,0.001831087996019267
image_12465.jpg,0.015631613754232648
image_11319.jpg,0.9666394056163818
image_10138.jpg,0.08466274714158048
image_11870.jpg,0.11471908061394612
image_7056.jpg,0.3515099715336528
image_10.jpg,0.000774871995830214
image_8777.jpg,0.6033464460623663
image_14616.jpg,0.0005727030849721001
image_2712.jpg,0.38059962117782964
image_2188.jpg,0.0013093776306692723
image_5419.jpg,0.00563759130723556
image_662.jpg,0.24999380646421485
image_961.jpg,0.0012923741622957675
image_15791.jpg,0.1687636770941144
image_13750.jpg,0.24805697958014714
image_889.jpg,0.00014610699839308068
image_5495.jpg,0.0031475331575702525
image_6006.jpg,0.03696390825164324
image_2763.jpg,0.004167315053947365
image_868.jpg,0.020695868367685933
image_748.jpg,0.007525875439908456
image_9700.jpg,0.0004777932655532051
image_4435.jpg,0.0009985884589583905
image_14388.jpg,0.00801879269142535
image_11325.jpg,0.29504596437353814
image_15665.jpg,0.4424914535503289
image_40.jpg,0.08343188216394903
image_7038.jpg,0.017878083081966475
image_1659.jpg,0.3606869979377261
image_4998.jpg,0.022248920677348676
image_3220.jpg,0.003597325992801819
image_2738.jpg,0.32142624785407303
image_15150.jpg,0.024037073743057562
image_3285.jpg,0.006322213103561253
image_196.jpg,0.008127352115410809
image_4852.jpg,0.10002028729672327
image_10095.jpg,0.09913100124678281
image_14740.jpg,0.0005391044982947616
image_8190.jpg,0.020155630340056737
image_6984.jpg,0.004404203772247716
image_14661.jpg,0.027883205516891905
image_10393.jpg,0.04038349987451586
image_13690.jpg,0.002449077001351356
image_5072.jpg,0.015555710026142576
image_14274.jpg,0.09279957530333292
image_8755.jpg,0.015738856022446394
image_1054.jpg,0.0006069562413986836
image_8317.jpg,0.17777761058762143
image_14161.jpg,0.028681297183838245
image_16105.jpg,0.00605113680717113
image_870.jpg,0.6498064925427264
image_9858.jpg,0.0883319590611515
image_5681.jpg,0.07043820863522955
image_10943.jpg,0.45115074071160444
image_10949.jpg,0.00045871083682954666
image_4013.jpg,0.0005768977003421725
image_216.jpg,0.0604429643896592
image_6427.jpg,0.10436087214522319
image_4814.jpg,0.04773421630484205
image_3751.jpg,0.003384954508113993
image_12903.jpg,5.809390492723858e-07
image_16126.jpg,0.0010568439816900632
image_13711.jpg,0.0013201127400353887
image_14153.jpg,0.0019237607095617655
image_14257.jpg,0.002669567451000237
image_2285.jpg,0.3167980144333915
image_12032.jpg,0.002174157183774782
image_1579.jpg,0.0008862487737459643
image_1946.jpg,0.04937627539572494
image_15446.jpg,0.10145317961769464
image_7927.jpg,0.15240952936454552
image_14125.jpg,0.8561852956374029
image_7823.jpg,0.0028700366997900023
image_13245.jpg,0.0030815146695760682
image_6351.jpg,0.2588831671001828
image_14382.jpg,0.4233439352233096
image_12686.jpg,0.002262001089236847
image_7153.jpg,0.006243879907693997
image_1975.jpg,0.3059411083125949
image_802.jpg,0.016005779144763237
image_14448.jpg,0.05180298576095106
image_6064.jpg,0.8429418993836179
image_15386.jpg,0.07553886043291398
image_16416.jpg,0.009172924443755717
image_837.jpg,0.02015759639807379
image_3109.jpg,0.04951073002604197
image_5262.jpg,0.01067244406976332
image_2138.jpg,0.0002037080112478286
image_8355.jpg,0.04626384785217669
image_3654.jpg,0.18227872398476253
image_13980.jpg,0.002238665039818001
image_4865.jpg,6.387294904910607e-05
image_5279.jpg,0.02338660035145043
image_11152.jpg,0.14831135467093057
image_15490.jpg,0.6221891119041644
image_3618.jpg,0.005627859265652059
image_9898.jpg,0.009546719860969229
image_14967.jpg,0.01906910008579245
image_4657.jpg,0.04892764490137489
image_13267.jpg,0.0008131114314066324
image_376.jpg,0.002410022866838536
image_12458.jpg,0.47103272031417875
image_1440.jpg,0.00774484633180209
image_3636.jpg,0.012878544709530409
image_1720.jpg,0.012932071904918314
image_9111.jpg,0.0005953898235776087
image_11041.jpg,0.002398420911397093
image_5535.jpg,0.03642767429923711
image_12244.jpg,0.02679426549156528
image_518.jpg,0.04055934886957819
image_12110.jpg,0.150568154498365
image_5128.jpg,0.002106674741811072
image_5747.jpg,0.0003984422024489738
image_4148.jpg,0.0006293855910876868
image_1363.jpg,0.6414095998734459
image_4171.jpg,0.4453121254813494
image_13285.jpg,0.010813706909076407
image_6037.jpg,0.008934015257009466
image_1545.jpg,0.0071456915878941
image_12543.jpg,0.21312890435701404
image_7173.jpg,0.12412482652377602
image_15373.jpg,0.003314579079263515
image_9057.jpg,0.018251883738934296
image_8180.jpg,0.30875218012074607
image_9161.jpg,0.09886352241385168
image_8290.jpg,0.7612806311396386
image_11200.jpg,0.007550937073542377
image_8679.jpg,0.00083551807764531
image_2034.jpg,0.025481535963877398
image_331.jpg,0.011543497280571694
image_7998.jpg,0.00013571823406602985
image_15737.jpg,0.010314713356071712
image_10958.jpg,0.0021131008909996917
image_5714.jpg,0.24535611964047688
image_9922.jpg,0.32011509054041576
image_13512.jpg,0.0016272827916241214
image_2806.jpg,0.16035991719529868
image_13432.jpg,0.31914554980885357
image_11732.jpg,0.05740357343664647
image_7678.jpg,0.010099539861020815
image_7561.jpg,0.059679473877103116
image_1470.jpg,0.014004692435593812
image_9823.jpg,0.666829937799849
image_12813.jpg,0.2647864710990692
image_7677.jpg,0.06163256950838592
image_8197.jpg,0.0015228649833194364
image_2152.jpg,0.0029930715829305675
image_13465.jpg,0.0013183804596487375
image_6236.jpg,0.0002396929806123212
image_10055.jpg,0.41064224318432513
image_8022.jpg,0.019071241785989238
image_4460.jpg,0.0008945756018889766
image_11801.jpg,0.0017053669623977854
image_14715.jpg,0.36611963033625133
image_2570.jpg,0.009593011016372496
image_1923.jpg,0.8668302887667254
image_2816.jpg,0.04114977937259037
image_10735.jpg,0.13402559987387713
image_4641.jpg,0.003354362395582147
image_10514.jpg,0.0035386109339663884
image_4307.jpg,7.796721878104605e-05
image_2176.jpg,0.004482304253762957
image_9540.jpg,0.07810017232959264
image_11811.jpg,0.004032873271116271
image_2971.jpg,0.11224608211736938
image_12018.jpg,0.8659124389443242
image_15058.jpg,0.004363392844959151
image_14464.jpg,0.0038551406666867283
image_6338.jpg,0.49941639250145703
image_3529.jpg,0.0034657489107011025
image_15559.jpg,0.007424257007729927
image_9102.jpg,0.0005803187570896959
image_6929.jpg,0.030495421715076312
image_1869.jpg,0.0009850460207723633
image_5131.jpg,0.00203794303842715
image_12426.jpg,0.006033290339779725
image_1857.jpg,0.006492940692772114
image_9054.jpg,0.5347647388333715
image_11934.jpg,0.005942032549104651
image_10562.jpg,0.1188901643812682
image_4591.jpg,0.004067978053167727
image_7794.jpg,0.01788405606989767
image_2541.jpg,0.022734286476519094
image_462.jpg,0.0027115261104113694
image_11637.jpg,0.0017026394319358575
image_6013.jpg,0.04996972980263532
image_3994.jpg,7.219232423304408e-05
image_14420.jpg,0.03813739550394034
image_15293.jpg,0.0736863178061758
image_7049.jpg,0.895428017200826
image_1856.jpg,0.0033351035903846265
image_3236.jpg,0.0382307012232051
image_3782.jpg,0.009628828672240542
image_9254.jpg,0.22341821412138446
image_4335.jpg,0.0007460562379346576
image_2231.jpg,0.035505358403040574
image_2605.jpg,0.5277066435938925
image_4367.jpg,0.0022354629085296826
image_8745.jpg,0.021160812141952957
image_5967.jpg,0.07758017305831873
image_15575.jpg,0.0004188129072985195
image_11993.jpg,0.04340921456720005
image_14675.jpg,0.0029243105881531966
image_14569.jpg,0.0008707979116583455
image_4896.jpg,0.007109914608971717
image_1022.jpg,0.007884659692356561
image_11576.jpg,0.024886524655512464
image_5528.jpg,0.002557231220339514
image_8997.jpg,0.36020695409870296
image_14369.jpg,0.11388194458681641
image_6538.jpg,0.0515950725758283
image_4760.jpg,0.31309569378705954
image_9379.jpg,0.07018313688345229
image_1433.jpg,0.0045153370032167475
image_4909.jpg,0.09093541441268801
image_13327.jpg,0.2678448663771539
image_3820.jpg,0.00016522092185556153
image_15738.jpg,0.0013505407151415906
image_4482.jpg,0.00016319476179513486
image_9127.jpg,0.0004075464627795183
image_6593.jpg,0.008268071021286766
image_1962.jpg,0.01600568341717968
image_2135.jpg,0.03740406226533995
image_8719.jpg,0.0015207628537985283
image_4950.jpg,0.0008596215241502962
image_3691.jpg,0.021099614627977176
image_12871.jpg,7.104720703147244e-05
image_1042.jpg,0.02235634176974631
image_8701.jpg,0.007357679717674859
image_223.jpg,0.0004934268019054488
image_6234.jpg,0.05376895985643869
image_14230.jpg,0.06265716552949513
image_12451.jpg,0.6710578107539589
image_9163.jpg,0.1922694240392719
image_11443.jpg,0.30320552937287365
image_5261.jpg,0.08402328091071251
image_7693.jpg,0.0016739726415206683
image_5621.jpg,0.09834819528973318
image_4652.jpg,0.8597619056573714
image_10005.jpg,0.0003272146281865376
image_1886.jpg,0.0004894876549310646
image_5124.jpg,0.005911564720506943
image_12948.jpg,0.007077296533160978
image_13506.jpg,0.0006735163073807101
image_367.jpg,0.898113366548869
image_14385.jpg,0.000511770365084347
image_9940.jpg,0.3476340924894932
image_1236.jpg,0.8422001760411871
image_15075.jpg,0.06978635779652112
image_12261.jpg,0.0014801119620230828
image_1457.jpg,0.010264324752630534
image_7930.jpg,0.09052024712443561
image_16164.jpg,0.005139040151596984
image_2916.jpg,0.00020534624915390413
image_9285.jpg,0.002310882422386187
image_16556.jpg,0.023950738375538547
image_2637.jpg,0.001354683256689408
image_10184.jpg,0.005354424059820553
image_5357.jpg,0.12426478179068844
image_2232.jpg,0.005817062792533981
image_9332.jpg,0.9034157443840889
image_4932.jpg,0.000825675309873182
image_7492.jpg,0.0004434057941125097
image_3982.jpg,0.01419569748738436
image_9335.jpg,0.006834681472322613
image_2475.jpg,0.02696587957495212
image_14851.jpg,0.0006992667893327026
image_13122.jpg,0.7518811900376134
image_5961.jpg,0.005568740993918144
image_1499.jpg,0.840140844090583
image_9815.jpg,0.28691025529700154
image_2440.jpg,0.0006064918404133845
image_9154.jpg,0.0007638299238058026
image_6316.jpg,0.005068926670580798
image_393.jpg,0.09881457604739224
image_7380.jpg,0.03923855658705829
image_10994.jpg,0.01535987290502103
image_16259.jpg,0.0029400530736266237
image_15902.jpg,0.004468177308486341
image_16159.jpg,0.03247568518292776
image_6854.jpg,0.019160053237212097
image_15021.jpg,0.006491380438564981
image_13495.jpg,0.4065413975988624
image_1115.jpg,0.0060035972991449105
image_10263.jpg,0.055580276377769806
image_8793.jpg,0.012807914244002646
image_8360.jpg,0.0058260634479183225
image_1453.jpg,0.02903578935747583
image_1357.jpg,0.7604657895968258
image_4622.jpg,0.006275910158215843
image_7479.jpg,0.0032623513887748987
image_13576.jpg,0.019091026297682157
image_5491.jpg,0.0024236639411549478
image_1748.jpg,0.7042638597769874
image_1865.jpg,0.001331481639710017
image_3358.jpg,0.1857009992369316
image_6751.jpg,0.8118794115549565
image_9619.jpg,0.14531340770887696
image_4450.jpg,0.09840900786551983
image_10773.jpg,0.01834653465654635
image_3296.jpg,0.0049946440826631995
image_9390.jpg,0.00010962461989335829
image_7102.jpg,0.0005959991469442309
image_7257.jpg,0.13503923588588645
image_3365.jpg,0.2933295209496588
image_9241.jpg,0.16258588395243465
image_13765.jpg,0.015996611566768737
image_10340.jpg,0.08327861618300378
image_7694.jpg,0.003766415530451811
image_4609.jpg,0.0015363482579105398
image_1613.jpg,0.0873309927737839
image_16417.jpg,0.0062474508528211296
image_6699.jpg,0.03153940838023703
image_11130.jpg,0.03394421928014051
image_7933.jpg,0.008912348171682731
image_12858.jpg,0.84398013348679
image_6047.jpg,0.041626748108141216
image_722.jpg,0.14927188846595257
image_511.jpg,0.07249254000636851
image_5975.jpg,0.021499985091383535
image_2158.jpg,0.0005983157738751661
image_4843.jpg,0.1091501483670757
image_8680.jpg,0.022266519917827562
image_8556.jpg,0.008762703547925925
image_10311.jpg,0.006264868646586538
image_12167.jpg,0.28554924800787157
image_12134.jpg,0.002059626964901998
image_4736.jpg,0.8972546175726053
image_11201.jpg,0.002905850461135128
image_5018.jpg,0.6425573506182098
image_4020.jpg,0.009121386237872061
image_5312.jpg,0.04957158021988184
image_10031.jpg,0.003037224932294554
image_4820.jpg,0.014342614629020282
image_16060.jpg,0.19887583816953552
image_3617.jpg,0.001346393945174202
image_49.jpg,0.3034667917473691
image_7724.jpg,0.11221380682400015
image_11121.jpg,9.959864684250103e-05
image_11852.jpg,0.005990660216832368
image_5723.jpg,0.0018995833145838542
image_2221.jpg,0.6155959919826736
image_14679.jpg,0.08389459093338944
image_15437.jpg,0.2004807275312799
image_13469.jpg,0.045763506618289373
image_7206.jpg,0.006343115633698801
image_4973.jpg,0.38524558364088357
image_16014.jpg,0.23540394593090525
image_8311.jpg,0.04304652517468934
image_12415.jpg,0.2335655497688805
image_5084.jpg,0.01784215829081134
image_6953.jpg,0.00641451716268992
image_3087.jpg,0.00020909485108896515
image_133.jpg,0.001288260184129208
image_10244.jpg,0.0019415722161247354
image_7861.jpg,0.00011600487434400415
image_120.jpg,0.5532954405698761
image_12886.jpg,0.27817767797813264
image_10818.jpg,0.30093164206606776
image_6165.jpg,0.025445662729435974
image_9488.jpg,0.013341531651044201
image_15866.jpg,0.0026289348039804667
image_11256.jpg,0.004852477151686905
image_9091.jpg,0.04657814345627836
image_6805.jpg,0.015623167098012952
image_4815.jpg,0.03010380175617777
image_1176.jpg,0.009135361240265386
image_14409.jpg,0.35452051461223005
image_9705.jpg,0.00216177134159935
image_1715.jpg,0.010503272218637583
image_9559.jpg,0.13898048712872163
image_8092.jpg,0.00262984156446148
image_5846.jpg,0.00288436671635249
image_1574.jpg,0.05052175299031286
image_12335.jpg,0.9311045535995535
image_4644.jpg,0.003030805236872302
image_11844.jpg,0.02508011667902152
image_16339.jpg,0.9973882298334351
image_6136.jpg,0.26157551449731475
image_15115.jpg,0.04304356058084651
image_13863.jpg,0.04995344284466923
image_1208.jpg,0.04083880490353561
image_13166.jpg,0.9767531877383447
image_10853.jpg,0.01328496591298945
image_9231.jpg,0.06824607681586246
image_13572.jpg,0.10609934353910809
image_12129.jpg,0.00023757581123087855
image_11412.jpg,0.0032211286692516326
image_3306.jpg,0.0023128612791301893
image_5169.jpg,0.00011424938931083739
image_13177.jpg,0.17297439591772948
image_2707.jpg,0.9651382779783932
image_9251.jpg,0.00109866113087621
image_8798.jpg,0.05515904546737498
image_9397.jpg,9.191558617497445e-05
image_4635.jpg,0.2856428503507108
image_16155.jpg,0.0005897939710486043
image_6813.jpg,0.061236289776295715
image_9427.jpg,0.02836374562695491
image_12250.jpg,0.8044763635078841
image_9269.jpg,0.8551005252964334
image_9576.jpg,0.004253316852157728
image_3389.jpg,0.09502911881592105
image_2797.jpg,0.03983485618236855
image_1275.jpg,0.8294875536005485
image_11181.jpg,0.0070499924929529
image_13096.jpg,0.0006134390290714443
image_6386.jpg,0.01262833281673263
image_11535.jpg,0.1744455007102273
image_1550.jpg,2.371880167278995e-06
image_13593.jpg,0.0014349116895345812
image_14749.jpg,0.01635683289619764
image_2681.jpg,0.23532177778947416
image_334.jpg,0.01597756652117914
image_13081.jpg,0.05925910166968841
image_7093.jpg,0.024427147547244104
image_16379.jpg,9.673052668150027e-05
image_16297.jpg,0.001205677499429813
image_9740.jpg,0.06745216129791477
image_6950.jpg,0.04749614033957352
image_7510.jpg,0.01024217485784388
image_13646.jpg,0.0004244288336544187
image_7690.jpg,0.007922631872569662
image_9867.jpg,0.37338080774757726
image_11814.jpg,0.28309864049101374
image_15528.jpg,0.019912180816355148
image_8908.jpg,0.03483032845986059
image_10977.jpg,0.0018707357005600899
image_14308.jpg,0.031445585566881595
image_1981.jpg,0.0001353113235162461
image_4017.jpg,0.012860188141855095
image_11143.jpg,0.32300861236520295
image_15212.jpg,0.022731073967295946
image_13350.jpg,0.011218302855557867
image_9253.jpg,0.016828299949070622
image_330.jpg,0.012796765468285764
image_13356.jpg,0.12646513661671302
image_4349.jpg,0.0063324159144817795
image_3116.jpg,0.1471571805502291
image_4801.jpg,0.00012041161517485612
image_16467.jpg,0.13361766808227954
image_94.jpg,0.004417434738634996
image_13708.jpg,0.023484652105043236
image_10359.jpg,0.731207364550687
image_7141.jpg,0.2986009071000563
image_8517.jpg,1.9818386980925405e-05
image_15278.jpg,0.10406187887240718
image_13607.jpg,0.013729814022473466
image_12834.jpg,0.011034294494013887
image_16538.jpg,0.06399454782531025
image_1150.jpg,0.07818356369915049
image_4745.jpg,0.001017442981006171
image_8583.jpg,0.0428704298208378
image_5229.jpg,0.015317720302434517
image_10619.jpg,0.9990941215739888
image_2367.jpg,0.02523792272046703
image_489.jpg,0.0025872427337467023
image_15138.jpg,0.002982176260698682
image_9892.jpg,0.001243929087423346
image_8143.jpg,0.08079817372698758
image_6490.jpg,0.17903497393051634
image_2970.jpg,5.2515393627592524e-05
image_5036.jpg,0.06742340131237827
image_14086.jpg,0.007726564128583892
image_15041.jpg,0.3657469135848824
image_1293.jpg,0.045031029330979445
image_10168.jpg,0.0009458258342008879
image_766.jpg,0.0015560607373422365
image_13282.jpg,0.15794607760052587
image_6875.jpg,0.636154528067334
image_13966.jpg,0.001706178939920148
image_6279.jpg,0.30223119762295814
image_15868.jpg,0.020412001608277695
image_11082.jpg,0.014521877257980868
image_12388.jpg,0.002604436129249768
image_5361.jpg,0.06913107758057889
image_1666.jpg,0.006216494342901752
image_9262.jpg,0.06529439635252542
image_11439.jpg,0.8755768530824561
image_4979.jpg,0.1313794433851674
image_16015.jpg,0.0052149298745737685
image_8460.jpg,0.004548784485739751
image_3501.jpg,0.004237128994454655
image_4817.jpg,0.011778593391844507
image_16151.jpg,0.10759721309465009
image_8173.jpg,0.10226742894773772
image_5035.jpg,0.6557425870830074
image_3090.jpg,0.01141693465157349
image_14424.jpg,0.04352078227680924
image_4584.jpg,0.0016334977895620666
image_2716.jpg,0.021623796892011785
image_13008.jpg,0.40236351001885423
image_5525.jpg,0.003726859079924691
image_11551.jpg,0.0015983136261396446
image_8838.jpg,0.018041664462184772
image_11657.jpg,0.11953109617983856
image_12745.jpg,0.006926439242602442
image_9633.jpg,0.007148897309405193
image_5343.jpg,0.04107109878921558
image_10042.jpg,0.012791825732005586
image_14422.jpg,0.016279611400455665
image_12513.jpg,0.00013118821339998715
image_4296.jpg,0.053997643011149475
image_7302.jpg,0.8439644620404863
image_4689.jpg,0.01196930711389213
image_730.jpg,0.5332186593258895
image_13577.jpg,0.23021670771779365
image_9625.jpg,0.28851624847639235
image_6716.jpg,0.138726592000013
image_3233.jpg,0.9923035776191614
image_5671.jpg,0.003706740783559619
image_6753.jpg,0.28316190308615335
image_2937.jpg,0.07519634282064924
image_10125.jpg,0.0044830819672668125
image_9294.jpg,0.047727471154727266
image_7188.jpg,0.017829956720445055
image_15987.jpg,0.06444441602627
image_15039.jpg,0.10213572085007933
image_8835.jpg,0.01770665114527334
image_149.jpg,0.01141749482006244
image_10079.jpg,0.1882524258055738
image_8075.jpg,0.030153687323611747
image_8867.jpg,0.02277353836449268
image_3091.jpg,0.002082678177097981
image_15045.jpg,0.002961802374848799
image_11578.jpg,0.21280160596939943
image_14202.jpg,0.003733024945763251
image_12235.jpg,0.006192625425951948
image_13463.jpg,0.5638145156246199
image_9517.jpg,0.053961006581735055
image_5061.jpg,0.011602041452482054
image_1358.jpg,0.0018150659535996064
image_13170.jpg,0.06443133104135865
image_3568.jpg,0.8437038610845656
image_11652.jpg,0.0005722756137082691
image_12264.jpg,0.014068354539139944
image_9613.jpg,0.09145213765152864
image_13375.jpg,0.007861352728718065
image_11320.jpg,0.009696313313200738
image_7091.jpg,0.0640495716773993
image_11023.jpg,0.25362452307744654
image_6633.jpg,0.15368971835257839
image_15083.jpg,0.005683629407667945
image_1452.jpg,0.0013181816804011225
image_1060.jpg,0.006663295976185631
image_11874.jpg,5.1848255384256686e-05
image_9368.jpg,0.00016295655189857815
image_6393.jpg,0.0036511060469513923
image_1397.jpg,0.0020052226057883766
image_10264.jpg,0.09053262088475145
image_7370.jpg,0.015325302758425325
image_4910.jpg,0.0009145604834914061
image_2375.jpg,0.022741568185885182
image_5454.jpg,0.08020975545780942
image_5932.jpg,0.09221825052280881
image_11678.jpg,0.7400859621423058
image_15361.jpg,0.186944313679595
image_9616.jpg,0.8712188117990464
image_6355.jpg,0.0247998245641093
image_873.jpg,0.016184082378627927
image_517.jpg,0.0006653806828907918
image_15283.jpg,0.010127141285609308
image_5721.jpg,0.0011484962466348527
image_13978.jpg,0.057136444019949655
image_2580.jpg,0.0005196478040341813
image_5494.jpg,0.0050049021346995435
image_4593.jpg,0.010824030943836977
image_6376.jpg,0.8777104294909952
image_16526.jpg,0.010770913295736654
image_9562.jpg,0.00010173077251036326
image_6399.jpg,0.03711561093711923
image_1893.jpg,0.7105192151149595
image_10954.jpg,0.0007029444174030561
image_5602.jpg,0.0558673707232319
image_12808.jpg,0.04700730147603452
image_4738.jpg,0.02286749707794431
image_7148.jpg,0.010381107177306458
image_13165.jpg,0.4429987876313114
image_13799.jpg,0.1675324896354695
image_10224.jpg,0.910030481180946
image_8119.jpg,0.0015093516720655607
image_7314.jpg,0.008525811505989356
image_2172.jpg,0.0073608020070839745
image_1540.jpg,0.025510593042803235
image_4347.jpg,0.17082113196367466
image_13551.jpg,0.003810111703883508
image_1958.jpg,0.020969485550600908
image_447.jpg,0.2888484324652601
image_1744.jpg,0.0021322822695244636
image_9555.jpg,0.03769414416333165
image_12715.jpg,0.0070611079999041764
image_1496.jpg,0.018029958083844642
image_7634.jpg,0.0032853659084209593
image_326.jpg,0.0056808272089208505
image_6867.jpg,0.005354538499936229
image_6272.jpg,0.0007875374584597611
image_12114.jpg,0.01399016353829908
image_11150.jpg,0.006512627738277085
image_16147.jpg,0.3587908146771948
image_13538.jpg,0.003154519622021301
image_1683.jpg,0.00750251542254432
image_6485.jpg,0.10158879546465126
image_7384.jpg,9.205734533292132e-05
image_8420.jpg,0.0006645545668651947
image_9848.jpg,0.9694152888590056
image_5883.jpg,0.005598069685294601
image_12669.jpg,0.0020994732432627478
image_8209.jpg,0.26658605326053464
image_9248.jpg,0.0007180137296998087
image_1952.jpg,0.018159467320478666
image_9073.jpg,0.030190561863461734
image_3844.jpg,0.03735053744844295
image_13197.jpg,0.014920442204229955
image_7899.jpg,0.10199756177188765
image_16447.jpg,0.6572048048713495
image_6971.jpg,0.09009176779833752
image_2307.jpg,0.053672180825491515
image_6995.jpg,0.337146889077411
image_8273.jpg,0.03651158458557135
image_1005.jpg,0.6863369492297925
image_15834.jpg,0.014958164159577278
image_14906.jpg,0.0024091546754282252
image_6842.jpg,0.044140694327937775
image_1189.jpg,0.007153383596544549
image_3718.jpg,0.01579056138860925
image_5220.jpg,0.05981163558868948
image_10040.jpg,0.6484244539816337
image_7324.jpg,0.001845245148227181
image_6757.jpg,0.8569910438117497
image_1426.jpg,0.019572153389317396
image_14767.jpg,0.018560164368806725
image_14524.jpg,0.0070813780587140555
image_13661.jpg,0.09279913733150995
image_7746.jpg,0.005113391073621533
image_556.jpg,0.008931299190377568
image_2129.jpg,0.5641606415268734
image_9252.jpg,0.010842643369422894
image_2960.jpg,0.00302729063259233
image_3095.jpg,0.11897514398843947
image_16286.jpg,0.2267323366540093
image_12078.jpg,0.8428795627614296
image_4564.jpg,0.8951190588150487
image_2542.jpg,0.01232411675004211
image_2044.jpg,0.0019428347803431545
image_915.jpg,0.000519515740635725
image_12936.jpg,0.05731073923790842
image_2275.jpg,0.04895179944192121
image_10094.jpg,0.12168756606111185
image_15660.jpg,0.009638764047776178
image_126.jpg,0.00013016639108376178
image_14579.jpg,0.02305346659152719
image_9500.jpg,0.2133161811740643
image_7254.jpg,0.9135252734645921
image_7534.jpg,0.0033888332854538255
image_11885.jpg,0.0005249907561790156
image_4434.jpg,0.00015632960827816091
image_9096.jpg,0.016944630985432054
image_3706.jpg,0.8116117375358741
image_11602.jpg,0.02069065929383903
image_9293.jpg,0.9998934406403747
image_6924.jpg,0.05320219736850269
image_8585.jpg,0.019636709759847208
image_1741.jpg,0.005926435983288773
image_4803.jpg,0.0003024768857561198
image_10930.jpg,0.07387328955285588
image_510.jpg,0.020094943534222948
image_2976.jpg,0.0683310011965674
image_11260.jpg,0.004502829001994192
image_4592.jpg,0.2129315389951164
image_16427.jpg,0.010352767757575774
image_3670.jpg,0.05831239614130181
image_14961.jpg,0.058098315178985824
image_2139.jpg,0.10873711191457981
image_8436.jpg,0.0015591753901951317
image_15012.jpg,0.005201730135230002
image_12905.jpg,0.0928791956562663
image_15596.jpg,0.016104147103456066
image_5333.jpg,0.054619540887418855
image_9724.jpg,0.0034450405274493805
image_12105.jpg,0.0034187530366808494
image_14113.jpg,0.0028691827054811918
image_13554.jpg,0.002421132958941095
image_6313.jpg,0.4629338951875428
image_15804.jpg,0.00022979322598353153
image_8281.jpg,0.06138777516592899
image_15193.jpg,0.8252821575585415
image_2948.jpg,0.005848635960836438
image_8916.jpg,0.0021572672399404816
image_8362.jpg,0.0023496503855823243
image_2276.jpg,0.00047333780089675343
image_14018.jpg,0.009948407870953047
image_10590.jpg,0.006148000523213216
image_7704.jpg,0.1455734636282449
image_9473.jpg,0.0015019638858925588
image_3765.jpg,0.022894435639170936
image_5217.jpg,0.010008195104250205
image_11151.jpg,0.005868222499806113
image_15926.jpg,0.11451392064189037
image_9122.jpg,0.001746567624281907
image_1931.jpg,0.2815107583192726
image_568.jpg,0.2492748541114668
image_5471.jpg,0.062170770761081275
image_10559.jpg,0.003134350419454045
image_9498.jpg,0.0309878867015914
image_16242.jpg,0.00036101861963843285
image_2027.jpg,0.019236358707414258
image_7250.jpg,0.09831260000697867
image_2894.jpg,0.023617103319525955
image_10557.jpg,0.8454680354855184
image_12987.jpg,0.000282573774695506
image_8358.jpg,0.008913955703403328
image_11890.jpg,0.09027891101855565
image_7096.jpg,0.5889607081038608
image_14794.jpg,0.00030194576665299453
image_729.jpg,0.010913496912530789
image_8973.jpg,0.005052996826867481
image_9333.jpg,0.07866046013056863
image_14638.jpg,0.8963759595297022
image_7450.jpg,0.0003089609232151167
image_6992.jpg,0.005546370994488005
image_6032.jpg,0.9099813731327691
image_7812.jpg,0.9220667965830801
image_4109.jpg,0.012803369149807318
image_9554.jpg,0.039211471182804686
image_43.jpg,0.3491324981809975
image_4968.jpg,0.0008710155467454492
image_4454.jpg,0.011720721544783453
image_7788.jpg,0.047535917526305864
image_7506.jpg,0.004734763089674221
image_3448.jpg,0.8954617347829178
image_7532.jpg,0.03963792004950772
image_11997.jpg,0.09483495554588452
image_7326.jpg,0.030551763184924256
image_1153.jpg,0.1786172039601967
image_6961.jpg,0.001551568187467412
image_10723.jpg,0.04772714439997532
image_15742.jpg,0.5270594295866495
image_14298.jpg,0.006623692264674997
image_7685.jpg,0.0013474957245568553
image_3701.jpg,0.025302732618246813
image_7865.jpg,0.05773501824052138
image_3183.jpg,0.025624935247935368
image_11748.jpg,0.0007310569201345338
image_4649.jpg,0.019879409388761874
image_7054.jpg,0.01898141719633914
image_9776.jpg,0.9143272829261775
image_30.jpg,0.46782598383648727
image_9107.jpg,0.11507760684304266
image_1500.jpg,0.2794011646354796
image_10344.jpg,0.09513202400928285
image_2354.jpg,0.04173122582142292
image_9522.jpg,0.4432091355809086
image_13088.jpg,0.9190502828205805
image_2405.jpg,0.4283935092985557
image_1822.jpg,0.1864425094283608
image_1446.jpg,0.009512718811676455
image_13446.jpg,0.7000301988719669
image_12192.jpg,0.0017316219800046918
image_16374.jpg,0.05773155222389324
image_14663.jpg,0.07049659717106674
image_8606.jpg,0.0015912427286970583
image_8249.jpg,0.14087188319960456
image_3422.jpg,0.003581002432572659
image_8052.jpg,0.11617200499758884
image_5464.jpg,0.3835787180163841
image_6968.jpg,0.003130878354037742
image_11146.jpg,0.00920287226284373
image_7322.jpg,0.024814430116270898
image_5031.jpg,0.11635304760777469
image_7872.jpg,0.04020930409712272
image_7732.jpg,0.017844303965858937
image_2086.jpg,0.0035501074180677057
image_743.jpg,0.3607768434384172
image_4117.jpg,0.007021228441518723
image_14844.jpg,2.4735368717804923e-06
image_8582.jpg,0.011802734727810588
image_12100.jpg,0.37655510079443916
image_1323.jpg,0.030536849196935483
image_5032.jpg,0.0008746520382734923
image_5151.jpg,0.243702790850722
image_3855.jpg,0.006510297087107992
image_13822.jpg,0.10829355413794574
image_14934.jpg,0.02870616809039386
image_15187.jpg,0.007023782617287569
image_4915.jpg,0.15829042106806368
image_6040.jpg,0.018481235841876317
image_11963.jpg,0.006469271575397672
image_13782.jpg,0.001612139582006054
image_2118.jpg,0.8835960928570518
image_11665.jpg,0.0004634150797628764
image_14020.jpg,0.002392511184650679
image_13706.jpg,0.23528904377348148
image_8608.jpg,0.013232766985222024
image_3579.jpg,0.015157073998528486
image_11272.jpg,0.04753272933716135
image_15710.jpg,0.62884565745622
image_3469.jpg,0.018962510997853864
image_2608.jpg,0.018369371618934486
image_13257.jpg,0.028407158308129773
image_14244.jpg,0.00021611967804848595
image_14883.jpg,0.02577036069831236
image_96.jpg,0.08704286184162194
image_3332.jpg,0.19844786601627742
image_7092.jpg,0.016607080771854108
image_765.jpg,0.9679841058487956
image_7065.jpg,0.035352902665821716
image_1835.jpg,0.02258827974032238
image_12815.jpg,0.006712187594432201
image_10705.jpg,0.01754640726834263
image_287.jpg,0.00654364426803742
image_5488.jpg,0.001176037716179088
image_1073.jpg,0.026708002739934813
image_6432.jpg,0.9644992839611244
image_10643.jpg,0.010341852136076635
image_11927.jpg,0.022032536864160172
image_15648.jpg,0.12663923306008862
image_15975.jpg,0.642612848786922
image_10018.jpg,0.0010179694870357105
image_1853.jpg,0.007789032659191704
image_16182.jpg,6.683777573609734e-05
image_3401.jpg,0.01607479806708874
image_11189.jpg,0.717179943327827
image_8310.jpg,0.018800769303793485
image_8836.jpg,0.9849222496603948
image_15933.jpg,0.19697554739716328
image_12206.jpg,0.0006668098795329441
image_5127.jpg,0.5982883245824119
image_10828.jpg,0.2003805318287079
image_11893.jpg,0.21802620551512616
image_5591.jpg,0.004911904264134538
image_1151.jpg,0.03609777000551398
image_2217.jpg,0.0034183667847549294
image_13587.jpg,0.024001753638268904
image_11208.jpg,0.003422935788108408
image_12012.jpg,0.004268989514503725
image_10593.jpg,0.0027993126054235377
image_3148.jpg,0.013038418410116081
image_9772.jpg,0.05545158458219906
image_11054.jpg,0.1852589010734067
image_6539.jpg,0.01656021770505591
image_11703.jpg,0.026187171522330913
image_9055.jpg,0.9951814239761485
image_15274.jpg,0.009532914885025284
image_10135.jpg,0.0012166637384932355
image_844.jpg,0.2550227159306461
image_15242.jpg,0.00042380511324863294
image_7000.jpg,0.8716716571384693
image_3126.jpg,0.32391517515103035
image_2189.jpg,0.00868882049274113
image_11750.jpg,0.00010335652536195426
image_9672.jpg,0.3445791216746226
image_5188.jpg,0.016271312445591303
image_5578.jpg,0.3824017489887371
image_6535.jpg,0.0033313235122950976
image_10329.jpg,0.05101098454300251
image_10762.jpg,0.07348696317931944
image_1036.jpg,0.6484996428992218
image_1987.jpg,0.23928792491269674
image_5607.jpg,0.8280082868781641
image_2988.jpg,0.904779944631353
image_6169.jpg,0.04351964440148836
image_9538.jpg,0.7135060592948045
image_8594.jpg,0.0007937526819208044
image_6286.jpg,0.000371648593747487
image_3685.jpg,0.063641295718432
image_665.jpg,0.02419425339775851
image_12512.jpg,0.003711893083485787
image_4542.jpg,0.007697158832055525
image_7393.jpg,0.07699728685119811
image_8109.jpg,0.006695954886569298
image_88.jpg,0.05719809087790654
image_9437.jpg,0.0030744672142322452
image_11610.jpg,0.015111811469320616
image_6963.jpg,0.44351273833661753
image_12424.jpg,0.050244851753392335
image_2663.jpg,0.11011046794324222
image_7160.jpg,0.3822554682456191
image_14598.jpg,0.010546486496446073
image_12294.jpg,0.5651332368169586
image_8960.jpg,0.0006732112671175662
image_13130.jpg,0.0008799398416743525
image_16135.jpg,0.0005043215169487519
image_6213.jpg,0.43963881845464403
image_8492.jpg,0.00020222358727557213
image_15944.jpg,0.06759362283437802
image_1657.jpg,0.0678334098144209
image_15827.jpg,0.001280994188331436
image_5800.jpg,0.23824515156369952
image_15213.jpg,0.01233281927689915
image_2397.jpg,0.042397661951472355
image_15792.jpg,0.002229227631167479
image_166.jpg,0.0017969670307126362
image_9829.jpg,0.02352411493826393
image_13655.jpg,0.8149918370147882
image_11526.jpg,0.003963259916420004
image_8331.jpg,0.01619864765562621
image_7135.jpg,0.004267605029593244
image_15475.jpg,0.004247774088735893
image_7031.jpg,0.030710824258652805
image_11187.jpg,0.011136225569765242
image_8245.jpg,0.00658495611946721
image_14955.jpg,0.010064654024910837
image_6100.jpg,0.00033176407351444964
image_9143.jpg,0.015406107858797995
image_3152.jpg,0.0012305715400129922
image_12601.jpg,0.0773698935153038
image_39.jpg,0.03152566553686065
image_10598.jpg,0.0001390099318495094
image_8251.jpg,0.02870498904045591
image_6800.jpg,0.002646243475161361
image_1128.jpg,0.003849610706324025
image_12819.jpg,0.006437758985400363
image_3272.jpg,0.009998632901340648
image_4578.jpg,0.06294420006211969
image_9452.jpg,8.010808443196186e-05
image_12112.jpg,0.02371898138944005
image_16312.jpg,0.07604002996258584
image_16448.jpg,0.7463103760158785
image_5118.jpg,0.06300430414472007
image_8704.jpg,0.026423862673314598
image_10882.jpg,0.04704540079957901
image_7965.jpg,0.021932837954616573
image_7571.jpg,2.506813817053806e-06
image_12099.jpg,0.07285944656717157
image_10549.jpg,0.2882098611038007
image_415.jpg,0.46005744566738543
image_4093.jpg,0.03935868352827438
image_13713.jpg,0.00048472194801568394
image_1343.jpg,0.00020225911837942312
image_4395.jpg,0.0061066571302427165
image_6866.jpg,0.01671762650660002
image_11112.jpg,0.00047632776661314836
image_14787.jpg,0.012015464616015796
image_5632.jpg,0.027610392025846385
image_9103.jpg,0.003916999159448629
image_3702.jpg,0.004054083474359667
image_9258.jpg,0.4202522560294359
image_2128.jpg,0.006343073073995462
image_14583.jpg,0.0008792712225076422
image_2253.jpg,0.46652959143818806
image_12372.jpg,0.10809234585338719
image_8763.jpg,0.0010581746556157976
image_9845.jpg,0.009818638377661993
image_2882.jpg,0.03791281250206454
image_1339.jpg,0.2027346732389036
image_6238.jpg,0.46804714688335375
image_7937.jpg,0.25015980585097636
image_8747.jpg,0.04846953342279824
image_13801.jpg,0.017218409414191102
image_7950.jpg,0.011229456591101368
image_6572.jpg,0.16806738395987533
image_15395.jpg,0.007528632093647602
image_3873.jpg,0.07355558511145396
image_6063.jpg,0.03899430146533684
image_2123.jpg,0.8176723910697007
image_16393.jpg,0.18509668788828992
image_14520.jpg,0.017383631997912798
image_1257.jpg,0.005463761786432349
image_7295.jpg,0.00966206294179645
image_5796.jpg,0.0007042709082675404
image_13298.jpg,0.005307072781211959
image_8450.jpg,0.06165320010539361
image_7960.jpg,0.016942907968207327
image_8442.jpg,0.0009831316765769075
image_13644.jpg,0.008795256096123952
image_15878.jpg,0.002814915479943468
image_6158.jpg,0.12894436538095824
image_8496.jpg,0.006271786416896262
image_16356.jpg,0.029606850281705087
image_1571.jpg,0.0013083951737932348
image_8601.jpg,0.002550714288317209
image_1000.jpg,0.003926153664104686
image_8189.jpg,0.8985996122675636
image_7909.jpg,0.0054103070304236875
image_11625.jpg,0.0012078491066118899
image_5696.jpg,0.04612435225643768
image_9622.jpg,0.011715736371488487
image_1700.jpg,0.0005681919255853274
image_5157.jpg,0.0003679445466046291
image_6734.jpg,0.0132095761728847
image_8523.jpg,0.009828354616542679
image_4039.jpg,0.24753852567197684
image_7663.jpg,0.4603395198187876
image_13168.jpg,0.005647214604187731
image_8880.jpg,0.0011104266473439906
image_10164.jpg,0.0013108445349125886
image_12048.jpg,0.005017933485990654
image_15964.jpg,0.000411054491908197
image_4920.jpg,0.003752451258293173
image_3544.jpg,0.010666373526811936
image_7921.jpg,0.031888651451492216
image_1679.jpg,0.007564663934348445
image_13890.jpg,0.0043229859632756265
image_8847.jpg,0.0017728089472725812
image_15514.jpg,0.04537103539014443
image_3655.jpg,0.02401162571656291
image_4790.jpg,0.07720113847459222
image_14881.jpg,0.030490325846614576
image_2794.jpg,0.7617239102739083
image_551.jpg,0.09327286030434877
image_11028.jpg,0.01268308378724367
image_127.jpg,0.016417934573949702
image_16541.jpg,0.014226486986798487
image_9209.jpg,0.07785183073449456
image_11137.jpg,0.8560389353703604
image_9660.jpg,0.014020460616732585
image_2169.jpg,0.16785681251053808
image_6410.jpg,0.0039166176241431675
image_6677.jpg,0.03875106293552987
image_1684.jpg,0.08567275124497466
image_14709.jpg,0.017601220442772715
image_15666.jpg,0.02840357942087811
image_13861.jpg,0.09029947106895525
image_5993.jpg,1.926882928821079e-05
image_2338.jpg,0.03268161645716582
image_14658.jpg,0.2035525162908208
image_3153.jpg,0.05849030381413972
image_13033.jpg,0.9812184902236413
image_9567.jpg,0.018628026575578497
image_14380.jpg,0.013982576953335246
image_14614.jpg,0.05041767483159282
image_14264.jpg,0.9705814626570906
image_482.jpg,0.0005106835697796442
image_12829.jpg,0.09860218859993361
image_11676.jpg,0.000777943855391984
image_5232.jpg,0.0005776282174497152
image_4992.jpg,0.25569578730585213
image_15141.jpg,0.0016164760304775737
image_10883.jpg,0.08886030651477766
image_8387.jpg,0.7079620523206831
image_1451.jpg,0.0006233319085690637
image_10524.jpg,0.3221766220168156
image_16437.jpg,0.7933875815283827
image_3667.jpg,0.0009163441013828227
image_9516.jpg,0.8518348349785663
image_5286.jpg,0.0701306008629315
image_5338.jpg,0.008610937712329968
image_13277.jpg,0.11579110371882394
image_14993.jpg,0.005102060145040232
image_14832.jpg,0.4562768415491679
image_7854.jpg,0.03196992446671741
image_2491.jpg,0.4820940066563714
image_16247.jpg,0.10459899679253117
image_12653.jpg,0.02366066279263455
image_7009.jpg,0.0010427044469416083
image_9017.jpg,0.035416342699243306
image_10940.jpg,0.07538266538377644
image_14921.jpg,0.029801956130801464
image_15326.jpg,0.40805817207623385
image_6210.jpg,0.019797199598468755
image_12950.jpg,0.014607965929384927
image_9734.jpg,0.03462200368232656
image_7640.jpg,0.007315987508695876
image_15861.jpg,0.5448283319508105
image_9394.jpg,0.004998967360496542
image_16412.jpg,0.003636053422133932
image_1640.jpg,0.0040955323076470864
image_3794.jpg,0.0009130828640143543
image_3509.jpg,0.05539219255301357
image_2830.jpg,0.028930132769927477
image_15108.jpg,0.7314898073071165
image_7554.jpg,0.9422540855620211
image_1143.jpg,0.005112191299596267
image_7505.jpg,0.0028477957019232194
image_11062.jpg,0.018580751884277425
image_16013.jpg,0.004817075983901461
image_10371.jpg,0.0008650422087795251
image_1714.jpg,0.00751704811374427
image_2068.jpg,0.0820246146074316
image_8767.jpg,0.002990261282926431
image_7051.jpg,0.29445828853357375
image_5835.jpg,0.04637684172415609
image_14087.jpg,0.038544766779311866
image_7342.jpg,0.06698836157625289
image_9855.jpg,0.028012168800722503
image_2811.jpg,0.00455193274132251
image_12584.jpg,0.0009694872941852141
image_5688.jpg,0.06915349019471456
image_4556.jpg,0.0013607724044847089
image_3620.jpg,0.04394786224179854
image_8163.jpg,0.09793496397556375
image_14950.jpg,0.057287618265552405
image_13940.jpg,0.007230378105980984
image_1387.jpg,0.039935848817111375
image_12237.jpg,0.001095475452682247
image_8857.jpg,0.32811337552667913
image_4686.jpg,0.25117591712672965
image_7196.jpg,0.03827766130083218
image_5558.jpg,0.015109583520606594
image_7893.jpg,0.025503489113913518
image_2302.jpg,0.9322887643182775
image_278.jpg,0.0062506982392108645
image_15417.jpg,0.01080901424021379
image_6896.jpg,0.2542644213538599
image_14187.jpg,0.0097027336981136
image_5486.jpg,0.0012780326514856349
image_3133.jpg,0.0822464042678785
image_13284.jpg,0.08314118809160663
image_11534.jpg,0.9247626496570784
image_4260.jpg,0.0015092701114312245
image_11340.jpg,0.00510257981475256
image_7665.jpg,0.015901316372989912
image_5447.jpg,0.0002832309222321537
image_14499.jpg,0.17540240799540452
image_10806.jpg,0.011034195301107668
image_6375.jpg,0.05191283156864715
image_4957.jpg,0.7709897134177773
image_12176.jpg,0.0407801561220313
image_8649.jpg,0.2088631888730682
image_3302.jpg,0.0663346217443822
image_8898.jpg,0.0892948823607121
image_3861.jpg,0.0010482662162850064
image_3577.jpg,0.8660961208631588
image_16185.jpg,0.023896559799482953
image_445.jpg,0.7108249362053973
image_611.jpg,0.0026426383551520845
image_11140.jpg,0.3416349237464397
image_6352.jpg,0.007855606630811267
image_16378.jpg,0.011535783546441192
image_9793.jpg,0.0009030900519785579
image_850.jpg,0.029358913989313937
image_2754.jpg,0.005145046342979923
image_4474.jpg,0.03689908511742365
image_12481.jpg,0.9661432384717149
image_16530.jpg,0.05316681745197943
image_7928.jpg,0.00501149035085205
image_11289.jpg,0.003201200684331451
image_16458.jpg,0.0048768553631720465
image_4787.jpg,0.018862740023667654
image_7201.jpg,0.0002532164947079753
image_7512.jpg,0.015695777263738542
image_13924.jpg,0.2961952286253872
image_11379.jpg,0.0020922328084126483
image_8329.jpg,0.0820449995404271
image_7846.jpg,0.14597419300197048
image_3326.jpg,0.09811091449773346
image_1956.jpg,0.018696537259953863
image_4918.jpg,0.0027063161252124423
image_1175.jpg,0.0002989415748294039
image_16124.jpg,0.9112032993317897
image_12002.jpg,0.015974679580878937
image_3110.jpg,0.001478280363150306
image_7425.jpg,0.9334279954999759
image_14730.jpg,0.027205730780333528
image_8697.jpg,0.9030389436126567
image_2310.jpg,0.27048801783907084
image_8501.jpg,0.04506307900309071
image_9687.jpg,0.007760552478908168
image_5007.jpg,0.001108783508182724
image_15643.jpg,0.03991530648593061
image_10845.jpg,0.009841693658346288
image_10894.jpg,0.004595150586821398
image_6818.jpg,0.007631816087309916
image_3993.jpg,0.36758011708912547
image_9295.jpg,0.002637163268036648
image_6587.jpg,0.04819596075766512
image_9424.jpg,0.3672994063563914
image_16283.jpg,0.06669271870094902
image_8304.jpg,0.007882818925629092
image_3327.jpg,0.017565031612220384
image_5957.jpg,0.005582684572494322
image_3038.jpg,0.04668565372843641
image_3174.jpg,0.0005956981278614652
image_809.jpg,0.9065090414755902
image_10248.jpg,3.227398611338984e-05
image_12351.jpg,0.025319691251042654
image_4121.jpg,0.01509415788912037
image_15451.jpg,0.0004025533255030427
image_3534.jpg,0.0680791461447372
image_4804.jpg,0.002830975990555234
image_2346.jpg,5.793540681743234e-06
image_6041.jpg,0.10743131822737666
image_12471.jpg,0.00027795187817756823
image_1183.jpg,0.00013855938294232446
image_923.jpg,0.5561308877113018
image_8315.jpg,0.00764471913017573
image_10955.jpg,0.059490505078435195
image_12551.jpg,0.011556516839019901
image_4829.jpg,0.19430998021879
image_11382.jpg,0.0035758879935163714
image_1437.jpg,0.05318510061185268
image_3368.jpg,0.009153189908945288
image_8586.jpg,0.0012763395343101714
image_15711.jpg,0.011498693194032582
image_14170.jpg,0.07693426835566466
image_10194.jpg,0.002898885174104696
image_370.jpg,0.054620319287959795
image_5448.jpg,0.0017076315588641343
image_16074.jpg,0.01678722573858869
image_14493.jpg,0.005040682447133494
image_3806.jpg,0.0070972935724800314
image_11706.jpg,0.06179790535913698
image_4289.jpg,0.0020398640913619594
image_6330.jpg,0.8308940892389262
image_185.jpg,2.1834226354215415e-05
image_6420.jpg,0.021131261045499422
image_1651.jpg,0.015352098994157959
image_14712.jpg,0.036423845481011824
image_8336.jpg,0.0006460708124049606
image_5661.jpg,0.5777406613458823
image_6254.jpg,0.1701318345044978
image_7986.jpg,0.9943816510559981
image_6524.jpg,0.005916123130732233
image_12021.jpg,0.7434698123040168
image_449.jpg,0.052635809438697716
image_1972.jpg,0.00381708981878412
image_3797.jpg,0.0030822371943142247
image_9298.jpg,0.006092612559340612
image_15625.jpg,0.019933831460991046
image_11633.jpg,0.002972338342766705
image_14956.jpg,0.0004932148272254832
image_4158.jpg,0.010353063500136052
image_10286.jpg,0.038642417533490604
image_9817.jpg,0.0012999715776984778
image_11245.jpg,0.03133701074351988
image_1506.jpg,0.0006373150104118006
image_16210.jpg,0.9951319707007403
image_12576.jpg,0.001044883053230629
image_1475.jpg,0.6294362993011318
image_8749.jpg,0.7808101613703001
image_9236.jpg,0.0048263230096460535
image_15855.jpg,0.9757367129492519
image_12374.jpg,0.10196087126440816
image_12962.jpg,0.0006050584126186035
image_8009.jpg,0.5931690514345835
image_5108.jpg,2.6333021743745354e-06
image_9242.jpg,0.0036038166397019556
image_14776.jpg,0.00044858283091924
image_14871.jpg,0.9905049639796077
image_6339.jpg,0.03254595860827028
image_16028.jpg,0.006520220299185417
image_2362.jpg,0.0001995176503836239
image_14307.jpg,0.005284007142159122
image_12226.jpg,0.24867230284387404
image_13556.jpg,0.30129965080113275
image_2386.jpg,0.9169537620096176
image_1124.jpg,0.085022574506957
image_10257.jpg,0.010786081882522528
image_1524.jpg,0.15015195498015838
image_2620.jpg,0.0033347186932717546
image_3891.jpg,0.27437453619593133
image_8218.jpg,0.019122677785158276
image_14336.jpg,0.0012826761568780843
image_5484.jpg,0.004886918802871379
image_5344.jpg,0.3562934506086821
image_1553.jpg,0.0355715487747961
image_15704.jpg,0.18156145445347088
image_7494.jpg,0.014665230331442751
image_9094.jpg,0.02881318106441653
image_14865.jpg,0.0020556226351514783
image_14843.jpg,0.025110711625940117
image_6387.jpg,0.06947085761914476
image_6473.jpg,0.0018368942594973459
image_2878.jpg,0.15980196167224103
image_16219.jpg,0.993694132601361
image_6265.jpg,0.09001676337302172
image_1568.jpg,0.4924022732928954
image_1973.jpg,0.009142761844429173
image_4196.jpg,0.0023413978078851267
image_14414.jpg,0.05602671477148521
image_4958.jpg,0.3672476192728812
image_15400.jpg,0.16224505321296898
image_1473.jpg,0.041282231618926635
image_15312.jpg,0.0005649204429808177
image_15511.jpg,0.043003050828183884
image_7695.jpg,0.07642652776691249
image_4211.jpg,0.20722149349617228
image_880.jpg,5.8067302481945515e-05
image_13007.jpg,0.041170323068557474
image_5841.jpg,0.020570650062685065
image_12620.jpg,0.001997319908359023
image_14697.jpg,0.4571424035241404
image_7375.jpg,0.8251629698654043
image_77.jpg,0.5453935446553316
image_9790.jpg,0.0034801752671694843
image_10139.jpg,0.0021638579247037597
image_15872.jpg,0.020511602269890065
image_3697.jpg,0.00017277931556086086
image_8453.jpg,0.003922519973858489
image_2274.jpg,0.06620797111589566
image_7781.jpg,0.05841810774741751
image_5548.jpg,0.0004386439714690562
image_7956.jpg,0.16554049625866743
image_543.jpg,0.022817682289212066
image_3921.jpg,0.06819712191567011
image_14398.jpg,0.0004486815905133666
image_9219.jpg,0.0532561052981855
image_10618.jpg,0.031688650648526065
image_4415.jpg,0.00030356481613203184
image_7055.jpg,0.00022152947285413715
image_3215.jpg,0.07921813775961797
image_10726.jpg,0.018660681482572623
image_8760.jpg,0.009109591162519227
image_6036.jpg,0.00508387016744655
image_7293.jpg,0.0050806092600745026
image_3000.jpg,0.03472662755932057
image_9080.jpg,0.09004041051712644
image_13244.jpg,0.0010044304927105045
image_6388.jpg,0.017250371029215165
image_16398.jpg,0.0079923471751694
image_8694.jpg,0.008821322329204304
image_1805.jpg,0.0076479256844902265
image_3802.jpg,0.17862478806544146
image_14158.jpg,0.21447246168313788
image_1552.jpg,0.032447617926814235
image_5423.jpg,0.1689278805129777
image_13536.jpg,0.024034992356427646
image_6887.jpg,0.370674746381635
image_6816.jpg,0.2615565986617511
image_10331.jpg,0.3986235477540211
image_2962.jpg,0.9411840034438265
image_6615.jpg,0.004736476029400784
image_2662.jpg,0.01020945818256829
image_3159.jpg,0.09254679880660256
image_14489.jpg,0.0032701654161743647
image_457.jpg,0.6485745746899273
image_11223.jpg,0.0043204986032949495
image_10010.jpg,0.01948610801022473
image_2536.jpg,0.0022576698995546707
image_13190.jpg,0.6484773103067243
image_5921.jpg,0.1769740808194337
image_5540.jpg,0.237517997825477
image_11832.jpg,0.09231916447221365
image_59.jpg,0.01003986873483219
image_371.jpg,0.0014570941174333364
image_6701.jpg,0.14622031640593616
image_10449.jpg,0.20147082881364348
image_8790.jpg,0.0145260325623172
image_2742.jpg,0.0005461650823324686
image_4914.jpg,0.0371746244915728
image_10425.jpg,0.0002522543909763483
image_335.jpg,0.009601978226560033
image_11400.jpg,0.021138289990368927
image_3853.jpg,0.08350671405461964
image_1256.jpg,0.527168056494534
image_10100.jpg,0.0007350880383091131
image_4199.jpg,0.5694676683472827
image_5741.jpg,0.23916078767660254
image_11950.jpg,0.004766114817234084
image_2230.jpg,0.0750922899099989
image_1559.jpg,0.9922147022643895
image_7840.jpg,0.06382864720051128
image_15433.jpg,0.012107850368522643
image_10119.jpg,0.0526620952487798
image_9300.jpg,0.6118384610258389
image_15673.jpg,0.6501938160900435
image_339.jpg,0.13752986026703917
image_8142.jpg,0.02136549031169171
image_4512.jpg,0.004666205212654209
image_4003.jpg,0.0024319209803079786
image_11996.jpg,0.19983432908226822
image_9180.jpg,2.8131644249469865e-05
image_15679.jpg,0.01946872749871054
image_10767.jpg,0.015979419124000454
image_6475.jpg,0.20909900061896777
image_1004.jpg,0.006649953419353654
image_2495.jpg,0.03916638312041074
image_13580.jpg,0.01947566240312823
image_10753.jpg,0.14661867419038543
image_2366.jpg,0.029614817772088072
image_8153.jpg,0.15986278866739842
image_15820.jpg,0.047651401632175315
image_14665.jpg,0.000488717755712982
image_11361.jpg,0.021712455349134126
image_9337.jpg,0.00031934407635526114
image_2121.jpg,0.18107611664146175
image_13596.jpg,0.009909465465308395
image_6030.jpg,0.010937168597354956
image_752.jpg,0.0036179270177775324
image_8708.jpg,0.010773037678145305
image_647.jpg,0.04971961960555436
image_10305.jpg,0.035219407088187424
image_16150.jpg,0.0008731590698050552
image_10749.jpg,0.007696483895995715
image_13689.jpg,0.005331674465962156
image_7765.jpg,0.025721848171462322
image_11395.jpg,0.002793802262511686
image_12316.jpg,0.04800865957490635
image_14044.jpg,0.0011246301778570732
image_9582.jpg,7.5147282134340705e-06
image_2425.jpg,0.0051587555325182995
image_12818.jpg,0.05465662769873961
image_7868.jpg,0.00015802351736567667
image_10380.jpg,0.17940665472382225
image_5986.jpg,0.10501918061250756
image_11198.jpg,0.039248489060000835
image_12742.jpg,0.08159006538023647
image_15501.jpg,0.2969110347201075
image_16552.jpg,0.05195513674797755
image_15381.jpg,0.005870771430927803
image_13818.jpg,0.22145386096328074
image_14797.jpg,0.2152942318344164
image_1686.jpg,0.004577524112976708
image_15910.jpg,2.548620576301536e-05
image_2468.jpg,0.0028343175573027147
image_1947.jpg,0.0082046057170627
image_4658.jpg,0.00027892787402262434
image_5751.jpg,0.00512448066010646
image_16201.jpg,0.005835033800652901
image_8534.jpg,0.03457032605674112
image_1119.jpg,0.0002537736080502247
image_13674.jpg,0.001391633169495395
image_6426.jpg,0.006189655723684857
image_13898.jpg,0.2241602278630781
image_13855.jpg,0.2836913059170237
image_5544.jpg,0.7756862562416071
image_6353.jpg,0.1466185184380182
image_14138.jpg,0.032197939461774655
image_5536.jpg,0.005706846124203878
image_2434.jpg,0.0176626084443445
image_4611.jpg,0.000582934723463139
image_12875.jpg,7.742213105320195e-05
image_7787.jpg,0.0011625085846524656
image_6288.jpg,0.014339844176396603
image_10392.jpg,0.6841360373705795
image_2165.jpg,0.0023581929332258055
image_5695.jpg,0.06465211777356193
image_4805.jpg,0.0024527105588252737
image_12761.jpg,0.01354830619325351
image_4417.jpg,0.08030157796423132
image_8731.jpg,0.002714086877140661
image_13076.jpg,0.03275799823592676
image_10528.jpg,0.002879813567007732
image_6639.jpg,0.057174502260883275
image_11919.jpg,0.030059160060630523
image_12779.jpg,0.20529503950868666
image_3141.jpg,0.9602206259059318
image_16456.jpg,0.11414328053647302
image_6874.jpg,0.02722027748591031
image_10144.jpg,0.00044590046906236474
image_10663.jpg,0.2893370517093862
image_10058.jpg,0.005446512532090944
image_5224.jpg,0.4162930886534331
image_351.jpg,0.0004397044235144218
image_5895.jpg,0.14191801093582057
image_9351.jpg,0.9218626564005193
image_382.jpg,0.01280757684694188
image_13478.jpg,0.00718071449551871
image_2049.jpg,0.004501917432115353
image_1472.jpg,1.3373687830775925e-05
image_10652.jpg,0.006994846520815573
image_6294.jpg,0.0059858075427860055
image_7974.jpg,0.0006364572744885152
image_16040.jpg,0.09247326149254269
image_9352.jpg,0.00016319378563224023
image_6048.jpg,0.28235045944693454
image_14503.jpg,0.026264398884841007
image_7440.jpg,0.28294886730966673
image_3924.jpg,0.021970065818627562
image_4231.jpg,0.6784310445229734
image_9676.jpg,0.03197452698758773
image_9400.jpg,0.23669523781401597
image_12536.jpg,0.050356410104065434
image_5694.jpg,0.22782604684256053
image_12356.jpg,0.5070675637637688
image_4727.jpg,0.23250103542527842
image_14668.jpg,0.28935345095319936
image_1600.jpg,0.4839466519016463
image_3259.jpg,0.004959206023160266
image_7482.jpg,0.019791806107299668
image_2076.jpg,0.07011979229260383
image_13235.jpg,0.00034559992813965073
image_15377.jpg,0.034220145704252386
image_4083.jpg,0.32612558227663
image_8897.jpg,0.007986828718581033
image_6024.jpg,0.6789096346548628
image_37.jpg,0.005145100862811132
image_5285.jpg,0.08920077135702932
image_1322.jpg,0.15407200888879916
image_4009.jpg,0.00912289238072276
image_11973.jpg,0.017394072341765508
image_9941.jpg,0.08723767647986529
image_13441.jpg,0.003997445473279268
image_14275.jpg,0.0016360257909883756
image_793.jpg,0.02229110028192036
image_10475.jpg,0.002999734084177539
image_13649.jpg,0.0007770431870803526
image_6173.jpg,0.38333382367865804
image_14294.jpg,0.014523898310157301
image_10623.jpg,0.1735926380213818
image_16425.jpg,0.798104691057096
image_4810.jpg,0.043022017457642184
image_15316.jpg,0.18952756768231216
image_9732.jpg,0.15195879594998968
image_6549.jpg,0.0014328999459240377
image_15468.jpg,0.0005483436601817956
image_4988.jpg,0.004765456887725128
image_8053.jpg,0.002444538600729783
image_634.jpg,0.005899828783586239
image_524.jpg,0.0015938390493452712
image_1272.jpg,0.0016815650689148741
image_7941.jpg,0.20742645710360838
image_10243.jpg,0.10016695050056157
image_13826.jpg,0.04093142395921132
image_4882.jpg,0.03282407975465937
image_1836.jpg,0.06178921130012526
image_12670.jpg,0.3012326453641305
image_15520.jpg,0.5771926513591402
image_7942.jpg,0.009286610647632646
image_9618.jpg,0.19821073019812535
image_173.jpg,0.00897734778902548
image_4125.jpg,0.07512558410136268
image_9050.jpg,0.013591078060885583
image_13391.jpg,0.13128565358576919
image_13030.jpg,0.015655960755535245
image_2674.jpg,0.001053585596229627
image_4976.jpg,0.005198321686729622
image_16200.jpg,0.008354537334820429
image_15525.jpg,0.0012264921081532707
image_282.jpg,0.2131211564567079
image_16481.jpg,0.22135759262248444
image_720.jpg,0.010792965172279305
image_1169.jpg,0.8802404288366908
image_7234.jpg,0.0010193800556469919
image_9565.jpg,0.0012317969861406189
image_5698.jpg,0.004792069915462222
image_12443.jpg,0.3255430874374199
image_12909.jpg,0.09602160864465083
image_5193.jpg,0.34278671883921463
image_1485.jpg,0.8795683121542816
image_11105.jpg,0.019012928364115517
image_808.jpg,0.01950620275904974
image_9483.jpg,0.0032992018607394145
image_15808.jpg,0.002530091552652785
image_8451.jpg,0.07814850120427698
image_15217.jpg,0.17308661892555563
image_7633.jpg,0.014746008196253485
image_2094.jpg,0.011112439243365054
image_12585.jpg,0.32116472153418485
image_12722.jpg,0.006803697102308997
image_5209.jpg,0.0008335807860558846
image_12336.jpg,0.9918685332262155
image_137.jpg,0.06985755401563465
image_7864.jpg,0.04448457322649251
image_16224.jpg,0.2400545783562802
image_3488.jpg,0.001452691767450186
image_9402.jpg,0.34441288094553923
image_17.jpg,0.8347711763361532
image_1018.jpg,0.46653501304521483
image_14034.jpg,0.024271942487006728
image_7643.jpg,4.5497610221141577e-05
image_11802.jpg,0.22007773943379122
image_6910.jpg,0.012784224652338869
image_14311.jpg,0.009531387977166588
image_16478.jpg,0.1460459581575245
image_968.jpg,0.09280191507068558
image_14895.jpg,0.00145993168099634
image_1009.jpg,0.019377749842560174
image_2067.jpg,0.3523179250345019
image_7319.jpg,0.03682381969200756
image_11467.jpg,0.00016315093708195317
image_13140.jpg,0.19300034016707218
image_4252.jpg,0.6047323554665929
image_15448.jpg,0.22622604168398716
image_9861.jpg,0.7881299716004738
image_11047.jpg,0.27983099433680503
image_9136.jpg,0.002115605682809778
image_11529.jpg,0.15475195660477536
image_4480.jpg,0.02175925075836124
image_8217.jpg,0.11948260014422017
image_16549.jpg,0.002682785457113099
image_7184.jpg,0.07354113297052847
image_16371.jpg,0.011467251972827
image_1904.jpg,0.00011609729049609263
image_9112.jpg,0.0035541845418610744
image_14190.jpg,0.17194258126279643
image_15540.jpg,0.0048942182082930595
image_11849.jpg,0.0034741045367267793
image_3164.jpg,0.00799192443707844
image_1234.jpg,0.0021611380208060114
image_7477.jpg,0.02634138183985938
image_13148.jpg,0.004294175330359637
image_958.jpg,0.014921823456562249
image_936.jpg,0.08559716363214116
image_13331.jpg,0.001959253804322903
image_11220.jpg,0.00010197525294173175
image_392.jpg,0.06840004567530422
image_3273.jpg,0.0250989877389006
image_15764.jpg,0.026125077537444683
image_3476.jpg,0.0050502479659342335
image_300.jpg,0.020225042839674266
image_7308.jpg,0.03933442649980314
image_2109.jpg,0.002371747375270782
image_1589.jpg,0.1754796445675521
image_12431.jpg,0.0027366239616378124
image_14783.jpg,0.351221446347489
image_2804.jpg,0.018825750560246504
image_10455.jpg,0.0005543842072018454
image_1177.jpg,0.003178520066661839
image_1361.jpg,0.06319644081762314
image_7816.jpg,0.2673675368068401
image_12803.jpg,0.023156898305970695
image_5819.jpg,0.0026429213123080964
image_4008.jpg,0.07828367340128015
image_13776.jpg,0.11495248896756273
image_5091.jpg,0.007651887510863497
image_8064.jpg,0.0071586360900732044
image_9668.jpg,0.6702837633624475
image_7133.jpg,0.45035189906186557
image_11414.jpg,0.3425947106455178
image_14599.jpg,0.08725049940012601
image_1493.jpg,0.005092831527898853
image_10903.jpg,0.00011048662015369437
image_6182.jpg,0.002815236109372958
image_153.jpg,0.007480344545305069
image_9601.jpg,0.008994557887053936
image_13868.jpg,0.16044921320012315
image_11335.jpg,0.013765566868084984
image_5276.jpg,0.20318904847273572
image_12479.jpg,0.24564897600555952
image_2055.jpg,0.03822773886880015
image_8988.jpg,0.0331535083526628
image_7830.jpg,0.01867123059689695
image_2372.jpg,0.017125091808691092
image_7476.jpg,0.07562398172437011
image_1221.jpg,0.001353196098506328
image_2947.jpg,0.0005588638755900786
image_14226.jpg,0.0035185474340861333
image_6123.jpg,0.017907299118482562
image_15429.jpg,0.01831692077109535
image_8765.jpg,0.7051549204311636
image_9264.jpg,0.0021884741565226904
image_3623.jpg,0.005365802841716376
image_1149.jpg,0.0025141388987727016
image_7190.jpg,0.0012815487977698317
image_5129.jpg,0.18376502325793764
image_10734.jpg,0.00011583221918228201
image_3342.jpg,0.0014548819807333631
image_4201.jpg,0.045918900245296386
image_15482.jpg,0.16925914278045756
image_15090.jpg,0.06720941956997901
image_8255.jpg,0.006700827935541144
image_6232.jpg,0.0010549753142687773
image_2614.jpg,0.04805304249576763
image_13084.jpg,0.041977189341030285
image_973.jpg,0.03837457326385046
image_6267.jpg,0.030893557032224316
image_15691.jpg,3.919207338871412e-05
image_12050.jpg,0.05787710755186107
image_14952.jpg,0.00199311940659971
image_1566.jpg,0.014551072160157916
image_3638.jpg,0.007769523960942722
image_7027.jpg,0.08290096380446527
image_8415.jpg,0.6093639124205059
image_11896.jpg,0.45912697153592397
image_14917.jpg,0.08176244053816385
image_11823.jpg,0.9571264309592451
image_3968.jpg,0.0017169946127697565
image_1991.jpg,0.00011029422419784085
image_1751.jpg,0.00588923920587024
image_4668.jpg,0.00012441100490864724
image_929.jpg,0.043801413694125
image_2432.jpg,0.035706855738135534
image_8469.jpg,0.005915650934338511
image_11162.jpg,0.00704846589452985
image_177.jpg,0.0244404419599095
image_15555.jpg,0.0027347336539704013
image_11550.jpg,0.001003613054435116
image_1304.jpg,0.29661580957995437
image_9458.jpg,0.026256199639916225
image_8977.jpg,0.06160478470850106
image_3430.jpg,0.001518944270531956
image_8927.jpg,0.4676339416554014
image_7866.jpg,0.0002033372789914205
image_8228.jpg,0.007963440815673226
image_2961.jpg,0.0013428115709071282
image_6804.jpg,0.02413460126837106
image_9365.jpg,1.4902965460462968e-06
image_13045.jpg,0.10308548309024078
image_879.jpg,0.0027550432598067057
image_201.jpg,0.04198804690564669
image_15661.jpg,0.0005109028664909832
image_11617.jpg,0.06950183961927248
image_9807.jpg,0.021024672026339505
image_4074.jpg,0.39350042967356974
image_14227.jpg,0.9263593118043799
image_10506.jpg,0.397910694044906
image_13218.jpg,0.06649881726461607
image_10933.jpg,0.0025325956173551556
image_2972.jpg,0.7188322769813709
image_9282.jpg,0.1295566290553559
image_4724.jpg,0.001039697240839691
image_14659.jpg,0.009578329384449599
image_15551.jpg,0.08573055031288239
image_13094.jpg,0.013256131591241317
image_11384.jpg,0.009353944051990203
image_3840.jpg,0.0065972713271104395
image_16274.jpg,0.07454076068693882
image_13125.jpg,2.9959180098585245e-05
image_8237.jpg,0.016187430022374886
image_4694.jpg,0.1961531105419759
image_3186.jpg,0.19971114252845124
image_12884.jpg,0.029018936337782877
image_12432.jpg,0.02208388850629078
image_9714.jpg,0.014296784487238864
image_11722.jpg,0.07587089005349658
image_452.jpg,0.004483857585819585
image_8700.jpg,0.01690409013411754
image_3140.jpg,0.0004623527836382931
image_16049.jpg,0.0015436949387698485
image_16341.jpg,0.00011048145231178986
image_8834.jpg,0.014680829228869515
image_12738.jpg,0.039215941569146616
image_3444.jpg,0.025894435484087243
image_15771.jpg,0.01366649635479559
image_15951.jpg,0.19496395851357265
image_7980.jpg,0.033202781264255486
image_4756.jpg,0.21286309310484203
image_14416.jpg,0.0022536844349269713
image_15074.jpg,0.01494251170499214
image_1001.jpg,0.8732534002634714
image_4848.jpg,0.05465381407308137
image_16330.jpg,0.11908859050836984
image_11718.jpg,0.004270688393202699
image_15339.jpg,0.23887181657590426
image_10596.jpg,0.0025652180099980508
image_12393.jpg,0.006964431527579696
image_14808.jpg,0.5987909866905572
image_3301.jpg,0.09860653423516226
image_10586.jpg,0.01256188345926998
image_7032.jpg,0.013336724230602757
image_2451.jpg,0.0011321718018964208
image_11733.jpg,0.5156938070027861
image_5134.jpg,0.0025553228335241924
image_3943.jpg,0.22582414716847593
image_1252.jpg,0.015280202009079182
image_4026.jpg,0.0037377325933935406
image_10929.jpg,0.04178551748275967
image_13643.jpg,0.0022079233619638297
image_7574.jpg,7.7059611405809e-05
image_10162.jpg,0.23613449415590199
image_10468.jpg,0.7071260803567107
image_8639.jpg,0.2580581144298218
image_7791.jpg,0.1062840708043736
image_11314.jpg,0.001100205169223903
image_10747.jpg,0.000734084305517432
image_8787.jpg,0.07795996033660936
image_2207.jpg,0.30758946648583524
image_66.jpg,0.047852772463376506
image_3996.jpg,0.005097320309623801
image_11713.jpg,0.14644655513529087
image_5252.jpg,0.2936768045973591
image_4042.jpg,0.000509131626253974
image_15816.jpg,0.20578711357319465
image_146.jpg,0.17121601285701998
image_4708.jpg,0.35175291547685145
image_4089.jpg,0.02737997707602105
image_15893.jpg,0.006174813023268916
image_7246.jpg,0.1450252371563912
image_5811.jpg,0.0005256654019808088
image_962.jpg,0.09323311337740847
image_8458.jpg,0.007752497933690219
image_7247.jpg,0.000810465748806799
image_13591.jpg,0.0005788826857911288
image_12583.jpg,0.09650523688501624
image_14321.jpg,0.0027744411852845515
image_7156.jpg,0.0021122170385479504
image_8335.jpg,0.013355182711827885
image_8015.jpg,0.024234160026524856
image_4060.jpg,0.010878846183487903
image_3113.jpg,0.014714892940898441
image_11538.jpg,0.003426592250435873
image_16183.jpg,0.3969580115052718
image_4978.jpg,0.058207604199408555
image_10820.jpg,0.09169024371696805
image_15442.jpg,0.025653586764004303
image_2556.jpg,0.015192017068873517
image_3411.jpg,0.010850263886444623
image_15939.jpg,0.012027890272740158
image_14015.jpg,0.03897699131918307
image_1383.jpg,0.0273142725993575
image_14664.jpg,0.0004823963874189201
image_5876.jpg,0.0002090089907378295
image_4659.jpg,5.684643591833154e-08
image_3822.jpg,0.05417571336620639
image_8168.jpg,0.13847636443272304
image_15280.jpg,0.040544541279280234
image_8722.jpg,0.016879883053830372
image_5636.jpg,0.007054503558473178
image_14090.jpg,0.7895630260679636
image_10158.jpg,0.9330000888878789
image_15173.jpg,0.021644351726439446
image_405.jpg,0.0005288709363532561
image_2388.jpg,0.1593434566622495
image_8196.jpg,0.7806164727411546
image_13810.jpg,0.008076003343417201
image_15140.jpg,0.018699991067118872
image_14474.jpg,0.008372289730110217
image_11497.jpg,0.1315615895183175
image_11209.jpg,0.023782172736873324
image_9836.jpg,0.4678800917806367
image_460.jpg,0.00016496612570500438
image_9105.jpg,0.07015886789085844
image_9119.jpg,0.3431355603679809
image_600.jpg,0.025238654920585007
image_13334.jpg,0.06376076698069948
image_11132.jpg,0.22042199453804373
image_8710.jpg,0.0027709089273367737
image_16108.jpg,0.4831575966665423
image_13866.jpg,0.04994349823567206
image_8455.jpg,0.04421168734831523
image_6981.jpg,0.0027070578302834498
image_9502.jpg,0.03300892238642053
image_6089.jpg,0.0024614720128104542
image_5456.jpg,0.001220384434048491
image_8489.jpg,0.014128767075576204
image_10291.jpg,0.8474655426333447
image_14439.jpg,0.08649955996966359
image_13366.jpg,0.015050887347728859
image_9470.jpg,0.4856281351520646
image_2768.jpg,0.02172235973723256
image_9183.jpg,0.1724062106855362
image_11914.jpg,0.0011377188588201593
image_14410.jpg,0.01909675761367207
image_1576.jpg,0.08054596278949913
image_719.jpg,0.030083503739944263
image_13676.jpg,0.004743055382254613
image_13270.jpg,0.009365149240093856
image_2150.jpg,0.0031586232054665775
image_16325.jpg,0.017549665656523213
image_10664.jpg,0.005053976069527963
image_2215.jpg,0.0053617041222960805
image_13355.jpg,0.008996447608007135
image_11117.jpg,0.015554628221057056
image_4267.jpg,0.0039056966505033874
image_4112.jpg,0.023090535286443222
image_4506.jpg,0.28936968099356547
image_4619.jpg,0.009162003644598902
image_974.jpg,0.0015676673020340113
image_6124.jpg,0.003959537157126025
image_6269.jpg,0.15292932287208832
image_7243.jpg,0.453427267245903
image_1716.jpg,0.021627456731363896
image_13034.jpg,0.04296256118049218
image_6298.jpg,0.6196403835116184
image_12752.jpg,0.00016617088423713272
image_4354.jpg,0.7691686728131257
image_2784.jpg,0.030508816213421087
image_5643.jpg,0.04930608389386276
image_6287.jpg,0.03500599471377287
image_14969.jpg,0.010086513184196897
image_8236.jpg,0.0008637142041410595
image_1874.jpg,0.0018050986712671122
image_8297.jpg,0.020022512743575596
image_72.jpg,0.8398327885348147
image_963.jpg,0.02088535656859718
image_2008.jpg,0.018275304951686267
image_8146.jpg,0.0408766580387259
image_3541.jpg,0.04586101008964619
image_2281.jpg,0.06793902707914974
image_2677.jpg,0.004753833828800633
image_13035.jpg,0.4158844371969667
image_6901.jpg,0.027563884787261475
image_4147.jpg,8.993479760980479e-05
image_8337.jpg,0.03845667860940001
image_1541.jpg,0.15555903570508847
image_11401.jpg,0.001762190496892256
image_16168.jpg,0.0025603075914966346
image_7227.jpg,0.02772172500076545
image_12550.jpg,0.0546948558101268
image_1152.jpg,0.008085982701325687
image_8506.jpg,0.002131052332830941
image_9812.jpg,0.9517703376421052
image_14480.jpg,0.06916784605683808
image_15353.jpg,0.6987884243020194
image_2464.jpg,1.2350314658681083e-05
image_5985.jpg,0.0596207724595435
image_16285.jpg,0.0029539407692270644
image_8514.jpg,0.40210668129166427
image_8474.jpg,0.02009500615230236
image_12064.jpg,0.06989633787989459
image_6344.jpg,0.00046540917916019104
image_12030.jpg,0.0014723492876518051
image_12567.jpg,0.9322588748021103
image_15803.jpg,0.0033948919905698845
image_9824.jpg,0.00876476364252404
image_5724.jpg,0.001685224129003177
image_7483.jpg,0.15732969551962828
image_390.jpg,0.0009287744725356318
image_3795.jpg,0.050301018608634104
image_1255.jpg,0.0023206578052145685
image_8647.jpg,0.03829220873875175
image_5182.jpg,0.12720199563393406
image_15977.jpg,0.04716726711056613
image_7949.jpg,0.05084329061504842
image_5600.jpg,0.001785187645957314
image_10636.jpg,0.15998215192595425
image_5079.jpg,0.5750173967422597
image_1280.jpg,0.3007771549159317
image_10863.jpg,0.0326525645431511
image_16441.jpg,0.007460304366181891
image_12596.jpg,0.7890356205798184
image_12809.jpg,0.009802475338349723
image_11214.jpg,0.00014301070160649857
image_6484.jpg,0.00013700837211629596
image_7180.jpg,0.004237789340769419
image_15263.jpg,0.6541089160649544
image_7143.jpg,0.5337248277793033
image_6937.jpg,0.022181297200615867
image_14232.jpg,0.0683575851459308
image_10068.jpg,0.9361829458985578
image_632.jpg,0.09483424298956655
image_6235.jpg,2.720050817916197e-05
image_3171.jpg,0.010558945980459492
image_7525.jpg,0.2545775363778633
image_10849.jpg,0.017844424317050377
image_14538.jpg,0.0015082598073859477
image_12132.jpg,0.0053226794644489085
image_8347.jpg,9.479523502707968e-06
image_11035.jpg,0.028783320582122233
image_12856.jpg,0.009096744393266427
image_7567.jpg,0.0551538989027858
image_6248.jpg,0.6334887231958133
image_12737.jpg,0.03697593227584558
image_4873.jpg,0.10909728049478397
image_10464.jpg,3.55221165619014e-06
image_9435.jpg,0.9445865813196163
image_1730.jpg,0.0833678513597784
image_13819.jpg,0.00029287142369776225
image_5570.jpg,0.1322310673886449
image_15436.jpg,0.005082934112540559
image_5875.jpg,0.042550182038412966
image_4995.jpg,0.0012267673090892337
image_5938.jpg,0.8911940360674255
image_13185.jpg,0.3809348243638129
image_5342.jpg,0.14356329841549767
image_5792.jpg,0.005091377464176604
image_1602.jpg,0.6946570886473593
image_2156.jpg,0.001700752572406469
image_2528.jpg,0.016115551227526347
image_14183.jpg,0.018771701935999204
image_3892.jpg,0.13335709705310303
image_11300.jpg,0.2548282537861996
image_5402.jpg,0.013096854789023218
image_5177.jpg,0.15262793694946597
image_12452.jpg,0.0004255177874884029
image_7359.jpg,0.007021673809997854
image_2810.jpg,0.012279849146747047
image_15613.jpg,0.0002209912491664848
image_2246.jpg,0.08084666800432834
image_2915.jpg,0.00020333466941064993
image_9536.jpg,0.023575630128647128
image_16304.jpg,0.04294349900347577
image_6823.jpg,0.0012748343369664626
image_13436.jpg,0.005226563068518817
image_11015.jpg,0.025593908384011488
image_11372.jpg,0.09946508318501587
image_7438.jpg,5.029931300566182e-05
image_4058.jpg,0.006703915181738174
image_5102.jpg,0.1669403058488781
image_7327.jpg,0.026762279830750146
image_4420.jpg,0.01867644737086706
image_2920.jpg,0.0012970891100291505
image_7934.jpg,0.02445029522512356
image_9860.jpg,0.01296581238672541
image_4890.jpg,0.001400589689483841
image_7288.jpg,0.27467712614869144
image_10283.jpg,0.16455533671371905
image_13769.jpg,0.22272954926199764
image_4582.jpg,0.0008487059952803184
image_11929.jpg,0.17221227165297245
image_15256.jpg,0.00043212477338289374
image_11728.jpg,9.930529839552067e-05
image_6086.jpg,0.025853888238440592
image_6743.jpg,0.08642261349216175
image_441.jpg,0.3057733182211673
image_2930.jpg,0.9366225872492943
image_1729.jpg,0.0006704234501926377
image_2548.jpg,0.914297549791997
image_4355.jpg,0.041309355234796015
image_12976.jpg,0.0005337744928948107
image_10073.jpg,0.0003973057926420574
image_14910.jpg,0.004703251081043445
image_3289.jpg,0.035176587963170955
image_1997.jpg,0.2559062127875384
image_16321.jpg,0.27287170759577495
image_1100.jpg,0.009539972512132382
image_13467.jpg,0.0005493405249921619
image_15471.jpg,0.003592096117424805
image_6208.jpg,0.004343417495193303
image_851.jpg,0.004200799095431996
image_5024.jpg,0.5207127698123264
image_11197.jpg,0.03370235552467897
image_8970.jpg,0.0170761981770335
image_9879.jpg,0.9452183997409767
image_12142.jpg,0.0019103307736970793
image_11542.jpg,0.0021486819149513624
image_10112.jpg,0.0001505733632293153
image_10414.jpg,0.005840094245569655
image_4143.jpg,0.008314116410029961
image_14849.jpg,0.0023160343933967212
image_14357.jpg,0.36188489769459325
image_10278.jpg,0.00736088457006162
image_4427.jpg,0.08030461715800494
image_13099.jpg,0.07519062996392885
image_865.jpg,0.003483022805643623
image_14028.jpg,0.001104590735394176
image_14454.jpg,0.5089359456704727
image_15996.jpg,0.07366518332693267
image_6727.jpg,0.2532103313418132
image_2602.jpg,0.00358973100422506
image_8408.jpg,0.005019222310295019
image_6598.jpg,0.03218416308471717
image_4212.jpg,0.2876061916916961
image_12283.jpg,0.003162922383243292
image_5281.jpg,0.014619331658933492
image_9009.jpg,0.19608262227477977
image_13161.jpg,0.982166707363641
image_5058.jpg,0.003961144118217759
image_9923.jpg,0.03713973258175041
image_15412.jpg,0.006356162537007017
image_1676.jpg,0.001479463278410685
image_11157.jpg,0.0012234593885458362
image_1733.jpg,0.0020104573754387662
image_16113.jpg,0.04343302751180314
image_9223.jpg,0.6921502038083512
image_630.jpg,0.025207189953838093
image_7916.jpg,0.1974813918592304
image_9831.jpg,0.010460503612164366
image_8321.jpg,0.034485026536350584
image_16558.jpg,0.0241936908461681
image_13238.jpg,0.03016367466916195
image_9841.jpg,0.021883329993503706
image_4922.jpg,0.022694658988887416
image_1603.jpg,0.009875993933954106
image_1852.jpg,0.029569069690533523
image_14008.jpg,0.010134346707513514
image_13133.jpg,0.6934051886383097
image_4075.jpg,0.10509044618804697
image_5222.jpg,0.5209254406840349
image_10133.jpg,0.07134291772643905
image_3208.jpg,0.3615022837273209
image_16131.jpg,0.0011113676041488085
image_6892.jpg,0.014032281912652197
image_4053.jpg,0.07288354201715143
image_2708.jpg,0.07515068019862452
image_11746.jpg,0.013151690506374705
image_11712.jpg,0.06748396434111324
image_7771.jpg,0.028295777095649163
image_14192.jpg,0.9099098036100887
image_8524.jpg,0.16397787014945867
image_8375.jpg,0.0027733773949744993
image_11613.jpg,0.00013076387172022947
image_11271.jpg,0.00316244338654035
image_3588.jpg,0.00272073886185073
image_11277.jpg,0.007564963547353338
image_12359.jpg,0.2598693174604603
image_238.jpg,0.634658656282931
image_14163.jpg,0.44498523952710195
image_7577.jpg,0.07500514237551369
image_758.jpg,0.0459761303144726
image_12730.jpg,0.04149158983818526
image_7740.jpg,0.4056297673738058
image_10443.jpg,0.6528577028221856
image_6349.jpg,0.002173608824470686
image_4408.jpg,4.563948973686411e-05
image_679.jpg,0.06333502937511011
image_15226.jpg,0.0037742360070456117
image_6366.jpg,0.05580638336447947
image_1521.jpg,0.017681465296977568
image_4669.jpg,0.03458568030375313
image_2993.jpg,0.03245750140819914
image_1619.jpg,0.003907736386668615
image_5239.jpg,0.034315064933701116
image_984.jpg,0.005060548874760158
image_14594.jpg,1.2318698085786609e-07
image_6325.jpg,0.0013307131595224108
image_12344.jpg,0.15210440852988957
image_6772.jpg,0.13586797770897716
image_1159.jpg,0.006826340831661728
image_5391.jpg,0.006962693779858625
image_9669.jpg,0.007462841307190308
image_702.jpg,0.3561126863146966
image_5745.jpg,0.33724326307874775
image_8569.jpg,0.2434577481932923
image_16.jpg,0.11020694793816509
image_2818.jpg,0.049103300982873695
image_5143.jpg,0.0021784272440859374
image_755.jpg,0.0031645091097453584
image_14511.jpg,0.10696205116735327
image_7395.jpg,0.0005190243103281603
image_16342.jpg,0.008214284285552532
image_12541.jpg,0.0005287737273464382
image_8198.jpg,0.007864953973600361
image_5322.jpg,0.621496419275174
image_13405.jpg,0.16561185748980678
image_7653.jpg,0.0001581769915703079
image_891.jpg,0.007345596030096345
image_11307.jpg,0.0018795626235228876
image_9358.jpg,0.35384126093799056
image_13760.jpg,0.0010204712589450935
image_9962.jpg,0.0016471845184754224
image_1662.jpg,0.0014614783396932937
image_7020.jpg,0.05844073155182574
image_5099.jpg,0.2006803626759753
image_10156.jpg,0.06673660103705106
image_11959.jpg,0.028999498348454254
image_9486.jpg,0.013294172754772307
image_9346.jpg,0.0020345258500752456
image_7195.jpg,0.06996179062482409
image_6974.jpg,0.04062230876545068
image_8856.jpg,0.017308483302308948
image_16521.jpg,0.22926091123933606
image_6976.jpg,0.03522043253967375
image_3060.jpg,0.22465600355385718
image_5527.jpg,0.8937099194711307
image_12380.jpg,0.8080565390275367
image_4295.jpg,0.38638807111106865
image_5871.jpg,0.5420219023904818
image_11218.jpg,0.6901086071338514
image_7481.jpg,0.02000339546165214
image_12239.jpg,9.589411479249525e-05
image_2043.jpg,0.16107766147441271
image_2332.jpg,0.004882087542750679
image_15464.jpg,0.00393020330642294
image_10736.jpg,0.017714985980020255
image_12058.jpg,0.0005111396536502286
image_6084.jpg,0.019741607814248614
image_3281.jpg,0.06704818019287492
image_588.jpg,0.017044521175143455
image_5609.jpg,0.002354439080955396
image_1580.jpg,0.0018746144814138
image_12554.jpg,0.0035052549659007936
image_8689.jpg,0.5351289608941872
image_6544.jpg,0.5153559825501002
image_9440.jpg,0.9657509225819486
image_1622.jpg,0.007075579706955037
image_6512.jpg,0.0003659674160717061
image_9843.jpg,8.513770126022332e-05
image_2411.jpg,0.017374385444104606
image_1271.jpg,0.01482469766849641
image_11737.jpg,0.6494860736355852
image_11072.jpg,0.002259513576734106
image_16129.jpg,0.029114954290427396
image_7331.jpg,0.001723815763345485
image_1601.jpg,0.0016410661172788679
image_5658.jpg,0.0007378525270056118
image_9108.jpg,5.8920083902948206e-05
image_2755.jpg,0.0020814453220689946
image_2203.jpg,0.03874780521756305
image_8888.jpg,0.030648299357674578
image_14568.jpg,0.000258461075300848
image_16300.jpg,0.001523767250902759
image_11205.jpg,0.012234710891980175
image_11951.jpg,0.9551584538729303
image_13274.jpg,0.025808671230924493
image_3741.jpg,0.9757259565599367
image_4930.jpg,0.002130558992808806
image_816.jpg,0.019163533803646732
image_2832.jpg,0.04279631074703671
image_14242.jpg,0.0032669369345404873
image_2442.jpg,0.0011937377208287685
image_15338.jpg,0.0016058920964367575
image_10390.jpg,0.784062239850345
image_6841.jpg,0.0001249924948116494
image_7616.jpg,0.00502633077991054
image_7790.jpg,0.08657948807774242
image_3403.jpg,0.1927383197741124
image_9031.jpg,0.005169610542183128
image_14459.jpg,0.009408523577487225
image_15813.jpg,0.007758134447428068
image_5363.jpg,0.15424040528094032
image_9810.jpg,0.0013862558636555731
image_11889.jpg,0.6472968197838681
image_2573.jpg,0.04753794564766134
image_2538.jpg,0.008885771778362873
image_1103.jpg,0.009437585456069562
image_11687.jpg,0.0002964563277563529
image_579.jpg,0.0013473400189412822
image_9153.jpg,0.01394744146245611
image_1726.jpg,0.98538333579356
image_7535.jpg,0.022008326900358158
image_15168.jpg,0.16968003161844397
image_4160.jpg,0.656080323072484
image_6214.jpg,0.00312142424585365
image_613.jpg,0.0022315096726632727
image_15908.jpg,0.17550046578392622
image_5205.jpg,0.020282220018975367
image_14115.jpg,0.005140779327175009
image_5534.jpg,0.0017484187749278656
image_7493.jpg,0.04295980929391396
image_15055.jpg,0.02011201809053986
image_12189.jpg,0.05591214786645701
image_12640.jpg,0.00186104986892479
image_2579.jpg,0.003942143397524909
image_11027.jpg,0.42149003828033066
image_11094.jpg,0.02423350978429878
image_13354.jpg,0.019943100256477435
image_14254.jpg,0.07059399334363463
image_3866.jpg,0.0015678648527666344
image_6497.jpg,0.011894368568838059
image_14656.jpg,0.39363047240982924
image_9286.jpg,0.27570040196139406
image_843.jpg,0.8975716947334994
image_5235.jpg,0.11987991950808152
image_16420.jpg,0.1962414381679591
image_2001.jpg,0.0496761497957767
image_7546.jpg,0.004481478639479013
image_5047.jpg,0.19594779656438777
image_10017.jpg,0.003421785850993704
image_4996.jpg,0.2853575244432248
image_13182.jpg,0.015831978920792564
image_11532.jpg,0.0015890534982791397
image_11854.jpg,0.03439775684857699
image_11982.jpg,0.09056208719580319
image_16326.jpg,0.02258559046889906
image_5422.jpg,0.08125947764885408
image_525.jpg,0.001091916569208176
image_9937.jpg,0.044260994555503176
image_9647.jpg,0.005682828495885024
image_1802.jpg,8.715840594260952e-05
image_3258.jpg,0.34835192253021985
image_15388.jpg,0.10438738823233253
image_2615.jpg,0.00538553174695612
image_6566.jpg,0.4227164657888827
image_699.jpg,0.2884549462395728
image_10861.jpg,0.009656903151059784
image_1784.jpg,0.6965249150467703
image_11394.jpg,0.352921272888578
image_2356.jpg,7.693295783250068e-06
image_7969.jpg,0.14650449340615146
image_5240.jpg,0.000320464166530186
image_6799.jpg,0.023716225033403045
image_6676.jpg,0.0636797567963233
image_7272.jpg,0.007247449617799719
image_1643.jpg,0.04604432726953316
image_1624.jpg,0.018011847026535452
image_13949.jpg,0.1276959069609239
image_7572.jpg,6.928938687196721e-05
image_16198.jpg,0.0007428404634719923
image_13974.jpg,0.1577300624011817
image_5508.jpg,0.0005534554290401969
image_10338.jpg,0.03667151810981741
image_8540.jpg,0.0032819275232585155
image_12252.jpg,0.11470060864146553
image_5399.jpg,0.04846358259236948
image_2190.jpg,0.0673686683221548
image_189.jpg,0.7940394530773786
image_7874.jpg,0.07232756453167849
image_8283.jpg,0.04753133523732386
image_7883.jpg,0.004896342549293519
image_9907.jpg,0.033876209952121025
image_9899.jpg,0.34510467754096047
image_6467.jpg,0.059913320434709406
image_5330.jpg,0.43023846595842624
image_4242.jpg,0.9337461148454
image_4186.jpg,0.07823439691333792
image_6906.jpg,0.33230455397401265
image_15795.jpg,0.02610735886299619
image_5309.jpg,0.0024272257846735066
image_8866.jpg,0.016611748203455998
image_56.jpg,0.00031499592683876463
image_12705.jpg,0.43259148211784837
image_10634.jpg,0.1947789670769892
image_16170.jpg,0.0011219761193753336
image_5892.jpg,0.0014135029658491755
image_2382.jpg,0.0016590082384952455
image_7607.jpg,0.001729257469811739
image_8432.jpg,0.0006886662129384787
image_13550.jpg,0.35033709017608067
image_7596.jpg,3.045293420240305e-05
image_121.jpg,0.4023507381229956
image_4723.jpg,0.025911132462018642
image_8768.jpg,0.006032442226580538
image_8295.jpg,0.018062070908426153
image_676.jpg,0.03203719952710227
image_14141.jpg,0.03571033434772311
image_7262.jpg,0.001640318814956169
image_5203.jpg,0.09356670694638643
image_7106.jpg,0.002471721530478141
image_4379.jpg,0.029581371331443677
image_15387.jpg,0.8604719457297352
image_12822.jpg,0.2774614321473627
image_10907.jpg,0.016837786029763796
image_12347.jpg,6.226529403749867e-05
image_3816.jpg,0.00025830420172616767
image_3395.jpg,0.0026016934431535976
image_15257.jpg,0.08892510185530629
image_7340.jpg,0.028178822088185805
image_5547.jpg,0.0016701854268625846
image_4137.jpg,0.45224357634172446
image_3838.jpg,0.40093553147429073
image_14432.jpg,0.0313388530726658
image_13098.jpg,0.013633913069398464
image_5502.jpg,0.00036444551347278493
image_737.jpg,0.0008214753379825687
image_11473.jpg,0.0029535550422222275
image_15351.jpg,0.00907971520221777
image_13583.jpg,0.11830140375581968
image_6586.jpg,0.30314005206165373
image_9779.jpg,0.03935125973043823
image_12411.jpg,0.08122031174619783
image_2249.jpg,0.9628562145383698
image_13958.jpg,0.0059016569250275016
image_5455.jpg,0.0028063651031968416
image_7062.jpg,0.0012906685390031568
image_8152.jpg,0.006443468077488605
image_11756.jpg,0.09625022025967155
image_2779.jpg,0.5419744621234015
image_16419.jpg,0.0045597890732230984
image_9640.jpg,1.4062629201268517e-05
image_14080.jpg,0.0014870846390486895
image_14205.jpg,0.008245342793418499
image_11120.jpg,0.020268072094799583
image_215.jpg,0.668394347306339
image_13374.jpg,0.002601919390421685
image_1348.jpg,0.10249286677842041
image_15983.jpg,0.32885784671797264
image_14103.jpg,0.029418588060030927
image_1799.jpg,0.0009097852481211306
image_6055.jpg,0.030375294143540475
image_10812.jpg,0.0043124447055596085
image_11856.jpg,0.04377244042335378
image_499.jpg,0.03393450407127721
image_9788.jpg,0.006845634966421091
image_2946.jpg,0.006143896751966353
image_12919.jpg,0.020768261043174585
image_9076.jpg,0.05378525129598832
image_9569.jpg,0.008471421894758012
image_5366.jpg,0.0011851568350962603
image_11163.jpg,0.499394911963385
image_8549.jpg,0.738841435360552
image_9651.jpg,0.960711153646134
image_10185.jpg,0.001688158393030161
image_1881.jpg,0.025819737300712856
image_3726.jpg,0.060254011332254484
image_3730.jpg,0.8401198138535767
image_8929.jpg,0.000860573054537234
image_16457.jpg,0.006851787632040263
image_761.jpg,0.04646576016319006
image_13471.jpg,0.07790584243544006
image_1824.jpg,0.014127374566795014
image_4317.jpg,0.047087515770013924
image_8029.jpg,0.09931564931625966
image_2263.jpg,0.8433118121282522
image_11347.jpg,0.058356460769203214
image_13640.jpg,0.0003747455532765048
image_1896.jpg,0.231108234456494
image_9973.jpg,0.010728990224529193
image_1393.jpg,0.21472442267435884
image_12346.jpg,0.038630454979226944
image_12792.jpg,0.0016728823292907788
image_15973.jpg,0.019848466340381166
image_4043.jpg,0.00023676357492372557
image_15112.jpg,0.013555095149793204
image_10783.jpg,0.006981580554893181
image_15485.jpg,0.001839002797560798
image_5028.jpg,0.9736086778387076
image_14525.jpg,0.13404134559774156
image_11074.jpg,0.031043482761128116
image_728.jpg,0.08740655054557935
image_9361.jpg,0.9881669796094317
image_2610.jpg,0.006764076390890672
image_15085.jpg,0.5848448383005966
image_437.jpg,0.0018208469992678855
image_10895.jpg,0.6634971737112715
image_2626.jpg,0.0009274853678767833
image_14331.jpg,0.04524572403663502
image_10336.jpg,1.2382723965150886e-05
image_13323.jpg,0.007163806317273811
image_14250.jpg,0.25194218990915623
image_690.jpg,0.0006147273021455715
image_10805.jpg,0.0020911877143712132
image_14748.jpg,0.05476913319126221
image_2790.jpg,0.003682189543311623
image_3129.jpg,0.04334344475588293
image_11370.jpg,0.046917101453053896
image_12403.jpg,0.054170183107834
image_13609.jpg,0.5447448821472449
image_9059.jpg,0.05003676311022159
image_8950.jpg,0.0012632461884040562
image_1024.jpg,0.0049863045727274345
image_15210.jpg,0.004590624164626969
image_12573.jpg,0.04841079150014784
image_14337.jpg,0.004664620083948963
image_4341.jpg,0.0019011849440165839
image_680.jpg,0.0271104140603819
image_10337.jpg,0.01873823280301764
image_1535.jpg,0.07133872739684043
image_7755.jpg,0.9894353540224081
image_14838.jpg,0.01489078407661499
image_3700.jpg,0.043411279025191984
image_15774.jpg,0.12092417792006105
image_8879.jpg,0.12576418791757515
image_117.jpg,0.07049502694378712
image_10561.jpg,0.48173628985503614
image_194.jpg,0.03155309079385679
image_9977.jpg,0.00944200667932688
image_10732.jpg,0.015063291118088191
image_421.jpg,0.02785966379204595
image_10205.jpg,0.07272095130091022
image_9016.jpg,0.2521555776932751
image_3952.jpg,0.033563719672508936
image_13184.jpg,0.14653992661829135
image_15967.jpg,0.013897027467706257
image_14088.jpg,0.014000666071710521
image_14400.jpg,0.0021268006076061263
image_4832.jpg,0.0016330380919648507
image_3303.jpg,0.022672920380113773
image_12270.jpg,0.0019211469946741196
image_16367.jpg,0.06899281782067446
image_97.jpg,0.0038506346147738693
image_8477.jpg,0.0033962467855828808
image_9175.jpg,0.6619774283162965
image_15603.jpg,0.00273953360263126
image_14642.jpg,0.10462054058543219
image_10642.jpg,0.29521553471436673
image_1898.jpg,0.10475989136985164
image_5202.jpg,0.1583646843352792
image_5377.jpg,0.02766963855831905
image_8466.jpg,0.001268765167154447
image_14641.jpg,0.0010487644483383905
image_9646.jpg,0.020582604198961744
image_14293.jpg,0.0029383237874751385
image_1905.jpg,0.7582810432330407
image_5335.jpg,0.002954294262327648
image_6045.jpg,0.07440247091736925
image_12771.jpg,6.495123108980979e-05
image_14465.jpg,0.01721633936257103
image_16199.jpg,0.008115377404284292
image_9.jpg,0.0001599889624784295
image_6642.jpg,0.002103705457805143
image_6385.jpg,0.00335877354600269
image_6185.jpg,0.0016661544762737032
image_7972.jpg,0.10867152963590063
image_4373.jpg,0.38534422304539623
image_9214.jpg,0.004895180673983535
image_9521.jpg,0.007270739077531787
image_9026.jpg,0.00022529446586403841
image_10962.jpg,0.011902409854257242
image_14097.jpg,0.36795308524959436
image_10942.jpg,0.01198551278229306
image_9986.jpg,0.3000540992322659
image_13699.jpg,0.01184787260396973
image_9634.jpg,0.11932441378732314
image_11830.jpg,0.00785692093409542
image_6062.jpg,0.0035134715972714443
image_4908.jpg,0.0017600708764502512
image_2279.jpg,0.014977348296140466
image_10446.jpg,0.07408840024211612
image_7529.jpg,0.035741944359648316
image_7973.jpg,0.00903700937648313
image_14112.jpg,0.05259407284656053
image_35.jpg,0.9500385856619611
image_1406.jpg,0.7080596951919994
image_344.jpg,0.8634333782150279
image_8495.jpg,0.009936316238723802
image_6451.jpg,0.017916037489186836
image_1526.jpg,0.012074713353658792
image_6184.jpg,0.006307597191439274
image_14197.jpg,0.0006852865952926045
image_3473.jpg,0.00040218668162471225
image_14615.jpg,0.0004924680880770367
image_2683.jpg,0.002098443154388751
image_5070.jpg,0.023626609316548915
image_6569.jpg,0.0041667501342547136
image_9784.jpg,0.00022535194405080432
image_9146.jpg,0.00043763543806472086
image_2012.jpg,0.005322509090681427
image_12564.jpg,0.005408693013890796
image_494.jpg,0.008808810857704701
image_13443.jpg,0.5859415616260186
image_9796.jpg,0.10392496237150864
image_1934.jpg,0.004392613116252034
image_13703.jpg,0.043231547927537375
image_12854.jpg,0.02883221559379282
image_11504.jpg,0.7826753570512176
image_1687.jpg,0.0035514473017541626
image_8346.jpg,0.04161998484104421
image_15418.jpg,0.048494879880627534
image_10167.jpg,0.004201808355680632
image_7954.jpg,0.12875783452217182
image_9674.jpg,0.016320824553234695
image_4384.jpg,0.04278336018569349
image_11311.jpg,0.021454777821136237
image_3768.jpg,0.025908279633053213
image_2273.jpg,0.2502576129653193
image_1840.jpg,0.006747599293436606
image_114.jpg,0.011393576163711254
image_3875.jpg,0.03298044757527753
image_13172.jpg,0.14429301115055326
image_6834.jpg,0.22758240200280938
image_13262.jpg,0.016093333906645916
image_1212.jpg,0.5298643734989495
image_4108.jpg,0.9314284734755006
image_3771.jpg,0.00048707187796354827
image_8390.jpg,0.00037727168679812465
image_15669.jpg,0.00344222664697757
image_11989.jpg,0.006129937079323249
image_1668.jpg,0.004013436317153344
image_6694.jpg,0.0013044436941128809
image_3557.jpg,0.0016996440848900825
image_4262.jpg,0.06245591112862576
image_12402.jpg,0.10809741875018672
image_4543.jpg,0.00436621617804427
image_9478.jpg,0.025485692925019288
image_350.jpg,0.0018592387106604058
image_12071.jpg,0.011865433877069488
image_12524.jpg,0.06104943649534939
image_13864.jpg,0.31450025378597535
image_14742.jpg,0.0003002770160398921
image_168.jpg,0.05058520181795157
image_5711.jpg,0.0063362782199183985
image_532.jpg,0.00039811310085803906
image_1974.jpg,0.02417112998230732
image_7347.jpg,0.010362651482111185
image_11057.jpg,0.004301992595962237
image_3819.jpg,0.042631125178833856
image_14610.jpg,0.0011572530414684183
image_1057.jpg,0.01856393857224656
image_14476.jpg,0.003355178543004633
image_13383.jpg,0.04996957948743631
image_9658.jpg,0.0042063772179674365
image_1941.jpg,0.29591960139538975
image_3562.jpg,0.0048454385247927115
image_12759.jpg,0.0032638958530740265
image_15823.jpg,0.1486499437025513
image_9044.jpg,0.00922091280895441
image_8461.jpg,0.01942070861460025
image_8574.jpg,0.017131552442722933
image_10879.jpg,0.016626760152562033
image_346.jpg,0.003200491585150243
image_1049.jpg,0.14180631124701612
image_12036.jpg,0.03888344906924753
image_13016.jpg,0.8282295442772987
image_9187.jpg,0.11316185117229186
image_3028.jpg,0.042718686743143164
image_14224.jpg,0.8626733500707296
image_14556.jpg,0.05340587550174876
image_16475.jpg,0.3248239699357382
image_3689.jpg,0.006948312500191744
image_12175.jpg,0.07845962841495639
image_9548.jpg,7.718784582426559e-05
image_15705.jpg,0.0028871967871329433
image_6373.jpg,0.000917358707970924
image_2416.jpg,0.013280954214791741
image_7511.jpg,0.0020726864107702215
image_1405.jpg,0.09676285226884061
image_4103.jpg,0.0028598653645359687
image_2859.jpg,0.0002795155378392662
image_10542.jpg,0.001636042791062707
image_13991.jpg,0.11035186248671543
image_3693.jpg,0.010323712400268335
image_3309.jpg,0.027460292521552705
image_8165.jpg,0.6117428853794541
image_2852.jpg,0.047837714457865596
image_10035.jpg,0.010233788940894741
image_3517.jpg,0.00020991840339978004
image_477.jpg,0.014535418773320154
image_10825.jpg,0.8148705359637983
image_11297.jpg,0.041259980779540066
image_5579.jpg,0.4855131981430296
image_7121.jpg,0.00925362690215412
image_6258.jpg,0.047272223293042454
image_11441.jpg,0.001731246284263784
image_9439.jpg,0.044586224604917644
image_6306.jpg,0.01961255741304431
image_11685.jpg,0.009575830647181316
image_5613.jpg,0.007016140608727427
image_8812.jpg,0.07323819970053676
image_7066.jpg,0.0006208050055883572
image_1608.jpg,0.0017529837121348717
image_3578.jpg,0.811960626367767
image_1928.jpg,0.00027699987068087993
image_3959.jpg,0.0020090880578783987
image_1417.jpg,0.2359265141706086
image_7357.jpg,0.008033326343307794
image_7282.jpg,0.09966351750371637
image_6082.jpg,0.0038491246859411695
image_11331.jpg,0.004502977057736593
image_9234.jpg,0.054804878222252676
image_2850.jpg,0.3052162570029498
image_10683.jpg,0.008700024294776317
image_11528.jpg,0.06261630716075443
image_11589.jpg,0.03653718265526093
image_8287.jpg,0.003884541117757512
image_2389.jpg,0.0002638378144991564
image_10065.jpg,0.00541622598602589
image_9506.jpg,0.13614197925161844
image_10124.jpg,0.0003170848436642922
image_514.jpg,0.8541255373618741
image_724.jpg,0.00752286003559678
image_198.jpg,0.00760871964090718
image_7669.jpg,0.0016548366986392996
image_3080.jpg,0.018667260663549096
image_2357.jpg,0.017918487771330708
image_6622.jpg,0.29028885328730425
image_13254.jpg,0.0012041032819615184
image_9775.jpg,0.016803402871791093
image_16479.jpg,0.07443846029195408
image_3766.jpg,0.0003625354616206721
image_747.jpg,0.0036067367107380727
image_6762.jpg,0.6487596616586119
image_10212.jpg,0.0039506845900604826
image_11111.jpg,0.5268339708354167
image_14695.jpg,0.2853554959588482
image_15637.jpg,0.1621029540837798
image_5691.jpg,0.0031412628398678247
image_5264.jpg,0.6454760058249179
image_9266.jpg,0.44120453097253687
image_9873.jpg,0.00041252798826526546
image_15421.jpg,0.8251813330488471
image_4535.jpg,8.775940837422924e-06
image_3995.jpg,0.02060318290536692
image_6740.jpg,0.9274626853321708
image_15756.jpg,0.00019061187031057855
image_11726.jpg,0.034900033761431956
image_8789.jpg,0.6760556977874643
image_14893.jpg,0.00643326864560312
image_158.jpg,0.006996195123253229
image_13491.jpg,0.4822147085267859
image_13119.jpg,0.01828360181795187
image_11515.jpg,0.06623816000631605
image_13194.jpg,0.9227974235680088
image_8081.jpg,0.0005240253461901213
image_12065.jpg,0.05352161614237514
image_11599.jpg,0.22801011592801795
image_9420.jpg,0.0008362944732725932
image_9541.jpg,0.6520927065834935
image_9629.jpg,0.00872607195568178
image_11192.jpg,0.009329107574863752
image_15104.jpg,0.041850789131876565
image_15301.jpg,0.9870470480033035
image_3206.jpg,0.0252219278019456
image_7355.jpg,0.11050426257408247
image_2258.jpg,0.17083133406804363
image_8296.jpg,0.023169865988484632
image_12650.jpg,0.002806297555989991
image_15423.jpg,0.0074762651496810975
image_3184.jpg,0.001467513177531104
image_3519.jpg,0.9502939204648231
image_13875.jpg,0.08406472805625283
image_1260.jpg,0.31555055658404924
image_9834.jpg,0.19915085352454623
image_16255.jpg,0.30261274873858107
image_459.jpg,0.0006010796770177601
image_14317.jpg,0.004791354120115035
image_11822.jpg,0.007722393499540592
image_10312.jpg,0.0011940627066184847
image_6802.jpg,0.005041822441199937
image_7346.jpg,0.004557951856550494
image_13003.jpg,0.004566569709897181
image_1988.jpg,0.002596806014163185
image_3310.jpg,0.007528080747885006
image_15782.jpg,0.0008368622679408269
image_11148.jpg,0.8971089370659474
image_4665.jpg,0.0040940717202653295
image_1949.jpg,0.1403553969907975
image_8250.jpg,0.0063437636347070635
image_4887.jpg,0.013723972732345548
image_412.jpg,0.08402240700507033
image_8840.jpg,0.03382277693321551
image_15227.jpg,0.5787262541634985
image_7016.jpg,0.007255110062078184
image_767.jpg,0.006417083389672005
image_13472.jpg,0.03411748164851231
image_6808.jpg,0.0033404219967428446
image_7147.jpg,0.021456743991345412
image_157.jpg,0.0004302028563858283
image_11729.jpg,0.5373758728047003
image_8752.jpg,3.553974803874363e-05
image_3941.jpg,0.003131806846781236
image_6634.jpg,0.00019316434106544751
image_6011.jpg,0.949132918381104
image_15645.jpg,0.018733335897176046
image_2507.jpg,0.04354299044527856
image_6735.jpg,0.0009971930236477963
image_14072.jpg,0.49937036373260596
image_12912.jpg,0.7623017893203431
image_5386.jpg,0.07800437303393713
image_14854.jpg,0.0035609899428513596
image_8364.jpg,0.9314223965681008
image_14545.jpg,0.00012819569960112977
image_812.jpg,0.009793504861261779
image_3278.jpg,0.10193923194858456
image_4541.jpg,0.00015818281578427933
image_14478.jpg,0.09799489006913702
image_6568.jpg,0.03674003914862178
image_14096.jpg,0.4950415388630159
image_374.jpg,0.0007468236514344701
image_10839.jpg,0.06820682061238725
image_6009.jpg,0.03582436952984332
image_2272.jpg,0.04981710231960372
image_9028.jpg,0.20199860416733323
image_12701.jpg,0.012209683780977096
image_9170.jpg,0.003475751531771957
image_15031.jpg,0.006970196761492955
image_6430.jpg,0.011780481620859595
image_9604.jpg,0.2132466548821336
image_3725.jpg,0.4150933006867971
image_7530.jpg,0.035579551554585497
image_6018.jpg,0.009885478118280814
image_11827.jpg,0.0671994118178781
image_12459.jpg,0.00033393796968402754
image_11905.jpg,0.04473519782833446
image_4342.jpg,0.22042212895886149
image_15573.jpg,0.0325267642058054
image_13315.jpg,0.03578987485468956
image_4483.jpg,0.0996360215514661
image_16523.jpg,0.002083852165305783
image_3729.jpg,0.0004750310557062804
image_12804.jpg,0.3386463036371681
image_501.jpg,0.007611961580634084
image_3304.jpg,0.027827706209923742
image_1598.jpg,0.007404068426864225
image_5396.jpg,0.0033086171955538516
image_552.jpg,0.49556872578647515
image_1585.jpg,0.0051262869223610286
image_3845.jpg,0.02806381127949367
image_15611.jpg,0.004578006831721555
image_6149.jpg,0.0019790053205783246
image_11984.jpg,0.13069940476319733
image_8031.jpg,0.010385197343951756
image_13694.jpg,0.055865434762825156
image_7278.jpg,0.5957658121698813
image_11293.jpg,0.6663444720054845
image_11816.jpg,0.012969221102013932
image_6415.jpg,0.45060526318104355
image_10556.jpg,0.012652350520513922
image_4176.jpg,0.0008481162511342495
image_6111.jpg,0.05594526680360507
image_16064.jpg,0.012427921216984631
image_9307.jpg,0.025729944020783404
image_5326.jpg,0.006267564814815776
image_2881.jpg,0.0004922100214231958
image_1074.jpg,0.14208868580583736
image_7189.jpg,0.009263261647363765
image_1398.jpg,0.9341854518929865
image_12806.jpg,0.016219350940669286
image_2927.jpg,0.02260685014276942
image_3903.jpg,0.015202044755300204
image_12682.jpg,0.6891188879863835
image_12306.jpg,0.04086712932316539
image_2588.jpg,0.009684473600932084
image_8725.jpg,0.3999961175763073
image_706.jpg,0.000244681511262616
image_3436.jpg,0.0008639108288252567
image_13380.jpg,0.019020010930119676
image_1759.jpg,0.003963883493317185
image_6380.jpg,0.10785371026704638
image_11792.jpg,0.6143271638264988
image_9932.jpg,0.27034814533503776
image_3106.jpg,0.0038229173246011297
image_3224.jpg,0.010989283090014769
image_9901.jpg,0.004719480365099615
image_417.jpg,0.005499357668916191
image_13050.jpg,0.06791777199362495
image_8919.jpg,0.034741955067202346
image_15624.jpg,0.007151030012976655
image_12973.jpg,2.0347477757850093e-06
image_14342.jpg,0.1580064963546755
image_20.jpg,0.001462911587230257
image_6773.jpg,0.01222232800507839
image_8480.jpg,0.0010478061043147928
image_16346.jpg,0.005408801706112442
image_10545.jpg,0.8951855255276012
image_8778.jpg,0.0038311774562655838
image_16158.jpg,0.18240782664315117
image_13335.jpg,0.7459137457181992
image_10934.jpg,0.02648103204165587
image_1830.jpg,0.018353745803598363
image_13555.jpg,0.0002529514702556161
image_1059.jpg,0.09225092942395707
image_12961.jpg,0.00042488944575846336
image_12103.jpg,0.00391714075604601
image_14463.jpg,0.06516198959218672
image_15033.jpg,0.008463098734748646
image_16076.jpg,0.005525582317040322
image_11972.jpg,0.0003388352253823872
image_5798.jpg,0.057896726040298496
image_9192.jpg,0.0002929864214646455
image_11642.jpg,0.01094808960850243
image_1306.jpg,0.014556472413960391
image_9620.jpg,0.004356309001816739
image_2839.jpg,0.1150705012814565
image_13638.jpg,0.011714015269492608
image_1068.jpg,0.018985649573004897
image_12972.jpg,0.35774879630330475
image_10223.jpg,0.003997769980734928
image_6377.jpg,0.04400400099792322
image_9193.jpg,0.03163528397869075
image_12921.jpg,6.677846733021176e-05
image_15325.jpg,0.6516632623531573
image_1739.jpg,0.15993633882492786
image_7010.jpg,7.513549111439598e-05
image_16077.jpg,0.013938687449358013
image_1652.jpg,0.08723934938596929
image_5033.jpg,0.00024155788710329877
image_2091.jpg,0.7580663891348066
image_14970.jpg,0.02303085528984577
image_3348.jpg,0.010743515533391132
image_9273.jpg,0.0014481624260701993
image_9071.jpg,0.0006666686276648236
image_10840.jpg,0.001111007173099634
image_3070.jpg,0.8913101462975281
image_15126.jpg,0.003979244527251119
image_12225.jpg,0.0069266035803302595
image_16442.jpg,0.058223599083185876
image_6402.jpg,0.3850206346966662
image_3398.jpg,0.0001278781344550277
image_2845.jpg,0.0010283285061368002
image_11886.jpg,0.014955247814864275
image_1040.jpg,0.1657515999972158
image_333.jpg,0.011392867279971861
image_16245.jpg,0.007974081331607546
image_12644.jpg,0.050874738143766876
image_3513.jpg,0.0023260200356282033
image_3009.jpg,0.04487915716089518
image_12913.jpg,0.12559852877552916
image_8814.jpg,0.1993291365857495
image_9354.jpg,0.004031642620194028
image_13404.jpg,0.04602110361778148
image_8636.jpg,0.018195366864626562
image_1298.jpg,0.017273534149691683
image_11698.jpg,0.013766639341761961
image_13420.jpg,0.009123899308435435
image_11519.jpg,0.021682826520160795
image_3893.jpg,0.013598666858871941
image_12055.jpg,0.0063768947384535
image_1764.jpg,0.526399301087475
image_696.jpg,0.00033956894383506354
image_4451.jpg,0.1136803488553621
image_4023.jpg,0.9731800870755901
image_1583.jpg,0.001173285931664483
image_2390.jpg,0.0004656467331451767
image_7177.jpg,0.6628242883794254
image_13398.jpg,0.011273732533993355
image_1147.jpg,0.8066157979261704
image_4248.jpg,0.7049668530328682
image_5622.jpg,0.04631251502447405
image_6690.jpg,0.003750076050211485
image_7557.jpg,0.032682812825140864
image_9628.jpg,0.010382070653561348
image_12127.jpg,0.01329659097187771
image_5884.jpg,0.004186745923573506
image_8005.jpg,0.2962562562908726
image_7625.jpg,0.0008168151139399567
image_13287.jpg,0.04861437140193842
image_10002.jpg,0.003378761739347705
image_14669.jpg,0.016038256034247474
image_10589.jpg,0.023151460503611145
image_8382.jpg,0.6403367836149362
image_13079.jpg,0.04226047787528033
image_12409.jpg,0.061237340538413884
image_8105.jpg,0.0050269417442237825
image_3493.jpg,0.01779770831630336
image_14537.jpg,0.0483103388884565
image_2410.jpg,0.05105850545344583
image_8471.jpg,0.02264112340139693
image_5541.jpg,0.7634114419648018
image_999.jpg,0.12376508052044269
image_9130.jpg,2.4627805422628622e-05
image_14094.jpg,0.0014131627585857503
image_8091.jpg,0.006688432459188065
image_10702.jpg,0.014962917339508436
image_7047.jpg,0.037776832818120325
image_15357.jpg,0.03346427037179527
image_11606.jpg,0.0034817266948129057
image_14962.jpg,4.518969050462709e-05
image_2057.jpg,0.000885823197873476
image_5103.jpg,0.0012826737071746789
image_12991.jpg,0.0020499296889702635
image_14466.jpg,0.7670964583557722
image_6603.jpg,0.006585815414478812
image_14490.jpg,0.004281314452374348
image_15240.jpg,0.0023538071322277377
image_15135.jpg,0.04432087500939329
image_12662.jpg,0.07643955193472599
image_591.jpg,0.007007332337947969
image_458.jpg,0.7228337155020704
image_13107.jpg,0.017969887940391303
image_12323.jpg,0.00023738308606781444
image_14977.jpg,0.10594915738675743
image_14879.jpg,0.08748961468546776
image_14282.jpg,0.3435972161322139
image_7590.jpg,0.949751681207687
image_4073.jpg,0.01578913580429015
image_907.jpg,0.0045915890224306165
image_3249.jpg,0.028773327240232453
image_14780.jpg,0.002220842565111018
image_8626.jpg,0.00048808063689398384
image_11492.jpg,0.03425968821797733
image_1077.jpg,0.036360679778045
image_310.jpg,0.42254716245797713
image_14160.jpg,0.9577225089524942
image_8405.jpg,0.4929588859673719
image_14620.jpg,0.002857594838624408
image_12616.jpg,0.9512085925014985
image_12015.jpg,0.29953205118185194
image_14829.jpg,0.09281225130590555
image_11747.jpg,0.04356804573978697
image_13653.jpg,0.15085668548271833
image_5320.jpg,0.0019806050515107664
image_1133.jpg,0.001399700433753817
image_202.jpg,5.4734111993168755e-05
image_5327.jpg,0.6091396182896378
image_9934.jpg,0.025216187626978484
image_7311.jpg,0.03338909101458073
image_7041.jpg,0.12236279855888363
image_4152.jpg,0.0770138809852207
image_7405.jpg,0.005517976182180823
image_3131.jpg,0.0019181636053635723
image_7526.jpg,0.04118614976976159
image_4859.jpg,0.022471701903012873
image_8922.jpg,0.9756512575302186
image_16034.jpg,0.05101138749729894
image_8577.jpg,0.9260279190905552
image_11156.jpg,0.09814674680811686
image_2711.jpg,0.0037951907111671047
image_13749.jpg,0.15476175496977593
image_12560.jpg,0.02471247264667343
image_363.jpg,0.17520499598815195
image_6500.jpg,0.002122875352016702
image_14807.jpg,0.0075049322329952236
image_3016.jpg,0.011637929859369086
image_8999.jpg,0.08130479956039592
image_11604.jpg,0.10500432571193426
image_14351.jpg,0.9281471266332812
image_2474.jpg,0.03402131792227722
image_15432.jpg,0.0010835248023775214
image_354.jpg,0.0026297189833907764
image_6126.jpg,0.011316099654427588
image_9316.jpg,0.16269457905670237
image_13063.jpg,0.009182097910786191
image_12522.jpg,0.017370446064117088
image_10544.jpg,0.4833740186620227
image_12138.jpg,0.7872652554069607
image_6033.jpg,0.01758793244345284
image_9060.jpg,0.06833266222067354
image_8735.jpg,0.004067963624484635
image_6577.jpg,0.8882132565436008
image_6257.jpg,0.005508399471751955
image_9945.jpg,0.012922135058109569
image_790.jpg,0.17208661291785815
image_7757.jpg,0.02887377384912319
image_15051.jpg,0.001996035212335948
image_10485.jpg,0.0036390459201625044
image_7560.jpg,0.00041667353856538174
image_5929.jpg,0.013029483785990064
image_8568.jpg,0.15951855342412588
image_1801.jpg,0.0003784809447501678
image_13923.jpg,0.09554647904474689
image_10398.jpg,0.3286656832674855
image_14534.jpg,0.017688391772864517
image_1873.jpg,0.07169595181056919
image_5769.jpg,0.01999530370045532
image_11056.jpg,0.12527957165745082
image_15526.jpg,0.0053665483817441975
image_3788.jpg,0.0023658379313357507
image_9746.jpg,0.017600423763011595
image_2771.jpg,0.002349679623897865
image_14932.jpg,0.029947882023911337
image_9874.jpg,0.0030837856648358868
image_16432.jpg,0.019679898922910506
image_14043.jpg,0.019675328843312186
image_12209.jpg,0.007415820360040309
image_7371.jpg,0.0322714478381734
image_3814.jpg,0.0005446525736088431
image_7112.jpg,0.01161251581624581
image_10842.jpg,0.0033184691389502446
image_8868.jpg,0.3003033022519412
image_14841.jpg,0.010613713067285641
image_1649.jpg,0.008063909668798917
image_9893.jpg,0.14914383911625534
image_12540.jpg,0.0021307490027091635
image_5865.jpg,0.0006699630197190232
image_1084.jpg,0.00031748739121464334
image_3634.jpg,0.012008806625335822
image_7154.jpg,0.903308411847032
image_12768.jpg,0.008611197989995415
image_14456.jpg,0.05718820005967604
image_2675.jpg,0.011383908399761803
image_2413.jpg,0.005439347953018884
image_605.jpg,0.06206992261811754
image_11582.jpg,0.08294459275145881
image_13273.jpg,0.30101326507784254
image_9854.jpg,0.0005915096955012387
image_3876.jpg,0.04420185972441796
image_2323.jpg,0.07511868462982746
image_9750.jpg,0.2530665359509559
image_15496.jpg,0.006160692927747801
image_12213.jpg,0.01862641374528216
image_8316.jpg,0.007635011167491629
image_15233.jpg,0.031470584597329876
image_5504.jpg,0.00021606865146062048
image_6523.jpg,0.3046117102113772
image_14313.jpg,0.030560112807499852
image_7509.jpg,0.017105026511184604
image_8401.jpg,0.001182743155153888
image_2106.jpg,0.10418019448451382
image_12661.jpg,0.0022770317236761512
image_3315.jpg,0.0003203513161490313
image_7970.jpg,0.0007588141358211657
image_3051.jpg,0.003978543899589965
image_3503.jpg,0.004609248119927444
image_13599.jpg,0.013640941173988844
image_5146.jpg,0.5891787120142321
image_183.jpg,0.0018587680348611058
image_13176.jpg,0.0022987351559097024
image_10609.jpg,0.008561180391547267
image_4791.jpg,0.543625390291726
image_11407.jpg,0.4714038474568142
image_13878.jpg,0.011228378360943713
image_12227.jpg,0.03798831169949915
image_7741.jpg,0.04227671904363402
image_5284.jpg,0.1272377955284811
image_6409.jpg,0.0010383505740636963
image_10315.jpg,0.9860990325367148
image_2908.jpg,0.014075112114541315
image_10533.jpg,0.061944400541110535
image_5466.jpg,0.11712920087227384
image_4299.jpg,0.04764676214545694
image_12389.jpg,0.02997466626100958
image_9208.jpg,0.00884596728140397
image_15397.jpg,0.0025530684798572736
image_4539.jpg,0.3147585713825171
image_12897.jpg,0.0021517603106914734
image_1838.jpg,0.00015088899184327202
image_540.jpg,0.8239448236255884
image_9038.jpg,0.026798320715382202
image_5700.jpg,0.021926398553071096
image_9422.jpg,0.0011840184947062792
image_9265.jpg,0.5115496487425215
image_576.jpg,0.1332438551568385
image_2155.jpg,0.6936639450805213
image_3243.jpg,0.0007044099778926666
image_8640.jpg,0.9894441149319673
image_12602.jpg,0.34255779045929113
image_16214.jpg,0.006751813460876622
image_13362.jpg,0.0844679915215097
image_13634.jpg,0.1567890560953838
image_12136.jpg,0.14082415781370106
image_14204.jpg,0.0017878107265919022
image_4963.jpg,0.029178051268657253
image_14657.jpg,0.007794396770534588
image_15154.jpg,6.470052385494624e-05
image_16550.jpg,0.019981880204018896
image_6507.jpg,0.005593281747461622
image_567.jpg,0.014879112758688239
image_7888.jpg,0.020022939437511676
image_8223.jpg,0.0002746663814413881
image_4547.jpg,0.009807978311267524
image_7892.jpg,0.5963261953769252
image_11065.jpg,0.5318645690128718
image_15162.jpg,0.28236069318215684
image_6437.jpg,0.9422132751286818
image_16026.jpg,0.059692715375854286
image_7675.jpg,0.6262226944816529
image_586.jpg,0.002310424382800545
image_15904.jpg,0.011116183808651484
image_10236.jpg,0.01309835949269695
image_15035.jpg,0.12899420557834698
image_15493.jpg,0.016272534514011203
image_15289.jpg,0.024580459438713998
image_12765.jpg,0.2812797040386101
image_14110.jpg,0.009698658493186888
image_6652.jpg,0.002351964372748191
image_4897.jpg,0.026449275073061062
image_5801.jpg,0.6425259305491406
image_11588.jpg,2.372475347853258e-05
image_3058.jpg,0.2226886937160557
image_10016.jpg,0.02929928157236307
image_4600.jpg,0.917647536585871
image_9109.jpg,0.05600234692896865
image_4824.jpg,0.05914101352552348
image_6065.jpg,0.267209316219476
image_5359.jpg,8.336622903949477e-05
image_2316.jpg,8.620328922522529e-05
image_12069.jpg,5.640695359014223e-05
image_14312.jpg,0.014068913432709306
image_14467.jpg,0.06725617641509571
image_16452.jpg,0.0016474154692328203
image_12595.jpg,0.05316400068787969
image_13163.jpg,0.07429888540402253
image_5077.jpg,0.00232735807116804
image_15094.jpg,0.01914939090055207
image_11242.jpg,0.5958309750197881
image_14868.jpg,0.561326453188962
image_1721.jpg,0.0005328178161485332
image_2906.jpg,0.007611760373708801
image_3640.jpg,0.019841470111932553
image_991.jpg,5.574325894421769e-05
image_1436.jpg,0.006462661485183357
image_15258.jpg,0.0029846338235979615
image_10774.jpg,0.0020372450468331992
image_14792.jpg,0.004577602377188562
image_11511.jpg,0.03881791496513766
image_10645.jpg,0.02614800632015835
image_11704.jpg,0.02894794596437687
image_11506.jpg,0.021925064670580103
image_15069.jpg,0.02273011266401498
image_15607.jpg,0.0023932161633831925
image_13571.jpg,0.019531882186598862
image_6846.jpg,0.001765166797131098
image_13186.jpg,0.020884275368184976
image_4553.jpg,0.916913919103279
image_16333.jpg,0.00022756997194292228
image_7556.jpg,0.15258595387363127
image_2679.jpg,0.006815997117355893
image_14699.jpg,0.0007777285103515193
image_12968.jpg,0.9776288145008619
image_5017.jpg,0.010903871945380186
image_14530.jpg,0.02731721686169036
image_2051.jpg,0.019343708064078168
image_2547.jpg,0.0005417079608169591
image_12008.jpg,0.03598255747854964
image_8563.jpg,0.0003084274310899835
image_6635.jpg,0.040711521911483486
image_732.jpg,0.004711708190193709
image_12098.jpg,0.049145113920478
image_2874.jpg,0.016485362612869786
image_70.jpg,0.13363294569262313
image_9869.jpg,0.06514064336274819
image_11520.jpg,0.563172651700738
image_8724.jpg,0.0712373300048812
image_14580.jpg,0.03581461599474754
image_13764.jpg,0.25609466203281
image_15773.jpg,0.014305543020766469
image_9257.jpg,0.01682962194906559
image_11360.jpg,0.00046221728981102783
image_11391.jpg,0.001352176455066148
image_8486.jpg,0.0004700255571549769
image_1983.jpg,0.9570156501553507
image_6640.jpg,0.0018589262552327521
image_14902.jpg,0.6959185508372175
image_8367.jpg,0.012466020408905312
image_797.jpg,0.008303096312953258
image_6414.jpg,0.21248973217883732
image_12714.jpg,0.0002643619309567841
image_4154.jpg,0.0011331822483094274
image_3988.jpg,0.17263209607162072
image_16414.jpg,0.6045921055038332
image_4653.jpg,0.02008157335032625
image_7374.jpg,0.014350886541265123
image_550.jpg,0.015586076989533378
image_14396.jpg,0.0007759065533900529
image_455.jpg,0.16345075061085007
image_10566.jpg,0.6622515812967765
image_8313.jpg,0.0006542979374867969
image_13207.jpg,0.008989043333191855
image_1903.jpg,0.026031302119327096
image_184.jpg,0.01247436997793228
image_8268.jpg,0.000766752429183284
image_8596.jpg,0.11127206078601967
image_12750.jpg,0.004662103849241345
image_6931.jpg,0.8067332080500772
image_12797.jpg,0.11578273925232081
image_7024.jpg,0.0022108541179252207
image_15494.jpg,0.25625230977342117
image_143.jpg,8.984773690233457e-05
image_14727.jpg,0.026168538884606858
image_15894.jpg,0.0006174509980281772
image_3708.jpg,0.17841062455914036
image_921.jpg,0.2947756258905626
image_1769.jpg,0.10243102273027585
image_11516.jpg,0.01358362322565836
image_12812.jpg,0.8819706619780704
image_16431.jpg,0.0004108695785623356
image_1501.jpg,0.001980680002423523
image_4407.jpg,0.7994548963739406
image_2622.jpg,0.048856469005199805
image_1002.jpg,0.1350461872791622
image_9324.jpg,0.47634132119780465
image_10435.jpg,0.1568861705178711
image_471.jpg,0.018579533212402223
image_2953.jpg,0.7637480439502647
image_5200.jpg,0.008546398455776155
image_10658.jpg,0.002584034919985712
image_11581.jpg,0.010159097630083155
image_2472.jpg,0.0785162687842776
image_8231.jpg,0.04953889711072793
image_1976.jpg,0.1487597168128825
image_7570.jpg,0.03770575999841113
image_1582.jpg,0.01183674208297475
image_9690.jpg,0.0027233827336121197
image_478.jpg,0.03144902036129125
image_5059.jpg,0.007168577271824981
image_12617.jpg,0.005630397998580136
image_12257.jpg,0.016366977347294597
image_6335.jpg,0.0006209023286776539
image_1728.jpg,0.012424671605108134
image_1850.jpg,0.1563002469064799
image_4938.jpg,0.0148262365880921
image_10432.jpg,0.04166238051359136
image_8804.jpg,0.33751440765881846
image_3622.jpg,0.0001492036436258508
image_4933.jpg,0.00303780622278807
image_4292.jpg,0.8993135709633673
image_3085.jpg,0.4152677055027792
image_3357.jpg,0.026856533021716436
image_25.jpg,0.192643333718764
image_6333.jpg,0.005512644139385337
image_13198.jpg,0.0007829510013024099
image_11465.jpg,0.005523815639986636
image_1044.jpg,0.0024687270176499076
image_13301.jpg,0.024635841186257897
image_12256.jpg,1.2568400719236585e-05
image_13411.jpg,0.084901206023432
image_7289.jpg,0.8488230774572189
image_11496.jpg,0.001762521541564277
image_614.jpg,0.0010311272201053065
image_5378.jpg,0.0016845651902329803
image_3595.jpg,0.01348183666175313
image_11560.jpg,0.0695705280558921
image_11248.jpg,0.0024210733433839495
image_10203.jpg,0.40885493911083554
image_9675.jpg,0.024508794227978938
image_15009.jpg,0.015141344716497872
image_7681.jpg,9.284557487515407e-05
image_11158.jpg,0.018499989269624435
image_16476.jpg,0.6904337554806455
image_7064.jpg,0.055225614570528506
image_11594.jpg,9.821164821134356e-06
image_3416.jpg,0.004181193708166733
image_11921.jpg,0.04257087635545421
image_10285.jpg,4.734544227816813e-05
image_9786.jpg,0.02733499586431463
image_3546.jpg,0.04791889023716309
image_5368.jpg,0.0030377361879476285
image_11872.jpg,0.0005275843060203627
image_3305.jpg,0.23694541187244617
image_14622.jpg,0.16466102165932409
image_4961.jpg,0.009247133006716738
image_4303.jpg,0.017969191592526777
image_11773.jpg,0.07925600374050845
image_1800.jpg,0.00793455916537812
image_4856.jpg,0.017696984906981617
image_11351.jpg,0.007165338523521675
image_1879.jpg,0.03656718209764503
image_687.jpg,0.01504862819201263
image_7312.jpg,0.41438865920119095
image_4305.jpg,0.2768296766814224
image_2122.jpg,0.11071922958131324
image_6343.jpg,0.0021992699738970084
image_8604.jpg,0.0007419921506642707
image_9611.jpg,0.2750062592800353
image_12242.jpg,0.033413330240150425
image_5341.jpg,0.0029980649729993373
image_6098.jpg,0.009570173718000119
image_10535.jpg,0.001534106677345973
image_4425.jpg,0.0008878975570232685
image_6300.jpg,0.0998398853721506
image_5412.jpg,0.520794914688646
image_5311.jpg,0.003544421322372915
image_7979.jpg,0.0006946661393026436
image_749.jpg,0.9636294406459103
image_3160.jpg,0.002983742103523528
image_16262.jpg,0.0038911017873106872
image_12468.jpg,0.0001894699480762613
image_13900.jpg,0.0026834712373324664
image_15822.jpg,0.007834568495627811
image_15302.jpg,0.010359179833361164
image_16284.jpg,0.0009207290727348131
image_15635.jpg,0.10662327883769225
image_14816.jpg,0.003312157426157766
image_641.jpg,0.2713112951032558
image_6114.jpg,0.5329060035920802
image_625.jpg,0.002886220472951181
image_15895.jpg,0.009048216559566662
image_12859.jpg,1.4186847434183718e-05
image_11807.jpg,0.006315883262819459
image_12177.jpg,0.004264029075454493
image_9501.jpg,0.017919421860142015
image_6912.jpg,0.33976719795306193
image_16292.jpg,0.87525690237011
image_6263.jpg,0.0188692912159741
image_11946.jpg,0.20230010741219892
image_10692.jpg,0.050767696522117364
image_16007.jpg,0.021833131995020533
image_2226.jpg,0.01229749060219051
image_251.jpg,0.08968380100721371
image_3537.jpg,0.01812684255068806
image_15180.jpg,0.00011147436243369284
image_14927.jpg,0.23217410087434914
image_3631.jpg,0.021337295836520172
image_8038.jpg,5.6945779842849935e-05
image_777.jpg,0.04502458691969523
image_15178.jpg,0.0050628927239016845
image_12024.jpg,0.922367453053443
image_6567.jpg,0.008276641433465468
image_7988.jpg,0.06364150587061616
image_9919.jpg,0.29746928804775113
image_16386.jpg,0.36353015312368375
image_9920.jpg,0.0005469381647930107
image_949.jpg,0.010298284741643843
image_13731.jpg,0.9737942039361168
image_12.jpg,0.01357632728335763
image_10197.jpg,0.003915061467163328
image_13136.jpg,0.20565182992566727
image_13249.jpg,0.0008232827333866734
image_233.jpg,0.0013314257995492007
image_1336.jpg,0.00013936909956080537
image_1790.jpg,0.033577333237538684
image_13181.jpg,0.13643660568709556
image_8615.jpg,0.07109169599326574
image_12067.jpg,0.07265108444157502
image_13388.jpg,0.005151837568201369
image_4129.jpg,0.05573186125725097
image_3371.jpg,0.7365869742661505
image_6397.jpg,0.017744213392963636
image_12814.jpg,0.8884752715855545
image_13519.jpg,0.004695595635937356
image_5076.jpg,0.9722850528983531
image_7747.jpg,1.8788964839632323e-05
image_16075.jpg,0.0028951399888909597
image_15145.jpg,0.13598359485199682
image_13022.jpg,0.008066642850832674
image_5406.jpg,0.001636869789201003
image_10785.jpg,0.006310639026933203
image_14365.jpg,0.01502894210781098
image_11155.jpg,0.014599797668335098
image_11337.jpg,0.004937721576125224
image_6919.jpg,0.15756661408408273
image_10529.jpg,0.003848448492148063
image_9649.jpg,0.04978898066050813
image_5081.jpg,0.03396119014936386
image_6594.jpg,0.0005690798915498906
image_2171.jpg,0.411474614487071
image_5383.jpg,0.066890196228699
image_16489.jpg,0.022057354405740238
image_11708.jpg,0.30839661069324786
image_1389.jpg,0.018119710173693303
image_14837.jpg,0.0013058824248615786
image_2934.jpg,0.002703889358577809
image_12342.jpg,0.0018910347531732581
image_2510.jpg,0.0016899677368377988
image_12341.jpg,0.0028999720145292947
image_8972.jpg,0.010340702757952774
image_16046.jpg,0.9396557090201261
image_12208.jpg,0.2204633211653165
image_1512.jpg,0.03250365884834454
image_11865.jpg,0.022959718963945167
image_13945.jpg,0.07444506964732676
image_3918.jpg,0.0006932135518398399
image_12592.jpg,0.0016563187460493685
image_12313.jpg,0.0028354299511644506
image_14124.jpg,0.6471083939508747
image_11977.jpg,0.8894183475074482
image_2090.jpg,0.7363433958380652
image_2737.jpg,0.00011008433955365091
image_414.jpg,0.004040800030017257
image_15113.jpg,0.20538369847415605
image_667.jpg,0.010271706076217456
image_986.jpg,0.7322445659488873
image_15797.jpg,0.01601067622766863
image_13065.jpg,0.08230793507228638
image_3407.jpg,0.35944888318912865
image_14671.jpg,0.014176097426495709
image_11194.jpg,0.00025936974841184266
image_4222.jpg,0.007010310341879569
image_15473.jpg,0.044325031686305194
image_4215.jpg,0.10784907168868711
image_1261.jpg,0.00028565396225958237
image_13020.jpg,0.022808115170634934
image_2170.jpg,0.002308957722844673
image_122.jpg,0.007739807582051972
image_4314.jpg,0.06978963811713627
image_8233.jpg,0.21514987937066732
image_10764.jpg,0.8784908567295023
image_6154.jpg,0.5137240249619307
image_6623.jpg,0.9442065984953447
image_4277.jpg,0.39544740793610333
image_14754.jpg,0.0755107997617693
image_9450.jpg,0.07882694740305712
image_9572.jpg,0.016194042282936708
image_2607.jpg,0.044006690521273824
image_6551.jpg,0.04637614542146725
image_1129.jpg,0.047735994703683164
image_5213.jpg,0.007854426331335238
image_15086.jpg,0.01204165824355956
image_3734.jpg,0.5566279309915745
image_12743.jpg,0.10850392874153536
image_1786.jpg,0.03404009720261957
image_13448.jpg,0.04112675165067605
image_11342.jpg,0.00499363647309762
image_6613.jpg,0.11261252221265895
image_5641.jpg,0.004167047466058897
image_8991.jpg,0.001186693903734164
image_763.jpg,0.006430527335372447
image_2524.jpg,0.23558979735948998
image_13885.jpg,0.016591953502636116
image_3684.jpg,0.19943097715837813
image_6876.jpg,0.07369006696990184
image_14704.jpg,0.000836167693825513
image_9988.jpg,0.07020261383596965
image_3495.jpg,0.1308451786036348
image_11138.jpg,0.05388876023378016
image_3207.jpg,0.03326843869329496
image_10770.jpg,0.019579056835532942
image_11025.jpg,0.0023650485002386337
image_5474.jpg,0.002067773259409286
image_3354.jpg,0.0009650517788606396
image_5647.jpg,9.76099860063163e-05
image_8162.jpg,0.4803904457607508
image_8205.jpg,0.005002931991548891
image_14218.jpg,0.25378120871446885
image_15292.jpg,0.016450109684821898
image_5020.jpg,0.7822270557211727
image_245.jpg,0.6846987866782893
image_10766.jpg,0.38054924770864407
image_9275.jpg,0.021867272786754075
image_13937.jpg,0.016645494632457083
image_7982.jpg,0.0005557371760734014
image_15220.jpg,0.016422969271540903
image_5100.jpg,0.006696914246444627
image_14575.jpg,0.4274440274032175
image_15745.jpg,0.037287746930958286
image_2305.jpg,0.08025551753507625
image_4312.jpg,0.00934364136552915
image_2266.jpg,0.0014908056185480554
image_1588.jpg,0.0015864290575433578
image_1434.jpg,0.02062705307033498
image_4194.jpg,0.039646709495769435
image_6651.jpg,0.03518933935977647
image_2729.jpg,0.02758625282021
image_9138.jpg,0.10775482076450085
image_2770.jpg,0.012151801671702774
image_11283.jpg,0.03263624526525434
image_1216.jpg,0.7220809598124704
image_3770.jpg,0.42606840989454203
image_15453.jpg,0.03381046608771733
image_5545.jpg,0.14536879448441065
image_4077.jpg,0.047467139935314095
image_4792.jpg,0.03853485239726236
image_4311.jpg,0.0011306368864781747
image_2470.jpg,0.01592655406471728
image_6142.jpg,0.8466628488304643
image_7377.jpg,0.24142790599871367
image_13990.jpg,0.029795133199279015
image_12139.jpg,0.9138912770820145
image_6083.jpg,0.17114940410127555
image_6423.jpg,0.15500890801235856
image_14678.jpg,0.08595399529834874
image_1864.jpg,0.018921788331654112
image_14053.jpg,0.01602238230794429
image_104.jpg,0.00791256652496668
image_12482.jpg,0.002933217462151824
image_10296.jpg,0.07576934648082788
image_9006.jpg,0.9508031126701949
image_9594.jpg,0.19072658582779822
image_13637.jpg,0.0005425368063266937
image_4764.jpg,4.9314538988073285e-05
image_93.jpg,0.0005024219421412756
image_6554.jpg,0.5900186704113284
image_7138.jpg,0.052999992805975796
image_12969.jpg,0.0034180598256464507
image_6899.jpg,0.06500069596625659
image_14954.jpg,4.1277751680183434e-05
image_6195.jpg,0.008053512749351831
image_16272.jpg,0.0012752264464471837
image_4513.jpg,0.2271659891570966
image_2100.jpg,0.2907570920962551
image_12506.jpg,0.1280068624322132
image_11392.jpg,0.0024548799614656754
image_1572.jpg,0.9805544565280516
image_13242.jpg,0.007567767188451926
image_7367.jpg,0.03065743149165341
image_14089.jpg,0.11473082650852269
image_3981.jpg,0.2064567683596453
image_6172.jpg,0.0009659397990076374
image_8491.jpg,0.28033998221664824
image_1375.jpg,0.014556801264489255
image_16293.jpg,0.5586311952606247
image_10851.jpg,0.0027993056728359976
image_14123.jpg,0.9743358727275049
image_1569.jpg,0.008456615492360039
image_5951.jpg,0.0023160952789427766
image_8240.jpg,0.00026498842862133647
image_4040.jpg,0.007260605285014078
image_15998.jpg,0.0011213425896148892
image_530.jpg,0.14508316215350409
image_3727.jpg,0.29515637754445945
image_1503.jpg,0.002297361761020079
image_6295.jpg,0.5168409794521814
image_2374.jpg,0.03615997882368472
image_1616.jpg,0.00023253108966741416
image_10470.jpg,0.029514036741834587
image_8322.jpg,0.14504072936900764
image_2521.jpg,0.176115488794755
image_6224.jpg,0.8419750638068811
image_12384.jpg,3.8178443085771794e-05
image_4693.jpg,0.0008116150205579625
image_11034.jpg,0.27309381528438353
image_8963.jpg,0.009154569064276046
image_4011.jpg,0.14695826969172662
image_10914.jpg,0.05454363062315882
image_9686.jpg,0.023252988752897476
image_3752.jpg,0.11726396751729128
image_9768.jpg,1.12576783972444e-05
image_7052.jpg,0.1835015898544792
image_14054.jpg,0.6581881316144951
image_5289.jpg,0.27596008442160236
image_15716.jpg,0.00037498516699101015
image_11705.jpg,0.7286811672122292
image_11766.jpg,0.07929576327195417
image_11922.jpg,0.1412001148999072
image_4640.jpg,0.04308676068156249
image_3269.jpg,0.0024984741910321255
image_11116.jpg,0.001100868701778825
image_1302.jpg,0.0007346658445028895
image_7127.jpg,0.03988782287277
image_4663.jpg,0.008392730339480778
image_1605.jpg,0.0009337040849011749
image_5096.jpg,0.03401272000768371
image_6302.jpg,0.3389692393783187
image_9386.jpg,0.022857595406284504
image_4469.jpg,0.005285691016200954
image_8905.jpg,0.022305641317604367
image_1834.jpg,0.8855796301331001
image_11883.jpg,0.00017888306453746298
image_14375.jpg,0.1719136432154063
image_8703.jpg,8.252124698296122e-06
image_6262.jpg,0.0003587455246137781
image_15722.jpg,0.0034669985115531377
image_9743.jpg,0.24199123263900582
image_8278.jpg,0.22626855700110507
image_16177.jpg,0.03629583339940498
image_6389.jpg,0.2673800272768461
image_5114.jpg,0.007300833870927477
image_14919.jpg,0.7309266299848034
image_8837.jpg,0.8182317140116618
image_9229.jpg,0.012328996899883813
image_12321.jpg,0.346967883811581
image_13444.jpg,0.027692165225742305
image_12951.jpg,0.00259647102631137
image_14076.jpg,0.006808898499774838
image_12891.jpg,0.9809036562106431
image_6360.jpg,0.11376294187347236
image_14878.jpg,0.7065063572181213
image_1924.jpg,0.0002143405935507655
image_4800.jpg,0.02584369509262706
image_14696.jpg,0.36001990618098517
image_2844.jpg,0.0009851497600505432
image_527.jpg,0.002604892763554129
image_12823.jpg,0.162060953167341
image_1846.jpg,0.009553815934657596
image_10920.jpg,0.42802016051461367
image_5935.jpg,0.025735771219110606
image_12173.jpg,0.0006041647279208959
image_14915.jpg,0.13935031000405895
image_12770.jpg,0.051491762367479744
image_1887.jpg,0.02960918290718228
image_2975.jpg,0.8489249618784728
image_9489.jpg,0.01014667727573895
image_9581.jpg,0.029638293271535172
image_8188.jpg,4.86133180637048e-07
image_1164.jpg,0.27507496212467464
image_13989.jpg,0.023541686958758377
image_10452.jpg,0.4299899258107799
image_10832.jpg,0.03602321367711847
image_13164.jpg,0.007845807471727341
image_8903.jpg,0.04935234412576037
image_3779.jpg,0.0438961968476291
image_11605.jpg,0.001537683301471878
image_5597.jpg,0.006715637696860512
image_6796.jpg,0.042564104668864934
image_12131.jpg,0.0007745953102521238
image_1241.jpg,0.005996894719796866
image_2506.jpg,0.011104179664574545
image_15734.jpg,0.009192170504122396
image_13851.jpg,0.02720764628833479
image_535.jpg,0.3467850971285578
image_7645.jpg,0.00024002363775616674
image_7221.jpg,0.34243190429748344
image_11488.jpg,0.06488304365635332
image_11164.jpg,0.09154125905087171
image_12548.jpg,0.016220379936580685
image_387.jpg,0.9517584782750612
image_6067.jpg,0.24792497011933468
image_8437.jpg,0.12223991373693517
image_12077.jpg,0.001488374508403801
image_9083.jpg,0.006711238300236855
image_8948.jpg,0.09476090916814912
image_6895.jpg,0.003586959529474893
image_9217.jpg,0.27747694699500824
image_10245.jpg,0.004641520146916803
image_342.jpg,0.03149357500481544
image_16557.jpg,1.696182084897216e-05
image_1291.jpg,0.3760370183281059
image_12528.jpg,0.6882698973892236
image_12360.jpg,0.030432501510403564
image_9497.jpg,0.1778086766774527
image_6680.jpg,0.00752171691124842
image_3182.jpg,0.07899441227664428
image_15844.jpg,0.008785868370802292
image_5048.jpg,0.0004455192822485632
image_11149.jpg,0.07326901674713476
image_258.jpg,0.3712071305767336
image_9739.jpg,0.026811974630526755
image_6838.jpg,0.8928328564972048
image_10140.jpg,0.8175097536201138
image_7539.jpg,0.0028797713749875247
image_8478.jpg,0.046394322682140825
image_3417.jpg,0.057225066109613656
image_8721.jpg,0.04869660497763659
image_9939.jpg,0.001964174820915585
image_9606.jpg,0.35528783206891246
image_3414.jpg,0.9271122586177815
image_4132.jpg,0.028151576798590004
image_7362.jpg,0.06772014523872155
image_361.jpg,0.05119315757896476
image_13196.jpg,0.0002126423487795906
image_1965.jpg,0.01072458755345899
image_13920.jpg,0.6249711575634411
image_2111.jpg,0.004412867166078864
image_7841.jpg,0.00023553083086309896
image_2078.jpg,0.004600882837383163
image_13103.jpg,0.005504981551483863
image_9718.jpg,0.005471111854832623
image_8291.jpg,0.013666119546375583
image_9411.jpg,0.0010313621635004051
image_3626.jpg,0.0396391358083962
image_6654.jpg,0.05174268723568806
image_11522.jpg,0.5176488676688432
image_8434.jpg,0.033007062271518575
image_15460.jpg,0.006147593150212935
image_13328.jpg,0.011189824978914195
image_7219.jpg,0.06997725565385846
image_16239.jpg,0.06322130121811592
image_4404.jpg,0.023823773549700104
image_12633.jpg,0.005535486598339839
image_9709.jpg,0.8320699030317937
image_13092.jpg,0.010617165012924258
image_1610.jpg,0.0022581554650905116
image_5705.jpg,0.3049665980439294
image_10454.jpg,0.010902548802560889
image_12031.jpg,0.008765159674635667
image_15189.jpg,0.25371230078931656
image_4002.jpg,0.009852060272095436
image_7420.jpg,0.060588437455947754
image_14624.jpg,0.0010464328002280977
image_8279.jpg,0.009674097382813916
image_6189.jpg,0.461885461255602
image_9683.jpg,0.0019709864811317604
image_5734.jpg,0.03178890306805001
image_854.jpg,0.11562154673820518
image_9218.jpg,0.6702741251747587
image_10195.jpg,0.018245312224391304
image_6133.jpg,0.39455936999433733
image_3552.jpg,0.001653644456156076
image_14367.jpg,0.0764143867353582
image_197.jpg,0.2945513370964118
image_3746.jpg,0.014600217139374476
image_7369.jpg,0.06085301717275601
image_7343.jpg,0.03714587305554178
image_6607.jpg,0.007824668096066653
image_1753.jpg,0.504948433226115
image_9928.jpg,0.14239423324052136
image_1117.jpg,0.006763297914951936
image_932.jpg,0.5204943985379701
image_6440.jpg,0.04955417686479342
image_1297.jpg,0.0010512538860000687
image_5997.jpg,0.06419617756420827
image_1519.jpg,0.005411199875359236
image_8332.jpg,0.017259479936782854
image_6721.jpg,0.006174160524180425
image_6526.jpg,0.008962224116052546
image_769.jpg,0.48842693712912494
image_9374.jpg,0.0017982281350953245
image_4704.jpg,0.0949431673389617
image_9609.jpg,0.1827328185424687
image_11570.jpg,0.0005261653842634516
image_13917.jpg,0.008651868882028627
image_1673.jpg,0.007961116378082679
image_9272.jpg,0.1851198869265508
image_6713.jpg,0.023015498704137324
image_11630.jpg,0.008151584341051718
image_3313.jpg,0.03233330444277351
image_9642.jpg,0.018745035779921274
image_10744.jpg,0.4183569061131824
image_11402.jpg,0.026165150538478656
image_14238.jpg,0.010939848242984707
image_9024.jpg,0.780035860946409
image_12060.jpg,0.5352526211454064
image_8224.jpg,0.039885794550485756
image_5126.jpg,0.6290182267253489
image_4682.jpg,0.004489304034757902
image_13648.jpg,0.0009086417991741503
image_820.jpg,0.013777404532870848
image_1318.jpg,0.006965898497904886
image_1313.jpg,0.0005976228933621104
image_15564.jpg,0.017933888978864828
image_15963.jpg,0.001634244633756782
image_9652.jpg,0.01458536034999042
image_4623.jpg,0.007138064584184701
image_11486.jpg,0.003593884861210372
image_11725.jpg,0.7011872205458578
image_13719.jpg,0.03620393537475487
image_2735.jpg,0.002449434693680412
image_6179.jpg,0.929657458420032
image_12989.jpg,0.07974697486523191
image_6565.jpg,0.024792988148940747
image_9011.jpg,0.0020018182478454653
image_15343.jpg,0.004274462970520673
image_13944.jpg,0.009198387519080682
image_7642.jpg,0.8689732600478878
image_8139.jpg,0.41658143163452016
image_1235.jpg,0.011049990827458247
image_943.jpg,6.762864046927477e-05
image_12217.jpg,0.014911743467261786
image_10852.jpg,0.4912635281449749
image_3696.jpg,0.014241348195747383
image_10447.jpg,0.000791956262401444
image_4392.jpg,0.1649194248223672
image_16515.jpg,0.013186221917638966
image_12001.jpg,0.848191752831011
image_6949.jpg,0.11246446887796402
image_4208.jpg,0.016348434545780118
image_6989.jpg,0.1233509953460989
image_14561.jpg,0.002396551954730555
image_6840.jpg,0.00033602485667847824
image_952.jpg,0.014205003578729327
image_4063.jpg,0.10399827406880909
image_15687.jpg,0.0909972836574811
image_8969.jpg,0.26298669310592515
image_6862.jpg,0.027666991940781288
image_16406.jpg,0.02016927380828289
image_11122.jpg,0.6104250912295278
image_3933.jpg,0.0010599131281872013
image_10442.jpg,0.0006849026078864507
image_1546.jpg,0.09066994556814303
image_4463.jpg,0.004911145057099001
image_1483.jpg,0.004393867628137852
image_7341.jpg,0.0031603818337060372
image_15565.jpg,0.031100812839295267
image_13387.jpg,0.1429844601332098
image_744.jpg,0.004861935897630848
image_6744.jpg,2.9630409285270113e-06
image_6534.jpg,0.00012625472845559507
image_12297.jpg,0.0007023089238718232
image_5915.jpg,0.017853805696674448
image_12488.jpg,0.17318867185081704
image_9095.jpg,0.006995009676926392
image_13329.jpg,3.394831663823011e-05
image_3780.jpg,0.5540163317345711
image_8845.jpg,0.15799863527411137
image_789.jpg,0.01084322091882635
image_12460.jpg,0.010195567074715447
image_5958.jpg,0.5440998904394792
image_2807.jpg,7.152630659728158e-06
image_14455.jpg,0.010339265178469309
image_3222.jpg,0.004299041930600545
image_3878.jpg,0.015842095755603896
image_15581.jpg,0.00641461370818947
image_8046.jpg,0.5687897593287308
image_5097.jpg,0.0015386614658707575
image_16344.jpg,0.02008656679620608
image_4162.jpg,0.010302088017450639
image_7803.jpg,0.05170810223184262
image_15537.jpg,0.2681079204494352
image_12790.jpg,0.5087106274895989
image_7298.jpg,0.4951379510493089
image_14262.jpg,0.0030321070721554717
image_2511.jpg,0.2885609063400526
image_11050.jpg,0.23615208609063687
image_13511.jpg,0.07969471704692217
image_10114.jpg,0.0006824698276395099
image_13201.jpg,0.0054305815722434985
image_7783.jpg,0.8076614420951265
image_12145.jpg,0.1606100758641438
image_6188.jpg,0.0002707719630343412
image_8558.jpg,0.22595888551339527
image_9104.jpg,0.026895461557194616
image_487.jpg,0.0006973792948653901
image_15484.jpg,0.3964295535226455
image_11740.jpg,0.008826186344986883
image_4823.jpg,0.0062898398082311974
image_8359.jpg,0.016914087382272534
image_6378.jpg,0.012580150682012054
image_11869.jpg,0.0774457479048434
image_9233.jpg,0.0033092787319175376
image_5939.jpg,0.698765708805241
image_1682.jpg,0.007397058153395858
image_3277.jpg,0.004928417459351071
image_1927.jpg,0.03997522564752822
image_1368.jpg,0.8490348068336199
image_969.jpg,0.001150465188697422
image_5773.jpg,0.014539534313576723
image_16103.jpg,0.00010040572744949185
image_12040.jpg,0.008873076062885971
image_6200.jpg,0.8632608827119085
image_12639.jpg,0.006097416675125829
image_8665.jpg,0.012527741308296161
image_4226.jpg,0.016034393448967843
image_4608.jpg,0.00095056513373849
image_3804.jpg,3.076506512451101e-05
image_7649.jpg,0.004849519853543886
image_4521.jpg,0.00015619575603396398
image_12037.jpg,0.012442809711502354
image_4664.jpg,0.3321219001005245
image_11983.jpg,0.026771961602630037
image_15052.jpg,0.024653003472160234
image_23.jpg,0.058596109140068235
image_5737.jpg,0.0021241080645671307
image_8215.jpg,0.0019529263246221562
image_2986.jpg,0.0009228260564104318
image_10358.jpg,0.009167050120209847
image_3456.jpg,0.027799025350185642
image_8066.jpg,0.013682827964932472
image_15149.jpg,0.00038202562202554373
image_10538.jpg,0.05721523337887994
image_9707.jpg,0.04404858480122307
image_5764.jpg,0.0014790981755420133
image_13791.jpg,0.44491916657180886
image_6337.jpg,0.022142581600492726
image_1025.jpg,0.23569707591997105
image_8088.jpg,0.0006270919536168214
image_13024.jpg,0.5166379210667227
image_12340.jpg,0.08129080263349488
image_6411.jpg,0.0001946123403388446
image_2612.jpg,0.059577978229518415
image_9698.jpg,0.19211404506663482
image_1629.jpg,0.0898543892416829
image_3848.jpg,0.1493824467632014
image_8910.jpg,0.010609794983835633
image_2465.jpg,0.13895135628958974
image_2752.jpg,0.0002738890187185077
image_14302.jpg,0.009818283193733967
image_6130.jpg,0.00026259074096485565
image_8602.jpg,0.0003848225758376375
image_13930.jpg,0.034110204691134176
image_16267.jpg,0.7056223157700775
image_7614.jpg,7.481482600897981e-05
image_16273.jpg,0.003193280525364845
image_5010.jpg,0.00023240659481903344
image_2035.jpg,0.024651336919828237
image_11230.jpg,0.1667896265195085
image_1227.jpg,0.012011111820259495
image_512.jpg,0.012669636283071066
image_4835.jpg,0.06367407009787066
image_8207.jpg,0.0006593383851280386
image_12729.jpg,0.0042976037230221045
image_922.jpg,0.08063966160115836
image_5480.jpg,0.030345179681289976
image_14964.jpg,0.2469534421639124
image_4113.jpg,0.033697399085755704
image_426.jpg,0.003004167310807605
image_431.jpg,0.1380606628301394
image_12870.jpg,0.1721093934568022
image_2726.jpg,0.005873492892113973
image_8032.jpg,0.5431882914465808
image_14223.jpg,0.028492323942804914
image_4091.jpg,0.9827982064984288
image_13318.jpg,0.3513247279003438
image_6589.jpg,0.011581161818905731
image_7905.jpg,0.0036871580193178224
image_15007.jpg,0.18046419501780325
image_9798.jpg,0.029825578078457964
image_6486.jpg,0.5946598031314032
image_3268.jpg,0.012543451195615991
image_380.jpg,0.0008508896991704438
image_7504.jpg,0.5455894745248778
image_14512.jpg,0.10276500094817573
image_7207.jpg,0.0017658876394942794
image_8996.jpg,0.41358138865047056
image_13883.jpg,0.0005983360132968496
image_3185.jpg,0.020214645540577936
image_5552.jpg,0.006864706567521923
image_12685.jpg,0.02547743144392657
image_12917.jpg,0.033544390443787556
image_10510.jpg,0.0071239057996355356
image_11349.jpg,0.0016255225634697974
image_13365.jpg,0.04479830997449392
image_15949.jpg,0.025685541968696685
image_14056.jpg,0.5662645455981632
image_10830.jpg,0.9671576983862701
image_9048.jpg,0.007820107152284097
image_7210.jpg,0.9862315517504224
image_14266.jpg,0.02245003824422363
image_3217.jpg,0.00289366000360288
image_12427.jpg,0.0016587923646280201
image_7610.jpg,0.0004215474254067045
image_9961.jpg,0.7758955488037231
image_14946.jpg,0.05341418490787369
image_16389.jpg,0.0007875003127261158
image_8654.jpg,0.006632532740969192
image_13952.jpg,0.10556597834412167
image_15403.jpg,0.020848326659812934
image_10647.jpg,0.0030028003438159847
image_618.jpg,0.002875957946455348
image_4247.jpg,0.009403316923433444
image_16006.jpg,0.0029875265500476423
image_15709.jpg,0.029680059648459135
image_8899.jpg,0.6080629752017392
image_12747.jpg,0.006222641889918145
image_555.jpg,4.408434715019098e-05
image_2383.jpg,0.8588670826445053
image_5732.jpg,0.11081919812287427
image_2887.jpg,0.09238670980784179
image_2732.jpg,0.06919579591076812
image_13948.jpg,0.2210313808248397
image_11790.jpg,0.2703506683115094
image_9412.jpg,0.5797929720562063
image_12735.jpg,0.01608177638927583
image_9033.jpg,0.022443926775251824
image_12577.jpg,0.09178949460675918
image_10837.jpg,0.03812324548259353
image_260.jpg,0.005021572902474964
image_8132.jpg,0.15272203046229565
image_7225.jpg,0.001828947097050641
image_1902.jpg,0.0007396801859259585
image_12599.jpg,0.12224990305554134
image_13210.jpg,0.0013887333977790225
image_7522.jpg,0.6309976485147065
image_10925.jpg,0.15106830950661476
image_10046.jpg,0.36189291957879555
image_12844.jpg,0.0008874995397766948
image_14913.jpg,0.23197500779383254
image_10294.jpg,0.06659051681907724
image_2480.jpg,0.07417908156051842
image_11064.jpg,0.0002228908412427414
image_7332.jpg,0.22499267610897755
image_14597.jpg,0.03919813710679945
image_12049.jpg,0.0256520578215211
image_14702.jpg,0.0006562757548344075
image_6621.jpg,0.0037092213913329374
image_15449.jpg,0.21861887918147893
image_2958.jpg,0.003357020136376573
image_11647.jpg,0.07636725035389222
image_7728.jpg,0.02396460132236678
image_15409.jpg,0.08069645679276793
image_2199.jpg,0.9994010235109493
image_896.jpg,0.005462669975237723
image_5788.jpg,0.005823465397756899
image_13195.jpg,0.9672216857823256
image_433.jpg,0.0013594945221832367
image_10431.jpg,0.9609087742381385
image_366.jpg,0.49739144322920903
image_1289.jpg,0.005474238796115379
image_3665.jpg,0.6039308151022184
image_311.jpg,0.06387603360560329
image_8182.jpg,0.14317845983838104
image_3024.jpg,0.03487857914858836
image_5364.jpg,0.00011430691067878608
image_9184.jpg,0.039048821008740825
image_13611.jpg,0.03742246067652107
image_4934.jpg,0.3161817118742075
image_858.jpg,0.0013546518559104993
image_1190.jpg,0.0062150435906486055
image_14514.jpg,0.7102693776653742
image_16229.jpg,0.8559767461099999
image_7478.jpg,0.01304402136546918
image_15935.jpg,0.09578133273032317
image_9644.jpg,0.09533890680455315
image_16193.jpg,0.03296888155676453
image_8545.jpg,0.2198910007226369
image_10275.jpg,0.028114592037402943
image_7902.jpg,0.02929469569773161
image_13625.jpg,0.29687149828150855
image_15413.jpg,0.005145935673591776
image_3505.jpg,0.004880460587001939
image_4456.jpg,0.6200034172173859
image_10713.jpg,0.7459571565224226
image_12758.jpg,0.016368162723268492
image_2750.jpg,0.20290517471224453
image_4536.jpg,0.6200537467093878
image_12412.jpg,0.0030713244180221237
image_11469.jpg,0.006055589186724236
image_4082.jpg,0.00042461280612944346
image_997.jpg,0.0010702142444048127
image_14899.jpg,0.0012882340488717364
image_14922.jpg,0.014589118192511708
image_13603.jpg,0.000242941711637109
image_16020.jpg,8.52692740890094e-05
image_8229.jpg,0.0009938059259825863
image_1118.jpg,0.00787248818952747
image_1925.jpg,0.8071441300572345
image_11032.jpg,0.006872523821093369
image_7140.jpg,0.01991631509030708
image_12467.jpg,0.009175535249496398
image_6547.jpg,0.0033691887642927614
image_6879.jpg,0.002831581186499386
image_3065.jpg,0.024524628060366725
image_8508.jpg,5.023577367921382e-06
image_13683.jpg,0.0002119706031943511
image_5973.jpg,6.879874966853203e-05
image_5555.jpg,0.2845076077410098
image_10601.jpg,6.328832976129349e-05
image_14310.jpg,0.008061858925012563
image_892.jpg,0.002230353320996991
image_13437.jpg,0.012358842931787902
image_6093.jpg,0.008537844921032291
image_11975.jpg,0.4538089193687004
image_9423.jpg,0.0006777757893157972
image_91.jpg,0.020154328068265726
image_8982.jpg,0.10075213455433847
image_6780.jpg,0.14865961697472094
image_5016.jpg,0.49213771702705883
image_14346.jpg,0.04617353564443606
image_12197.jpg,0.1777539014734637
image_4747.jpg,0.006101063952321317
image_1349.jpg,0.0006719510854420409
image_9261.jpg,0.01704809199294258
image_1144.jpg,0.024028669319819215
image_5421.jpg,0.33588131622367196
image_753.jpg,0.03941310697452653
image_15399.jpg,0.018589639875701815
image_3188.jpg,0.025088970110036572
image_1441.jpg,0.0551665222829465
image_2604.jpg,0.03411519912169809
image_4397.jpg,0.5245335245131166
image_9449.jpg,0.19241734624971693
image_15046.jpg,0.9348116336010185
image_12298.jpg,0.04645804252473682
image_10534.jpg,0.571691216139966
image_1548.jpg,0.029150320890043817
image_12045.jpg,0.0008404898253715588
image_14705.jpg,0.3322483477622023
image_14826.jpg,0.8181161994942767
image_7906.jpg,0.057340423929434114
image_6705.jpg,0.0003618172147512636
image_8076.jpg,0.27991637992672574
image_13516.jpg,0.6831887117433096
image_4285.jpg,0.006882448144871086
image_495.jpg,0.010129889178955354
image_1492.jpg,0.045114381879848536
image_5300.jpg,0.664378519541075
image_12657.jpg,0.14151835863494927
image_15793.jpg,0.07763610143383204
image_8490.jpg,0.0028440056838095968
image_9704.jpg,0.0004621945750983759
image_2016.jpg,0.001475320748206699
image_15218.jpg,0.07634984106670507
image_8108.jpg,0.012528387009259295
image_14605.jpg,0.14805035435711278
image_8299.jpg,0.16747675698297024
image_12051.jpg,0.0012870188987392985
image_14903.jpg,0.019453546591126962
image_15156.jpg,0.08282959461078329
image_15706.jpg,0.5064237404280437
image_14980.jpg,0.33187389641711923
image_15558.jpg,0.0003615150313225525
image_3737.jpg,0.07400955656951094
image_3587.jpg,0.05458466909724989
image_10011.jpg,0.09719003736902254
image_3162.jpg,0.0003385477768104663
image_2209.jpg,0.0006821646804492025
image_13336.jpg,0.00036114031806069196
image_14496.jpg,0.4006092595507382
image_3144.jpg,0.017409260273464674
image_6090.jpg,0.06330848495701454
image_15502.jpg,0.0027845202624736955
image_5014.jpg,0.031373095268533234
image_3757.jpg,0.04842871353646903
image_10572.jpg,0.0012198635416585044
image_12214.jpg,0.04500978875381597
image_6965.jpg,0.9902753407571853
image_11913.jpg,0.004497653368080319
image_7837.jpg,0.24263351533493194
image_3486.jpg,0.020613653939398603
image_11760.jpg,0.7044691385944117
image_12428.jpg,0.005006423398372568
image_1231.jpg,0.2452352427209637
image_3379.jpg,0.21514944419801013
image_3099.jpg,0.14328138205952626
image_12740.jpg,0.29043769889765386
image_4164.jpg,0.00799937057516167
image_6180.jpg,0.029933867573101743
image_5808.jpg,0.0025236766283291347
image_12146.jpg,0.024732144208788786
image_1196.jpg,0.030356893396467025
image_7876.jpg,1.716268492119885e-05
image_9586.jpg,0.34183588038001017
image_6933.jpg,0.013859376954171804
image_14084.jpg,0.0009674565912784209
image_1655.jpg,0.21597232215214085
image_14747.jpg,0.008714040007105885
image_5152.jpg,0.013578638616719287
image_10303.jpg,0.04380867260081467
image_10265.jpg,0.006689415383557863
image_9415.jpg,0.001990422467460432
image_12978.jpg,0.03399067466857706
image_10999.jpg,0.5016027046821346
image_5770.jpg,0.6038113374640605
image_13400.jpg,0.029956821810173433
image_13696.jpg,0.09465796935652047
image_3890.jpg,0.2083101214562853
image_2084.jpg,0.01731754760846521
image_12674.jpg,0.004194372299934943
image_5319.jpg,0.2361343887471127
image_11632.jpg,0.003173434624841993
image_9466.jpg,0.0015867392881528165
image_10230.jpg,0.01474818862926453
image_10935.jpg,0.3006689953096498
image_14157.jpg,0.35784027461861395
image_8252.jpg,0.3518634372102091
image_12611.jpg,0.024095211642641712
image_15315.jpg,0.04347056645708839
image_940.jpg,0.0031256891197180728
image_1039.jpg,0.0001560120525414287
image_11745.jpg,0.7319820138572541
image_5249.jpg,0.3855305972914627
image_16514.jpg,0.06519113408788292
image_1763.jpg,0.00016320738220869109
image_11154.jpg,0.3453745419769698
image_14882.jpg,0.0002264235932656205
image_15879.jpg,0.0017583736864123384
image_12141.jpg,0.8445770916688424
image_9632.jpg,0.0008393171976939564
image_10717.jpg,0.019976474935724055
image_5523.jpg,0.00026205835707417114
image_11536.jpg,0.030750775825149262
image_5675.jpg,0.02204017130303899
image_2634.jpg,0.0005030518724957844
image_6669.jpg,0.1135542407396191
image_4319.jpg,0.013584330086265391
image_3817.jpg,0.8725261936734783
image_11700.jpg,0.9777273227962402
image_14768.jpg,0.000536165391612225
image_11770.jpg,0.04277738798257915
image_5970.jpg,0.09999321845262309
image_15470.jpg,0.016113222650395425
image_7330.jpg,0.7220476862154463
image_7834.jpg,0.021060519059903714
image_8570.jpg,0.4534481176219627
image_15139.jpg,0.9053880853176015
image_9484.jpg,0.028869958612743295
image_12941.jpg,6.82417355497641e-05
image_4439.jpg,0.0024328026768302763
image_12011.jpg,0.04146778240581453
image_6421.jpg,0.0012016090297818055
image_7391.jpg,0.0013605873410057103
image_5381.jpg,0.04006366667660101
image_5522.jpg,0.5219520885764777
image_1762.jpg,0.005087040636149187
image_12292.jpg,0.9122138303972005
image_15076.jpg,0.002886819060049907
image_1703.jpg,0.017410827589660217
image_8851.jpg,0.8438961345121758
image_8035.jpg,0.005965726550962095
image_12287.jpg,0.011572706264162074
image_9067.jpg,0.013830442627745746
image_1131.jpg,0.54904263908949
image_5392.jpg,0.19592441280299375
image_10279.jpg,0.31721689898959643
image_11371.jpg,0.02061871849503239
image_3507.jpg,0.14846329013756313
image_8312.jpg,0.04940123048324506
image_12529.jpg,0.003477322815643509
image_2831.jpg,0.008990724944976429
image_2277.jpg,0.002112697457023255
image_7069.jpg,0.012996283284122681
image_13055.jpg,0.27423715103385216
image_13841.jpg,0.03190731402281025
image_8120.jpg,0.2617782081209829
image_1620.jpg,0.002162609508149835
image_5874.jpg,0.0008045857185899705
image_2649.jpg,0.05489636908706633
image_11317.jpg,0.000359337746703419
image_1410.jpg,0.0018672050037519554
image_11656.jpg,0.08112107845116795
image_16296.jpg,0.025969071509585218
image_16163.jpg,0.10986584281749392
image_3480.jpg,0.01357934266157109
image_15786.jpg,0.020360810491997085
image_11877.jpg,0.33570103513741767
image_6702.jpg,0.0031481571390881307
image_15851.jpg,0.002608602098730328
image_4502.jpg,0.13581945183681293
image_15313.jpg,0.7584098456267886
image_7955.jpg,0.00547481273400074
image_14820.jpg,0.425960918341699
image_10332.jpg,0.018812833731605423
image_1167.jpg,0.19036716628612985
image_6872.jpg,0.019741804041417874
image_6641.jpg,0.06550880068547756
image_4879.jpg,0.6911681455335487
image_15070.jpg,0.002850070143637622
image_5565.jpg,0.1664446815774387
image_3122.jpg,0.014184114704107312
image_15144.jpg,0.007417929662983069
image_15752.jpg,0.0016614032929411246
image_9151.jpg,0.8386220346470142
image_7004.jpg,0.011456745791205827
image_601.jpg,0.010436389049807043
image_16377.jpg,0.01588530841577035
image_1488.jpg,0.08881267092684465
image_4863.jpg,0.005756815899387084
image_955.jpg,0.0006347587425102883
image_15692.jpg,0.1831263016378955
image_4855.jpg,0.00736157351390831
image_3877.jpg,0.03312485176769592
image_14603.jpg,0.46199383701554797
image_12043.jpg,0.07991235630028466
image_4610.jpg,0.0006814826974872141
image_10318.jpg,0.005145884217435607
image_1779.jpg,0.02425485852426323
image_5829.jpg,0.0008795132293337739
image_14265.jpg,0.11596516438807544
image_15767.jpg,0.1369495010130617
image_6057.jpg,0.23624521362196296
image_11910.jpg,0.004261961292942183
image_8562.jpg,0.011433343758546608
image_11942.jpg,0.23999806574362348
image_1427.jpg,0.9343086984068646
image_14208.jpg,0.02525338362097978
image_3815.jpg,0.0016510096200948346
image_10707.jpg,0.0054673071638332025
image_13996.jpg,0.0009311874055509919
image_14959.jpg,0.7653088525951486
image_1146.jpg,0.008939294737565037
image_6176.jpg,0.07445126418779237
image_3.jpg,0.7637914590029968
image_5297.jpg,0.0031124985357537114
image_410.jpg,0.04112661827623425
image_9405.jpg,0.9955169719323362
image_9593.jpg,0.059599128352805994
image_6555.jpg,0.43582596315592365
image_2112.jpg,0.118078517875959
image_623.jpg,0.025779159787445514
image_12053.jpg,0.007917060442543353
image_15221.jpg,0.9162361158070489
image_13816.jpg,3.508486881095349e-05
image_4585.jpg,0.001733102581464144
image_11017.jpg,0.11903254733434768
image_6273.jpg,0.39589793803331524
image_15452.jpg,0.030247716075839336
image_2113.jpg,0.0906640397748544
image_4258.jpg,0.0005105370418533514
image_12401.jpg,0.0001146557915065676
image_13613.jpg,0.00013929687662225633
image_10218.jpg,0.0365821462984753
image_5390.jpg,0.4237020634933599
image_6682.jpg,0.867161190690708
image_3420.jpg,0.1819325379402001
image_9014.jpg,0.01645183820490718
image_3297.jpg,0.44806933800227033
image_1971.jpg,0.030866874750422175
image_12664.jpg,0.11955485369559306
image_3594.jpg,0.0011732641130132563
image_16167.jpg,0.07342006258167914
image_5393.jpg,0.08565624733763902
image_4338.jpg,0.005754052126265867
image_16319.jpg,0.0007802755822306256
image_8485.jpg,0.060949843605254336
image_7067.jpg,0.01766554461390556
image_9653.jpg,0.0064334757433666375
image_15309.jpg,0.41591317043185966
image_13659.jpg,0.06340333110142662
image_6994.jpg,0.013332104610849096
image_9064.jpg,0.0672718247622824
image_621.jpg,0.006674093144516786
image_5446.jpg,0.12308981214219542
image_7968.jpg,0.0021062514087693404
image_1630.jpg,0.14826104303876578
image_296.jpg,0.024406204384974473
image_648.jpg,0.03252071182744809
image_273.jpg,0.9284227141636517
image_4122.jpg,0.028097676000669078
image_8049.jpg,0.22435600057991187
image_678.jpg,0.01401983649369412
image_5135.jpg,0.00011609139842662313
image_12615.jpg,0.5226124658276177
image_2352.jpg,0.02136190584462186
image_11383.jpg,0.16338211643280184
image_13158.jpg,0.009189209707372496
image_2733.jpg,0.0004688462101306623
image_15096.jpg,0.11513160094062654
image_174.jpg,0.002768121777724599
image_2519.jpg,0.009933121996108506
image_7503.jpg,0.3721911511423269
image_347.jpg,0.007323165873929673
image_7006.jpg,0.3204610580636143
image_269.jpg,0.4650003319607688
image_8512.jpg,0.006586313025170592
image_9615.jpg,0.08529755135442456
image_2213.jpg,0.005411361037250908
image_13392.jpg,0.09027400546570938
image_14347.jpg,0.8590433463179188
image_14402.jpg,0.0014399398084880494
image_7661.jpg,0.21058954073619127
image_8751.jpg,0.0005996189652507156
image_9938.jpg,0.0025925674993266343
image_8292.jpg,0.013604766990461443
image_10504.jpg,0.018882883736213198
image_14009.jpg,0.1985390872390339
image_2313.jpg,0.01867020129984205
image_502.jpg,0.1752786276739304
image_10552.jpg,0.011006483733254186
image_5969.jpg,0.0215688022237427
image_14836.jpg,0.04403187959613239
image_10076.jpg,0.006551414226161052
image_12396.jpg,0.04688535261868466
image_3497.jpg,0.014291835807084253
image_12395.jpg,0.798575837456077
image_7777.jpg,0.0031937365347022234
image_4393.jpg,0.03037601453982591
image_3682.jpg,0.0004950360823612952
image_16471.jpg,0.00013886388340790008
image_1594.jpg,0.08630294345992262
image_9926.jpg,0.20766643856370617
image_11805.jpg,0.0011199525303025029
image_15352.jpg,0.1686497325294076
image_11791.jpg,0.003991172637269156
image_14900.jpg,0.3163179977872103
image_13155.jpg,0.006516019284653384
image_14648.jpg,0.16408519662707127
image_574.jpg,0.6144763045150902
image_12399.jpg,0.11844067624009659
image_9981.jpg,0.0006436133261437176
image_4720.jpg,0.014353464022727717
image_10796.jpg,0.0009242855916533694
image_11699.jpg,0.27377897307433313
image_7089.jpg,0.04209108459342739
image_11196.jpg,0.00022087715033478126
image_8671.jpg,0.0010737324256202276
image_16413.jpg,0.0577848241124859
image_3736.jpg,0.00211762917655789
image_11911.jpg,0.22855847054418457
image_1090.jpg,0.021328590378741182
image_9200.jpg,0.00040932260811412654
image_14677.jpg,0.0006031458319419796
image_6081.jpg,0.005093088366687272
image_7618.jpg,0.013011605427969638
image_16021.jpg,0.08456661082207227
image_10052.jpg,0.00410476987124478
image_8216.jpg,0.004397648514929523
image_6261.jpg,0.0546664886528318
image_5119.jpg,0.9712754644962667
image_14581.jpg,0.3764765261708266
image_13068.jpg,0.001483652851929926
image_7760.jpg,0.004969704470020529
image_5123.jpg,0.004195638843344982
image_11466.jpg,0.05919265108489243
image_7519.jpg,0.044845929451274615
image_7797.jpg,0.45578939128306006
image_15268.jpg,0.023760833351301382
image_2751.jpg,0.20297331834881543
image_8779.jpg,0.10086429170708926
image_10234.jpg,0.009542117616083019
image_13926.jpg,0.0012904683271750571
image_11824.jpg,0.0007069684134484884
image_11202.jpg,0.01638547336285324
image_8164.jpg,0.022605989260404063
image_3262.jpg,0.007232210657662344
image_2292.jpg,0.8770997916352563
image_14051.jpg,0.24425835093093404
image_8861.jpg,0.39435468825084463
image_12980.jpg,0.3029150087319168
image_7603.jpg,0.015441097636826703
image_10728.jpg,0.005630345781482155
image_6977.jpg,0.006115171266617426
image_14318.jpg,0.3255045162870723
image_1695.jpg,0.01900960529612734
image_12842.jpg,0.003735761076272812
image_2870.jpg,0.4574424564693103
image_10357.jpg,0.030196101339713562
image_259.jpg,0.0003420331891266633
image_1127.jpg,0.8913725918604013
image_695.jpg,0.015376641458991662
image_13739.jpg,0.008470557678865507
image_8069.jpg,0.11417873774494806
image_10575.jpg,0.059885412892848475
image_4685.jpg,0.07110186997647694
image_15553.jpg,0.002248203487552805
image_4467.jpg,0.03562026217793489
image_12391.jpg,0.22114736804615226
image_163.jpg,0.03399614121810567
image_10798.jpg,0.008858757813737888
image_12111.jpg,0.037997858632460385
image_4389.jpg,3.398726057006717e-06
image_9121.jpg,0.19758944062153894
image_5702.jpg,0.01994768469573951
image_15843.jpg,0.18129074130476353
image_8550.jpg,0.008416882278727278
image_6878.jpg,0.11827094882022125
image_4557.jpg,0.0026307848646990525
image_1114.jpg,0.007847277526582442
image_11221.jpg,0.04226697843830525
image_5265.jpg,0.7434025784611489
image_16382.jpg,0.07593653144634312
image_2654.jpg,0.004700219834155953
image_10790.jpg,0.06758683241564072
image_13017.jpg,0.642724451581342
image_7419.jpg,0.025001438348990535
image_1428.jpg,0.07519380430914681
image_10147.jpg,0.035100004011709936
image_1161.jpg,0.14598356930799838
image_1746.jpg,0.014725655676558166
image_7646.jpg,0.05677967069860358
image_12182.jpg,0.01145948598317993
image_664.jpg,0.066697387773596
image_13386.jpg,0.00792656062784071
image_3349.jpg,0.004733817298403784
image_7999.jpg,0.00787185663723061
image_6812.jpg,0.008819570648929468
image_13447.jpg,0.0049295337819578395
image_16206.jpg,0.0004300721779911452
image_9039.jpg,0.09836355652911195
image_10603.jpg,0.00010136587829076664
image_9480.jpg,0.0015475457994136386
image_14133.jpg,0.0005149727969803725
image_13515.jpg,0.11876247933059562
image_2433.jpg,0.09395572278733687
image_11846.jpg,0.014366065940891189
image_1940.jpg,0.01749400178520299
image_11614.jpg,0.1559948858373817
image_6233.jpg,0.00020313807379464016
image_7259.jpg,0.020975027094309713
image_6085.jpg,0.058597661412965935
image_7406.jpg,0.005598022980279332
image_7515.jpg,0.603939273269896
image_7789.jpg,0.00776749279548957
image_12159.jpg,0.06707153800184089
image_3869.jpg,0.012099141423065351
image_4464.jpg,0.05551232090800413
image_8852.jpg,0.1706416138497393
image_9993.jpg,0.0034362843649271774
image_7447.jpg,0.0255968983542378
image_5896.jpg,0.003753062353086844
image_13459.jpg,0.8696001347187972
image_5965.jpg,0.4914373402193639
image_1281.jpg,0.00031668032510866705
image_3624.jpg,0.00873947099676879
image_15237.jpg,0.0009330997268107789
image_5485.jpg,0.0015135660094699613
image_6557.jpg,0.0001447355560320112
image_10540.jpg,0.0007531506752443392
image_839.jpg,0.00218627704451539
image_4107.jpg,0.0011279563779046607
image_3926.jpg,0.0487682464113526
image_4671.jpg,0.0024371064097541443
image_11026.jpg,0.02619432386849852
image_12429.jpg,0.15700577277760694
image_8016.jpg,0.00496840164214174
image_3193.jpg,0.08182694625618002
image_2005.jpg,0.0014174322657786948
image_573.jpg,0.0010184633961517202
image_11694.jpg,0.43128145210383323
image_10786.jpg,0.7653230796328634
image_5164.jpg,0.05397602776139703
image_15195.jpg,0.1932777893879116
image_2883.jpg,0.09492603933981512
image_3499.jpg,0.8232306503833359
image_1113.jpg,0.46050590774607636
image_15310.jpg,0.34828341703167337
image_11920.jpg,0.8222094575559896
image_5506.jpg,0.058395502316562646
image_3263.jpg,0.10120146963887407
image_5551.jpg,0.039979920269845926
image_7743.jpg,0.02506800154656455
image_16160.jpg,0.8441590692525042
image_12835.jpg,0.03507349189382477
image_3035.jpg,0.2121440008066091
image_644.jpg,0.002072959586229687
image_11380.jpg,0.4156746795888546
image_3825.jpg,0.0003971132414972857
image_365.jpg,0.41146551901734063
image_5255.jpg,7.98573188100352e-05
image_12086.jpg,0.7010972865222399
image_11108.jpg,0.06726356944229131
image_4243.jpg,0.002853511253255607
image_12133.jpg,0.6306235601500817
image_6663.jpg,0.00443149810063025
image_5759.jpg,1.3435129098612254e-05
image_3597.jpg,1.3212305193411221e-05
image_13678.jpg,0.01639495855194174
image_8214.jpg,0.8972109679194574
image_5166.jpg,0.012965097128717167
image_2202.jpg,0.0009171864462069985
image_1185.jpg,0.5001271432348361
image_4140.jpg,0.008498490726960127
image_13451.jpg,0.0009695508095849404
image_2028.jpg,0.26256255289148583
image_1828.jpg,0.35111404125461176
image_2353.jpg,0.13502430498992987
image_5019.jpg,0.7561252506924351
image_8542.jpg,0.13803844339965488
image_10625.jpg,0.056716866619803075
image_7499.jpg,0.001977204972344939
image_11666.jpg,0.15068696590817207
image_15703.jpg,0.012753502057471697
image_15345.jpg,0.7175401671330218
image_9068.jpg,0.052107261624376774
image_10422.jpg,0.03272259740050424
image_8643.jpg,0.1017629154805307
image_825.jpg,0.7795883512473069
image_6807.jpg,0.0065095057161492255
image_674.jpg,0.01180379924722416
image_6231.jpg,0.003494504586512335
image_5588.jpg,0.6406265749207984
image_5509.jpg,0.10416944387664367
image_7193.jpg,0.4073135570222236
image_5869.jpg,0.00037854878300510144
image_15206.jpg,0.3165441101023722
image_2408.jpg,0.20011934685280655
image_16305.jpg,0.06313388381129363
image_2513.jpg,0.008310708990415812
image_14501.jpg,0.00013232772035864265
image_9239.jpg,0.022517984434681382
image_16511.jpg,0.00854619105069183
image_14134.jpg,0.006625423314614167
image_3429.jpg,0.8817488572810035
image_1072.jpg,0.012916435399446351
image_6144.jpg,0.8741716399610084
image_15181.jpg,0.037865841364339396
image_11901.jpg,0.012503044269192215
image_12425.jpg,0.0067828469125781644
image_4241.jpg,0.0037149255600585213
image_7582.jpg,0.00029111363110325875
image_7429.jpg,0.0024318366815665256
image_8674.jpg,0.000906141110932246
image_13439.jpg,0.9140996596053526
image_16289.jpg,0.02457469680657413
image_2492.jpg,0.09829893487089322
image_14487.jpg,0.65144138513996
image_13918.jpg,0.032454494423249124
image_13581.jpg,0.0001886963297429305
image_12647.jpg,0.05728499830407451
image_4064.jpg,0.027494999959432057
image_4418.jpg,0.044463907976024064
image_12892.jpg,0.048150326963897816
image_9041.jpg,0.00032105624099444327
image_8936.jpg,0.01568213873062272
image_7940.jpg,0.004925512495104057
image_12865.jpg,0.7097727458135678
image_12622.jpg,0.9645745067174953
image_11060.jpg,0.04728160276130677
image_8399.jpg,0.0013038934300836854
image_1071.jpg,0.939773002795632
image_4445.jpg,0.03957387450025272
image_12535.jpg,0.0091812659584127
image_4782.jpg,0.007552431198138904
image_15479.jpg,0.0029446049470588146
image_5115.jpg,0.024643736521739863
image_8338.jpg,0.6024102416876376
image_2731.jpg,0.0024502066408410923
image_12837.jpg,0.6871530666018674
image_16324.jpg,0.02914480198653145
image_6769.jpg,9.923983895533437e-05
image_705.jpg,0.0006880297993365497
image_13535.jpg,0.00048707360857570836
image_16470.jpg,0.001961927646468391
image_762.jpg,0.003737049938314499
image_2394.jpg,0.02019125072224788
image_155.jpg,0.05167879176095435
image_9636.jpg,0.440793586902005
image_7589.jpg,0.2313654841383049
image_9131.jpg,0.4776665415909624
image_9140.jpg,0.1304136833780569
image_2619.jpg,0.010633076980443502
image_10408.jpg,0.033335696584515545
image_8981.jpg,0.005132990977539164
image_8515.jpg,0.0047395655697555425
image_7310.jpg,0.00022534042787408055
image_7682.jpg,0.012561906665158391
image_11797.jpg,0.046489431508701703
image_15192.jpg,0.7972096572608662
image_15216.jpg,0.0027207459066116045
image_16145.jpg,0.004055055381764714
image_8730.jpg,0.21312833144465068
image_12119.jpg,0.19567289030386412
image_3542.jpg,0.03553381265463144
image_3007.jpg,0.005196151940982873
image_8199.jpg,0.007583551267843933
image_15794.jpg,0.001018135447939689
image_4421.jpg,0.8773718944630297
image_9715.jpg,0.5426037673525331
image_294.jpg,0.012518206767016895
image_13639.jpg,0.1030086481602777
image_15398.jpg,0.8582692416224
image_10612.jpg,0.14031155811886992
image_12953.jpg,0.07373452171523458
image_16111.jpg,0.014741426463685491
image_3967.jpg,0.0001840978602501706
image_13261.jpg,0.001223684267147884
image_10491.jpg,0.00022495901697990842
image_14573.jpg,0.010306731065792073
image_5904.jpg,0.008650356617195027
image_11409.jpg,0.44118079027205526
image_13987.jpg,0.024621141227105063
image_10462.jpg,0.02487010674061291
image_101.jpg,0.012845117699527684
image_9773.jpg,0.048280314188966694
image_6869.jpg,0.003745284424911327
image_2070.jpg,0.19367297463443262
image_12398.jpg,0.01630184194184938
image_8956.jpg,0.0005229096778124104
image_3989.jpg,0.02486475907047712
image_12763.jpg,0.012139381710914632
image_11078.jpg,0.9906503565399408
image_4446.jpg,0.00044473870352630825
image_6364.jpg,0.2527328727717622
image_14645.jpg,0.14153067036905048
image_1706.jpg,0.10419800351084434
image_1917.jpg,0.016196945527805814
image_1806.jpg,0.012700429575480164
image_2331.jpg,0.00040048115671864685
image_5903.jpg,0.018148323752657618
image_13612.jpg,0.0625648305061635
image_10939.jpg,0.003847060529402488
image_2787.jpg,5.1710106054735216e-05
image_7761.jpg,7.297308860982154e-05
image_1818.jpg,0.9853194015927403
image_6832.jpg,0.02866775349131616
image_16424.jpg,0.0006963792780875017
image_13372.jpg,0.003406108519228778
image_13753.jpg,0.3587908146771948
image_10105.jpg,0.4420323314315692
image_10873.jpg,0.7127253490494364
image_9235.jpg,0.006211705878250648
image_1792.jpg,0.008190274912316855
image_12604.jpg,0.04505215735111974
image_5736.jpg,0.009305464615234477
image_10691.jpg,0.00038729931829296525
image_5041.jpg,0.002093525358186135
image_2244.jpg,0.0034093059520928044
image_1680.jpg,0.02973121517494707
image_3668.jpg,0.4257522103434687
image_15693.jpg,0.2045736595733743
image_15739.jpg,0.029351749838248255
image_1817.jpg,0.5906997404746778
image_6848.jpg,0.002982687590099981
image_4793.jpg,0.05360580915480268
image_12659.jpg,0.012121493220706788
image_5678.jpg,0.002988910533788888
image_8822.jpg,0.0001863667263969145
image_4440.jpg,0.001779081418117272
image_6890.jpg,0.047067763104326484
image_15182.jpg,0.01904442872606799
image_1950.jpg,0.002411659353648705
image_7360.jpg,0.02880741541169419
image_14588.jpg,0.002459360559217367
image_10922.jpg,0.21101779656380115
image_4239.jpg,0.002196648480767261
image_8746.jpg,0.001669155285098119
image_806.jpg,0.001343320473478015
image_2933.jpg,0.08643742438919903
image_4157.jpg,0.00037317772366794125
image_2264.jpg,0.00012418044629036612
image_4188.jpg,0.014316929472318114
image_1026.jpg,0.2950396615437099
image_2136.jpg,0.9453148311024617
image_115.jpg,0.7487716729675584
image_9549.jpg,0.02071961038298349
image_964.jpg,0.012406521917831132
image_9929.jpg,0.0238086526383252
image_16067.jpg,0.9623767677016156
image_11241.jpg,0.04192938963912685
image_14554.jpg,0.39339391353811554
image_16332.jpg,0.009703709419973342
image_12772.jpg,0.002019427574842533
image_8714.jpg,0.02416865295312518
image_6237.jpg,3.129090846143992e-05
image_16554.jpg,0.47150612362254135
image_8342.jpg,0.0005207239642861547
image_4496.jpg,0.030555939477697896
image_144.jpg,0.003672731671666526
image_13865.jpg,0.12141393121169719
image_1922.jpg,0.16087841441516043
image_248.jpg,0.220092095206737
image_9862.jpg,0.008302767760375186
image_13064.jpg,0.006530155783129535
image_187.jpg,0.007375430871671248
image_4102.jpg,0.15120198011669084
image_5996.jpg,0.0704888901512357
image_4854.jpg,0.0063842828406683845
image_7904.jpg,0.03498772925935683
image_13965.jpg,0.3812955898084692
image_15224.jpg,0.0014636701215265645
image_497.jpg,0.07089899060001802
image_8579.jpg,0.005356667048459644
image_12974.jpg,0.01028407161519505
image_14492.jpg,0.9275568687615233
image_4374.jpg,0.12745213765071137
image_13755.jpg,0.8726196529625604
image_4799.jpg,0.0044948027697984585
image_6656.jpg,0.9952157403288329
image_13881.jpg,0.0016063308320258042
image_4401.jpg,0.0027666855612848594
image_15323.jpg,0.01899213989453973
image_4306.jpg,0.4955600501381278
image_10448.jpg,0.9739622745513892
image_2759.jpg,0.08361746293581113
image_8258.jpg,0.10400484282368401
image_5861.jpg,0.0008971118921904945
image_1412.jpg,0.002665520656185184
image_5417.jpg,0.008870470195005292
image_3079.jpg,0.00024784055983468126
image_6798.jpg,0.2545788504716632
image_1712.jpg,0.026493494691612295
image_10282.jpg,0.06920557652132943
image_7427.jpg,0.0033723631367538194
image_828.jpg,0.0027140720807370066
image_8067.jpg,0.008294191863090146
image_12204.jpg,0.0003456809763639592
image_11477.jpg,0.00026937387381685134
image_9895.jpg,0.0019406082016532303
image_5379.jpg,0.206429230171318
image_11169.jpg,0.2562192164754276
image_10756.jpg,0.2646182423099547
image_15780.jpg,0.013983728652882329
image_6883.jpg,0.04025503380755336
image_1344.jpg,0.7406685151703963
image_6687.jpg,0.03944816774388077
image_15715.jpg,0.9549430730796398
image_4636.jpg,0.5026724977361849
image_10720.jpg,0.05492240253413012
image_15211.jpg,0.07722253637016173
image_13173.jpg,0.0234793643178132
image_16166.jpg,0.04722435672214199
image_7409.jpg,0.0008520493938505862
image_2651.jpg,0.13632141065109424
image_1148.jpg,0.05541066223570533
image_14324.jpg,0.03377128231401203
image_6438.jpg,0.033724674040570994
image_4031.jpg,0.020887841159330237
image_12846.jpg,0.8247408225556604
image_12762.jpg,6.248838876154044e-05
image_4826.jpg,0.6874998203891218
image_236.jpg,0.2414190934983147
image_16257.jpg,0.0005706913891138716
image_7204.jpg,0.47982407952885625
image_8157.jpg,0.27536254207212457
image_11309.jpg,0.9351205174961958
image_2082.jpg,0.024180097591244266
image_10579.jpg,0.0023245069930361486
image_4223.jpg,0.1321838563173133
image_10000.jpg,0.008829167533600493
image_6499.jpg,0.0020468622470966205
image_2956.jpg,0.03244690930893869
image_12794.jpg,0.0054782291559029
image_2303.jpg,0.0008668566173041248
image_10159.jpg,0.004190291971791797
image_3786.jpg,0.006258116057260929
image_356.jpg,0.5259654705397325
image_16180.jpg,0.02229897741422313
image_8308.jpg,0.007300822204002487
image_6918.jpg,0.08612404237590927
image_10687.jpg,0.0013114094980161328
image_5106.jpg,0.011958735469354631
image_15177.jpg,0.0004900702671412416
image_9413.jpg,0.9111227231271849
image_1992.jpg,0.12999639750580738
image_1557.jpg,0.0802814815032771
image_14711.jpg,0.0005713530269220509
image_4139.jpg,0.6320656463972681
image_9215.jpg,0.011712511726742135
image_5469.jpg,0.4983820584921078
image_4683.jpg,0.01016020574248357
image_1794.jpg,0.006080913973833445
image_15097.jpg,0.00023172730034219248
image_5517.jpg,0.0016727929505391374
image_12882.jpg,0.013472827874497365
image_7650.jpg,0.0019016157715686323
image_1626.jpg,0.9786955242074058
image_9395.jpg,0.05658930524445188
image_2544.jpg,0.35317887246385987
image_112.jpg,0.023707451737205294
image_12838.jpg,0.013632849054519872
image_1197.jpg,0.0023476890246259155
image_3225.jpg,0.06656556719993575
image_6925.jpg,0.008743379260543726
image_874.jpg,0.003947063629906085
image_4706.jpg,0.12408373142061963
image_4340.jpg,0.0001869952594199574
image_14049.jpg,0.3465362796166275
image_8021.jpg,0.03198068262372309
image_11012.jpg,0.06037556140237237
image_5034.jpg,1.5647501528722995e-05
image_16141.jpg,0.07609651974494866
image_1233.jpg,0.05752523975554094
image_8734.jpg,0.04842626108713523
image_9723.jpg,0.010868515345199725
image_13891.jpg,0.02810016818409951
image_966.jpg,0.0036143624427884134
image_3040.jpg,0.002991417445798987
image_1996.jpg,0.012320382797711365
image_2760.jpg,0.6025204033736571
image_16545.jpg,0.2219397166927223
image_12211.jpg,0.3805358633902913
image_9721.jpg,0.2592366660054963
image_14220.jpg,0.16617949240566657
image_5936.jpg,0.6017424092228366
image_14423.jpg,0.014190911486201522
image_10075.jpg,0.007004466358438658
image_4448.jpg,0.05372094784019106
image_9930.jpg,0.5005498412662238
image_7871.jpg,0.0009736520084328318
image_6250.jpg,0.0019874881636035772
image_4889.jpg,0.027904321596197865
image_4411.jpg,0.0820416668009841
image_12171.jpg,0.01090343558985199
image_12056.jpg,0.0179140356946007
image_16099.jpg,0.039143233206492135
image_14536.jpg,0.6339474533785155
image_12155.jpg,0.011843493920180349
image_15281.jpg,0.015065662759600574
image_2537.jpg,0.07383401127185082
image_16303.jpg,0.01589083949784342
image_13773.jpg,0.10550464808742567
image_14633.jpg,0.8421838890527845
image_13988.jpg,0.7356337831465023
image_856.jpg,0.0061852704191269845
image_13308.jpg,0.013711727171881538
image_15746.jpg,0.4286786304260452
image_13236.jpg,0.022360894633838797
image_5001.jpg,0.5905307477768168
image_3018.jpg,0.0026218388126488866
image_16311.jpg,0.406419181098666
image_7235.jpg,0.011865517190520408
image_821.jpg,0.004700390913233718
image_16218.jpg,0.00825277284624294
image_15440.jpg,0.004297335498450493
image_5866.jpg,0.38889970666328955
image_3759.jpg,0.0017400519397622908
image_5927.jpg,0.027089523978280225
image_16082.jpg,0.0037561643979465197
image_12196.jpg,0.5595023756630305
image_8968.jpg,0.00520624015961934
image_13357.jpg,0.021741510385619906
image_4473.jpg,0.18264763418576968
image_6991.jpg,0.0006038313736806843
image_12764.jpg,0.000267569828613199
image_3471.jpg,0.006619468419663426
image_12691.jpg,0.04794133076955054
image_8221.jpg,0.05671307385487402
image_5994.jpg,0.07311277898327735
image_14427.jpg,0.20827521715959268
image_5510.jpg,0.011918852814400397
image_10121.jpg,0.007687288100309419
image_14442.jpg,0.779033652470957
image_1076.jpg,0.009595226565382734
image_3104.jpg,5.870900846876487e-05
image_15724.jpg,0.3235711032975633
image_11036.jpg,0.028803377470206507
image_11061.jpg,0.028756785815248927
image_3832.jpg,0.014569371970201923
image_8440.jpg,0.027160580562347124
image_9278.jpg,0.05397896083802609
image_783.jpg,0.0005907717207444973
image_6985.jpg,0.3794607477755204
image_1034.jpg,0.010365816847235493
image_7900.jpg,4.218103188461167e-05
image_16072.jpg,0.01250959574426524
image_8902.jpg,0.07192796961292289
image_626.jpg,0.002944229599622894
image_6536.jpg,0.17264040444222545
image_7386.jpg,0.1537626144785388
image_13466.jpg,0.3510595791462059
image_3011.jpg,0.04459704358343606
image_14866.jpg,0.03955849518234871
image_3298.jpg,0.0198685075964416
image_8791.jpg,0.03264151238517782
image_7602.jpg,0.011019512081223462
image_3421.jpg,0.0011679851556022254
image_5487.jpg,0.0002824802846776194
image_8465.jpg,0.008128221026312547
image_6167.jpg,0.0017719898748767614
image_14774.jpg,0.0048077213125048675
image_12476.jpg,0.0011565146444736398
image_12302.jpg,0.013277067807365255
image_13902.jpg,0.016514134182241638
image_11166.jpg,0.7910514727075696
image_10420.jpg,0.7143074229295611
image_14301.jpg,6.416068466218077e-05
image_5083.jpg,0.0019157263562362822
image_11857.jpg,0.008333882065831444
image_7078.jpg,0.01909405772664229
image_10699.jpg,0.0029507654775442465
image_16115.jpg,0.0006595008909275166
image_658.jpg,0.00021965425536940445
image_9045.jpg,0.02522843382379335
image_15588.jpg,0.8552287418535173
image_5753.jpg,0.05929185806723187
image_14805.jpg,0.02297114461118449
image_13314.jpg,0.0548914046752284
image_16354.jpg,0.8973411756781993
image_4381.jpg,0.18465073479898012
image_3774.jpg,0.13801890756587845
image_7911.jpg,0.11684333756575696
image_15539.jpg,0.010207341204952643
image_682.jpg,0.07429059365038611
image_9537.jpg,0.0006968467770394749
image_13847.jpg,4.758146481372893e-05
image_3992.jpg,0.007706746206594219
image_3307.jpg,0.007711563914359574
image_15869.jpg,0.012134623037751225
image_7129.jpg,0.02726988993325664
image_16071.jpg,0.010693148617998905
image_2238.jpg,0.05313467046696074
image_13225.jpg,0.17665064599169808
image_14426.jpg,0.00029695447549387457
image_15252.jpg,0.9516241195956414
image_15799.jpg,0.01411827749319021
image_15431.jpg,0.00027519549468000735
image_1445.jpg,0.02547795705572081
image_5435.jpg,0.028647359791073558
image_7053.jpg,0.010405980293053606
image_4697.jpg,0.06647506802825492
image_8407.jpg,0.13119951617379186
image_12381.jpg,0.0028413699414887882
image_14986.jpg,0.01153778170302735
image_13347.jpg,0.025177162845735054
image_1635.jpg,0.22366334066432575
image_13054.jpg,0.005031177472426533
image_787.jpg,0.5473579018696495
image_13798.jpg,0.014968558380436649
image_12757.jpg,0.0532542921095756
image_11286.jpg,0.0050914960998591835
image_6052.jpg,0.15874288302898767
image_807.jpg,0.003683777195720852
image_3481.jpg,0.9343796946291304
image_2793.jpg,0.00010183631356001548
image_15463.jpg,0.029807373336339597
image_15543.jpg,0.02978039014498643
image_16062.jpg,0.06752242053016398
image_15832.jpg,0.00017229730472502282
image_9837.jpg,0.03243960622744433
image_12931.jpg,0.3246380004033872
image_63.jpg,0.002453475169713693
image_1170.jpg,0.005906680561549873
image_13579.jpg,0.001669909581241123
image_13823.jpg,0.033540057740738545
image_8782.jpg,0.03926986098733488
image_10089.jpg,0.025391789654575492
image_2321.jpg,0.058405245998169014
image_6596.jpg,0.0002469711722289464
image_12240.jpg,0.0015633290018984205
image_6481.jpg,0.1887922212460779
image_13728.jpg,0.0005454174812111115
image_4282.jpg,0.006306094390170777
image_14353.jpg,0.46211151802977857
image_491.jpg,9.985648150776275e-05
image_5473.jpg,0.03204883290138582
image_7155.jpg,0.0017749394394043518
image_4758.jpg,0.4226119221655984
image_10751.jpg,0.7047351046831365
image_4141.jpg,0.14965955861957955
image_14862.jpg,0.8036102737483236
image_3367.jpg,0.00011598527876360653
image_4684.jpg,0.994852246121378
image_11735.jpg,0.0038151800143227488
image_12519.jpg,0.024145559742709655
image_12498.jpg,0.0008544675450688393
image_10207.jpg,0.0028495712110866932
image_16143.jpg,0.008374658041476786
image_12218.jpg,0.0020444754426143645
image_14788.jpg,0.00028842326879405353
image_992.jpg,0.007435794848669059
image_2133.jpg,0.07650867643415861
image_2691.jpg,0.25329862003119424
image_1425.jpg,0.002672962770480508
image_6921.jpg,0.0012610270253889542
image_10972.jpg,0.0022354216802706653
image_11.jpg,0.0015976791307112544
image_15131.jpg,0.10419079799065377
image_1179.jpg,0.01600519692457118
image_13800.jpg,0.01372928699874557
image_8051.jpg,0.2537378105132323
image_1032.jpg,0.97072155047781
image_12684.jpg,0.015962119366987576
image_16061.jpg,0.8705685474119396
image_788.jpg,0.020479540988289757
image_9752.jpg,0.004546385413918853
image_14930.jpg,0.0007343508415494108
image_3041.jpg,0.013438761742322045
image_1816.jpg,0.047571340828540254
image_1701.jpg,0.18853821926270248
image_10221.jpg,0.010179534475567811
image_13393.jpg,0.0009856290660076937
image_15821.jpg,0.8601962109786698
image_10300.jpg,0.2597468909313063
image_2700.jpg,0.014307708384859149
image_15124.jpg,0.18535164351902067
image_8079.jpg,0.9138765719167389
image_16248.jpg,0.33032108550385303
image_8686.jpg,0.01813043495854351
image_1228.jpg,0.048830023834740874
image_8328.jpg,0.008501266112960438
image_11460.jpg,0.016649659778192934
image_1423.jpg,0.015826267598912754
image_3769.jpg,0.001184078730231741
image_4645.jpg,0.018117943156266143
image_8112.jpg,0.00048639196173269985
image_8644.jpg,0.5389301833538356
image_2600.jpg,0.019156087586558034
image_4283.jpg,0.10715639148687571
image_13288.jpg,0.11267112521447332
image_1033.jpg,0.5813918096422548
image_12255.jpg,0.19878252570974111
image_8365.jpg,0.028456181604873083
image_11456.jpg,0.2352383900590869
image_16465.jpg,0.1776424942510135
image_10335.jpg,0.0016064196012998972
image_2278.jpg,0.00045799657578822446
image_3649.jpg,0.4058118477777778
image_12690.jpg,0.9063228409464558
image_7028.jpg,0.920409695084721
image_756.jpg,0.007372895340454604
image_2872.jpg,0.6305956748507707
image_15723.jpg,0.8653154480187842
image_12896.jpg,0.6744137800596633
image_1388.jpg,0.0019143431132474574
image_598.jpg,0.003223713009627179
image_5885.jpg,0.031630149009767516
image_2645.jpg,0.000740524689883217
image_3161.jpg,0.0031911183983775967
image_14629.jpg,0.03950998014659817
image_15435.jpg,0.039601936179316996
image_6320.jpg,0.023194131235402062
image_1030.jpg,0.009656135685954555
image_10128.jpg,0.11114522312553193
image_6177.jpg,0.04481890493980014
image_13812.jpg,0.6616044037471606
image_10900.jpg,0.011805189750499205
image_10492.jpg,0.10045495413782009
image_3635.jpg,6.695512111200675e-05
image_2101.jpg,0.6607354299680589
image_1627.jpg,0.00031017622514523693
image_9197.jpg,0.22777366147627937
image_1186.jpg,0.053842491094973584
image_3829.jpg,0.002293215633013718
image_6398.jpg,0.09734274976887265
image_5898.jpg,0.0021071658664895687
image_15491.jpg,0.03588148090563041
image_10160.jpg,0.36521396067347006
image_4352.jpg,0.0005043315273053357
image_5353.jpg,2.0908965411517764e-05
image_5784.jpg,0.6059453966274164
image_4784.jpg,0.0057437270744043305
image_2945.jpg,0.0534814370688148
image_3940.jpg,0.22898646589006025
image_151.jpg,0.07870366760079732
image_1547.jpg,0.08844173089983595
image_125.jpg,0.7861014906709269
image_12366.jpg,0.04317900473549962
image_16187.jpg,0.03094563686545141
image_12326.jpg,0.14733912778872563
image_3699.jpg,0.1286661744098183
image_10763.jpg,0.00031948409977799536
image_5746.jpg,0.0030864001130830633
image_11752.jpg,0.017289498132690727
image_5972.jpg,0.13787497137457422
image_10082.jpg,0.1349446164229898
image_16435.jpg,0.47764420110174044
image_9963.jpg,0.8815197656614581
image_6110.jpg,0.47170215778289765
image_12651.jpg,0.0005197275023844983
image_7490.jpg,0.005089727513964385
image_16001.jpg,0.9719033392747969
image_12746.jpg,0.016725911975166343
image_15294.jpg,0.9473258679433623
image_9238.jpg,0.9958635847865884
image_12420.jpg,0.1674334434238253
image_16392.jpg,0.008289724581475451
image_4775.jpg,0.09872930815038518
image_5877.jpg,0.0279293037751866
image_6630.jpg,0.06130885853307541
image_10051.jpg,0.05765662103558546
image_8864.jpg,0.03310158494565969
image_2791.jpg,4.0592434511704544e-05
image_5836.jpg,0.4055944830426618
image_3424.jpg,0.1232378119765203
image_9851.jpg,0.0056843478031116034
image_5179.jpg,0.006057917473392057
image_9589.jpg,0.004793486188495333
image_4344.jpg,0.03415422082490763
image_11366.jpg,0.04148730067775361
image_721.jpg,0.0037930797741736956
image_16227.jpg,0.0012039789785979328
image_5799.jpg,0.026586866371259704
image_3549.jpg,0.0013670439906100227
image_8979.jpg,0.007660095513131419
image_5974.jpg,0.005542579475140271
image_13203.jpg,0.15676323975396259
image_12558.jpg,0.0023129275656240994
image_8985.jpg,0.0029726262133297336
image_760.jpg,0.008416319443281561
image_6354.jpg,0.012335409831710366
image_2312.jpg,0.14879389300361764
image_8361.jpg,9.301742633737277e-05
image_430.jpg,0.000741854251885768
image_4498.jpg,0.4194742610117424
image_3905.jpg,0.06359144615988706
image_13745.jpg,0.0025431903826666304
image_859.jpg,0.008861476782806054
image_11275.jpg,0.9044484428624121
image_5269.jpg,0.005586823810583983
image_8855.jpg,0.0797935066613199
image_13761.jpg,0.0318556090596262
image_6809.jpg,0.0006981034247841703
image_5029.jpg,0.01758220024215268
image_13651.jpg,0.0036349626962932724
image_8497.jpg,0.0003879762963579998
image_15396.jpg,0.011708720623539288
image_15640.jpg,1.019029020597989e-06
image_5050.jpg,0.0008325856340612341
image_14997.jpg,0.0018250060312699488
image_12339.jpg,4.61496078568763e-06
image_6659.jpg,0.0002814513662485057
image_2069.jpg,0.2935123427023578
image_4966.jpg,8.238421075172788e-05
image_11720.jpg,0.8865904117823332
image_10944.jpg,0.014399674585099533
image_2909.jpg,0.9815608375844215
image_5778.jpg,0.4928887969575164
image_8425.jpg,0.16320435362977978
image_8397.jpg,0.9578611074779708
image_7701.jpg,0.003976788891316561
image_14773.jpg,0.7249728546741261
image_4173.jpg,0.5274007638681897
image_3418.jpg,0.00704351586581227
image_13726.jpg,0.0056246044898201454
image_14272.jpg,0.06769664582364865
image_291.jpg,0.8925421941688755
image_5637.jpg,0.0001534667657804767
image_8915.jpg,0.9411941445818465
image_1201.jpg,0.006855915946943189
image_9717.jpg,0.004366071343636257
image_12090.jpg,0.007844748525702668
image_13449.jpg,0.03448607503241429
image_7984.jpg,0.0018769711760055936
image_2454.jpg,0.7336419596139618
image_5025.jpg,0.01270174264416441
image_12744.jpg,0.2600962400582868
image_13316.jpg,0.053471691693692265
image_3056.jpg,0.014871563940352888
image_13718.jpg,0.043962949063744886
image_16315.jpg,0.03224481322627077
image_6374.jpg,0.015296412087368745
image_2486.jpg,0.04505430320515236
image_6121.jpg,0.023523540357537825
image_16531.jpg,0.26991729115388297
image_5813.jpg,0.01962238127744696
image_4487.jpg,7.263594368029904e-05
image_8318.jpg,0.006641808305640584
image_7792.jpg,0.00768598985259485
image_11055.jpg,0.1365534867495015
image_1528.jpg,0.0166916154638481
image_4574.jpg,0.012024628936427171
image_3583.jpg,0.0009444842246779768
image_4548.jpg,0.00266938985436207
image_8410.jpg,0.07360937349950024
image_8187.jpg,0.0005994104951262974
image_15469.jpg,0.011575650713591817
image_10789.jpg,0.002809429535453227
image_8017.jpg,8.520682248149755e-05
image_1106.jpg,0.030218814337332273
image_3633.jpg,0.007289341705967253
image_14296.jpg,0.04515584043635047
image_13442.jpg,0.12475544723066996
image_3580.jpg,0.5132275358094902
image_3019.jpg,0.01766167881659
image_8227.jpg,0.002317800817397301
image_13665.jpg,0.06935734892036062
image_8302.jpg,0.00358442280727504
image_6390.jpg,0.00022979315285351923
image_338.jpg,0.0008207555111044473
image_11229.jpg,0.041034676718078415
image_3581.jpg,0.010918897506488454
image_3695.jpg,0.029669735287471754
image_1247.jpg,0.12044708031294461
image_1731.jpg,0.007803479594277682
image_9047.jpg,0.0459837316279469
image_2989.jpg,0.012519903091001856
image_11345.jpg,0.009832381998837113
image_6425.jpg,0.02750985768956824
image_1353.jpg,0.5825353088962655
image_14069.jpg,0.2529745982781845
image_7819.jpg,0.034360009641257475
image_7699.jpg,0.002808294765782684
image_10433.jpg,0.0119381091763687
image_1509.jpg,0.1603546461848727
image_8702.jpg,0.007858730222644385
image_7951.jpg,0.026918684256169518
image_16069.jpg,0.3153964299267362
image_10755.jpg,0.035510121277269574
image_4769.jpg,8.773235349141636e-05
image_670.jpg,0.018925542350741984
image_1725.jpg,0.04665766785033796
image_15991.jpg,0.0018120977330157294
image_2761.jpg,0.21918301895054362
image_4447.jpg,0.0027846786515117834
image_13746.jpg,0.008779189660372236
image_6074.jpg,0.00011498316795137723
image_4831.jpg,0.004504727127709149
image_6983.jpg,0.05417138256910054
image_3929.jpg,0.07036173603520984
image_14680.jpg,0.0728090313611775
image_6004.jpg,0.04565993046507096
image_8828.jpg,0.012600677924252277
image_1518.jpg,0.026360153326066265
image_16279.jpg,0.004399680141830814
image_11931.jpg,0.002137833911758524
image_8990.jpg,0.020937343977865952
image_7333.jpg,0.004941841537825957
image_2877.jpg,0.0002873538389894492
image_14860.jpg,0.002853557417467424
image_13757.jpg,0.38607048442846
image_12453.jpg,0.011168945691851782
image_12855.jpg,0.006941525002529056
image_8309.jpg,0.0479464567161543
image_9446.jpg,0.02718119201928432
image_8094.jpg,0.0014727570287725992
image_13382.jpg,0.9085370741788558
image_5458.jpg,0.33708174191310725
image_1842.jpg,0.0038689797342920545
image_8572.jpg,0.012903558790612328
image_7801.jpg,0.07699055771206662
image_9856.jpg,0.03376108191023391
image_14358.jpg,0.007362814412900043
image_13754.jpg,0.4778188746959124
image_9471.jpg,0.0012984286648653602
image_10950.jpg,9.841512475446294e-05
image_10503.jpg,0.005720715506127991
image_15712.jpg,0.004609869723080265
image_11645.jpg,0.002956364305240711
image_14064.jpg,0.0005592260684637384
image_289.jpg,0.007982911247833112
image_5116.jpg,0.02456600444595407
image_4847.jpg,0.13403901483247957
image_11968.jpg,0.0028741693673575673
image_16146.jpg,0.008776691945651295
image_12851.jpg,0.026537379762381904
image_2670.jpg,0.05999989656025721
image_6920.jpg,0.008941339634176383
image_13658.jpg,0.09428780809075875
image_10848.jpg,0.015563586991864007
image_9100.jpg,0.03202675793803066
image_11767.jpg,0.000480372817316074
image_5655.jpg,0.2968860248664445
image_11338.jpg,0.0001520091111007408
image_13616.jpg,0.09411228320241179
image_2148.jpg,0.17158331646265118
image_12868.jpg,0.021768526972981234
image_12774.jpg,0.020235767837617578
image_14011.jpg,0.0008303045212183449
image_13832.jpg,0.031468635853614556
image_3652.jpg,0.9385446559270759
image_746.jpg,0.03320768739999778
image_5046.jpg,0.011012023514454683
image_689.jpg,0.7578320518971916
image_13078.jpg,0.011215618858317062
image_2719.jpg,0.03495234943965768
image_11430.jpg,0.0619956850801853
image_12598.jpg,0.0019562232599520018
image_4078.jpg,0.088108552537943
image_262.jpg,0.07363524408869443
image_8683.jpg,0.007876109228429032
image_2996.jpg,0.00035728423222986384
image_15091.jpg,0.6865811562693
image_16054.jpg,0.8581356678214731
image_16394.jpg,0.0012122261657800937
image_7162.jpg,0.000996296057258152
image_14746.jpg,0.0016279204229253943
image_15275.jpg,0.16083394048827454
image_8272.jpg,0.0007272362210372463
image_8878.jpg,0.07996004000694792
image_3017.jpg,0.0381048201197991
image_16434.jpg,0.018321862579286644
image_8502.jpg,0.610889258796996
image_1891.jpg,0.3321292637797443
image_4041.jpg,0.022028714370012917
image_6993.jpg,0.6202105897251904
image_8630.jpg,0.019658863570380682
image_14438.jpg,0.010441669613730269
image_2595.jpg,0.0052986097420231314
image_2328.jpg,9.315216298716591e-05
image_5109.jpg,0.9558842940643202
image_7070.jpg,0.05140967861322438
image_8729.jpg,0.0021333465472893505
image_16316.jpg,0.26481731371853356
image_6434.jpg,0.0053308793015342726
image_7336.jpg,0.000808032850319738
image_3632.jpg,0.318706295386996
image_1561.jpg,0.0033895499490718757
image_14892.jpg,0.0008985388445579472
image_14965.jpg,0.41719359816154444
image_11343.jpg,0.0021864997652563498
image_13784.jpg,0.024718037966180974
image_11336.jpg,0.0065610377916382025
image_3172.jpg,0.10037499243785088
image_12433.jpg,0.0026830023476653478
image_7472.jpg,0.9413252207992008
image_10859.jpg,0.0075032786081404585
image_5142.jpg,0.0010486201801296973
image_4565.jpg,0.020347008350755924
image_9188.jpg,0.6803448610300149
image_5023.jpg,0.014000423144807083
image_7294.jpg,0.5845383285506357
image_14494.jpg,0.02721265026826076
image_1689.jpg,0.03771675984871755
image_7485.jpg,0.8562124111077811
image_14500.jpg,0.00010992492427326444
image_11623.jpg,0.18125929204518224
image_4387.jpg,0.07793392491615861
image_7620.jpg,0.09932603087648541
image_3010.jpg,0.09902432724816855
image_161.jpg,0.01946879779731354
image_7588.jpg,0.06832819690674818
image_14193.jpg,0.40272818431321367
image_12438.jpg,0.22787332735972682
image_8843.jpg,0.0026223478312442255
image_12082.jpg,0.029877643851384274
image_12286.jpg,0.13342529825140725
image_2178.jpg,0.012960262044587086
image_13792.jpg,0.00716965160127702
image_1554.jpg,0.022792376380161322
image_9445.jpg,0.0001142336376153813
image_4027.jpg,0.6443459430306129
image_13664.jpg,0.03129525117314014
image_9639.jpg,0.48512560116390807
image_3192.jpg,0.014746151071169476
image_14444.jpg,0.16844865915498064
image_11803.jpg,0.008481021140291763
image_14835.jpg,0.2546170834263386
image_8529.jpg,0.3085537476449686
image_14106.jpg,0.6511825018159592
image_7756.jpg,0.0010371060077206365
image_7981.jpg,0.07470179649614475
image_12836.jpg,0.013228595597584323
image_5940.jpg,0.0516362420548869
image_920.jpg,0.2518433319976121
image_8892.jpg,0.04217355073609844
image_13029.jpg,0.04038794716598162
image_8593.jpg,0.9865764879194756
image_5795.jpg,0.20984895354967706
image_5150.jpg,0.16913020580060276
image_7612.jpg,0.21310292299236192
image_8000.jpg,0.07243862555054756
image_3453.jpg,0.24521108759347846
image_12624.jpg,0.0038797550826055014
image_15414.jpg,0.0031172699131313516
image_2912.jpg,0.0010222699739095118
image_10813.jpg,0.02824332518921593
image_5004.jpg,0.01606829817367963
image_3502.jpg,0.0048895009657369416
image_4532.jpg,0.06351287745141826
image_15516.jpg,0.06505369689194927
image_12719.jpg,0.01531438902131432
image_9828.jpg,0.9102436048936282
image_5809.jpg,0.9354944439078031
image_11837.jpg,0.06511467293248747
image_4840.jpg,0.0013873342996600442
image_1429.jpg,0.0007913567222716771
image_7945.jpg,0.1617382155084042
image_15909.jpg,0.0007503550580780488
image_5270.jpg,0.005177923166923786
image_12230.jpg,0.03117845387552193
image_14880.jpg,0.083609536641524
image_3889.jpg,0.024349476019298804
image_7146.jpg,0.012635029907928594
image_8557.jpg,0.7435581430881901
image_3142.jpg,0.041700328163800766
image_12315.jpg,0.05949721731554269
image_8642.jpg,0.08482725205641223
image_1172.jpg,0.002810484903431437
image_1243.jpg,0.8770785634518425
image_4670.jpg,0.0008541532091752964
image_7470.jpg,0.06741118831104839
image_11080.jpg,0.9389308554230641
image_5078.jpg,0.017167800298403046
image_10036.jpg,0.43052745913343504
image_12990.jpg,0.046326705159235045
image_2863.jpg,0.03537973728537771
image_5684.jpg,0.0025875458601166803
image_4131.jpg,0.00016621989002775023
image_15402.jpg,0.07004359351473873
image_4293.jpg,0.49227001953822286
image_6661.jpg,0.008636332129387077
image_4986.jpg,0.12440497773935982
image_2967.jpg,0.009744307119542875
image_3076.jpg,0.008083853539908925
image_12407.jpg,0.28263981603153376
image_16508.jpg,0.017017345936735342
image_11375.jpg,0.8950319441855857
image_15367.jpg,0.19024079884502043
image_2073.jpg,0.008400870079770235
image_3567.jpg,0.12470900543152849
image_3641.jpg,0.01916481107966637
image_6704.jpg,0.000659592582128461
image_2224.jpg,0.003771706180700179
image_1192.jpg,0.4866122220935787
image_10217.jpg,0.03529887456978775
image_3046.jpg,0.34506082621586126
image_15164.jpg,0.28140323461663475
image_4851.jpg,0.0013547912296628412
image_2709.jpg,0.13868935818011463
image_8946.jpg,0.00607752203142789
image_12984.jpg,0.37273373986269975
image_12046.jpg,0.028461025408220535
image_16309.jpg,0.005685575505157891
image_5923.jpg,0.00046269251494246736
image_2306.jpg,0.043578894902113766
image_1006.jpg,0.15112595452734884
image_1765.jpg,0.20165575999176527
image_5831.jpg,0.8487886452927319
image_6537.jpg,0.007347950083907845
image_2616.jpg,0.023234494612419318
image_6246.jpg,0.005348229328132092
image_12243.jpg,0.0035440911302641064
image_13645.jpg,0.38377769367732123
image_15945.jpg,0.003731345278257647
image_9730.jpg,0.09304644069053758
image_4209.jpg,0.015907659337021977
image_9526.jpg,0.002555787168620752
image_11332.jpg,0.001307401632284249
image_5362.jpg,0.00037487446902075656
image_8989.jpg,0.0005956612045811188
image_13353.jpg,0.012396202891336704
image_3426.jpg,0.01055616258550441
image_11671.jpg,0.00035497413904082186
image_13685.jpg,6.382692241386571e-06
image_6166.jpg,0.0026623812204252437
image_6443.jpg,0.0032460106536457687
image_15837.jpg,0.22868925754087474
image_5397.jpg,0.07618796435803787
image_10059.jpg,0.009286795001149019
image_10324.jpg,0.023552496050322357
image_1182.jpg,0.00010513970525149608
image_7762.jpg,0.9511009873957889
image_13814.jpg,0.009717209846859427
image_7305.jpg,0.029363430603720424
image_3191.jpg,0.0407807665245236
image_15744.jpg,0.17691888210990922
image_12271.jpg,0.3449581956598378
image_12530.jpg,0.0053186105763444414
image_11768.jpg,0.19992757562151708
image_1223.jpg,0.1717382091246742
image_1010.jpg,0.0047444425732280585
image_16090.jpg,0.01796683687694966
image_12042.jpg,0.0007160507408330773
image_13408.jpg,0.004164381370812085
image_11437.jpg,0.03026565347347506
image_12003.jpg,0.02356617583164816
image_13848.jpg,0.9892425470695887
image_8621.jpg,0.015218050643165934
image_13212.jpg,0.049301762592589615
image_4175.jpg,0.18197312930755372
image_4086.jpg,0.0703728227759017
image_9571.jpg,0.004423316959124782
image_15826.jpg,0.009551534051445553
image_16477.jpg,0.9990134976881729
image_11843.jpg,0.00043873724312084266
image_14548.jpg,0.0018502048520806227
image_6940.jpg,0.0005919666769135928
image_10729.jpg,0.0013341193458952798
image_8516.jpg,0.0097745864233366
image_3731.jpg,0.07643402121224868
image_6765.jpg,0.01763888520166477
image_12845.jpg,0.2248193770793727
image_8444.jpg,0.6988200300727829
image_11049.jpg,0.0010230772385216808
image_10655.jpg,0.06726900644063886
image_1563.jpg,0.010354073236197798
image_14551.jpg,0.1860053032248165
image_12843.jpg,0.1177147879649786
image_13052.jpg,0.01611149587385667
image_15042.jpg,0.3474261718637761
image_13281.jpg,0.14088877001445105
image_11860.jpg,0.24552780668466703
image_1277.jpg,3.938941989503654e-05
image_11779.jpg,0.014551921516102212
image_9942.jpg,0.01887373213148881
image_2714.jpg,0.07520082329367117
image_2702.jpg,0.003543764397430365
image_14942.jpg,0.27411583514128957
image_16004.jpg,0.0815674748817758
image_2893.jpg,0.053370319789022576
image_15155.jpg,0.003020472770401201
image_8614.jpg,0.2530973682295956
image_12057.jpg,0.013159306264985553
image_7636.jpg,0.6788308810350044
image_9350.jpg,0.0009201215355600634
image_4807.jpg,0.4373134053849608
image_7520.jpg,0.0014246642175155567
image_13048.jpg,0.0003967855227764011
image_5267.jpg,0.011740497699332712
image_11584.jpg,0.005818929646503289
image_3998.jpg,0.003220101893603834
image_4632.jpg,0.16109576405088744
image_7622.jpg,0.011667845038155761
image_4947.jpg,0.14048221323127996
image_14750.jpg,0.002301184379226764
image_3226.jpg,0.14997233602768617
image_14634.jpg,0.004189432306633548
image_3747.jpg,0.031223460277049937
image_3451.jpg,0.0403458327506889
image_15735.jpg,0.0006348713053693145
image_3923.jpg,0.003125098979824015
image_5329.jpg,0.9441048721280868
image_8179.jpg,0.00398409602230625
image_15950.jpg,0.02890501524937731
image_804.jpg,0.00042328941147401575
image_11539.jpg,0.1865472431566097
image_10854.jpg,0.08388752693997972
image_9312.jpg,0.007845264739969231
image_3423.jpg,0.0005892174876913108
image_7856.jpg,0.9475260137851316
image_14212.jpg,0.02865830098060927
image_9263.jpg,0.06358874414216985
image_7076.jpg,0.35601831145792556
image_13144.jpg,0.25652710733303374
image_4596.jpg,0.019600595278535467
image_327.jpg,0.041739668801997115
image_16120.jpg,0.0967869145059248
image_7373.jpg,0.3559554571881502
image_6106.jpg,0.15686919968523158
image_5194.jpg,7.868757988309293e-05
image_13344.jpg,0.14423224505711285
image_1254.jpg,0.013961836974708423
image_15630.jpg,0.8850449421417076
image_14751.jpg,0.5143416864884034
image_7436.jpg,0.012039753100609714
image_834.jpg,0.7774499478709882
image_5356.jpg,0.021962984492650876
image_2011.jpg,0.05902798974763141
image_7564.jpg,0.0036487220533782086
image_10428.jpg,0.989953238268809
image_12314.jpg,0.3904185448400725
image_5461.jpg,0.0006937235998444375
image_11088.jpg,0.0025606307998927752
image_663.jpg,0.650175561843916
image_9135.jpg,0.008298138420435554
image_10106.jpg,0.00046372800071658733
image_5042.jpg,0.015877358183890716
image_1871.jpg,0.7333735591359006
image_9367.jpg,0.02549471497048783
image_14744.jpg,0.5152104110466283
image_7202.jpg,0.059203901045719286
image_15966.jpg,0.22155124285664404
image_9754.jpg,0.027933551080782857
image_58.jpg,0.01799759553217712
image_16125.jpg,0.0703891665101366
image_5310.jpg,0.0022174239875047148
image_7022.jpg,0.08172119485151245
image_15232.jpg,0.9973979010663852
image_5669.jpg,0.0020448874642355953
image_4869.jpg,0.9326689526191997
image_4751.jpg,0.06235679548978767
image_2900.jpg,0.038504808449998665
image_4096.jpg,0.0005201589753285762
image_13358.jpg,0.0016925851884573967
image_7946.jpg,0.01915569067105531
image_2982.jpg,0.0002335065704094319
image_2802.jpg,0.01961046176850021
image_1829.jpg,2.156031192363328e-05
image_4274.jpg,0.8205615039493809
image_549.jpg,0.021160795175454026
image_15116.jpg,0.0006673853566693657
image_10826.jpg,0.07468866153042096
image_10341.jpg,0.02702022601243546
image_7378.jpg,0.7707782258413856
image_5475.jpg,0.14382341532698797
image_9971.jpg,0.09310076148298335
image_3021.jpg,0.0007235113270046445
image_8307.jpg,0.011359785130102088
image_15788.jpg,0.20551831355348643
image_10163.jpg,0.010872325878299142
image_9684.jpg,0.0023846661836019753
image_8625.jpg,0.014425917733368107
image_15708.jpg,0.5344295272683558
image_1868.jpg,0.6553100937892693
image_13429.jpg,3.469042752106174e-05
image_7799.jpg,0.016809954968960244
image_4028.jpg,0.0016417969873982424
image_675.jpg,0.06994308397415056
image_14613.jpg,0.007470351505576156
image_7562.jpg,0.3514425757483787
image_698.jpg,0.0008864447384969108
image_1798.jpg,0.06690735049668368
image_14819.jpg,0.0482780746177517
image_10841.jpg,0.00026494507878898477
image_7795.jpg,0.1500764546569718
image_13501.jpg,0.084541784590602
image_6212.jpg,0.011298456339431493
image_15128.jpg,0.15847573954323435
image_11897.jpg,0.3929993674374685
image_16555.jpg,0.5457472530945152
image_545.jpg,0.002811069739154682
image_11420.jpg,0.10895319887028469
image_10424.jpg,0.009775770969689998
image_2621.jpg,0.0027773210486804756
image_13011.jpg,0.027041672372726335
image_10926.jpg,0.2485891941036778
image_5652.jpg,0.011556168912678563
image_10869.jpg,3.503441894979501e-05
image_1093.jpg,0.00018554838570255543
image_2745.jpg,0.005277786574513653
image_4257.jpg,0.010363312164941999
image_9137.jpg,0.041327594985051605
image_3630.jpg,1.4822938685593484e-05
image_15010.jpg,0.0003736369074767762
image_15825.jpg,0.18320668734966566
image_13445.jpg,0.0011736000881809462
image_12692.jpg,0.00021997443946899576
image_12606.jpg,0.006578230012083695
image_11471.jpg,0.048303417128815716
image_2396.jpg,0.19365610813638942
image_12769.jpg,0.46160423251082927
image_4857.jpg,0.017462082642993235
image_8411.jpg,0.014989252657663026
image_3237.jpg,0.0054857736092781
image_5277.jpg,0.0010917259190894421
image_2481.jpg,0.006531515667811843
image_10782.jpg,0.013259177857503057
image_3500.jpg,0.10104963195274325
image_14662.jpg,0.7280923937455287
image_12247.jpg,0.5953941783127619
image_15372.jpg,0.013141775546015798
image_6433.jpg,0.08140009694449384
image_15208.jpg,4.658451656778286e-05
image_10219.jpg,0.023948986499149342
image_2350.jpg,0.008220193739086779
image_16383.jpg,0.004022050546882278
image_3130.jpg,0.0664302378121182
image_2525.jpg,0.0033283956388921133
image_13565.jpg,0.02450371906503819
image_2769.jpg,0.0014366590963496195
image_80.jpg,0.4850429717160008
image_975.jpg,0.04763372789027341
image_1462.jpg,0.07733305291209272
image_7394.jpg,0.010766945337627398
image_9558.jpg,0.019748886434374786
image_11974.jpg,0.19494770596029312
image_9951.jpg,0.008061537202734772
image_15667.jpg,0.17747814651508428
image_15248.jpg,0.023578968960159073
image_9110.jpg,0.00042896956772923625
image_16140.jpg,0.03442561063583812
image_2924.jpg,0.08234117036326748
image_13101.jpg,0.7950006973488148
image_3805.jpg,0.18622600507311607
image_10182.jpg,0.009709639676781368
image_4214.jpg,0.14335103926409476
image_4597.jpg,0.0373944099750725
image_10402.jpg,0.18094096843952473
image_5614.jpg,0.9594971027801006
image_1543.jpg,0.10457425175029918
image_3282.jpg,0.01725379430966944
image_2992.jpg,0.49563687088023123
image_11282.jpg,6.257374572873938e-05
image_7435.jpg,0.4220698699522254
image_8521.jpg,0.01186548207711799
image_3137.jpg,0.0002642882103077219
image_15601.jpg,0.009309533563794999
image_11510.jpg,0.7727855689453675
image_14333.jpg,0.0020105025284106555
image_423.jpg,0.0009477834444316434
image_15758.jpg,0.22949567487831446
image_1126.jpg,0.045696015071764726
image_14502.jpg,0.045835444838691675
image_6944.jpg,0.007056109610126203
image_9250.jpg,0.0019164400419852572
image_3057.jpg,0.07892449067076991
image_16433.jpg,0.2628835258278993
image_11053.jpg,0.4439783425414218
image_11679.jpg,0.0004136324479150808
image_3260.jpg,0.3016534212927627
image_15898.jpg,0.6902947661200328
image_7335.jpg,1.9859151065482668e-05
image_10028.jpg,0.013847520112564883
image_3138.jpg,0.0031078787283605634
image_15779.jpg,0.21924197874254667
image_5426.jpg,0.004326260494915949
image_2330.jpg,0.005429918761203619
image_1811.jpg,0.00046225578641835097
image_1021.jpg,0.004557283478600252
image_13508.jpg,0.04726438059531595
image_592.jpg,0.05198894598933183
image_6347.jpg,0.007269437088390015
image_10715.jpg,0.05306248041926979
image_6850.jpg,0.005590874573415254
image_13809.jpg,0.0032734499620850985
image_11388.jpg,0.0033548128185189566
image_6510.jpg,0.025790727321377296
image_2024.jpg,0.009677766899317434
image_4142.jpg,0.012495804489745244
image_16445.jpg,0.0007764868410100463
image_7183.jpg,0.047395857384825504
image_2643.jpg,0.0009096797856600009
image_16560.jpg,0.0004172201101892972
image_12074.jpg,0.0625359675034265
image_5037.jpg,0.020235584280896755
image_13208.jpg,0.32752444089392063
image_9726.jpg,0.018828832546445542
image_11755.jpg,0.00559486470153193
image_9957.jpg,0.02014040662973219
image_14901.jpg,0.01558510523444074
image_11147.jpg,0.10973308650707378
image_8699.jpg,0.015227774508108596
image_3320.jpg,0.048404323632009146
image_11826.jpg,0.8041565645475274
image_2666.jpg,0.01115616797228597
image_7736.jpg,0.831864366689423
image_16490.jpg,0.002087604236209097
image_15171.jpg,0.0028633668425408886
image_12201.jpg,0.003482073662593788
image_9226.jpg,0.009993453118504313
image_13462.jpg,0.007993628298527395
image_11265.jpg,0.0015834309625015889
image_1240.jpg,0.9945566451294569
image_6583.jpg,0.011423984265281396
image_188.jpg,0.0004582003492755219
image_1411.jpg,0.0007269269073441358
image_2999.jpg,0.01830417325786175
image_5786.jpg,0.0012702927465553634
image_13206.jpg,0.002981957903956896
image_15986.jpg,0.007069867738633728
image_2650.jpg,0.11181533588669736
image_11940.jpg,0.9394458483555617
image_4572.jpg,0.06664632979212153
image_8301.jpg,0.02481822712019016
image_5982.jpg,0.004732191210575225
image_13710.jpg,2.6517409473925545e-05
image_9528.jpg,0.4813816805302556
image_12593.jpg,0.021545522431444517
image_627.jpg,0.005616497318182174
image_3292.jpg,0.4864882535870057
image_4937.jpg,0.0034606777962564402
image_170.jpg,0.044632959606054456
image_5334.jpg,0.2541065841998898
image_1218.jpg,0.32329002336830753
image_12502.jpg,0.011931817609909487
image_1230.jpg,0.010228126498084593
image_1558.jpg,0.9248489839989493
image_11042.jpg,0.23307727459276076
image_4151.jpg,0.001234144539487059
image_6164.jpg,0.020030322239041668
image_12925.jpg,0.096247383194454
image_7119.jpg,0.0974969721501576
image_12726.jpg,0.0029660029006053894
image_10056.jpg,0.019509815817956997
image_15089.jpg,0.0011098734489963936
image_7057.jpg,0.6100757181986247
image_8082.jpg,0.002840510237142119
image_9341.jpg,0.002112730807931755
image_7644.jpg,0.005979450255342627
image_10192.jpg,0.27773012460446633
image_4850.jpg,0.0313823600670386
image_3330.jpg,0.0110061941396225
image_2764.jpg,0.008303168012071508
image_10407.jpg,0.0062961696672218645
image_3308.jpg,0.2274823930442394
image_6155.jpg,0.0406710866743734
image_7401.jpg,0.0021170768037909217
image_3267.jpg,0.16708161893883638
image_4672.jpg,0.00019012194643390577
image_7833.jpg,0.0033769710555499283
image_1596.jpg,0.012191761654241203
image_10354.jpg,0.01951038074381301
image_11537.jpg,0.03491427017948573
image_5211.jpg,0.08256110735029594
image_2918.jpg,0.008013928431746432
image_13985.jpg,0.00474926050123575
image_10657.jpg,0.15018297825414426
image_3663.jpg,0.003299607069999956
image_7914.jpg,0.350966887957801
image_9460.jpg,0.015860398930462583
image_6703.jpg,0.02466082819828864
image_4676.jpg,0.34697192267678406
image_3239.jpg,0.018056339115473146
image_7107.jpg,0.0047374914673458494
image_6139.jpg,0.018208018917848682
image_14966.jpg,0.0034827043883732187
image_319.jpg,0.16985222418472795
image_5968.jpg,0.03518883996029659
image_12333.jpg,0.0646839282781944
image_8370.jpg,0.05449795732577001
image_3648.jpg,0.0011591393657308228
image_14800.jpg,0.0007776785471639561
image_15936.jpg,0.17136117450346133
image_3439.jpg,0.002877103982878891
image_9897.jpg,0.00040193934078183155
image_14772.jpg,0.04470781226200247
image_677.jpg,0.06662660864809247
image_3785.jpg,0.25684595963882384
image_608.jpg,0.2673731233043594
image_2296.jpg,0.3390716298085965
image_13899.jpg,0.031146764358366184
image_7301.jpg,0.3419225574805483
image_12016.jpg,0.18462552619552294
image_5820.jpg,0.028433251633746486
image_3773.jpg,0.013802723049262508
image_5577.jpg,0.002537136267072329
image_7514.jpg,0.8692203225626861
image_8024.jpg,0.024845130802198752
image_7832.jpg,0.469440718047816
image_9825.jpg,0.012184227886556648
image_9021.jpg,5.226173248629497e-05
image_12260.jpg,0.03319756237881593
image_6767.jpg,0.0004857253422202735
image_10703.jpg,0.009202494700543372
image_6871.jpg,0.003352468861554248
image_9189.jpg,0.0009021579222743052
image_14926.jpg,0.29783394089418996
image_12047.jpg,0.0009624028374263282
image_1702.jpg,0.001912968132988891
image_11083.jpg,0.020755784243664907
image_13781.jpg,0.1041674418847985
image_5246.jpg,6.940071496537845e-06
image_15576.jpg,0.007941879488801908
image_461.jpg,0.18756326290063344
image_16038.jpg,0.0005068995222666392
image_8070.jpg,0.14199472061487406
image_10293.jpg,0.0001819544010278988
image_9149.jpg,0.07585694637105989
image_6059.jpg,0.43237383452447237
image_9915.jpg,0.03690599052662704
image_4789.jpg,0.9700542701184979
image_469.jpg,0.8493127121910162
image_15911.jpg,0.28966158466629177
image_8537.jpg,0.030828785678005545
image_15616.jpg,0.007253597133772217
image_6080.jpg,0.015363634865287867
image_10814.jpg,0.6251356563560123
image_13135.jpg,0.004455612204364775
image_1901.jpg,0.049767403381267276
image_14042.jpg,0.01825847091107048
image_16418.jpg,0.20652040577307937
image_7404.jpg,0.012001434458369828
image_9345.jpg,0.23202673263392545
image_3538.jpg,0.21322981875398328
image_11470.jpg,0.2599419608289059
image_15931.jpg,0.5063938696634319
image_16112.jpg,0.04229217788195133
image_3506.jpg,0.0018228185357215677
image_3125.jpg,0.913021898178809
image_10171.jpg,0.10300695376778204
image_2705.jpg,0.0012741841020816988
image_10500.jpg,0.262100075975585
image_994.jpg,0.6173176693949165
image_13312.jpg,0.39287462728784733
image_7880.jpg,0.005289869529678301
image_3470.jpg,0.7961421977029576
image_14523.jpg,0.001671571392676335
image_12371.jpg,0.005131697524230768
image_11100.jpg,0.029747125485640045
image_14109.jpg,0.0016321231842877206
image_10712.jpg,0.010577492491881696
image_1154.jpg,0.004977424049216924
image_9588.jpg,0.4444801854248514
image_6558.jpg,0.2860967852526188
image_13763.jpg,0.1801305556974455
image_14983.jpg,0.8821277245823511
image_11875.jpg,0.11858076451965743
image_2747.jpg,0.006086449882440969
image_1203.jpg,0.017097830092872388
image_8373.jpg,0.0032630421030094394
image_12525.jpg,0.017928351305327342
image_13243.jpg,0.6348360894811746
image_4061.jpg,0.9108773519467274
image_8271.jpg,0.24840116116405667
image_10120.jpg,0.8075139283091138
image_8669.jpg,0.4789675385401068
image_10587.jpg,0.0015184155904897937
image_1514.jpg,0.5514326823690211
image_11182.jpg,0.1386465397072756
image_16195.jpg,0.0008340601352251033
image_13071.jpg,0.00742437648159025
image_8811.jpg,0.0031840894756570326
image_12059.jpg,0.009007541747518697
image_6891.jpg,0.04469460492511724
image_14419.jpg,0.038219631751958236
image_9952.jpg,0.0001436745772254725
image_11638.jpg,0.0659099023609838
image_2829.jpg,0.010575198042706367
image_900.jpg,0.023134750424969642
image_11070.jpg,0.004280338517916636
image_13700.jpg,0.0050113896111764235
image_9809.jpg,0.0020939095262253547
image_9414.jpg,0.0017191844672595662
image_3948.jpg,0.0421389702484824
image_671.jpg,0.005877711576894362
image_14003.jpg,0.8485131072229842
image_544.jpg,0.012555120870154904
image_13574.jpg,0.04404195922785678
image_4990.jpg,0.007083697815075258
image_5992.jpg,0.21094389288296853
image_2517.jpg,0.2694385909388936
image_9885.jpg,0.007389151759526746
image_12711.jpg,0.0031261182555200697
image_15214.jpg,0.03822148682786983
image_16085.jpg,0.0036360884062098396
image_3384.jpg,0.17986060708993123
image_12799.jpg,0.34639452738011645
image_4566.jpg,0.006020463428702032
image_14992.jpg,0.0376138143332465
image_11850.jpg,0.0317859938626467
image_7734.jpg,0.011847537022460086
image_6600.jpg,0.05249500995176222
image_13087.jpg,0.009986228470200094
image_6358.jpg,0.00047038593800042823
image_10856.jpg,0.011258531828818686
image_4528.jpg,0.003138014152068902
image_3742.jpg,0.026715400317750222
image_13936.jpg,0.0064563647685234125
image_5626.jpg,0.021454330262643706
image_9213.jpg,0.009696028548198723
image_2758.jpg,0.019367253069156796
image_11759.jpg,0.7724548495390184
image_10188.jpg,0.8880380234328943
image_5680.jpg,0.06855617392822562
image_5144.jpg,0.13043449690190276
image_11044.jpg,0.0010536570564302174
image_5183.jpg,0.11273289032412712
image_12963.jpg,0.030050848765124167
image_1194.jpg,0.0028015201038054916
image_2336.jpg,0.008055588962933232
image_3798.jpg,0.01251755002101278
image_1474.jpg,0.16836583583996964
image_10247.jpg,0.001822298236299555
image_16500.jpg,0.016309972497334613
image_6839.jpg,0.4637675566995488
image_5174.jpg,0.20639068578006523
image_12570.jpg,0.11649373861429332
image_14938.jpg,0.23660122093803423
image_12619.jpg,0.03166818649092653
image_6478.jpg,0.0005906196100845338
image_4808.jpg,0.24709559395687353
image_523.jpg,0.04585987851280441
image_7389.jpg,0.13574544694132712
image_7354.jpg,0.3967473284420235
image_13914.jpg,0.00018237003130698042
image_7296.jpg,0.018800719877763303
image_12914.jpg,0.9377874984848579
image_5858.jpg,0.23017043669808956
image_4955.jpg,0.010463893629966624
image_12276.jpg,0.04239401876512399
image_8728.jpg,0.047111521585464916
image_15552.jpg,0.00042434101349480495
image_10673.jpg,0.158672499091226
image_16347.jpg,0.014080134466178371
image_5503.jpg,0.0020303765309898935
image_15907.jpg,0.006255674855677158
image_993.jpg,0.0036301427575466463
image_2013.jpg,0.061949655399984156
image_5733.jpg,0.03441235215583274
image_927.jpg,0.6435568095701111
image_7553.jpg,0.013619271507804837
image_6709.jpg,0.001003596929801321
image_4891.jpg,0.0595027892241528
image_15027.jpg,0.09199197096730832
image_1542.jpg,0.023329095585899785
image_16444.jpg,0.0009764482813388362
image_11864.jpg,0.006980142595687946
image_12932.jpg,0.01381139111980615
image_2728.jpg,0.09001241703225252
image_3097.jpg,0.03780281484921706
image_3345.jpg,0.1380716238978595
image_16551.jpg,0.04724287593605908
image_10499.jpg,0.021954316083656257
image_16570.jpg,0.1234206346173795
image_2177.jpg,0.5297736624958459
image_11362.jpg,0.20786332536765242
image_4099.jpg,0.012796492351051137
image_10214.jpg,0.14765375575904022
image_3865.jpg,0.012039856752547
image_7349.jpg,0.000498989752978942
image_12014.jpg,0.6862538445629068
image_13670.jpg,0.019007106094646942
image_1213.jpg,0.0170217071396004
image_10277.jpg,0.20522009773587963
image_7541.jpg,0.005314103116541113
image_15835.jpg,0.00319652947489104
image_2126.jpg,0.11594852699752485
image_3244.jpg,0.10490988471404283
image_14249.jpg,0.028557385702235653
image_12229.jpg,0.007913884046301603
image_2098.jpg,0.10941686787579402
image_7344.jpg,0.00018857109276066905
image_4545.jpg,0.011596046104191187
image_13410.jpg,0.057510765104919204
image_12958.jpg,4.407983781576108e-06
image_624.jpg,0.00047463070794357434
image_12241.jpg,0.004978022528679511
image_4761.jpg,0.05936379136634294
image_10242.jpg,0.0001091196069044602
image_4437.jpg,0.3127626207449421
image_2931.jpg,0.005551196469435975
image_13421.jpg,0.026597746073257388
image_2586.jpg,0.0007314946790968526
image_10177.jpg,0.3540320149269329
image_1309.jpg,0.11516572599819971
image_1908.jpg,0.0007831839160049838
image_16505.jpg,0.00016896756876337812
image_12873.jpg,0.00822708122776893
image_12981.jpg,0.00010441007495957816
image_5529.jpg,0.0038366069957313773
image_547.jpg,0.01586522278496142
image_9066.jpg,0.008910030456490818
image_8821.jpg,0.010964075072279166
image_12629.jpg,0.28410931863133554
image_4079.jpg,0.02700441486985554
image_4510.jpg,0.008910933899216381
image_2527.jpg,0.00061980553360752
image_13040.jpg,0.021160740549081646
image_13954.jpg,0.007114055932358316
image_3813.jpg,0.032494753447435964
image_257.jpg,0.022379979278087932
image_9514.jpg,0.7742145386314077
image_8010.jpg,0.011193405238762735
image_15196.jpg,0.014057169374617444
image_6108.jpg,0.38282294372811826
image_10941.jpg,0.18536626513242394
image_6858.jpg,0.0073875515512463515
image_14971.jpg,0.0009474297805640498
image_14130.jpg,0.2584270358724842
image_9042.jpg,0.0018969869985456733
image_15584.jpg,0.195586326718945
image_11481.jpg,0.028775293161153247
image_1067.jpg,0.043463794497066034
image_16211.jpg,0.06437931484210142
image_6768.jpg,0.006967241881313059
image_11775.jpg,0.903058193417293
image_4036.jpg,0.006139093628315737
image_2369.jpg,0.5053196125770375
image_10494.jpg,0.4520709605003203
image_10131.jpg,0.003914393272524441
image_5088.jpg,0.5144359885786345
image_7075.jpg,0.44206882737147074
image_589.jpg,0.004633337260304054
image_5236.jpg,0.0013979094645619472
image_8050.jpg,0.01776142678683682
image_3573.jpg,0.5454326396009587
image_3888.jpg,0.18418005589922962
image_4816.jpg,0.5587311756101242
image_15183.jpg,0.12061970706104692
image_7136.jpg,0.008370638100679676
image_5728.jpg,0.01967823016912242
image_1263.jpg,0.0018016147952213738
image_13113.jpg,0.014548540800190088
image_7576.jpg,0.054219236689099476
image_8580.jpg,0.606508836036106
image_12200.jpg,0.07132600804230158
image_10665.jpg,0.00011694889327983527
image_210.jpg,0.00032206989802258974
image_8235.jpg,0.32341467583826844
image_3760.jpg,0.013931672204908993
image_8794.jpg,0.0029176878324978497
image_11234.jpg,0.017073236778022596
image_15974.jpg,0.00012454159029465188
image_12135.jpg,9.341998204630447e-06
image_12864.jpg,0.08080363329676966
image_1916.jpg,0.0001125399875511956
image_9833.jpg,0.13076980232640342
image_2680.jpg,0.0008161661603016557
image_13001.jpg,0.0011188094478187596
image_7495.jpg,0.045701447454531134
image_11653.jpg,0.02185426473333068
image_7578.jpg,0.028897615843514548
image_8384.jpg,0.0004836139195387954
image_9207.jpg,0.4831312779915499
image_2515.jpg,0.0006564156878419465
image_15500.jpg,0.19370954362159298
image_15912.jpg,0.010934208685013932
image_12079.jpg,0.024734624791403915
image_3539.jpg,0.3549099356309668
image_14095.jpg,0.032825918738060934
image_7352.jpg,0.014495472408236969
image_14144.jpg,0.0013972707830019755
image_4156.jpg,0.002795281002458141
image_6546.jpg,0.6442551937171486
image_12444.jpg,0.08189564350979718
image_6318.jpg,0.008411205819301689
image_7611.jpg,0.013055146749852732
image_12307.jpg,0.008566028806505447
image_15037.jpg,0.01162449204027888
image_3180.jpg,0.0005504567095135277
image_1020.jpg,0.002147230947139529
image_15488.jpg,0.7875313957069573
image_7852.jpg,0.17011810419429846
image_8938.jpg,0.14070159288006936
image_2092.jpg,0.0025856305372755134
image_6026.jpg,0.7231045767374887
image_11966.jpg,0.946599171124431
image_3722.jpg,0.0315695210016592
image_12516.jpg,0.034951948614193644
image_9584.jpg,0.004774729239339029
image_3442.jpg,0.0008442865858837281
image_14565.jpg,0.010626973550878532
image_8937.jpg,0.8168889815026225
image_4858.jpg,0.2571324931191394
image_1031.jpg,0.13547674023219242
image_2757.jpg,0.009427169143583871
image_16134.jpg,0.19486367331666404
image_640.jpg,0.0019168537722088648
image_2415.jpg,0.0003778302704070423
image_7181.jpg,0.005102244780077362
image_10622.jpg,0.7027134563647188
image_4346.jpg,0.984006900321848
image_6170.jpg,6.934852268779676e-05
image_10675.jpg,0.002300241189097339
image_8984.jpg,0.0037789198745999076
image_10604.jpg,0.006152847571294768
image_1050.jpg,0.14372219189244587
image_9556.jpg,0.013580836936916625
image_14923.jpg,0.010143368555337201
image_7212.jpg,0.06064642158321561
image_2890.jpg,0.06366464204071405
image_1968.jpg,0.06015762133492594
image_14058.jpg,0.9365011038647413
image_6244.jpg,0.14645104646824617
image_16408.jpg,0.018864681487256098
image_6997.jpg,0.007053036042636467
image_15656.jpg,0.0010968145828535178
image_255.jpg,0.011511411256762314
image_16171.jpg,0.6211181673400252
image_15483.jpg,0.014270790718983257
image_15970.jpg,0.04146670461087432
image_8974.jpg,0.19047694255216063
image_2840.jpg,0.04225126237396062
image_1477.jpg,0.9715686440871005
image_6982.jpg,0.058188513896803906
image_1625.jpg,0.013635163832996984
image_1267.jpg,0.7854245598283288
image_15142.jpg,0.01188603718687182
image_14181.jpg,0.9854402716537278
image_12281.jpg,0.09764012555974466
image_13775.jpg,0.9634306822668357
image_15111.jpg,0.005071100190151228
image_6655.jpg,0.0190450409970677
image_5963.jpg,0.42664402776463706
image_14025.jpg,0.8798303860256228
image_935.jpg,0.00017830138153999856
image_8849.jpg,0.19812810607752632
image_15349.jpg,0.08257568717840646
image_16052.jpg,0.004369254513346603
image_15885.jpg,0.001395581309330812
image_1121.jpg,0.01945251820037959
image_13433.jpg,0.8261665285175076
image_416.jpg,0.06216358212318037
image_13542.jpg,0.05537270154360295
image_1058.jpg,0.005087950755203905
image_11524.jpg,0.7817344761413801
image_5833.jpg,0.0032454417241455603
image_15587.jpg,0.9950802170186941
image_8813.jpg,0.06392721805519776
image_7456.jpg,0.04012970158491775
image_14982.jpg,0.008574681948966257
image_12368.jpg,0.6057613090971342
image_10626.jpg,0.01010230261186574
image_12982.jpg,0.029230975876259686
image_10346.jpg,0.010247409223313046
image_8379.jpg,0.0001332931362962939
image_715.jpg,0.004473800467113631
image_10776.jpg,0.04817932789109961
image_8610.jpg,0.002647619414264391
image_11089.jpg,0.006795154284503657
image_6675.jpg,0.0016704679325156005
image_5039.jpg,0.009259197506274545
image_9378.jpg,0.0039623011609592656
image_14408.jpg,0.00235523928837864
image_3526.jpg,0.007320274423312071
image_13139.jpg,0.1912261719345184
image_4580.jpg,8.798177776133972e-05
image_10166.jpg,0.03928095764935811
image_14151.jpg,0.06296735003567439
image_2572.jpg,0.1371136031411629
image_9655.jpg,0.5730576526595269
image_1352.jpg,0.02190241891603182
image_15125.jpg,0.03951506279364054
image_10543.jpg,0.00020656185734888613
image_9280.jpg,0.06824674759665622
image_12062.jpg,0.002568746452350988
image_6449.jpg,0.0026821803368027
image_16528.jpg,0.03184211674887326
image_5766.jpg,0.2916784994087541
image_6069.jpg,0.13855592328765565
image_13204.jpg,0.5480860669633462
image_3969.jpg,0.49926397613650053
image_15095.jpg,0.878587703218411
image_10965.jpg,0.30227386380358
image_1999.jpg,0.03820888240708486
image_10295.jpg,0.49956859582002294
image_1508.jpg,0.021213737011346462
image_14670.jpg,0.005587396330333742
image_11598.jpg,0.0029792340201998746
image_9909.jpg,0.1501496741623374
image_10084.jpg,0.031174255539843012
image_6061.jpg,0.0007481933346676322
image_1432.jpg,0.007670361361289267
image_7993.jpg,0.4881215256003019
image_14736.jpg,0.26135885975732687
image_2220.jpg,0.654430296484533
image_11353.jpg,0.04594559958073724
image_15918.jpg,0.16607362433086653
image_3598.jpg,0.022980636751518926
image_9535.jpg,0.03744559498590279
image_11517.jpg,0.008995410466178265
image_13171.jpg,0.1360540681370083
image_3787.jpg,0.6546647926142886
image_6370.jpg,0.007408434519726123
image_9710.jpg,0.033540701070590886
image_908.jpg,0.001169585429123518
image_10644.jpg,0.011927974530278626
image_12956.jpg,0.264245575179965
image_10569.jpg,0.0031862750916725703
image_38.jpg,0.017184570061769926
image_4639.jpg,0.0021275401939211563
image_16236.jpg,0.003658244230260376
image_5550.jpg,0.0015373673961884158
image_12299.jpg,0.0052160601650496925
image_2571.jpg,0.10617989095472741
image_14812.jpg,0.8455906005718256
image_6174.jpg,0.0055224495284659746
image_4191.jpg,0.011481430137125439
image_13422.jpg,0.9382650411557064
image_8565.jpg,0.8807105388815752
image_7659.jpg,0.006867979664223284
image_15081.jpg,0.0003965340801350119
image_10410.jpg,0.18309201060663308
image_14030.jpg,0.7417084267522325
image_1776.jpg,0.03826451333022154
image_12964.jpg,0.28374480358945126
image_12153.jpg,0.006896950499545192
image_3135.jpg,0.6242511373723755
image_12475.jpg,0.003765637880524701
image_9331.jpg,0.004697266029537764
image_967.jpg,0.20071859630434244
image_11634.jpg,0.002266957552360802
image_4308.jpg,0.001147948179470772
image_7199.jpg,0.00023546447529513542
image_645.jpg,0.011069184325319397
image_12789.jpg,0.006200606897437241
image_9075.jpg,0.008564112011138252
image_857.jpg,0.711829198086911
image_10850.jpg,0.005606982583037841
image_171.jpg,0.007017582395195775
image_1520.jpg,0.018742545409190497
image_329.jpg,0.0039010129874833405
image_13840.jpg,0.0007560629981142592
image_7559.jpg,0.019542239448399744
image_5173.jpg,0.27360545772902334
image_5233.jpg,0.015148258534502974
image_5980.jpg,0.01980630614041842
image_595.jpg,0.5334364971435078
image_1276.jpg,0.06477923567694437
image_14236.jpg,0.019633442261923012
image_8907.jpg,0.009144253624852964
image_10356.jpg,0.029681679983939495
image_8967.jpg,0.0003179294372072144
image_8018.jpg,0.042191851261069446
image_6683.jpg,0.0015730351076049403
image_11255.jpg,0.010638068005505362
image_13963.jpg,0.15808458095533895
image_5533.jpg,0.018185301357959788
image_4476.jpg,0.2852642319392147
image_1047.jpg,0.011523989317574122
image_15674.jpg,0.0014157825322326193
image_7826.jpg,0.3360789786294339
image_3811.jpg,0.02726964453865686
image_684.jpg,0.0009022064962487572
image_6722.jpg,0.032459560339360316
image_989.jpg,0.021842521738073894
image_4980.jpg,0.043703936118673604
image_14060.jpg,6.993331434415651e-05
image_11808.jpg,0.000896223788804117
image_8274.jpg,0.0068615699512802435
image_6681.jpg,0.0035351137866861866
image_2488.jpg,0.026472085205073735
image_12687.jpg,0.3296827370134096
image_4488.jpg,0.0010253635922899793
image_3438.jpg,0.018509038397221258
image_607.jpg,0.8990921126910221
image_5586.jpg,0.020105575536599193
image_10608.jpg,0.002517071119257379
image_15354.jpg,0.0002839836331458489
image_10889.jpg,0.006730713555210066
image_6584.jpg,0.050565666645299656
image_7637.jpg,0.04389080719739804
image_4589.jpg,0.00510792810584837
image_4691.jpg,0.7635030313768087
image_8526.jpg,0.1189639582616348
image_6417.jpg,0.004105803295784525
image_827.jpg,0.006735355572439015
image_506.jpg,0.49244119296646655
image_3031.jpg,0.30088723643170934
image_12793.jpg,0.0030211651512970584
image_11998.jpg,0.04475663644622243
image_6511.jpg,0.8019042565669989
image_3586.jpg,0.5486693850407415
image_7647.jpg,0.002211949901181829
image_5415.jpg,0.07320197733993372
image_16253.jpg,0.30842532112663434
image_13060.jpg,0.19569576579051923
image_12376.jpg,0.0025073545278333463
image_7131.jpg,0.0011824817638583862
image_11923.jpg,0.0012571485694031063
image_7688.jpg,0.08022867162993291
image_279.jpg,0.010518460144196442
image_919.jpg,0.212488225749244
image_7929.jpg,0.0008872719680095749
image_7453.jpg,0.0026865243005208717
image_7402.jpg,0.06236914683679796
image_15801.jpg,0.00011371694342476945
image_5703.jpg,0.005479817694049198
image_13406.jpg,0.4836901443258369
image_8357.jpg,0.0013100626764690829
image_4095.jpg,0.8774985739686757
image_6715.jpg,0.0037725389170127042
image_2777.jpg,0.05478430598646057
image_9905.jpg,0.2950558405486847
image_4637.jpg,0.0305631321009881
image_11693.jpg,0.04508955381409401
image_9152.jpg,0.011130309584962682
image_13592.jpg,0.00295159391176542
image_3971.jpg,0.00020034432610322432
image_13015.jpg,2.01858633487909e-05
image_9749.jpg,0.0015137583383403915
image_14693.jpg,0.004735118893447326
image_1516.jpg,0.055288667078573314
image_3108.jpg,0.0002034186486772324
image_6605.jpg,0.2139354304061705
image_6206.jpg,0.0076088380381575645
image_13941.jpg,0.04183679338039475
image_12000.jpg,0.0017466844737599357
image_5900.jpg,0.5428118443745752
image_10913.jpg,0.0025025540340586514
image_271.jpg,0.0067959359257662956
image_9781.jpg,0.0009851399014691956
image_5707.jpg,0.9025026435384188
image_8085.jpg,0.2049932476425259
image_2815.jpg,0.28357389472791017
image_11133.jpg,0.014033506203446296
image_11228.jpg,0.061313248531894814
image_14450.jpg,0.049925637719059814
image_4234.jpg,0.00403476070500205
image_12164.jpg,0.03853147531839296
image_11128.jpg,0.1914128063076989
image_11512.jpg,0.017057756462012543
image_388.jpg,0.02382330802745056
image_15981.jpg,0.2933926373421245
image_4007.jpg,0.05509302616762395
image_5052.jpg,0.0015649315931614573
image_11304.jpg,0.21644950859392043
image_13126.jpg,0.001061495506336614
image_10490.jpg,0.1887388320964407
image_3156.jpg,0.018897112615229285
image_4744.jpg,0.6287820404767621
image_13062.jpg,0.10238248763598096
image_13240.jpg,0.07958459124604988
image_4948.jpg,0.003405863948191917
image_364.jpg,3.727786025216359e-05
image_9260.jpg,0.007474174377339144
image_4757.jpg,0.0022569115553408535
image_7858.jpg,0.000531384402443858
image_13681.jpg,0.10038221546425448
image_1080.jpg,0.059646895701535536
image_14510.jpg,0.0001249874431817466
image_10890.jpg,0.001498118510610089
image_6770.jpg,0.7343329414835134
image_8167.jpg,0.006642545770448887
image_2404.jpg,0.007803222710052572
image_12648.jpg,0.4933878293992183
image_13014.jpg,0.011121930590192114
image_13324.jpg,0.03165109809719099
image_9419.jpg,0.001418574839442672
image_1638.jpg,5.8341973770808646e-05
image_3274.jpg,0.012467627449684928
image_13975.jpg,0.0008758314854833633
image_15694.jpg,0.012717969630914271
image_2053.jpg,0.8320363774990713
image_11916.jpg,0.00039254230377350316
image_14522.jpg,0.016539511346779376
image_16502.jpg,0.004877895383870273
image_7230.jpg,0.006563249046059642
image_7851.jpg,0.012710646545579053
image_11739.jpg,0.02551765288670619
image_5057.jpg,0.081859545088754
image_10836.jpg,0.36483601584241065
image_2360.jpg,0.45145779528017277
image_12533.jpg,0.07734379193737441
image_22.jpg,0.12888326684709642
image_4997.jpg,0.021965361571097082
image_6527.jpg,0.009992106547993698
image_8959.jpg,0.9673891378380771
image_4123.jpg,0.02459507189780904
image_16215.jpg,0.012527275790251617
image_8412.jpg,0.00350146830369105
image_5358.jpg,0.0007682358449825117
image_13544.jpg,0.009700837399348322
image_6442.jpg,0.0011715540197700033
image_87.jpg,0.0022668307638809768
image_2420.jpg,0.0002124874807110193
image_14839.jpg,0.007923786247010787
image_11462.jpg,0.00871137057321847
image_4016.jpg,0.0005454592239566692
image_6988.jpg,0.011367748681038542
image_16181.jpg,0.006447525702321431
image_6307.jpg,0.14186575806139076
image_10111.jpg,0.0002566196109011061
image_9756.jpg,0.1292058543760106
image_3852.jpg,0.11349382753013053
image_3628.jpg,0.15968569449851117
image_3711.jpg,0.0027064226272211704
image_3937.jpg,0.002433501861089374
image_5303.jpg,0.15720152244096244
image_14995.jpg,0.0055226534659319326
image_2734.jpg,0.03157940817149283
image_1858.jpg,0.009319119166384187
image_599.jpg,0.059033955560275915
image_75.jpg,0.004396649592366914
image_5268.jpg,0.9317728212934678
image_14431.jpg,0.0004791535799942368
image_953.jpg,0.0006378744540029296
image_4894.jpg,0.01548652104382228
image_11243.jpg,0.1191463746600437
image_1722.jpg,0.03602693038254388
image_16221.jpg,0.029096031168599365
image_5465.jpg,0.026720764306285515
image_10130.jpg,0.049301178291100006
image_15186.jpg,0.004623783229374847
image_16222.jpg,0.0001550729506976827
image_516.jpg,2.8917253090689978e-05
image_4885.jpg,0.8769606242856007
image_541.jpg,0.17127908093690083
image_10536.jpg,0.7921023415222426
image_355.jpg,0.008273485970727728
image_12824.jpg,0.07299155309318117
image_15137.jpg,0.2900846027670921
image_5519.jpg,0.0004085481245078182
image_2504.jpg,0.003130404959313579
image_4419.jpg,0.011968254630177061
image_2184.jpg,0.04932406927074684
image_12198.jpg,0.0441254812848281
image_7467.jpg,0.007783553130264067
image_3372.jpg,0.0010816645419447434
image_6504.jpg,0.15605052534855757
image_6181.jpg,0.0003720414890304818
image_13569.jpg,0.07043329844071283
image_4567.jpg,0.004135981133878027
image_3864.jpg,0.00786626265218758
image_13654.jpg,0.011095675185768502
image_420.jpg,0.10050062214753547
image_1804.jpg,0.3699984760953274
image_5916.jpg,0.0008104235837267965
image_11717.jpg,0.0002171467859630421
image_638.jpg,0.27325131985892553
image_1157.jpg,0.05048601535447974
image_14975.jpg,0.04716238552756479
image_8345.jpg,0.6284418126512795
image_13879.jpg,0.17019804718926063
image_10902.jpg,0.3364481092457567
image_15061.jpg,0.23909135776041363
image_84.jpg,6.818194804087244e-05
image_7730.jpg,0.007443256064223493
image_8303.jpg,0.004002696776585931
image_15536.jpg,0.01451651243051072
image_1385.jpg,0.00042078466170843485
image_2576.jpg,0.04524009575959145
image_9679.jpg,0.0034874335770949984
image_10877.jpg,0.0985130204568249
image_10032.jpg,0.04743286982932076
image_11607.jpg,0.004144161655236538
image_15348.jpg,0.24322051189322436
image_13482.jpg,0.15790508186445387
image_8104.jpg,0.010321468943843297
image_1843.jpg,0.03892948029413139
image_593.jpg,0.0006409005664802978
image_4371.jpg,0.001930045777019155
image_942.jpg,0.9676250327482613
image_7759.jpg,0.2805544452466601
image_5656.jpg,0.017207471570377324
image_7100.jpg,0.8563461341830835
image_4509.jpg,0.0009983484830777811
image_800.jpg,0.005248589235502242
image_6291.jpg,0.2538199239268596
image_14289.jpg,0.12442229149523532
image_8589.jpg,0.7488437577230151
image_7240.jpg,0.0003227947213226032
image_13102.jpg,0.8001532800156421
image_6745.jpg,0.010064522268409594
image_5563.jpg,0.7845646540680831
image_7531.jpg,0.037484719082422104
image_10621.jpg,0.5811837377492554
image_14046.jpg,0.005040149100096432
image_1414.jpg,1.933939394276388e-05
image_14446.jpg,0.01888319501949129
image_6502.jpg,0.2608603815550093
image_16095.jpg,0.0004020173283668763
image_12144.jpg,0.06056404009924219
image_3008.jpg,0.24193784299711463
image_1752.jpg,0.002356818710708419
image_1384.jpg,0.024919731490438083
image_9198.jpg,0.39183633406021495
image_10759.jpg,0.061920676490485084
image_16107.jpg,0.023579306144158436
image_2222.jpg,0.4851562427132594
image_313.jpg,0.0008724700005364464
image_2848.jpg,0.026890783393228833
image_2939.jpg,0.1954063871114255
image_5668.jpg,0.0010649272387548538
image_15903.jpg,0.1067333634919904
image_2196.jpg,0.0031708748041468955
image_947.jpg,0.06684871317829974
image_4358.jpg,0.24532608740194992
image_1507.jpg,0.00034124000454573497
image_15985.jpg,0.0016616093178808485
image_4503.jpg,0.3243544728216448
image_8510.jpg,0.0008362710856264694
image_12269.jpg,0.005638121459974957
image_15718.jpg,0.12358122627053765
image_603.jpg,0.0014688619750844762
image_2741.jpg,0.02667567241344212
image_13325.jpg,0.03340192034434955
image_14775.jpg,0.05286220043469843
image_10471.jpg,0.005621315550618402
image_14590.jpg,0.0072951434074680545
image_9396.jpg,0.028106229218493504
image_6972.jpg,0.0009188890649289828
image_14392.jpg,0.002104991184287043
image_2421.jpg,0.0709144962494535
image_15408.jpg,0.00580521236625582
image_9099.jpg,0.009588655314587077
image_1011.jpg,0.04796664982924956
image_9186.jpg,0.00396357456310579
image_13778.jpg,0.01224905042544111
image_14684.jpg,0.19283596108083478
image_16078.jpg,0.3395473780749483
image_6243.jpg,0.6315728319758399
image_13028.jpg,0.0701074001791701
image_13647.jpg,0.7948722906915707
image_9291.jpg,0.008456744411062372
image_12422.jpg,0.005852761830630262
image_5785.jpg,0.014276365691689316
image_9936.jpg,0.0006980871121727455
image_11828.jpg,0.0029345019667414863
image_4087.jpg,0.9629435533017058
image_16369.jpg,0.00207739689108883
image_13605.jpg,0.033175197127544694
image_10376.jpg,0.11518861231611724
image_5201.jpg,0.3138180755091353
image_4581.jpg,0.005297465384814303
image_16524.jpg,0.0008180791404284738
image_15916.jpg,0.1475066634810828
image_7275.jpg,0.0024051602254566047
image_4522.jpg,0.003591275202982815
image_12957.jpg,0.02656462936843275
image_4024.jpg,0.0523387257509945
image_2239.jpg,0.2699913092200204
image_8219.jpg,0.028895575982704747
image_9053.jpg,0.19716027560347552
image_1109.jpg,0.01846308598092268
image_14435.jpg,3.6038195167581704e-05
image_1938.jpg,0.007956770249466437
image_217.jpg,0.18847105369293465
image_14228.jpg,0.04355710891627698
image_12734.jpg,0.07537952662984539
image_9387.jpg,0.20767398692078629
image_8543.jpg,0.02832943216145023
image_8195.jpg,0.04539313178770204
image_1511.jpg,0.013966323425030552
image_7524.jpg,0.060053676306003625
image_9641.jpg,0.5228709687797529
image_10659.jpg,0.003642231907467628
image_14636.jpg,0.005472939753222357
image_14846.jpg,0.13180798193724072
image_14945.jpg,0.033136439012167465
image_2736.jpg,0.0005400866563587842
image_14593.jpg,0.015957892271368283
image_14719.jpg,0.0036875503127138036
image_14470.jpg,0.06021286015675519
image_11073.jpg,0.23919051299834315
image_1815.jpg,0.004196765355589786
image_10651.jpg,0.0023858610675708113
image_13558.jpg,0.026534386149098785
image_13189.jpg,0.016633140673433525
image_6667.jpg,0.00014397242602447833
image_1910.jpg,0.0011287120027151988
image_12689.jpg,0.23292908814941252
image_4781.jpg,0.03243282217311061
image_11463.jpg,0.0004932307618355545
image_11268.jpg,0.17779374430853362
image_11219.jpg,0.007174533372962723
image_10063.jpg,0.1311699818219417
image_5263.jpg,0.09543157871961448
image_10258.jpg,0.9920788773563255
image_3914.jpg,0.22945020362488447
image_15166.jpg,0.0036172430663218525
image_2017.jpg,0.00013984560055389287
image_2902.jpg,0.0014472270577446306
image_934.jpg,0.008377132880599195
image_10439.jpg,6.893745249140721e-05
image_650.jpg,0.0005888104201432265
image_7848.jpg,0.02244080547559722
image_5955.jpg,1.3002362722909526e-05
image_12904.jpg,0.043976763310333906
image_1341.jpg,0.06499276660138413
image_5413.jpg,0.0017520219397441645
image_14869.jpg,0.014411097471108672
image_2959.jpg,0.6066190595639604
image_4718.jpg,0.15402421929801852
image_186.jpg,0.04954501088141637
image_2.jpg,0.10959476735070785
image_14571.jpg,0.009315440598887849
image_4916.jpg,0.9340675559719642
image_1395.jpg,0.5357183998102591
image_13223.jpg,0.005932372597120726
image_8431.jpg,0.0122629612297692
image_6046.jpg,0.008812586373770295
image_15363.jpg,0.23586483781411952
image_13090.jpg,0.021805828679236382
image_15306.jpg,0.0005349950181044416
image_4345.jpg,0.7280904973116313
image_9990.jpg,0.22079202300499304
image_4090.jpg,0.008044020149992932
image_7399.jpg,0.054105159665357394
image_9748.jpg,0.02050918563126046
image_9410.jpg,0.4547155868357053
image_4337.jpg,0.10747273348385901
image_13376.jpg,0.004122094463754676
image_14651.jpg,0.8618466319186846
image_2837.jpg,0.0011313450383099153
image_6480.jpg,0.0967635545714452
image_12800.jpg,0.0355153233464456
image_16527.jpg,0.006302711769214542
image_10824.jpg,0.020017727072329017
image_8340.jpg,0.31314158621372334
image_6256.jpg,0.4096640695758343
image_10022.jpg,0.10364772129494713
image_9417.jpg,0.10790570288212098
image_109.jpg,0.01186097546731759
image_4410.jpg,0.00010501021352196983
image_5873.jpg,0.0011746446868267691
image_12773.jpg,0.010790354510148535
image_6268.jpg,0.001805514630920933
image_1920.jpg,0.01755645277413691
image_9889.jpg,0.0060591238112384
image_15286.jpg,0.00013606336229664057
image_15459.jpg,0.004785412446864722
image_13997.jpg,0.009007746703516804
image_5105.jpg,0.07835245432577535
image_15862.jpg,0.052063070601295794
image_8086.jpg,0.020651989941594832
image_139.jpg,0.015459087581016785
image_6297.jpg,0.031607406887740996
image_10001.jpg,0.003916932339922109
image_12945.jpg,0.003439779367162455
image_15800.jpg,0.04778216789942986
image_14578.jpg,0.08445302775908017
image_2110.jpg,0.015927866169241477
image_14430.jpg,0.004271916776679005
image_8248.jpg,0.0005617457063436656
image_15842.jpg,0.0005628885900539178
image_2835.jpg,0.0013690438922435292
image_13704.jpg,0.3852901222487153
image_9404.jpg,0.0007975351838720885
image_2030.jpg,0.05098441814217027
image_6836.jpg,0.0010960709056300718
image_4901.jpg,0.042572755312189056
image_13321.jpg,0.06296344405028838
image_8895.jpg,0.707244336990768
image_9177.jpg,0.0896774130751685
image_15270.jpg,0.003718144384515117
image_15209.jpg,0.03755117904531559
image_6145.jpg,0.7523705896730329
image_10261.jpg,0.12482429825796008
image_15245.jpg,0.24293787214627385
image_13620.jpg,0.19884055719993673
image_15755.jpg,0.0038278484339869835
image_6308.jpg,0.0013479243412595067
image_1471.jpg,0.5774725830154727
image_11696.jpg,0.004379557063248905
image_221.jpg,0.0007961026314761775
image_9821.jpg,0.0007393887127244277
image_6737.jpg,0.885636115160685
image_2869.jpg,0.02841753421847405
image_8039.jpg,0.008181731532355668
image_12696.jpg,0.019322766965807113
image_10098.jpg,0.0077956675136020386
image_15265.jpg,0.0009992331987722911
image_2505.jpg,0.09270083451746908
image_5592.jpg,0.018585932855105833
image_5442.jpg,0.0025766550027807606
image_14243.jpg,0.5495271849813517
image_16191.jpg,0.0069676443619141075
image_5687.jpg,0.06521648669956528
image_4370.jpg,0.0010752843541950567
image_5185.jpg,0.003130396080183857
image_14050.jpg,0.00446531937978316
image_12418.jpg,0.26413938230600903
image_6966.jpg,0.0336038083202667
image_8353.jpg,0.11270334439214288
image_6837.jpg,0.2612003653569316
image_3173.jpg,0.05009075432154269
image_7030.jpg,0.6749992755803399
image_6148.jpg,0.11527390196270822
image_3821.jpg,0.009233644624269781
image_2042.jpg,0.003298523299417239
image_13712.jpg,0.013655779058497302
image_8509.jpg,0.0016508508561514984
image_13413.jpg,0.3206663228452133
image_792.jpg,0.0007664505147383426
image_6408.jpg,0.001302572433742755
image_12572.jpg,0.018458352652127474
image_16495.jpg,0.02104516019499833
image_4956.jpg,0.006779419385531463
image_10087.jpg,0.019553367538019183
image_14508.jpg,0.0004104140288635615
image_8964.jpg,0.008196631874420227
image_5532.jpg,0.1297528684037701
image_5983.jpg,0.11990242644060897
image_1376.jpg,0.08853765876638327
image_7674.jpg,0.0013293428544169442
image_2938.jpg,0.12529288523972185
image_6580.jpg,0.051780637597123064
image_7085.jpg,0.01422400694334002
image_5292.jpg,0.005053668133503937
image_3925.jpg,0.005472073915240068
image_9512.jpg,0.01606413178743295
image_2131.jpg,4.969206464187039e-05
image_4618.jpg,0.03577782039583135
image_1225.jpg,0.2709855292585689
image_2740.jpg,0.004124086570363132
image_11326.jpg,0.004693079135008936
image_1515.jpg,0.003482936967886955
image_13687.jpg,0.9930995899700318
image_7274.jpg,0.1030746804415345
image_14273.jpg,0.04868090682063882
image_11129.jpg,0.0012752492108825029
image_2630.jpg,0.013048968457734119
image_11399.jpg,0.523575213550162
image_5821.jpg,0.09986861142505733
image_8873.jpg,0.8120364567445035
image_2467.jpg,0.03814382544852073
image_9176.jpg,0.01347139279643188
image_7613.jpg,0.0022922561082958353
image_6222.jpg,0.6443407292623224
image_4759.jpg,0.0009458003678089013
image_9490.jpg,0.039223928161497404
image_11561.jpg,0.012357390568898338
image_15508.jpg,0.0006676531986056447
image_4050.jpg,0.01953257914503141
image_13549.jpg,0.2731456492585122
image_8184.jpg,0.06579443539722586
image_5888.jpg,0.017445649931722908
image_1882.jpg,0.02307329358852584
image_15419.jpg,0.0019267244881398472
image_10419.jpg,0.0046464917707729255
image_8043.jpg,0.311550307176831
image_10874.jpg,0.32652255730419266
image_2477.jpg,0.07161101265322631
image_7218.jpg,0.002667459559727008
image_247.jpg,0.3546732757466481
image_203.jpg,0.6942610570413256
image_2075.jpg,0.005551072846277936
image_7192.jpg,0.0010345054448957446
image_6290.jpg,0.0016891470576076235
image_3900.jpg,0.00016574268852255345
image_10115.jpg,0.32722460786056473
image_9267.jpg,0.018792455628967933
image_302.jpg,0.5920652319130706
image_3286.jpg,0.019443131726664994
image_9115.jpg,0.3482396186032216
image_14484.jpg,0.00944638059320365
image_2193.jpg,0.139650940120063
image_4072.jpg,0.0008134093744394034
image_3548.jpg,0.2141718619410426
image_10599.jpg,0.025014825292442602
image_15798.jpg,0.047622819903117786
image_10553.jpg,0.0033933599936449483
image_299.jpg,0.8371360887252938
image_2765.jpg,0.001700699080172184
image_4291.jpg,0.0016709542096481418
image_10617.jpg,0.010950435930393727
image_1184.jpg,0.8043192455434545
image_5481.jpg,0.7809143592758376
image_1274.jpg,0.047046179162312476
image_8833.jpg,0.07524522945603851
image_6230.jpg,0.004763638788838522
image_73.jpg,0.000356244193259102
image_2032.jpg,0.032307609741693714
image_5006.jpg,0.002167634571552833
image_4842.jpg,0.9469465261602281
image_9844.jpg,0.0010525524839550124
image_14676.jpg,0.011191080764882682
image_14818.jpg,0.6143864510880157
image_479.jpg,0.6488257212119038
image_14099.jpg,0.0030440153117641585
image_6908.jpg,0.3985705685243453
image_1482.jpg,0.17074372488839346
image_2255.jpg,0.029499207741971865
image_1495.jpg,0.031065818328325834
image_11426.jpg,0.004026800753554226
image_12894.jpg,0.0620489790182672
image_8952.jpg,0.0006749545330272888
image_7811.jpg,0.0044234843885275245
image_6157.jpg,0.022463357180151338
image_5441.jpg,0.4383743017522139
image_11403.jpg,0.02815271857394955
image_12586.jpg,0.08645198149701865
image_15901.jpg,0.008956388274560618
image_7731.jpg,0.0022937067985498135
image_1861.jpg,0.00687849546005766
image_7537.jpg,0.42768953974338325
image_12404.jpg,0.007777553193777454
image_8125.jpg,0.008468129112854082
image_2412.jpg,0.0008367528765558669
image_13813.jpg,0.05578887576387365
image_1735.jpg,0.4283278448956153
image_12466.jpg,0.08695176612050408
image_3114.jpg,0.003560064477374909
image_11253.jpg,0.008362443975823503
image_14542.jpg,0.24310058244663812
image_3203.jpg,0.009175821087492906
image_4363.jpg,0.0016432778025072727
image_553.jpg,0.26926687498922064
image_7568.jpg,0.024155513738763602
image_12150.jpg,0.0012028074025506718
image_1704.jpg,0.280327153234046
image_4587.jpg,0.043600095743524116
image_13108.jpg,0.8388131133282724
image_14815.jpg,0.010407424844659428
image_3978.jpg,0.002278074648471504
image_7403.jpg,0.0010456567363228717
image_2578.jpg,4.4308942234390774e-05
image_274.jpg,0.003942385505434587
image_1785.jpg,0.0004465077069042555
image_7687.jpg,0.3391407953241735
image_12005.jpg,0.007636591251019648
image_14518.jpg,0.06451920677841233
image_16372.jpg,0.02181975728667331
image_14166.jpg,0.011711361512765354
image_14155.jpg,0.01781648402839362
image_4712.jpg,0.0049712893053109886
image_5806.jpg,0.005631339190225263
image_10819.jpg,0.009023155869777883
image_12999.jpg,0.003854851399991178
image_8254.jpg,0.7267945775725472
image_2561.jpg,0.0018207172865420626
image_14760.jpg,0.02484438955535786
image_8518.jpg,0.0009952836967115437
image_16504.jpg,0.002063482901493089
image_13414.jpg,0.4278879056528295
image_11273.jpg,0.6939901606603346
image_9608.jpg,0.006991192506456259
image_8619.jpg,0.006068013570007615
image_12447.jpg,0.944209276543883
image_5044.jpg,0.008358878240314508
image_1826.jpg,0.009278125900831324
image_5815.jpg,0.047776343555734575
image_8264.jpg,0.0010189324716076314
image_213.jpg,0.9459601649200299
image_16385.jpg,0.007054866712062432
image_14929.jpg,0.06220662710787988
image_5140.jpg,0.9010699912205803
image_12944.jpg,0.111794711424461
image_10779.jpg,0.000351401535672606
image_12273.jpg,0.004865492473119538
image_13160.jpg,0.34316041068133846
image_1027.jpg,0.0006377217039343691
image_11068.jpg,0.008185159716046308
image_1085.jpg,0.0025536043011046036
image_15617.jpg,0.15739853358510403
image_6719.jpg,0.9602191402442419
image_10078.jpg,0.06523609785696485
image_15760.jpg,0.1813068877302909
image_6927.jpg,0.01815313193226444
image_10113.jpg,0.040487777532585686
image_875.jpg,0.08468577043747148
image_10268.jpg,0.4047109693705374
image_10072.jpg,0.38921558095263253
image_6578.jpg,0.10243492701780157
image_7769.jpg,0.009415642163690603
image_6436.jpg,0.6017424092228366
image_12073.jpg,0.008505003798698372
image_7040.jpg,0.6762359149147734
image_9552.jpg,0.006272097479733421
image_8341.jpg,0.0004418153296413332
image_13493.jpg,0.0073453550827164895
image_12442.jpg,0.1383678938095598
image_1165.jpg,0.0026978468223444485
image_5553.jpg,0.011873288679719709
image_11216.jpg,0.00015824167762934174
image_13.jpg,0.01844438901212548
image_4977.jpg,0.00021003226741950781
image_11847.jpg,0.013163737730989522
image_14660.jpg,0.027198307196834172
image_571.jpg,0.06751755859960822
image_15364.jpg,0.007936584592914703
image_3033.jpg,0.0020145507989680587
image_5.jpg,0.0001477309833290608
image_6689.jpg,0.8431706133447822
image_8368.jpg,0.008922570152802334
image_8074.jpg,0.026264906407266423
image_4324.jpg,0.00071775931860241
image_3614.jpg,0.029798936922987806
image_2291.jpg,0.1888180625360972
image_328.jpg,0.0006122869932501609
image_5601.jpg,0.020503216509037556
image_10844.jpg,0.04220132766944471
image_6810.jpg,0.00128327146613777
image_14847.jpg,0.02838106520414162
image_16525.jpg,0.1752092681448506
image_4092.jpg,0.008681302961525054
image_16232.jpg,0.007008150589938638
image_7713.jpg,0.003700423005916492
image_266.jpg,0.19306043582728188
image_6194.jpg,0.008198147021761283
image_11045.jpg,0.00709108432081503
image_7882.jpg,0.004533321899854671
image_9678.jpg,0.022835913213580555
image_16268.jpg,0.13047325458293857
image_12816.jpg,0.007580665171752778
image_7338.jpg,0.004971676248206542
image_209.jpg,0.044606822697514106
image_10522.jpg,0.043917692932901445
image_951.jpg,0.0510726447716717
image_15048.jpg,0.532729653200477
image_4361.jpg,0.027258951519060062
image_1096.jpg,0.014081524211086067
image_8620.jpg,0.001014746154506301
image_2886.jpg,0.002450865974511772
image_15717.jpg,0.0009552576883416713
image_10996.jpg,0.022291426716051433
image_13568.jpg,0.22821653578011122
image_628.jpg,0.3594530625520926
image_4085.jpg,0.019675542653221814
image_15307.jpg,9.869721413453963e-05
image_10620.jpg,0.10029978923128492
image_15956.jpg,0.005043071321061527
image_10434.jpg,0.02875822002849258
image_16388.jpg,0.01199962110102806
image_8042.jpg,0.016897550452057573
image_156.jpg,0.0026459092088329103
image_2648.jpg,0.000750932217362695
image_1156.jpg,0.05052217906375678
image_13458.jpg,0.026121083503248824
image_7397.jpg,0.006938594533619781
image_15994.jpg,0.926444415216736
image_13395.jpg,0.040394149440189486
image_4719.jpg,0.7750349256259093
image_8040.jpg,0.7927803166296512
image_12680.jpg,0.35903088052525584
image_10320.jpg,0.010422421945931645
image_4005.jpg,0.0008312334747660472
image_9148.jpg,0.8426090406194016
image_6039.jpg,0.07847793332315882
image_7772.jpg,0.11985073131494772
image_6801.jpg,0.06768033481995184
image_10108.jpg,0.0003713217709153563
image_12284.jpg,0.0009967332325810552
image_13124.jpg,0.018673223041523707
image_2775.jpg,0.010890459725888963
image_7818.jpg,0.0002105789413208645
image_4560.jpg,0.00177621169967049
image_10911.jpg,0.0031569580796737585
image_4554.jpg,0.014136117798946895
image_14390.jpg,0.8290015144279118
image_9713.jpg,0.03178765016499263
image_12880.jpg,0.002587280364469002
image_4774.jpg,0.990969194803928
image_3592.jpg,0.11011492687903877
image_13221.jpg,0.0005880208858949058
image_14647.jpg,0.000994441498527555
image_2836.jpg,0.012362753415619189
image_9340.jpg,0.01708395223961594
image_11965.jpg,0.031224804723419642
image_16270.jpg,0.0028442339914726126
image_11405.jpg,0.007709785262564929
image_8690.jpg,0.005899169933496845
image_5453.jpg,0.011196481911503256
image_13844.jpg,0.023902500065579313
image_1214.jpg,0.0028039937842575737
image_4279.jpg,0.025744533015372672
image_11186.jpg,0.05082801257211024
image_7839.jpg,0.07622959862629043
image_322.jpg,0.010943712944569401
image_11780.jpg,0.010710502611735966
image_8014.jpg,0.01204565930187112
image_8222.jpg,0.9704339382537306
image_2436.jpg,0.0004254862842965923
image_7948.jpg,0.0021437386732872667
image_3347.jpg,0.019599807413408176
image_10304.jpg,0.026449104827282556
image_10804.jpg,0.1420654891036365
image_14857.jpg,0.9541857991843391
image_10198.jpg,0.3899555450988119
image_7496.jpg,0.022951134135334887
image_5651.jpg,0.028250623761692316
image_13438.jpg,0.0014927878705809565
image_2218.jpg,0.025038515899167384
image_14073.jpg,0.031483419061681846
image_2545.jpg,0.004267745342667361
image_11251.jpg,0.0074402853857007956
image_9421.jpg,0.0015178674158442098
image_8325.jpg,0.22603041445394062
image_6806.jpg,0.7178145863376906
image_2698.jpg,0.4366150970385105
image_3396.jpg,0.001168715410809435
image_11435.jpg,0.5776209880124251
image_9924.jpg,0.02313508537111315
image_341.jpg,0.06330113205620211
image_2046.jpg,0.08528235864407827
image_9157.jpg,0.0008477820312581429
image_4626.jpg,0.2961781733054084
image_4204.jpg,0.019445468708859052
image_12749.jpg,0.0004588094683563252
image_10061.jpg,0.001258335744063617
image_2132.jpg,0.02060025445961355
image_9369.jpg,0.016922846721356653
image_14611.jpg,0.03327180169927006
image_1889.jpg,0.009483991919823668
image_12406.jpg,0.8439748360296474
image_6748.jpg,0.0015160064534290507
image_9935.jpg,0.9661093411025344
image_10109.jpg,0.018168800384850248
image_16513.jpg,0.020067702294000136
image_612.jpg,0.031482488139990494
image_8417.jpg,0.06819467814836375
image_1760.jpg,0.0005534674845954401
image_12210.jpg,0.12390283253445603
image_1300.jpg,0.08158618624737905
image_16244.jpg,0.13363658304232517
image_4577.jpg,0.9707700114099582
image_2780.jpg,0.6815827337822447
image_11215.jpg,0.8989557572274081
image_7356.jpg,0.1059660187218303
image_4165.jpg,0.6866520638232161
image_5608.jpg,0.011588000406960319
image_11134.jpg,0.7558794520130533
image_9510.jpg,0.05930363127542619
image_14546.jpg,0.05492509405675029
image_10505.jpg,0.00225953137543885
image_10967.jpg,0.009813055581052981
image_7845.jpg,0.09034978622014533
image_2932.jpg,0.19609831470447436
image_8220.jpg,0.799844186170273
image_7163.jpg,0.03029984302724425
image_6540.jpg,0.0011641722563503797
image_11246.jpg,0.5894289690083611
image_10013.jpg,0.0003630052789954439
image_14877.jpg,0.017719670856224497
image_6191.jpg,0.00024140237328294418
image_5959.jpg,0.006249914301413761
image_12751.jpg,0.008223779144820243
image_5313.jpg,0.6261931297206573
image_9302.jpg,0.0466951829447222
image_2725.jpg,0.8289173196587086
image_15644.jpg,0.027959623848971403
image_15176.jpg,0.048529413077054766
image_7721.jpg,0.005006216210697195
image_6025.jpg,0.035179992100452286
image_9785.jpg,0.010913956390162339
image_16207.jpg,0.10664318709296361
image_16019.jpg,0.006674277153174824
image_13523.jpg,0.14232249407179542
image_3732.jpg,0.03571570544675809
image_5844.jpg,0.00026171366407999293
image_10067.jpg,0.18574897522135392
image_10151.jpg,0.4073556426133882
image_3336.jpg,0.1285438179878044
image_8641.jpg,0.15280856662847747
image_2879.jpg,0.26092997397409795
image_15802.jpg,0.008146116379447647
image_9297.jpg,0.0043192935990590785
image_8056.jpg,0.00034479115453977534
image_3679.jpg,0.15732332556086473
image_4558.jpg,0.05794035755179161
image_11695.jpg,0.002694628851749738
image_6401.jpg,0.0011298750902398746
image_872.jpg,0.00037402970676535317
image_3251.jpg,0.0014239728790604678
image_13977.jpg,0.037238976423384876
image_5302.jpg,0.031391165397252244
image_124.jpg,0.01777788499833253
image_9693.jpg,0.003342163588407957
image_1863.jpg,0.028204665487996005
image_13786.jpg,0.1996010655829862
image_3457.jpg,0.01874073681913998
image_13796.jpg,0.5550078653937486
image_4414.jpg,0.010580818344488728
image_14118.jpg,0.03500943359620198
image_10389.jpg,0.01837263186857195
image_7392.jpg,0.002034416363629592
image_13013.jpg,0.1763444979008262
image_7166.jpg,0.24771756404352405
image_3168.jpg,0.5021547943669049
image_9090.jpg,0.9965886080629437
image_7011.jpg,0.011671860689864312
image_14827.jpg,0.008755237055473458
image_906.jpg,0.5385646646224904
image_9597.jpg,0.6820161560511953
image_15642.jpg,0.337989995730651
image_14341.jpg,0.0001990684699194309
image_7345.jpg,3.155023514459892e-05
image_8113.jpg,0.024393195061650212
image_9592.jpg,0.014412335135961178
image_11098.jpg,0.9454156213420153
image_4601.jpg,0.030099411609200766
image_16345.jpg,0.0010226378677171894
image_2661.jpg,0.004166901230641252
image_8036.jpg,0.6837577128932972
image_2559.jpg,0.05709930903701921
image_6790.jpg,0.017832033046584345
image_10143.jpg,0.8387963316069404
image_5542.jpg,0.372143240752782
image_774.jpg,0.005096426695830425
image_7279.jpg,0.19169282922721062
image_8890.jpg,0.024328351972938256
image_2376.jpg,0.006018966478806645
image_5604.jpg,0.10856297413443268
image_7952.jpg,0.053228065589946034
image_10648.jpg,0.2454379148020909
image_16403.jpg,0.00030499434329434526
image_5851.jpg,0.03758817837197469
image_10057.jpg,0.027262449847760193
image_9626.jpg,0.011756556889241461
image_2159.jpg,0.00030431783474118445
image_15269.jpg,0.04620072403626814
image_1982.jpg,0.01607941754302142
image_8427.jpg,0.07380549567667032
image_11396.jpg,0.2210060110645121
image_13402.jpg,0.0010720628817491502
image_8363.jpg,0.0021347667899188965
image_5987.jpg,0.4326480961000747
image_1793.jpg,0.009823404946769698
image_9659.jpg,0.27226789324873235
image_3830.jpg,0.0010363845607800459
image_12490.jpg,0.9962231459866332
image_9284.jpg,0.037317427964542745
image_7365.jpg,0.06565213936159855
image_13662.jpg,0.07567117879084231
image_4730.jpg,0.006685292348555997
image_7466.jpg,0.11673721469295925
image_15513.jpg,0.011830095494801419
image_14531.jpg,0.007266308371883588
image_2114.jpg,0.007221139468931965
image_3346.jpg,0.0015435418743539396
image_14936.jpg,0.6463944116886075
image_15279.jpg,0.000739863897261984
image_3025.jpg,0.006357632082947982
image_10797.jpg,0.04608067042395315
image_16287.jpg,0.6068527146371717
image_4929.jpg,0.07148200650424624
image_5287.jpg,0.06863566066182013
image_1224.jpg,0.3644472801212742
image_8239.jpg,0.15161606269637365
image_5431.jpg,0.0029479022320766405
image_901.jpg,0.042849189307963526
image_6215.jpg,0.018311881059078338
image_10348.jpg,0.9080410534147982
image_9240.jpg,0.8920605012992098
image_3322.jpg,0.039975876659096694
image_9720.jpg,7.180534232390785e-05
image_5154.jpg,0.0008217643557718089
image_468.jpg,0.1928629406916853
image_14519.jpg,0.02935623740863079
image_1120.jpg,0.20993687485669052
image_2061.jpg,0.08397332932533755
image_13500.jpg,0.16111704915262415
image_12910.jpg,0.17999664415507508
image_13779.jpg,9.947580623783643e-05
image_14904.jpg,0.04524229567695148
image_15515.jpg,0.6178816481794931
image_10546.jpg,0.05085899916799651
image_4615.jpg,0.0073760013602888145
image_8825.jpg,0.011690034054726638
image_6479.jpg,0.026333338452979128
image_7623.jpg,0.0975540936278287
image_15953.jpg,0.0007627272432220453
image_14291.jpg,0.09771229178394038
image_301.jpg,0.204793668100424
image_14863.jpg,0.03172663975181086
image_2364.jpg,0.006399803240377823
image_11006.jpg,0.027648480032558393
image_14147.jpg,0.004810315465702845
image_14850.jpg,0.037066181683951115
image_3565.jpg,0.9549787864481412
image_3359.jpg,0.003907426883740886
image_103.jpg,0.005631487459998903
image_6917.jpg,0.005390450483604057
image_321.jpg,0.008227796351091431
image_14666.jpg,0.11899668939160148
image_14739.jpg,0.06511078224163867
image_31.jpg,0.007936930233240729
image_10362.jpg,0.27572220037697254
image_13925.jpg,0.04702956453564222
image_16430.jpg,0.018516980987601038
image_3515.jpg,0.02394155049566722
image_5901.jpg,0.3355521198232621
image_8808.jpg,0.7148117119181956
image_13333.jpg,0.14101058988341245
image_8953.jpg,0.015418647207226924
image_11938.jpg,0.02111876903185954
image_11417.jpg,0.012049475252191843
image_11909.jpg,0.5616905546453582
image_1061.jpg,0.038890092854879876
image_13377.jpg,0.06728498455829869
image_13895.jpg,0.041592203460827905
image_14211.jpg,0.043299440197812414
image_9205.jpg,0.002722025721236608
image_14640.jpg,0.012255178939922931
image_9795.jpg,0.0839067213451709
image_11110.jpg,0.00038075276694134685
image_2952.jpg,0.014380247783238218
image_3758.jpg,0.010923855390892086
image_12952.jpg,0.03781350784951809
image_10878.jpg,0.00016898618561499404
image_4170.jpg,0.001713953410699007
image_6239.jpg,0.010686611799651113
image_13561.jpg,0.0006259680535646152
image_8377.jpg,0.00302030798670351
image_15747.jpg,0.8087637811983999
image_2489.jpg,0.020492677720438005
image_11131.jpg,0.0010719923053312892
image_357.jpg,0.003548893452823884
image_15028.jpg,7.05998046242124e-05
image_2543.jpg,0.08069312236300301
image_2015.jpg,0.30963528293171705
image_13199.jpg,0.044028314067629006
image_15787.jpg,0.00046158338668455704
image_15591.jpg,0.12720907594573283
image_10091.jpg,0.07184701725588741
image_5805.jpg,0.06407108768854829
image_4195.jpg,0.024947327193695707
image_1878.jpg,0.0001859300410405665
image_594.jpg,0.011586490646775844
image_4654.jpg,0.007278973502732347
image_165.jpg,0.0024309806651989178
image_12966.jpg,0.0005816853779988938
image_11288.jpg,0.016199012350595416
image_82.jpg,0.02099691448522412
image_2182.jpg,0.04902561937238144
image_3656.jpg,0.0058037018660165
image_11413.jpg,0.00016391674150456267
image_3912.jpg,0.9351615294493424
image_11113.jpg,0.10006682220333649
image_2529.jpg,0.00022186511274860572
image_13067.jpg,0.00304154388493446
image_5296.jpg,0.1937230484203132
image_7239.jpg,0.03606087653289259
image_7655.jpg,0.00021865975625665892
image_16086.jpg,0.02893772880731202
image_2243.jpg,0.0028206504756694522
image_7884.jpg,0.00778231268310537
image_9682.jpg,0.0662865985645462
image_10317.jpg,0.15656874335365986
image_15634.jpg,0.000691200408489683
image_4733.jpg,0.04266153570287279
image_3425.jpg,0.01601513960450283
image_8934.jpg,0.05935045102934466
image_7652.jpg,0.05411508204171788
image_1487.jpg,0.8215806878714301
image_11433.jpg,0.0012539031863278243
image_13525.jpg,2.792480311565207e-05
image_4168.jpg,0.0008420533630404017
image_10548.jpg,0.0014669144768727728
image_5370.jpg,0.09235577497646733
image_11964.jpg,0.13197123509603
image_15331.jpg,0.013301348436922605
image_14737.jpg,0.0004650190134472048
image_6795.jpg,0.007333279655009203
image_10975.jpg,0.0025194296896196636
image_9255.jpg,0.00011206103086851636
image_5653.jpg,0.04605918508208019
image_15290.jpg,0.017396834237768638
image_12625.jpg,0.029372074402910606
image_3980.jpg,0.010388974634228934
image_2748.jpg,0.002973152686793042
image_3775.jpg,0.04242710937642896
image_4094.jpg,0.025117707293344418
image_4432.jpg,0.005100370129843023
image_4210.jpg,0.018036743144439073
image_7233.jpg,0.14368515084628003
image_9578.jpg,0.00013886379122062532
image_1355.jpg,0.004500716318517405
image_7008.jpg,0.02211259912360444
image_4862.jpg,0.004778120283180757
image_5667.jpg,0.019675589823526872
image_3098.jpg,0.025334433792306106
image_3824.jpg,0.012689645310882984
image_8498.jpg,0.04252275658281215
image_15574.jpg,0.038447858876551916
image_6368.jpg,6.203975219174922e-05
image_11800.jpg,0.6074623788789286
image_10273.jpg,0.08123108811123242
image_12811.jpg,0.000493545571928127
image_15253.jpg,0.11984992821913834
image_4022.jpg,0.16098468266113206
image_7013.jpg,0.002366449927436788
image_11547.jpg,0.015959446863589306
image_5740.jpg,0.002869119864032276
image_1468.jpg,0.5555428622871322
image_10998.jpg,0.011596380180465478
image_2439.jpg,0.07974239756649754
image_11834.jpg,0.041081323137365865
image_14000.jpg,0.006452900415049668
image_4802.jpg,0.05250110803267774
image_14188.jpg,0.03620987935704768
image_2040.jpg,0.006301132884894954
image_11836.jpg,0.0029034700905991757
image_2955.jpg,0.0056912026333735205
image_14168.jpg,0.7201013717595889
image_13428.jpg,0.28402519637014767
image_16569.jpg,0.017506302399840166
image_6886.jpg,0.9893438036179846
image_10118.jpg,0.0411814403619655
image_10416.jpg,0.9637884272206857
image_14996.jpg,0.006645469007712684
image_917.jpg,0.17418995516592858
image_1219.jpg,0.07877026545747835
image_5352.jpg,0.007693675759067869
image_1749.jpg,0.03547376785600521
image_11261.jpg,0.009052401255691829
image_5227.jpg,0.0226668488688302
image_3209.jpg,0.0738781000705506
image_10897.jpg,0.12603317326158617
image_2216.jpg,0.02616747221678267
image_14685.jpg,0.11246104715502309
image_16361.jpg,0.001188996960152745
image_9058.jpg,0.00680527128857432
image_8532.jpg,0.0653254701779458
image_4905.jpg,0.0061619261146248295
image_8020.jpg,0.4636023247723971
image_1807.jpg,0.05048515306934862
image_15379.jpg,0.04941990637473402
image_3288.jpg,6.568523839804518e-05
image_7606.jpg,0.004285686735902262
image_7632.jpg,0.00368879699347749
image_15356.jpg,0.0004017462290549843
image_13976.jpg,0.0011669686840181388
image_16088.jpg,0.07145705024042794
image_7088.jpg,0.003387926065778272
image_564.jpg,0.006426167075251758
image_6125.jpg,0.0032664861593254837
image_3660.jpg,0.005029730440712396
image_6196.jpg,0.0008342474672439185
image_8504.jpg,0.006961403746516028
image_5824.jpg,0.007032486995000551
image_916.jpg,0.0005035175526025618
image_13872.jpg,0.017878035258886146
image_1669.jpg,0.0005687052230679117
image_3216.jpg,0.6839582418250705
image_2936.jpg,0.9930943718045983
image_8107.jpg,0.024580692934484737
image_13275.jpg,0.011509401353383972
image_2583.jpg,0.06258440766245302
image_10460.jpg,0.01759665012546316
image_14759.jpg,0.016908385951000332
image_11784.jpg,0.0004332661791483823
image_7859.jpg,0.005737890163976234
image_11960.jpg,0.019999496850959947
image_509.jpg,0.01757922917845994
image_2406.jpg,0.40823077711967365
image_16093.jpg,0.055533805449168076
image_5250.jpg,0.0007379876492626791
image_9292.jpg,0.008951841009717517
image_3461.jpg,0.00018496635794134608
image_6099.jpg,0.1345387150296991
image_1463.jpg,0.020639981655538205
image_6049.jpg,0.0017823789170575632
image_16362.jpg,0.01759842401368422
image_9145.jpg,0.10466806159385124
image_13268.jpg,0.09388621251683248
image_2490.jpg,0.019327492802168313
image_15411.jpg,0.02021173161744739
image_979.jpg,0.0012928329086746753
image_6016.jpg,0.0019979186687741957
image_4638.jpg,0.005793643961923094
image_13348.jpg,0.02486623390886473
image_4570.jpg,0.4318586945296419
image_4752.jpg,0.009002804036889427
image_3862.jpg,0.00278006565314835
image_5635.jpg,0.019398626575092767
image_604.jpg,0.0003118292460661649
image_1517.jpg,0.0072685059385153555
image_9003.jpg,0.04665616966991069
image_13531.jpg,0.18282520375073444
image_4881.jpg,0.08828174014150374
image_13343.jpg,0.02640931237065807
image_4494.jpg,0.16266886328199814
image_1699.jpg,0.14198700669748823
image_12847.jpg,0.07351059065161393
image_9758.jpg,0.0015267020098620806
image_10399.jpg,0.0011241375163989953
image_3681.jpg,0.014511179984331933
image_1111.jpg,0.006059335377224837
image_10846.jpg,0.06848649188855625
image_3898.jpg,0.03112503027185108
image_9891.jpg,0.019984521923343396
image_4018.jpg,0.3543794930169571
image_11937.jpg,0.0012762165242099657
image_5086.jpg,0.30270330030199577
image_11563.jpg,0.0014747702596453799
image_15580.jpg,0.026720723888212054
image_3410.jpg,0.010869935250142501
image_14098.jpg,0.0022363281421203763
image_10906.jpg,0.17599143926684147
image_11051.jpg,0.013627817294458954
image_7720.jpg,0.047636395613421416
image_9875.jpg,0.0008292765491164022
image_2359.jpg,0.00017396518105838762
image_1538.jpg,0.0022038733363883324
image_9982.jpg,0.26334041342743225
image_9077.jpg,0.04163054109173391
image_9406.jpg,0.7500353694199979
image_1880.jpg,0.002215889764243971
image_8817.jpg,0.045561009927763824
image_9475.jpg,0.0044775296376642305
image_7666.jpg,0.2912817326232261
image_5848.jpg,0.00810367059304436
image_12486.jpg,0.003282790497117877
image_1199.jpg,0.16651142980084574
image_8456.jpg,0.5283343784796457
image_5650.jpg,0.0002571604374430849
image_15134.jpg,0.10822758802425894
image_16041.jpg,0.7553534189699858
image_12610.jpg,0.047204559008495406
image_9903.jpg,0.021720777644875455
image_10047.jpg,0.0011090373629116276
image_3792.jpg,6.931534728408556e-05
image_1711.jpg,0.00849992720327449
image_5460.jpg,0.009397431500488647
image_15997.jpg,0.9152316097023707
image_14360.jpg,0.0767690211404518
image_9015.jpg,0.0036067015136108747
image_15733.jpg,0.008906618491744765
image_10616.jpg,0.00011770060364891589
image_10570.jpg,2.966711959852346e-05
image_9677.jpg,0.827536748865647
image_4012.jpg,0.01450734493694306
image_3316.jpg,0.908566591383785
image_6728.jpg,0.017473570678150148
image_4844.jpg,0.4665676512127976
image_4605.jpg,1.8338660861961684e-05
image_10739.jpg,0.007495119168124323
image_12149.jpg,0.008619324706458558
image_11731.jpg,0.000648574309994638
image_14563.jpg,0.022530543803919556
image_15846.jpg,0.020490703038941675
image_6939.jpg,0.047602767835510394
image_14286.jpg,0.004974800658528553
image_16506.jpg,0.027205660597146044
image_13922.jpg,0.24471773029811472
image_6199.jpg,0.0032199941338947225
image_8144.jpg,0.03495205731489972
image_15748.jpg,0.26569082981786407
image_5507.jpg,0.010312509541696265
image_11762.jpg,0.013933946966839791
image_3910.jpg,0.0029017037053592773
image_2854.jpg,0.02340464388160802
image_15204.jpg,0.5704918637145345
image_633.jpg,0.07899847188331728
image_3847.jpg,0.007039247340271822
image_6395.jpg,0.10440518511272395
image_2657.jpg,0.01115774745825004
image_7569.jpg,0.08107213936950614
image_3300.jpg,0.7676604232432311
image_10769.jpg,0.021300019440090516
image_13747.jpg,0.017981505013532646
image_4436.jpg,0.06436162428271494
image_11135.jpg,0.1529491467190504
image_5585.jpg,0.022484050144005875
image_6881.jpg,0.06817286247678397
image_14784.jpg,0.4119881875313452
image_909.jpg,0.009022607833594005
image_2704.jpg,0.06454603965438874
image_12430.jpg,0.01049016767506116
image_14349.jpg,0.29606809263977724
image_14222.jpg,0.0015398287066035066
image_7033.jpg,5.458437501355517e-05
image_5864.jpg,0.0019501720840089181
image_13968.jpg,0.12106007698357164
image_11418.jpg,0.005907786316710487
image_10418.jpg,0.4422929031217447
image_14217.jpg,0.007809607025240645
image_3827.jpg,0.003143262555348222
image_6218.jpg,0.008190674089314797
image_408.jpg,0.0007826560951925181
image_8685.jpg,0.98988711036459
image_64.jpg,0.06487353427617513
image_5977.jpg,0.025754813256051085
image_69.jpg,0.03150617444735799
image_1587.jpg,0.09502893032550577
image_14717.jpg,0.017163113691053628
image_14339.jpg,0.003909563190122803
image_5418.jpg,0.28692396981267504
image_13216.jpg,4.3868791305691214e-05
image_4746.jpg,0.00022848390294547775
image_2585.jpg,0.10170289242939143
image_4943.jpg,0.05847627274518727
image_7165.jpg,0.0021262248163838415
image_15239.jpg,0.044926457921924075
image_7164.jpg,0.872639689164742
image_6707.jpg,0.952010881683448
image_4219.jpg,0.0033731829477615634
image_2555.jpg,0.07865384000228268
image_7226.jpg,0.0123740516483375
image_14111.jpg,0.005895048064448578
image_15066.jpg,0.5847848199448242
image_11180.jpg,0.0066936562500022005
image_12435.jpg,3.7233135850177564e-05
image_14387.jpg,0.00010805314753857321
image_8243.jpg,0.23725954859029752
image_7081.jpg,0.21380638436075097
image_8232.jpg,0.059777650265393785
image_3645.jpg,0.0013180275388082756
image_1653.jpg,0.09069536782412345
image_4904.jpg,0.025738935110913186
image_4127.jpg,0.020062131677114733
image_536.jpg,0.29998329137427204
image_12277.jpg,0.5777822386580871
image_4362.jpg,0.0003032486986582214
image_13953.jpg,0.00016440109913612203
image_2194.jpg,0.0018165322193692086
image_4068.jpg,0.22575356707940727
image_7118.jpg,0.4231354822483293
image_2995.jpg,0.21313659501410245
image_3037.jpg,0.5166708001789003
image_8551.jpg,0.06452790206928849
image_13833.jpg,0.00020918537442108303
image_8983.jpg,0.166375166904947
image_9976.jpg,0.0012070337452834321
image_13912.jpg,0.002867450530040968
image_2587.jpg,0.08196529300728665
image_11448.jpg,0.09748547184545008
image_6219.jpg,0.009833786402458283
image_12262.jpg,0.004631384855942935
image_15207.jpg,0.041454220693207144
image_11356.jpg,0.9267753529971496
image_4674.jpg,0.03260995398441209
image_5347.jpg,0.002119074957016304
image_8002.jpg,0.050848450647479
image_4382.jpg,0.10917173163305474
image_13026.jpg,0.13610441826369724
image_2443.jpg,0.025679147500350514
image_4666.jpg,0.004454048610373075
image_11895.jpg,2.336794016803054e-05
image_7186.jpg,0.38164504622177203
image_15732.jpg,0.038813129158160806
image_145.jpg,0.0026284647830107054
image_2198.jpg,0.005378732475699236
image_13893.jpg,0.002110050562503314
image_13286.jpg,0.03687585879894739
image_8402.jpg,0.05887403526769904
image_21.jpg,0.1361467495549371
image_10565.jpg,0.00036213580293395514
image_9595.jpg,0.009802114126836145
image_10716.jpg,0.22047951636363783
image_375.jpg,0.37522187784187694
image_11478.jpg,0.0021053460556622414
image_13759.jpg,9.312862319534301e-05
image_9689.jpg,0.006993190171137121
image_11841.jpg,0.1243871977567309
image_8033.jpg,0.18276422642483245
image_2342.jpg,0.0009396324574788403
image_8759.jpg,0.008049899300072026
image_3687.jpg,0.05756340488623257
image_9896.jpg,0.01554233923926737
image_1139.jpg,0.08653950494665849
image_7575.jpg,0.030827515884249222
image_8141.jpg,0.020805932145915966
image_6761.jpg,0.8718456289231054
image_5966.jpg,0.2671982521020661
image_1312.jpg,0.0014686306734483542
image_3064.jpg,0.003731387643631168
image_2914.jpg,0.0014625737142375875
image_15236.jpg,0.029033997195658075
image_11002.jpg,0.08313409126054695
image_9887.jpg,0.004984367529128826
image_6319.jpg,0.000927909572586178
image_15993.jpg,0.7149239185278946
image_2782.jpg,0.5060774475948088
image_7702.jpg,0.0032467729428857913
image_12125.jpg,2.0222157651602236e-05
image_15380.jpg,0.003122684927738659
image_15875.jpg,0.007111382767658494
image_10060.jpg,0.000963708485666883
image_10974.jpg,0.05289684279940775
image_10501.jpg,0.07424682096227589
image_10200.jpg,0.2569632151682877
image_7540.jpg,0.013596752396749361
image_16331.jpg,0.6724322004534042
image_8098.jpg,0.00806666201121652
image_15700.jpg,0.011746785922683136
image_16454.jpg,0.07699395689719818
image_12986.jpg,0.18328367862304437
image_3399.jpg,0.003515973537919675
image_407.jpg,0.00013426844703249142
image_12755.jpg,0.05915612250912791
image_5780.jpg,0.6085293606896351
image_8695.jpg,0.00894200426095327
image_11724.jpg,0.0022949966186182245
image_5863.jpg,0.0020817911064370835
image_13874.jpg,0.07711250070116416
image_11521.jpg,0.3133395652313298
image_11943.jpg,0.0003949060610106098
image_6608.jpg,0.021734625577168046
image_707.jpg,0.06006122410349456
image_15151.jpg,0.8727257944436632
image_4146.jpg,0.0005552877366768798
image_4634.jpg,0.6457246213461917
image_10249.jpg,0.035068290726553576
image_8992.jpg,0.08588742604144711
image_9194.jpg,5.082950064283772e-05
image_6697.jpg,0.45723001057255747
image_718.jpg,0.1435989360934704
image_8696.jpg,0.1518302856121554
image_9984.jpg,0.0030566764492092487
image_7086.jpg,0.0011326857472138063
image_4667.jpg,0.020146995164279327
image_11819.jpg,0.05607009899956828
image_10169.jpg,0.06252665796032007
image_11303.jpg,0.005132621427458306
image_5594.jpg,0.6687952484947222
image_11368.jpg,0.016885273476066845
image_14498.jpg,0.12664012438113534
image_3419.jpg,0.24678406682975032
image_6599.jpg,0.3233821020042031
image_5316.jpg,0.001993368638388571
image_7114.jpg,0.0013527469280183008
image_16468.jpg,0.6112262620999374
image_9820.jpg,0.024176483226457515
image_5790.jpg,0.00028118638618101214
image_15629.jpg,0.0005589197362679677
image_16317.jpg,0.033692190473011044
image_12470.jpg,0.03208242160769661
image_13360.jpg,0.030303924366075815
image_9933.jpg,0.014817308847333151
image_14985.jpg,0.9398888209521034
image_12544.jpg,0.1475069704735447
image_9118.jpg,0.03808169694725411
image_3050.jpg,0.007612931516691776
image_16540.jpg,0.011330250871792923
image_199.jpg,0.006058745113674749
image_16000.jpg,0.001297855651259781
image_8993.jpg,0.022341540362418335
image_401.jpg,0.00246713123301433
image_10334.jpg,0.24368321397387283
image_2903.jpg,0.14675208779824914
image_11172.jpg,0.02751222277870811
image_4475.jpg,0.013178648931272732
image_8770.jpg,0.06261229558796762
image_12879.jpg,0.5889717229167554
image_8166.jpg,0.11867126738076134
image_12120.jpg,0.22435660398047913
image_4484.jpg,0.2502811229685058
image_9380.jpg,0.19889946044106088
image_10161.jpg,0.014859225836276049
image_8806.jpg,0.05400288360256374
image_3381.jpg,0.00021960800344530932
image_4138.jpg,0.827975047773464
image_13457.jpg,0.48748157694955796
image_12254.jpg,0.07127622337797743
image_14898.jpg,0.008836174340938394
image_3485.jpg,0.22038436121037616
image_11639.jpg,0.0012871236184384364
image_14553.jpg,0.007518031231624239
image_13214.jpg,0.05428124461773218
image_5664.jpg,0.03573599813918535
image_359.jpg,0.035541681522022174
image_10086.jpg,4.321747206938714e-05
image_10478.jpg,0.0003586764371343253
image_7953.jpg,0.09259924999041305
image_422.jpg,0.020411543797503685
image_882.jpg,0.9899582730771936
image_6644.jpg,0.051883841331618503
image_16498.jpg,0.7560299386454954
image_11958.jpg,0.02979451101350395
image_9654.jpg,0.04520268036781326
image_4111.jpg,0.005404719910701116
image_8603.jpg,0.0008714171678593322
image_8913.jpg,0.019994540729573528
image_16298.jpg,0.8949849734596361
image_8830.jpg,0.39389607085397543
image_6461.jpg,0.0020137885641285463
image_4433.jpg,0.161193945693432
image_6947.jpg,0.12776654084686828
image_2979.jpg,0.008625608780363643
image_1537.jpg,0.02145341436279687
image_9695.jpg,0.0001200627844608577
image_3677.jpg,0.948172931683863
image_15631.jpg,0.16726130390310684
image_4442.jpg,0.9346507671438002
image_5098.jpg,0.05246198855195341
image_2095.jpg,0.004243587950846854
image_4563.jpg,0.026918522601688026
image_7178.jpg,0.00014275752903728656
image_8324.jpg,0.08040090558364668
image_5560.jpg,0.008152593908339155
image_4015.jpg,0.5601310371890668
image_13399.jpg,0.0013157605237771256
image_288.jpg,0.0394459391055725
image_15022.jpg,0.05599517265329515
image_1449.jpg,0.1081850519615819
image_12013.jpg,0.013316032655759674
image_7641.jpg,0.008530244149017525
image_402.jpg,0.00333384398386483
image_6610.jpg,0.0011262520525861404
image_12977.jpg,0.03907178004068102
image_9725.jpg,0.017534647036785735
image_6371.jpg,0.35789271464052225
image_16092.jpg,0.30202709492228336
image_11868.jpg,0.9244871250060037
image_1713.jpg,0.0007138422145705118
image_13129.jpg,0.011474483973753714
image_15546.jpg,0.01396733852531552
image_2860.jpg,0.03903444619809897
image_10474.jpg,0.32217505066316304
image_15651.jpg,0.009795446995036795
image_3103.jpg,0.008423066313667562
image_13047.jpg,0.09727711828260575
image_11141.jpg,0.13782146667550427
image_4430.jpg,0.009817826218583792
image_14726.jpg,0.06069506436661609
image_14822.jpg,0.004566015567510851
image_13762.jpg,0.0013757232111155729
image_8872.jpg,0.004772462216976617
image_6898.jpg,0.0038055469817211353
image_16032.jpg,0.14785324504148853
image_668.jpg,0.05089674775348188
image_11145.jpg,8.965605158004957e-05
image_15621.jpg,0.8147350351045596
image_1565.jpg,0.06447158316122718
image_8667.jpg,0.01872278487000553
image_7446.jpg,0.00022341795555089728
image_6056.jpg,0.02716809687136254
image_13342.jpg,0.5096325105101892
image_2981.jpg,0.00101902918576527
image_10893.jpg,0.041908683073166836
image_12152.jpg,0.5384489157031034
image_12618.jpg,0.01800177429311448
image_16400.jpg,0.1911435359080332
image_7711.jpg,0.11931723240243629
image_7050.jpg,0.031315109129222155
image_10403.jpg,2.407985468444939e-05
image_8670.jpg,0.00250678209864172
image_794.jpg,0.07161256703616446
image_16179.jpg,0.7695847766581665
image_1443.jpg,0.00010071123801277807
image_7850.jpg,0.013462341476883433
image_15638.jpg,0.8373063158172651
image_15251.jpg,0.017646746137986506
image_9943.jpg,0.02373507800330321
image_13854.jpg,0.1200904079503749
image_5849.jpg,0.9253719371870395
image_2116.jpg,0.0600614560214202
image_292.jpg,0.07863965478999937
image_5043.jpg,0.011269393130279685
image_5699.jpg,0.028580500026988604
image_240.jpg,6.240015183955438e-05
image_1333.jpg,0.5578300171211252
image_8073.jpg,0.4748442895817919
image_5879.jpg,0.00892942095261553
image_1595.jpg,0.0029279493579819683
image_13477.jpg,0.00046615876973479364
image_12706.jpg,0.9808247361755214
image_6999.jpg,0.010295624860861913
image_8607.jpg,0.11253791997094612
image_887.jpg,0.028763266287844032
image_12274.jpg,0.0031265376309465545
image_1063.jpg,0.0015471892375431501
image_10633.jpg,0.004613099145555274
image_5459.jpg,0.0008845229138783109
image_2546.jpg,0.2238829623502772
image_16228.jpg,0.016991440364164605
image_15810.jpg,0.25617978426283
image_639.jpg,0.005310945104135828
image_8914.jpg,0.012651316501822309
image_15886.jpg,0.013734373768595844
image_3629.jpg,0.04062925770738797
image_13695.jpg,0.001177431412617888
image_5818.jpg,0.009477037217388986
image_7597.jpg,0.011834629583240643
image_4788.jpg,0.020684132872142224
image_7847.jpg,0.002041430357785732
image_4253.jpg,0.8975856707661607
image_3177.jpg,0.17077102344463238
image_4964.jpg,0.000281660702116544
image_2096.jpg,0.033929172832557294
image_6638.jpg,0.0015206579243031303
image_13908.jpg,0.13427478901599085
image_3143.jpg,0.07401133237729418
image_3197.jpg,0.0500523867511914
image_9147.jpg,0.815549456600428
image_12423.jpg,0.06841881311040773
image_6907.jpg,0.0005382692442425124
image_5355.jpg,0.7004242707622609
image_11912.jpg,0.6690962575200117
image_13831.jpg,0.008852328623919603
image_11585.jpg,0.08827320585499902
image_2980.jpg,0.37752277184524746
image_16405.jpg,0.007461854396884099
image_15590.jpg,0.007925844485646464
image_13811.jpg,0.638795609347661
image_6792.jpg,0.004212833783742711
image_11707.jpg,0.0032644328985683593
image_265.jpg,0.5755535535172063
image_14146.jpg,0.008228678848154975
image_15517.jpg,0.03571127485836952
image_11352.jpg,0.0017958997673108298
image_7014.jpg,0.010064434251954737
image_13123.jpg,0.14134075753265532
image_8242.jpg,0.0013819669912549875
image_3460.jpg,0.0007116296178507021
image_138.jpg,0.04011467514632997
image_15569.jpg,0.017799088464704085
image_5374.jpg,0.02111276331900463
image_853.jpg,0.021896557361131032
image_10982.jpg,0.0022492426016799904
image_1089.jpg,0.03326230837342219
image_1747.jpg,1.6588469569589346e-05
image_15681.jpg,0.0030220010171494835
image_16138.jpg,0.9298628081564151
image_10008.jpg,0.020709288001362233
image_12954.jpg,0.03079642017608836
image_5092.jpg,0.3700706410880716
image_9165.jpg,0.46712254122566044
image_1045.jpg,0.03971852035884402
image_5238.jpg,0.055979372831183656
image_9141.jpg,0.1871144731710795
image_15391.jpg,0.0008541022804275982
image_12419.jpg,0.004097823571035275
image_14708.jpg,0.007956710685990872
image_8404.jpg,0.019041979769524386
image_7714.jpg,0.02636112348505109
image_976.jpg,0.9780800205115646
image_10539.jpg,0.004706550703420219
image_10176.jpg,0.003404065596139008
image_8392.jpg,0.09606954013617305
image_14521.jpg,0.22506959282087458
image_13805.jpg,0.02651990672183469
image_1567.jpg,0.5959028442884012
image_4540.jpg,0.18521475799575807
image_8599.jpg,0.01606284501502631
image_16375.jpg,0.016811034422549834
image_10019.jpg,0.027742286512422176
image_14650.jpg,0.018634739443800365
image_6439.jpg,0.15529985612760655
image_16275.jpg,0.0004006235387508993
image_3340.jpg,0.0008486377149133284
image_2638.jpg,7.137749054642834e-05
image_4884.jpg,0.05283201283904308
image_8732.jpg,0.0010217327132096162
image_3659.jpg,0.00010079931579473991
image_9944.jpg,0.02806121378254146
image_6027.jpg,0.0013924728825396508
image_6749.jpg,0.15341391819430264
image_8536.jpg,0.03585521573195528
image_264.jpg,0.0010787340594013064
image_3276.jpg,0.12061771857979452
image_1123.jpg,0.021961143199541355
image_5242.jpg,0.940878447127555
image_4000.jpg,0.004261140561311348
image_3287.jpg,0.004319521665988571
image_13193.jpg,0.007523661958846056
image_12215.jpg,0.013690424967580632
image_8805.jpg,0.27624915860922267
image_15008.jpg,0.012468384069165235
image_8987.jpg,0.0020400794209555592
image_1562.jpg,0.06652222752044194
image_4097.jpg,0.03107089677516449
image_10339.jpg,0.0003966857888413322
image_2062.jpg,0.023862779593398165
image_13006.jpg,0.019097679789786416
image_11126.jpg,5.6908159001193896e-05
image_12590.jpg,0.0005785100810737109
image_227.jpg,0.009985627266936846
image_1646.jpg,0.0014729922169240287
image_14401.jpg,0.18253582000834676
image_9389.jpg,0.010105376868219799
image_8656.jpg,0.913620193112657
image_1438.jpg,0.37367926205329505
image_6941.jpg,0.6142824856539317
image_8418.jpg,0.006585271281370283
image_5107.jpg,0.034571830078682614
image_3073.jpg,0.9848909460928966
image_878.jpg,0.00081331684759092
image_3014.jpg,0.0017255668399337707
image_13294.jpg,0.14917944592998977
image_16453.jpg,0.13598044212069346
image_16366.jpg,0.0005266905886689912
image_1768.jpg,7.800970266344588e-05
image_389.jpg,0.008209738241767222
image_13835.jpg,0.002489368312990882
image_4045.jpg,0.001711059771923031
image_4350.jpg,0.0001026069560128115
image_324.jpg,3.583215137955751e-05
image_2083.jpg,0.006301180270280922
image_6472.jpg,0.7907180793828801
image_10951.jpg,0.0793522196874934
image_9082.jpg,0.018876245969774545
image_16043.jpg,0.001709451854536669
image_10196.jpg,0.0001423732519524077
image_7754.jpg,0.2282072392483587
image_14234.jpg,0.7898984065891008
image_5685.jpg,0.030573053335718612
image_9232.jpg,0.0005754910581966356
image_9719.jpg,0.006158062949424482
image_12349.jpg,0.8619487225569797
image_5890.jpg,0.0027430157500911343
image_14468.jpg,0.1061617178477564
image_2260.jpg,5.001665438465801e-06
image_15849.jpg,0.08419277863240267
image_9359.jpg,0.008322799619535899
image_2349.jpg,0.0012656378833615144
image_14164.jpg,0.017659553869724853
image_1324.jpg,0.005948295033561126
image_7555.jpg,0.0064581206778084495
image_11092.jpg,0.03232545452999117
image_12394.jpg,0.002647917428379047
image_8883.jpg,0.17807493964748428
image_12776.jpg,0.000389195311511533
image_4617.jpg,0.004051128949007494
image_15567.jpg,0.9740984421016985
image_13727.jpg,0.19390167045502524
image_15527.jpg,0.127201483810512
image_8211.jpg,0.013031143817825825
image_14332.jpg,0.07819890490222946
image_11553.jpg,0.09201659865370737
image_1334.jpg,0.6728657645967139
image_1392.jpg,0.007920587555032686
image_13209.jpg,0.004491447340991884
image_3455.jpg,0.18632742250509998
image_11918.jpg,0.12409911375862043
image_4651.jpg,0.14423962199945553
image_2656.jpg,0.03778739456746801
image_8479.jpg,0.08699576200525022
image_8414.jpg,0.6777983549543765
image_5945.jpg,0.930578386391059
image_1814.jpg,0.001310669121454303
image_12039.jpg,0.0021482114125970396
image_13319.jpg,0.015595564944870681
image_11424.jpg,0.1041755944653278
image_14798.jpg,0.004729726303900047
image_4767.jpg,0.04940640005731454
image_982.jpg,0.006282661182420717
image_965.jpg,0.7871106736727339
image_4951.jpg,0.009942017474174607
image_5160.jpg,0.019745693259791745
image_1773.jpg,0.001468276744825228
image_3323.jpg,0.044557388787380595
image_13114.jpg,0.015594304262843799
image_15425.jpg,0.10772036213871618
image_5954.jpg,0.018328522648675124
image_16059.jpg,0.00018365791847436933
image_4207.jpg,0.02737598598304901
image_10237.jpg,0.2859831218375089
image_813.jpg,0.09200181157838394
image_8584.jpg,0.017099583953331533
image_692.jpg,0.016763748381213632
image_6251.jpg,0.041744156535669825
image_5176.jpg,0.047746912041056126
image_10272.jpg,0.0004992296593230439
image_9330.jpg,0.14583530067100434
image_3849.jpg,0.4808081901165996
image_8886.jpg,0.21529763656940298
image_2940.jpg,0.0033723819586816387
image_11318.jpg,0.047118086980171774
image_12290.jpg,0.0046983675528997765
image_6242.jpg,0.004452399973993772
image_13056.jpg,0.09820793579046895
image_522.jpg,0.02495014723108473
image_10600.jpg,0.9916618595182669
image_15854.jpg,0.20930944252318034
image_10290.jpg,0.004843642189562117
image_7317.jpg,0.005474213624977833
image_6573.jpg,0.05771756089051514
image_16407.jpg,0.024482224332242317
image_2853.jpg,0.010978899570176675
image_2658.jpg,0.0112187355737676
image_3074.jpg,0.07370528458831584
image_9805.jpg,0.8150613283970323
image_13066.jpg,0.06324217316677025
image_5198.jpg,0.06704524139986962
image_6893.jpg,0.18158957140612203
image_12044.jpg,0.028131995182455027
image_9908.jpg,0.033883485667676246
image_637.jpg,0.07229237563627038
image_303.jpg,0.004309627669966787
image_9580.jpg,0.0006672292918736177
image_9167.jpg,0.028162533873710788
image_646.jpg,0.0014665025871621502
image_15360.jpg,0.3000664675461557
image_11410.jpg,0.009834173818711354
image_8147.jpg,0.010587848892997735
image_9780.jpg,0.010053705562426617
image_8628.jpg,2.5186559875764818e-05
image_9991.jpg,0.6766063882137019
image_6022.jpg,0.1845831353151793
image_7445.jpg,0.5845406868212428
image_4128.jpg,0.010443473840939091
image_7079.jpg,6.828826835100225e-05
image_12477.jpg,0.9049991777920388
image_8416.jpg,0.011214215985541929
image_3022.jpg,0.8037708407731392
image_2147.jpg,0.14348085100548552
image_9729.jpg,0.03902941710770102
image_3256.jpg,0.03444171309837601
image_10284.jpg,0.5235701581288157
image_13795.jpg,0.016188641974710136
image_6956.jpg,0.04346376813564758
image_11825.jpg,0.03780322156184381
image_8459.jpg,0.010779981124717238
image_4588.jpg,0.0018976122518947352
image_8859.jpg,0.9147165773808295
image_16197.jpg,0.12640031240129063
image_7339.jpg,0.5438750600838903
image_2532.jpg,0.04482764631777233
image_14943.jpg,0.0042714681660527085
image_10426.jpg,0.04565572888923548
image_11831.jpg,0.005139831245253392
image_15979.jpg,0.00403796511587125
image_5433.jpg,0.02891331081222685
image_6788.jpg,0.012897664050895695
image_13237.jpg,0.6103863024292109
image_432.jpg,7.02487854040256e-05
image_7007.jpg,0.003213022297238647
image_9927.jpg,0.0006365874009102646
image_85.jpg,0.010146009902873938
image_9733.jpg,0.00019314504329701862
image_9969.jpg,0.8419769731056256
image_15689.jpg,0.0014381279141543488
image_895.jpg,0.001027217543946808
image_5834.jpg,0.019948791108990952
image_683.jpg,0.1428397674400916
image_10025.jpg,0.011446911412039643
image_4941.jpg,0.6722248094579765
image_3784.jpg,0.0026139345039588933
image_661.jpg,0.001836083022356994
image_5546.jpg,0.05347300264774528
image_12848.jpg,0.0016896701516963103
image_6207.jpg,0.000814659707151552
image_14733.jpg,0.0867699515380449
image_5440.jpg,0.1530031969493495
image_7700.jpg,0.0072153624295491015
image_8774.jpg,0.8568564560751171
image_15761.jpg,0.005164150433454615
image_6775.jpg,0.0002449713294386269
image_11627.jpg,0.24708628367016275
image_11011.jpg,0.00039811224318453214
image_10026.jpg,6.4262960187574e-05
image_12930.jpg,0.008109722935570466
image_12093.jpg,0.0036413073876113986
image_6192.jpg,0.01075374014390488
image_4607.jpg,0.5004162716885308
image_14354.jpg,0.0058205721363571
image_12076.jpg,0.0018508648168940151
image_10411.jpg,0.32518069410799
image_15457.jpg,0.3354023083704233
image_5394.jpg,0.002279653564314101
image_5538.jpg,0.5700146631407503
image_10771.jpg,0.08481626024387803
image_1346.jpg,0.0016461025079284432
image_9568.jpg,0.006406355969687289
image_945.jpg,0.06371719822102219
image_11549.jpg,0.016614961955328522
image_3510.jpg,0.010997706540774288
image_14171.jpg,0.003057437794637875
image_10467.jpg,0.14062410516973273
image_5230.jpg,0.6011221886483418
image_2154.jpg,0.01300123215057319
image_6282.jpg,0.9998521389940029
image_12505.jpg,0.00390924547024908
image_2484.jpg,0.009733161245994024
image_13942.jpg,0.001435287194922279
image_4579.jpg,0.09354268847713472
image_6283.jpg,0.006638996094028097
image_6315.jpg,0.019215386140140928
image_4438.jpg,0.014023328026017344
image_13533.jpg,0.01110200737830197
image_10484.jpg,0.0005805485487052984
image_11508.jpg,0.29436203736222677
image_12833.jpg,0.11155451862405723
image_14766.jpg,0.26357974992517613
image_5429.jpg,0.0016264872268931454
image_10592.jpg,0.005226152014401605
image_7035.jpg,0.01495716015184875
image_6372.jpg,0.0541750850689351
image_13970.jpg,0.002390764613161452
image_5706.jpg,0.004887283650859098
image_2419.jpg,0.769851509659351
image_3393.jpg,0.0059786948267812326
image_2990.jpg,0.006800327484258989
image_15050.jpg,0.06119951673934481
image_14689.jpg,0.9997554171434673
image_1264.jpg,0.0028913324099989974
image_10695.jpg,0.49742317346502135
image_89.jpg,0.01838689934862761
image_11077.jpg,0.1433271600623139
image_15647.jpg,0.007224666930909199
image_7379.jpg,0.37662369428157433
image_239.jpg,0.09501131076220243
image_8068.jpg,0.0009039948707221813
image_9818.jpg,0.009060317426334587
image_4517.jpg,0.00015258583819827422
image_4470.jpg,0.009643177875605246
image_1660.jpg,0.005639649206687439
image_6255.jpg,0.19708057640229226
image_16230.jpg,0.2765093669503166
image_2368.jpg,0.024429231175695783
image_9835.jpg,0.002047368500112497
image_12160.jpg,0.9972835958452823
image_10074.jpg,0.00132490280537691
image_15730.jpg,0.018632728239783368
image_1467.jpg,0.0011140179774470733
image_10383.jpg,0.008730659896502183
image_10482.jpg,0.12176712383621474
image_3599.jpg,0.030515986832879413
image_881.jpg,0.005677753390460876
image_6514.jpg,0.004875959270252481
image_2469.jpg,9.318096467035296e-05
image_2022.jpg,0.01739419124500699
image_5568.jpg,0.769950547711014
image_12660.jpg,0.001354326240939126
image_1525.jpg,0.027627579077770498
image_776.jpg,0.009795577506443788
image_15394.jpg,0.10425212856595734
image_7145.jpg,0.8608696453344427
image_15029.jpg,0.3051062872867278
image_8733.jpg,0.02547670066597072
image_14457.jpg,0.0006261708524994486
image_5978.jpg,0.004709414153122256
image_11915.jpg,0.33344753992775417
image_8319.jpg,0.004784791294811185
image_11839.jpg,0.0023827918983706973
image_14255.jpg,0.34949397684618955
image_9525.jpg,0.060356550608919174
image_14941.jpg,0.04015862204357402
image_8796.jpg,0.9665818436213339
image_7410.jpg,0.01115912833062615
image_14451.jpg,0.0020640846485966554
image_4441.jpg,0.00010691512706141915
image_4846.jpg,0.006249246325246858
image_8027.jpg,0.6286051350010834
image_8659.jpg,0.0033911505020096477
image_7415.jpg,0.036512044545150224
image_1401.jpg,0.01647807221784448
image_8623.jpg,0.06991363208773231
image_7638.jpg,0.9865904539746724
image_5593.jpg,0.011801906721934301
image_2941.jpg,0.08126531699268336
image_1993.jpg,0.010944704535521866
image_13729.jpg,0.0026251234972142776
image_8171.jpg,8.967811889011969e-05
image_5295.jpg,0.22257591939878252
image_8947.jpg,0.05305033742262133
image_13115.jpg,0.04130773969348619
image_8705.jpg,0.03753408467724972
image_5339.jpg,0.15765173171182564
image_13529.jpg,0.09510969883981325
image_3960.jpg,0.05627249210421135
image_1461.jpg,0.005200244364673969
image_5587.jpg,0.9346129256838364
image_8096.jpg,0.005676073954055376
image_3909.jpg,0.03685760786405714
image_10966.jpg,0.04385823576332099
image_9731.jpg,0.07367710472235758
image_2987.jpg,0.019786730953922246
image_3139.jpg,0.18348568670225515
image_15427.jpg,0.6258642737930549
image_2031.jpg,0.2969614228874907
image_1694.jpg,9.501421408416268e-05
image_4828.jpg,0.02277591673640441
image_4459.jpg,0.07977007588004853
image_2574.jpg,0.06357677228566248
image_5922.jpg,0.16603332762695214
image_14978.jpg,0.11137312761898273
image_281.jpg,0.014871849676449058
image_10417.jpg,0.0013309152625516061
image_9487.jpg,0.010122772815664564
image_10302.jpg,0.09141945777752215
image_4321.jpg,0.0008913854885042043
image_10165.jpg,0.0029649316763543823
image_8894.jpg,0.008044419993029489
image_3646.jpg,0.02035484485653929
image_8127.jpg,0.004535144921227369
image_267.jpg,0.00015013760505922424
image_6151.jpg,0.8753674740381049
image_10378.jpg,0.11870954440767623
image_16411.jpg,0.004597109574973281
image_5787.jpg,0.03549487422827124
image_6725.jpg,0.010124486194250562
image_3826.jpg,0.03182581113536803
image_7609.jpg,0.09767421429113958
image_7264.jpg,0.525268647731803
image_2010.jpg,0.005204538507857809
image_16157.jpg,0.019815486586893468
image_7428.jpg,0.14753649408054034
image_4779.jpg,0.0064778322723415835
image_7471.jpg,0.01161577759687419
image_12097.jpg,0.00494919092987601
image_14437.jpg,0.002397888735217693
image_2183.jpg,0.5645359750228977
image_3899.jpg,0.06719485829413649
image_36.jpg,0.003830643774852735
image_16123.jpg,0.003275795267840616
image_15719.jpg,0.008968510527966373
image_3842.jpg,0.2273779148862385
image_12280.jpg,0.011377807357028142
image_13499.jpg,0.01810643192420682
image_14335.jpg,0.015874005672491177
image_13494.jpg,0.38753944595690587
image_8445.jpg,0.2772579646645671
image_16534.jpg,0.007977520115253675
image_13705.jpg,0.41686046132200144
image_6498.jpg,0.00043356556893907474
image_10527.jpg,0.028991646256017155
image_1698.jpg,0.02323489666701568
image_12996.jpg,0.013715305036380973
image_159.jpg,0.8872674061796064
image_15407.jpg,0.549712628203216
image_11479.jpg,0.0001622141648579233
image_10172.jpg,0.002955670706840321
image_10741.jpg,0.00873959960927262
image_15743.jpg,0.02026525356285197
image_5000.jpg,0.017225589836220523
image_10650.jpg,0.017980997443674856
image_4550.jpg,0.02450137686505631
image_8986.jpg,0.9084794060121384
image_862.jpg,0.630906119383415
image_8954.jpg,0.029748131625444152
image_7877.jpg,0.011149190181237684
image_131.jpg,0.16861116946458415
image_1534.jpg,0.00043885542351483056
image_6183.jpg,0.05835181486503557
image_10509.jpg,0.0002405152149802095
image_404.jpg,6.264089258324725e-05
image_2498.jpg,0.002420430068507959
image_10815.jpg,0.04756904928056614
image_8780.jpg,0.004517623671178546
image_14864.jpg,0.02109122340279398
image_12369.jpg,0.009165534492003635
image_2151.jpg,0.01167151733207563
image_13368.jpg,0.01556524861210163
image_11313.jpg,0.03857077370993605
image_424.jpg,0.0003394063505954206
image_2703.jpg,0.00259332590521336
image_7698.jpg,0.013892523955833668
image_6496.jpg,0.040265794882349354
image_5918.jpg,0.004960426608705355
image_6520.jpg,0.008633216207620083
image_7543.jpg,0.005769944342831228
image_5247.jpg,0.01994499025078831
image_13417.jpg,0.45224264282133564
image_3836.jpg,0.027928126520248828
image_9185.jpg,0.21733134040273994
image_1502.jpg,0.37846514313106067
image_5190.jpg,0.07822401468934077
image_1944.jpg,0.6511949113768489
image_2722.jpg,0.14255919367603978
image_13460.jpg,0.023823308593678226
image_4275.jpg,0.004088226803823224
image_4006.jpg,0.46487397917958495
image_81.jpg,0.0002402709014901984
image_1505.jpg,0.08481911718645564
image_7593.jpg,0.1802313958938279
image_4786.jpg,0.30537301944211703
image_11650.jpg,0.0041245213195149864
image_1404.jpg,0.7260727330527879
image_1262.jpg,0.18772022328796537
image_2341.jpg,0.26202865023117156
image_11440.jpg,0.1825870939748596
image_5089.jpg,0.0032701601147830306
image_12123.jpg,0.0002594486545167411
image_6509.jpg,0.00889673949099518
image_10373.jpg,0.008868014583819687
image_14916.jpg,0.07367760231380037
image_4202.jpg,0.0023409243023414803
image_11631.jpg,0.007381012504200478
image_4732.jpg,0.059852366144044516
image_13241.jpg,0.004405543419002154
image_5659.jpg,0.6908893406760487
image_12068.jpg,0.0465798200259872
image_12693.jpg,0.005593594726694517
image_10792.jpg,0.004553945567240819
image_10287.jpg,0.003259610992508839
image_2497.jpg,0.1058253777551333
image_7656.jpg,0.03106606006129464
image_12151.jpg,0.04459346930899452
image_2518.jpg,0.002569259017918992
image_11947.jpg,0.005088769156453122
image_9863.jpg,0.1102646649828912
image_3321.jpg,0.18345461916282435
image_10721.jpg,0.002312174313465912
image_11445.jpg,0.09935532108392717
image_4388.jpg,0.014476935370712438
image_10788.jpg,0.40492146043837557
image_3054.jpg,0.2305426470303154
image_6552.jpg,0.00011201871579833302
image_14460.jpg,0.9754042747318137
image_12861.jpg,0.07716619917417271
image_3387.jpg,0.9245519745468369
image_11727.jpg,0.08785361460877411
image_9702.jpg,0.000439794232027442
image_14379.jpg,0.006089158101156571
image_6674.jpg,0.00024050359932482952
image_3704.jpg,0.9746973563807687
image_7042.jpg,0.12729781007498742
image_11109.jpg,0.15890958312309486
image_10979.jpg,0.028351563680806872
image_2117.jpg,0.4924131344715468
image_5856.jpg,0.009415125351222015
image_15707.jpg,0.0005846601110710687
image_8400.jpg,0.00261413715433999
image_5791.jpg,0.0023462326412051885
image_2192.jpg,0.0028576304099667705
image_7176.jpg,1.3006208912988055e-05
image_7388.jpg,0.0026456847946384546
image_14587.jpg,0.005810068146373397
image_2381.jpg,0.05403069847935804
image_7005.jpg,0.013408709564240643
image_12266.jpg,0.15175933935759833
image_1381.jpg,0.8907164604716461
image_13785.jpg,0.000244343059003843
image_16464.jpg,0.2212053025100478
image_6752.jpg,0.001444002675400192
image_16042.jpg,0.04329293105317406
image_13857.jpg,0.09779584220654035
image_5774.jpg,0.0017569546139976353
image_7017.jpg,9.095124452737798e-05
image_11278.jpg,0.010915180246091703
image_7987.jpg,0.017428410813575237
image_1273.jpg,0.1160396902857634
image_11651.jpg,0.0014114979352826834
image_12532.jpg,0.010413248881802126
image_803.jpg,0.8337490289140044
image_2093.jpg,0.0046782567668497786
image_14885.jpg,0.01768022865111273
image_7197.jpg,0.007090099812796054
image_3380.jpg,0.008452307377012892
image_6051.jpg,0.22711547084217948
image_11985.jpg,0.02536637904105097
image_12940.jpg,0.000696282920372471
image_6922.jpg,0.7281200040532579
image_6128.jpg,0.014239150790922642
image_4612.jpg,0.4417208537224915
image_14376.jpg,0.3765548807462729
image_954.jpg,0.0007727340354169123
image_12288.jpg,0.0059571057771548915
image_9997.jpg,0.4661808876714995
image_15013.jpg,0.24871285618758518
image_9373.jpg,0.010088478348556064
image_6342.jpg,0.11008191549999455
image_5145.jpg,0.022596964154034675
image_11263.jpg,0.0073120923820834925
image_6462.jpg,0.23117280070879867
image_2025.jpg,0.018243615145848668
image_14270.jpg,0.48129037550167375
image_685.jpg,0.008742315343932825
image_928.jpg,0.0022350095676585105
image_15809.jpg,0.04390584808802725
image_14752.jpg,0.1351586916913287
image_11952.jpg,0.00676168868337784
image_9081.jpg,0.18012028122564241
image_2478.jpg,0.010748739350685751
image_5763.jpg,0.079863688971663
image_9268.jpg,0.7118431295835628
image_1641.jpg,0.0047800422630583225
image_11845.jpg,0.060594541734128475
image_13983.jpg,0.09477875323477279
image_12613.jpg,0.011224119684131536
image_5562.jpg,0.22968746976485538
image_9247.jpg,0.09472818989822365
image_15308.jpg,0.0004403395337255156
image_4268.jpg,0.003931686875276123
image_2598.jpg,0.0116920531622345
image_10208.jpg,0.012123107583232992
image_12739.jpg,0.9900736251959708
image_3118.jpg,0.2637368405038536
image_438.jpg,1.0842323724813881e-05
image_7103.jpg,0.004805455178942663
image_15699.jpg,0.0031717915165794335
image_2284.jpg,0.15042473159129757
image_3391.jpg,0.0008759900834929532
image_3644.jpg,0.014049011419287657
image_9230.jpg,0.023874408929305063
image_7283.jpg,0.11904833573418001
image_14006.jpg,0.027103450895408783
image_3283.jpg,0.00030816955562500603
image_13415.jpg,0.001710349150156601
image_12234.jpg,0.0005854565572547705
image_13080.jpg,0.03778805441549788
image_11736.jpg,0.0022804517958515225
image_9097.jpg,0.006023346877860167
image_6665.jpg,0.0015110328950246128
image_15696.jpg,0.004495880131215725
image_4489.jpg,0.6301351707832136
image_11348.jpg,0.003507144024562007
image_154.jpg,0.005157374987393629
image_14543.jpg,0.07827624020718883
image_5646.jpg,0.012633380484434211
image_2418.jpg,0.024332365303613893
image_1900.jpg,0.1616501238926082
image_9859.jpg,0.10309528070501123
image_12681.jpg,0.001621549844657048
image_3043.jpg,0.0053512349804903
image_7268.jpg,0.495015538590733
image_7460.jpg,0.017637114833023694
image_7703.jpg,0.0035776575973021025
image_4613.jpg,0.03077761288919414
image_3986.jpg,0.009150654340894843
image_11009.jpg,0.03228565442917419
image_8435.jpg,0.00320738018759084
image_11093.jpg,0.0005593857015623812
image_16079.jpg,0.041703045973049635
image_3157.jpg,0.07883492272677482
image_15456.jpg,0.0011761778047490973
image_15888.jpg,0.003242068472128754
image_13628.jpg,0.20436797298554468
image_6592.jpg,0.36477138962309646
image_15900.jpg,0.0016629186649749935
image_13660.jpg,0.011786826443685111
image_14085.jpg,0.02376950044213498
image_3341.jpg,0.013195478466393736
image_11004.jpg,0.004820662260918581
image_11323.jpg,0.0022226630831331065
image_16008.jpg,0.0034980247532748563
image_8677.jpg,0.00028328309834407746
image_9904.jpg,0.00013401205004224352
image_12716.jpg,0.01952656586443172
image_6960.jpg,0.16852866612226158
image_6311.jpg,0.0001862370072449426
image_8887.jpg,0.032645752224810844
image_14649.jpg,0.01522040050587854
image_15688.jpg,0.12731145817033515
image_15578.jpg,0.06492064529405647
image_1866.jpg,0.00856529197680535
image_9174.jpg,0.015693548024548643
image_15.jpg,0.23605576300335845
image_7778.jpg,0.019236287365632026
image_12096.jpg,0.5028659864241573
image_7491.jpg,0.9668187905096753
image_2885.jpg,0.13672689440692892
image_2565.jpg,0.16580145535902183
image_12454.jpg,0.003150665091562215
image_12295.jpg,0.0013388194837937926
image_2968.jpg,0.003738045369659067
image_1456.jpg,0.005124026780062819
image_9313.jpg,0.03106033725335523
image_6755.jpg,0.9869891680507347
image_1926.jpg,0.8067063824962885
image_7766.jpg,0.8605877762560107
image_14606.jpg,0.7765724644944304
image_13892.jpg,0.10950066744530916
image_5071.jpg,0.0026374002796617745
image_8925.jpg,0.016404015752216995
image_12116.jpg,0.00449422312577077
image_9418.jpg,1.9125868877468913e-05
image_4280.jpg,0.021496026141881657
image_3669.jpg,0.0009253022296432376
image_14738.jpg,0.8271843329210452
image_16203.jpg,0.745368359108136
image_9201.jpg,0.731414407303917
image_2841.jpg,0.009060772557903692
image_7751.jpg,0.0009357039192835604
image_2145.jpg,0.0005256161175513341
image_12723.jpg,0.004191384587229547
image_3643.jpg,0.059631733869730565
image_2664.jpg,0.009019008822131733
image_11654.jpg,0.1965004353594805
image_7414.jpg,0.15160303476420597
image_11586.jpg,0.4428884206877
image_2767.jpg,0.2278639048548303
image_3006.jpg,0.00037929047286628173
image_15541.jpg,0.013430803031819209
image_13346.jpg,0.0018056460729926323
image_6396.jpg,0.0019226178777896027
image_12907.jpg,0.03014661255147622
image_3441.jpg,0.3273195191088572
image_2105.jpg,0.07621918646650763
image_14858.jpg,0.0007586931287640536
image_4057.jpg,0.10562942351383198
image_1210.jpg,0.005370023389061083
image_5416.jpg,0.011483653975700588
image_2795.jpg,0.0013108778405519963
image_5147.jpg,0.3773905767259925
image_16409.jpg,0.10869249360248154
image_8720.jpg,0.04473820734478357
image_230.jpg,0.08966338598200695
image_11936.jpg,0.019317341239655974
image_8757.jpg,0.032602605580486346
image_6791.jpg,0.05387020032642577
image_12357.jpg,0.004730282430580708
image_831.jpg,0.012152206119751284
image_10103.jpg,0.00023634446613523402
image_3745.jpg,0.004530251445595632
image_9605.jpg,0.011153810264953368
image_6152.jpg,0.13923964719538703
image_10225.jpg,0.025311763396472314
image_13686.jpg,0.0025777349564993996
image_4989.jpg,0.04354458027029917
image_15371.jpg,0.010052989119688239
image_7315.jpg,0.13930259966262432
image_7764.jpg,0.057318458937293454
image_5919.jpg,0.9420425120619146
image_6147.jpg,0.018372268054069617
image_11600.jpg,0.40462161017726134
image_3412.jpg,0.08676492237047483
image_11225.jpg,0.04178314589381131
image_13116.jpg,0.05070791585864413
image_14897.jpg,0.2013699799624437
image_3927.jpg,0.04266829622482869
image_13733.jpg,0.00999673561845467
image_226.jpg,0.8874123348597915
image_16348.jpg,0.006311433845428411
image_7463.jpg,0.38774424702682664
image_16365.jpg,0.02367257557306974
image_990.jpg,0.019157263621650496
image_2935.jpg,0.028505308276201617
image_7908.jpg,0.07355789091855944
image_8439.jpg,0.019890025486425048
image_4033.jpg,0.0009484727375082434
image_10908.jpg,0.21886442537400558
image_7277.jpg,0.8148961221440644
image_13741.jpg,0.008964540678602343
image_6508.jpg,0.9585231267053494
image_12754.jpg,0.06724532557511001
image_6620.jpg,0.0032100673317720417
image_6122.jpg,0.03940705303411786
image_5822.jpg,0.006993256742327808
image_12607.jpg,0.04650832170063641
image_11661.jpg,0.17967363147282805
image_2146.jpg,0.0005364670414895896
image_11355.jpg,0.0125707901025598
image_2950.jpg,0.07189679796894714
image_14140.jpg,0.00211797816147639
image_11459.jpg,0.21707424318113397
image_9030.jpg,0.008654405837103826
image_6245.jpg,0.6109777311099592
image_11548.jpg,0.0018494417321159682
image_8578.jpg,0.007291083295890793
image_15040.jpg,0.07201539291966362
image_42.jpg,0.00037622122685866774
image_9508.jpg,0.03748060793169555
image_14557.jpg,0.0019124694765001366
image_1953.jpg,0.03708681035688141
image_7309.jpg,0.3230449149416804
image_2827.jpg,0.006610819723885908
image_9409.jpg,0.020372438215973177
image_8483.jpg,0.7333181826768658
image_11789.jpg,0.01851125613123755
image_1407.jpg,0.05130567014524272
image_5682.jpg,0.00828044893203311
image_11555.jpg,0.0026001157339325563
image_7068.jpg,0.06120772027930655
image_12188.jpg,0.0009252415687504861
image_11815.jpg,0.29067731356241133
image_6285.jpg,0.06049641436326763
image_9320.jpg,0.014728203834439468
image_1390.jpg,0.005384564816505738
image_1251.jpg,0.007303055806071181
image_3077.jpg,0.00018134694119972822
image_11327.jpg,0.1715019524765403
image_3601.jpg,0.0006775700139267075
image_6471.jpg,0.04689843484973103
image_7451.jpg,0.01715494855154341
image_3810.jpg,0.00216641312970516
image_3199.jpg,0.00018273498266804344
image_12375.jpg,0.6825211445167724
image_8155.jpg,0.014343614898142714
image_14732.jpg,0.003664206491049699
image_1107.jpg,0.06274093955053422
image_2099.jpg,0.026990011517622824
image_8660.jpg,0.0001400320047888935
image_7059.jpg,0.01736646921558023
image_6346.jpg,0.9367092544083231
image_13100.jpg,0.10116745197782254
image_3642.jpg,0.000840058613360649
image_6856.jpg,0.003974406172262066
image_8047.jpg,0.0012098221773428196
image_10584.jpg,0.01020123205335766
image_5868.jpg,0.010077324472947848
image_1909.jpg,0.0211562137671323
image_8600.jpg,0.1028067607732394
image_483.jpg,0.12119736296968896
image_14411.jpg,0.007978801960991457
image_3863.jpg,0.11448216440060233
image_838.jpg,0.0014100785790121884
image_558.jpg,0.006180026750864832
image_10012.jpg,0.09187833400395362
image_10646.jpg,0.006218774815353289
image_2457.jpg,0.03927749977112972
image_14406.jpg,0.03861544415372023
image_12591.jpg,0.10393848717100382
image_6332.jpg,0.02581191173326552
image_16178.jpg,0.009405404043893194
image_3123.jpg,0.013573396246109945
image_16532.jpg,0.02600744198809197
image_54.jpg,0.012683498591838104
image_11806.jpg,0.9934105346999084
image_6617.jpg,0.800481370483565
image_10298.jpg,0.77026228901612
image_12545.jpg,0.007346418127426777
image_10551.jpg,6.574095410029042e-05
image_7400.jpg,0.2167036140422456
image_10116.jpg,0.3044527284547576
image_16137.jpg,0.15435882778048293
image_1877.jpg,0.005224685989202946
image_14809.jpg,0.07040906033149633
image_11179.jpg,0.002962810333908803
image_10239.jpg,0.06983762157516632
image_9206.jpg,0.027256500599899577
image_62.jpg,0.6176958428712209
image_15390.jpg,0.07314298854295131
image_1707.jpg,0.27500691203659666
image_10081.jpg,0.0011947418740103717
image_8008.jpg,0.2992717599452843
image_11236.jpg,0.001120252882216557
image_3088.jpg,0.006051893309178163
image_195.jpg,0.010341091998964276
image_6833.jpg,0.07639647220998166
image_3781.jpg,0.005026817885967989
image_7926.jpg,0.06410649563420881
image_16491.jpg,0.019110716888363688
image_7171.jpg,0.040176201407149094
image_13532.jpg,0.05855084771623925
image_386.jpg,0.015770350212927033
image_8176.jpg,0.008481268042302087
image_14505.jpg,0.00022766652841146008
image_4549.jpg,0.017286818216070626
image_8306.jpg,0.0975306171725036
image_3801.jpg,0.002394807873890358
image_2671.jpg,0.008988367922261
image_14998.jpg,0.009450643282812251
image_6418.jpg,0.009797489645485002
image_14016.jpg,0.025115788315525182
image_2107.jpg,0.008833396909209893
image_9550.jpg,0.017864775044746907
image_13981.jpg,0.008674918156762801
image_5139.jpg,0.00010298548387159518
image_8544.jpg,0.030984699148779663
image_10379.jpg,0.0005006826100347431
image_1523.jpg,0.028795495492892467
image_2124.jpg,0.9496884581339758
image_7779.jpg,0.03736465791074214
image_14907.jpg,0.22392077348364414
image_8260.jpg,0.307839425586599
image_9416.jpg,0.006400385113534445
image_1772.jpg,0.08913776279634525
image_10238.jpg,0.0007550576726836782
image_11859.jpg,0.17711253540284277
image_13961.jpg,0.01461083231970635
image_11491.jpg,0.015740621046154164
image_14271.jpg,0.003501656872372562
image_1677.jpg,0.4949141576212589
image_7291.jpg,0.0010282157919347054
image_12501.jpg,0.07410079276968534
image_425.jpg,0.039132998735472754
image_4310.jpg,0.00012368747249850588
image_14485.jpg,0.8833639730165574
image_6317.jpg,0.011535741084607727
image_7885.jpg,0.29120729113716437
image_14180.jpg,0.01483019603136319
image_5720.jpg,0.006714620778443483
image_10345.jpg,0.0027068522511599163
image_13454.jpg,0.036672575750713116
image_7488.jpg,0.03435551317618771
image_1480.jpg,0.000270236982642097
image_3062.jpg,0.9685553091273812
image_12379.jpg,0.11628702241533648
image_15374.jpg,0.01595114462560615
image_7709.jpg,0.016955234084690664
image_14477.jpg,0.006005806835105824
image_12303.jpg,0.07000352146519545
image_9708.jpg,0.016038293804263377
image_8037.jpg,0.9655258518940577
image_11648.jpg,0.21549156085287197
image_1894.jpg,0.03726401542619281
image_3059.jpg,0.0068195842374775715
image_12632.jpg,0.025955446541838748
image_12457.jpg,0.0017629000523271216
image_8932.jpg,0.00934622149985667
image_13430.jpg,0.22006891126274764
image_13520.jpg,0.03367370984945486
image_2589.jpg,0.0010744072270541128
image_1369.jpg,0.2505903944942517
image_11341.jpg,0.2728377159064436
image_11482.jpg,0.0003678330658356002
image_9645.jpg,9.778539981041344e-05
image_4037.jpg,0.0012712556804338794
image_14.jpg,0.02556348604011791
image_7879.jpg,0.006683427872949645
image_11153.jpg,0.09892028516135187
image_13702.jpg,0.021119176094420784
image_5934.jpg,0.00339953157973424
image_16302.jpg,0.005564199368502656
image_419.jpg,0.6574940005405346
image_9811.jpg,0.0005956214694761595
image_5040.jpg,0.01498932819230687
image_9465.jpg,0.002991005142513667
image_9557.jpg,0.6633222152202306
image_14924.jpg,0.09829688174287966
image_6685.jpg,0.007224680035831426
image_2000.jpg,0.016843132988813667
image_770.jpg,0.0010217193330299488
image_13725.jpg,0.0038116414347711563
image_11010.jpg,0.008344112875680732
image_15614.jpg,0.0068639587831724296
image_3147.jpg,0.04263603585399845
image_2944.jpg,0.011895132326936998
image_5639.jpg,0.0014407648323828694
image_16308.jpg,0.012415720905574726
image_2280.jpg,0.006140602461563687
image_4830.jpg,0.00718235706347185
image_3976.jpg,0.2769713585624259
image_16027.jpg,0.12125128707741438
image_13271.jpg,0.05125327246327265
image_10757.jpg,0.00017599285830742565
image_5776.jpg,0.21781444201325306
image_6962.jpg,0.07306480274527005
image_7712.jpg,0.09972694005815239
image_3413.jpg,0.0005500531993726515
image_1678.jpg,0.8657295743240899
image_14526.jpg,0.187196448423482
image_615.jpg,0.0075192032850246995
image_773.jpg,0.8534430478754192
image_4717.jpg,2.505834652047991e-05
image_10009.jpg,0.008946405886783412
image_4917.jpg,0.3401079355776252
image_13345.jpg,0.017096177590846525
image_14765.jpg,0.8520494016442722
image_234.jpg,0.0936527292717022
image_3764.jpg,9.223010380644231e-05
image_1634.jpg,0.004224977877260277
image_11741.jpg,0.04179669205147005
image_11867.jpg,0.5118051309906819
image_3149.jpg,0.01492705062539429
image_5625.jpg,0.030956069671181346
image_8285.jpg,0.21069859379976563
image_10386.jpg,0.672365163357123
image_1665.jpg,0.03249399203326148
image_12785.jpg,0.5089368406015876
image_11097.jpg,0.0002329974394180596
image_1650.jpg,0.0003514700309500552
image_9906.jpg,0.0066293860309188275
image_13564.jpg,0.0016914488085393016
image_4702.jpg,0.1668860219372113
image_636.jpg,0.2662968593273826
image_13149.jpg,0.0130248928248267
image_9598.jpg,0.04363605658529122
image_11204.jpg,0.0029724380055305903
image_9429.jpg,0.0020839827719625072
image_4118.jpg,0.0038380854340303583
image_2925.jpg,0.0024331321850201448
image_10520.jpg,0.013162803167751544
image_7683.jpg,7.580444775287908e-05
image_5371.jpg,0.055576115773786954
image_10605.jpg,0.00046630288767850566
image_10867.jpg,0.9857836500258201
image_440.jpg,0.4137525733903234
image_8013.jpg,0.02781814298900614
image_2817.jpg,0.27554316985921673
image_5767.jpg,0.007687678742580693
image_10015.jpg,0.06300297110037628
image_8980.jpg,0.02780211718917114
image_15059.jpg,0.061173301019377097
image_7621.jpg,0.24936001322746668
image_597.jpg,0.14611706171366742
image_14328.jpg,0.06149773045370295
image_1732.jpg,0.06603948464813414
image_1984.jpg,0.02845653865343591
image_15807.jpg,0.7703312062034517
image_5055.jpg,0.0027564198253987237
image_190.jpg,0.2826059578411344
image_9125.jpg,0.42628692612696956
image_14771.jpg,0.0004815498301735212
image_2717.jpg,0.07134549544345548
image_99.jpg,0.0060001831347561655
image_2699.jpg,0.0003559480614726773
image_2508.jpg,0.6251611513285874
image_4821.jpg,0.050118532417173046
image_13584.jpg,0.0666295761800485
image_10080.jpg,0.00041178545857225755
image_6454.jpg,0.0481644900956237
image_14127.jpg,0.021993655133798796
image_15572.jpg,0.042672943049502546
image_13226.jpg,0.1576074234911242
image_3612.jpg,0.2538649684610025
image_3229.jpg,0.0025511551174616613
image_13440.jpg,0.21132532244573032
image_14340.jpg,0.8201717955694051
image_10613.jpg,0.6130784367633418
image_7657.jpg,0.06731718396753907
image_15930.jpg,0.008176998282934438
image_14128.jpg,0.002390859932091386
image_13476.jpg,0.0023116798964601545
image_6029.jpg,0.03646038947295188
image_8891.jpg,0.43402851333395626
image_6066.jpg,0.7936497281834973
image_1091.jpg,0.006302695173862854
image_8942.jpg,0.00021124822699430284
image_10765.jpg,0.002357502269517018
image_885.jpg,0.06505113234923324
image_9336.jpg,0.12932656231041292
image_3449.jpg,0.09578826298097287
image_6684.jpg,0.2065645948833078
image_3662.jpg,0.9158686126683203
image_3767.jpg,0.009574241535572809
image_5946.jpg,6.617228185004516e-05
image_9694.jpg,0.003760994763637351
image_1162.jpg,0.05579011713831357
image_3896.jpg,0.031160128260319067
image_16436.jpg,0.04986220765940927
image_10704.jpg,0.3455064743383324
image_11174.jpg,0.9465751281330489
image_6964.jpg,0.008644458218367384
image_15267.jpg,0.12407154066915907
image_7785.jpg,0.001274968064692242
image_8348.jpg,0.04645679963010589
image_4227.jpg,0.3499065727128049
image_2004.jpg,0.0008955216805978607
image_15943.jpg,0.18514512164464494
image_784.jpg,0.12051032046315742
image_1347.jpg,0.006572010185998453
image_7280.jpg,0.0013788818134662531
image_651.jpg,0.0026528373667980237
image_14509.jpg,0.0025955825482825603
image_14681.jpg,0.13305335906935362
image_8829.jpg,0.06634258571443268
image_2862.jpg,0.08505160715178683
image_8234.jpg,0.3855476368772475
image_5266.jpg,0.15616192941995427
image_8145.jpg,0.056104975490784276
image_6782.jpg,0.3192771903639004
image_14334.jpg,0.019239746407140348
image_11571.jpg,0.30517306468375865
image_12801.jpg,0.23799548953632624
image_2400.jpg,0.01737855182327809
image_13597.jpg,0.5678537454709004
image_1145.jpg,0.0039102203830324814
image_1639.jpg,0.17560761128203245
image_2867.jpg,0.08903037939778366
image_4713.jpg,0.0012137799407153803
image_15148.jpg,0.0013230052155518953
image_4624.jpg,0.0187918333061269
image_13004.jpg,0.1269973887421998
image_12887.jpg,0.007273683578627755
image_6350.jpg,0.0022645520340292503
image_13604.jpg,0.0499339997025458
image_1244.jpg,0.7934934429405068
image_6742.jpg,0.6298834597764508
image_8605.jpg,0.0014987428291331143
image_9314.jpg,0.8262033636430982
image_7938.jpg,0.03721125308232316
image_16128.jpg,0.0016340360352734978
image_5584.jpg,0.192843114276337
image_7583.jpg,0.07635417576351637
image_3001.jpg,0.14792208614468988
image_3610.jpg,0.038572004585975345
image_5384.jpg,0.11101061865494423
image_5605.jpg,0.002859042478417831
image_4081.jpg,0.054113088566370184
image_1465.jpg,0.010968120109299288
image_4336.jpg,0.0028601097836117024
image_4225.jpg,0.0025341366551119844
image_10588.jpg,0.9890996338381128
image_3553.jpg,0.07034030271847867
image_3466.jpg,0.6417766995784013
image_7123.jpg,0.02758857527479275
image_6113.jpg,0.001373432841897236
image_5569.jpg,0.03502541249109322
image_7241.jpg,0.02407241478640029
image_8675.jpg,0.00019583578979197314
image_5749.jpg,0.0003891286289685082
image_15815.jpg,0.03131545087154371
image_13504.jpg,0.5296501756215471
image_14937.jpg,0.24185038248226695
image_7635.jpg,0.0005313952495066596
image_7615.jpg,0.0006574055903839166
image_12720.jpg,0.0009082256139606972
image_944.jpg,0.005203080403623422
image_1529.jpg,0.0014257726804572447
image_11873.jpg,0.3078624165557041
image_6203.jpg,0.0109133830273372
image_8691.jpg,0.8102573023938265
image_14004.jpg,0.00122984395635551
image_218.jpg,0.07300310275344674
image_6855.jpg,0.07569431566009473
image_2225.jpg,0.036417759141450026
image_16109.jpg,0.0014304436137099108
image_13232.jpg,0.06146601943518598
image_1362.jpg,3.6515497068266496e-05
image_4511.jpg,0.23447918152763988
image_13425.jpg,0.05338083894060894
image_575.jpg,0.027771090606084597
image_10541.jpg,0.5519409407591266
image_4514.jpg,0.011830758608943196
image_413.jpg,0.5713127288354236
image_8801.jpg,0.0012964056819464922
image_1494.jpg,0.10038428796539117
image_12807.jpg,0.014549248597818913
image_6724.jpg,0.006214065858357179
image_13852.jpg,0.007973200941718075
image_142.jpg,0.0005891594365397868
image_16572.jpg,0.8082680806807296
image_5581.jpg,0.013636015158588987
image_6958.jpg,0.001694956228518592
image_1717.jpg,0.8663736109562374
image_3532.jpg,0.00911668072945009
image_7991.jpg,0.008699868592260263
image_1560.jpg,0.0417525871275129
image_9032.jpg,0.0005945509316379118
image_5693.jpg,0.005149935793222853
image_13299.jpg,0.9149347561042749
image_3004.jpg,0.050746556745143064
image_26.jpg,0.003647868539547263
image_16352.jpg,0.023049052947616732
image_7252.jpg,0.19093701589304526
image_12877.jpg,0.004711968423116642
image_2438.jpg,0.0003248579837930274
image_6326.jpg,0.039046797704786355
image_9744.jpg,0.0473101467619187
image_12483.jpg,0.022996885773293
image_11523.jpg,0.2721673129097214
image_10007.jpg,0.011283513803673859
image_987.jpg,0.776990588006196
image_9912.jpg,0.008887083814104257
image_4594.jpg,0.5013882041769042
image_14479.jpg,0.00020172842846512176
image_15678.jpg,0.001080509042453968
image_7601.jpg,0.0003671852129844265
image_456.jpg,0.0012198883969709682
image_1936.jpg,0.42434032154351636
image_10802.jpg,0.004920364136071693
image_12736.jpg,0.0008776910749528368
image_13858.jpg,0.001150141061087138
image_1607.jpg,0.38538958512930965
image_15368.jpg,0.0029090186917310116
image_14720.jpg,0.17008110033911314
image_13563.jpg,0.007446785843515678
image_15276.jpg,0.789015397602221
image_1980.jpg,0.0014832453189256292
image_1819.jpg,0.21179718873067607
image_10415.jpg,0.0001580689409218213
image_11387.jpg,0.00021480994050150257
image_4552.jpg,0.008524723082836711
image_7480.jpg,0.024701235680464447
image_14867.jpg,0.35468139904283313
image_1222.jpg,0.0019339279409864348
image_6109.jpg,0.003365993189003806
image_7449.jpg,0.017051378536054037
image_8041.jpg,0.0034021179154582483
image_16233.jpg,0.023896528547585255
image_7793.jpg,0.020948203070640967
image_15604.jpg,0.16637718456479875
image_10020.jpg,7.273194345954498e-05
image_13487.jpg,0.002063544638302598
image_4696.jpg,0.0527372341612532
image_956.jpg,0.1884227499738748
image_16387.jpg,0.9303822973215888
image_3119.jpg,0.026794599681390883
image_13950.jpg,5.109395393455406e-06
image_4124.jpg,0.0006998337839602713
image_14972.jpg,0.0011367226783228616
image_2905.jpg,0.006411944978494892
image_14939.jpg,0.01206190907311275
image_5988.jpg,0.015659136320577062
image_6310.jpg,0.915326207359315
image_7376.jpg,0.0009850445263603293
image_14216.jpg,0.23733096804417192
image_6563.jpg,0.0547961011854895
image_10669.jpg,0.003930134007755604
image_10101.jpg,0.0075172170727009265
image_14894.jpg,0.000666407870870947
image_3338.jpg,0.3353498898102265
image_6824.jpg,0.13762857943676682
image_15438.jpg,0.002396878496229068
image_12449.jpg,0.6347210574076175
image_6220.jpg,0.0021426937642495055
image_13716.jpg,0.015586145153210966
image_1316.jpg,0.00922333302073094
image_12350.jpg,0.010999501325774865
image_8926.jpg,0.007955718147642094
image_3965.jpg,0.0017097340080705241
image_16577.jpg,0.17711393576518383
image_14831.jpg,0.0159779642785686
image_3218.jpg,0.028814219146812665
image_15946.jpg,0.7428883107868915
image_12352.jpg,0.7080355858790526
image_14405.jpg,0.09672963786692336
image_6611.jpg,5.4454029472891044e-05
image_15586.jpg,0.020141101366890915
image_7624.jpg,0.00029575660232003574
image_237.jpg,0.007184140302533746
image_9533.jpg,0.03910573351466639
image_3121.jpg,0.00018609749644188394
image_11334.jpg,0.02555473024380218
image_14434.jpg,0.10135475964570924
image_12517.jpg,0.08147893643892319
image_1455.jpg,0.05415631414473886
image_3922.jpg,0.003014009161340599
image_4797.jpg,0.013564348252351258
image_13510.jpg,0.9814026309982402
image_2678.jpg,0.006991941654235025
image_8718.jpg,0.015095163868736425
image_11701.jpg,0.01497579576842902
image_7353.jpg,6.133633376957956e-05
image_13838.jpg,0.7930249028583873
image_2379.jpg,0.48096107807679933
image_9092.jpg,0.7657455040994915
image_4677.jpg,0.002086125845080767
image_3791.jpg,0.015303984007778451
image_11646.jpg,0.0015762149978237453
image_6202.jpg,0.006929029522995175
image_4325.jpg,0.0007922201577750324
image_7216.jpg,0.022808171101830758
image_13934.jpg,0.0037395140163709803
image_13169.jpg,0.0035955158151078333
image_10301.jpg,0.1101909037489999
image_1083.jpg,0.07508614811770221
image_13995.jpg,0.7128379104261735
image_5826.jpg,0.00038877769066610263
image_6101.jpg,0.06813813415454545
image_1205.jpg,0.03283874516752545
image_5271.jpg,0.010121220686413858
image_1399.jpg,5.554646043986641e-05
image_7137.jpg,0.06909068268684354
image_2235.jpg,0.0004573697687952564
image_1855.jpg,0.015235980828471316
image_8280.jpg,0.6446369870943308
image_9364.jpg,0.08308796280033504
image_5085.jpg,6.423431982599796e-05
image_3362.jpg,0.1805579322780459
image_12531.jpg,0.13748249116998473
image_16009.jpg,0.01375760706132337
image_14213.jpg,0.07004243629278475
image_7469.jpg,0.026015965150164272
image_16358.jpg,0.01562314615366309
image_5765.jpg,0.10950357462542047
image_8065.jpg,0.014636808134454206
image_12547.jpg,0.15129052408539845
image_2557.jpg,0.027902187696692136
image_11411.jpg,0.044509118045833934
image_2618.jpg,0.6078277931975902
image_2820.jpg,0.07153132950243302
image_7912.jpg,0.10965063299949157
image_1849.jpg,0.010212560270061724
image_14108.jpg,0.004556856626262916
image_9474.jpg,0.003054993537804957
image_6289.jpg,0.5366714290588969
image_12920.jpg,0.026454660496466376
image_13656.jpg,0.0003592613441221781
image_5860.jpg,0.07045598694310971
image_3433.jpg,0.0015180398286207698
image_8717.jpg,0.01298258656170675
image_15321.jpg,0.0023168601125319486
image_10513.jpg,0.009615526434613417
image_902.jpg,0.01337892424310419
image_4163.jpg,0.062245718487905284
image_5599.jpg,0.040831839280909915
image_16496.jpg,0.7492526443401014
image_899.jpg,0.0014930943335084775
image_14625.jpg,0.048581935049064134
image_10986.jpg,0.0025527647068448837
image_531.jpg,0.0021345241659416246
image_7484.jpg,0.13663859922999783
image_13774.jpg,0.4139120982497016
image_8476.jpg,0.09292331683685284
image_5847.jpg,0.3655758065289582
image_9363.jpg,0.9685136554366195
image_7364.jpg,0.3170601640548969
image_5949.jpg,0.20806978117602545
image_9448.jpg,0.014320886656461836
image_15426.jpg,0.003326913338331412
image_4731.jpg,0.12158187483449652
image_1327.jpg,0.3050688119630353
image_8154.jpg,0.036662610496148315
image_4531.jpg,0.03934641168573951
image_7220.jpg,0.0008972443877404366
image_5679.jpg,0.048709784251263474
image_14770.jpg,0.002286430695410262
image_10104.jpg,0.6320878827944357
image_3242.jpg,0.0010573960476261673
image_14029.jpg,0.0063575833289077005
image_1424.jpg,0.3783815188834719
image_7459.jpg,0.004323774299186678
image_11507.jpg,0.011519298275894551
image_13363.jpg,0.40429037619399205
image_9822.jpg,0.07659460911434042
image_14343.jpg,0.0038374362051392225
image_3733.jpg,0.010728648356711048
image_11879.jpg,0.009113745962507535
image_14268.jpg,0.9257347327067593
image_4318.jpg,0.12951800031945723
image_11373.jpg,0.18022447277494075
image_3854.jpg,0.00010383073180236468
image_2943.jpg,0.15961625016552553
image_10041.jpg,0.04876756480740059
image_2581.jpg,0.0007259404288657996
image_10671.jpg,0.001070556386232051
image_16209.jpg,0.00014288243619402447
image_5862.jpg,0.00024585563156349444
image_11259.jpg,0.020096728690823896
image_13093.jpg,0.06117280713065238
image_9457.jpg,0.05332137147889257
image_3936.jpg,0.785570836500279
image_9243.jpg,0.006606322990948343
image_12888.jpg,0.000835422608072852
image_3846.jpg,0.9953455301399253
image_6072.jpg,0.023798612717495133
image_11029.jpg,2.0289297757572896e-05
image_12232.jpg,0.023310181610314357
image_11967.jpg,0.000809529933414955
image_9296.jpg,0.01224926865022956
image_11416.jpg,0.0016635439395264867
image_16246.jpg,0.0014923659291133137
image_5889.jpg,0.0030391662427535614
image_9319.jpg,0.04977080416458819
image_5566.jpg,0.6257237612211871
image_9432.jpg,0.008228490496758377
image_2727.jpg,0.0027909041130746
image_7722.jpg,0.24513783861570343
image_10483.jpg,0.05702239926507115
image_4029.jpg,0.006192518696913055
image_580.jpg,0.008492837473234103
image_14564.jpg,0.09062844778794911
image_14413.jpg,0.030628812812194907
image_14755.jpg,0.0051628054423532395
image_8446.jpg,0.01742171872694513
image_15200.jpg,0.11394422725443519
image_16156.jpg,0.0009478445226827079
image_4406.jpg,0.012065606435752262
image_10508.jpg,0.00019164482305692048
image_7286.jpg,0.0051245464432450915
image_13853.jpg,0.0007064730232980507
image_4953.jpg,0.0007837531139640385
image_6646.jpg,0.07129386417829298
image_9968.jpg,0.0010231426711087024
image_12997.jpg,0.006258890128716652
image_15254.jpg,0.7754225722071565
image_4236.jpg,0.9876298288809158
image_7363.jpg,0.05346679163091946
image_12029.jpg,0.00203794165422435
image_16149.jpg,0.09887445631512862
image_3985.jpg,0.208486840775739
image_3200.jpg,0.062033871926872826
image_4935.jpg,0.021782195452142883
image_3117.jpg,0.380263647046028
image_6648.jpg,0.001366286335269342
image_10875.jpg,0.001728171943934581
image_16190.jpg,0.20102483965580706
image_725.jpg,0.00024816725241095795
image_9530.jpg,0.0876399293346021
image_9983.jpg,0.018255090082587046
image_4104.jpg,0.22099073455480397
image_2450.jpg,0.00660552543510692
image_7891.jpg,0.5165984424573261
image_8140.jpg,0.05302575169220518
image_5483.jpg,0.4106596562844933
image_10794.jpg,0.3535689504814307
image_7608.jpg,0.00030567498202877007
image_8612.jpg,0.5754814850772747
image_11568.jpg,0.8225720732471037
image_11099.jpg,0.01807452457717785
image_5002.jpg,0.9741083853161553
image_9591.jpg,0.0003746214425394306
image_12708.jpg,0.4883311274390142
image_9883.jpg,0.6372468782294132
image_1592.jpg,0.3171159158991153
image_12555.jpg,0.1258088046081528
image_2686.jpg,0.029353800261775656
image_2558.jpg,0.05141923856985495
image_16363.jpg,0.2426719146968215
image_6954.jpg,0.0018610359717342242
image_8192.jpg,0.07058792325163227
image_7368.jpg,0.03188267527783522
image_13326.jpg,0.11105190024516172
image_10281.jpg,0.0022874199164681914
image_7187.jpg,0.8378963237351856
image_3093.jpg,0.30169139700366926
image_11454.jpg,0.16423559687092654
image_9900.jpg,0.03706885640974938
image_714.jpg,0.002764325841219883
image_2414.jpg,0.007575254315069461
image_12143.jpg,0.008322302148371393
image_16443.jpg,0.22177833375626288
image_16122.jpg,0.9832671293317811
image_2065.jpg,0.9297528958037984
image_13110.jpg,0.004258827243053485
image_8769.jpg,0.060448990232768285
image_5331.jpg,0.23028641409634287
image_15129.jpg,0.003982784872495391
image_10231.jpg,0.04322290408190895
image_5906.jpg,0.0005426117137160957
image_10865.jpg,0.0003021392112508717
image_5436.jpg,0.054271690058974635
image_2596.jpg,0.22349291602930915
image_5380.jpg,0.009222999658935601
image_13234.jpg,0.45669994817963766
image_9575.jpg,0.0014750403320271824
image_9040.jpg,0.22568315176298626
image_15583.jpg,0.06610437892777392
image_1897.jpg,0.25427450042189287
image_10787.jpg,0.030771977048649233
image_3762.jpg,0.019892451751553283
image_5306.jpg,0.05874987470364431
image_14156.jpg,0.0016884803012508576
image_14241.jpg,0.18106318274096367
image_8566.jpg,0.001799035595989215
image_3705.jpg,0.00018277955564026456
image_1632.jpg,0.004461348544261957
image_985.jpg,0.1639696799448211
image_3047.jpg,0.0005385688059520317
image_3189.jpg,0.4865190691918968
image_4398.jpg,0.43697364873506195
image_3521.jpg,0.9652900657295653
image_2271.jpg,0.12076023308098313
image_10053.jpg,0.06960392186138287
image_8764.jpg,0.9996532705855135
image_15524.jpg,0.3756261265962684
image_7462.jpg,0.9434249097145848
image_12019.jpg,0.06714483861011293
image_16450.jpg,0.08389590422735306
image_4946.jpg,0.002181783310195722
image_1265.jpg,0.7598539846610493
image_14577.jpg,0.026012641768048576
image_5497.jpg,0.0126190401164945
image_6404.jpg,0.030197176593404453
image_15749.jpg,0.15207952974535555
image_2144.jpg,0.1772553132921357
image_7215.jpg,0.012176232122247749
image_15727.jpg,0.008408957491872268
image_10576.jpg,0.30552920719067433
image_12890.jpg,0.029260713125998452
image_14045.jpg,0.09540547069281993
image_10872.jpg,0.0004109590303316969
image_7179.jpg,0.0020218593788932497
image_8289.jpg,0.00019189164930131188
image_1957.jpg,0.5231291719731097
image_15828.jpg,0.0053807408183582485
image_6779.jpg,0.00182814439471578
image_14077.jpg,0.09161963033350509
image_1919.jpg,0.03424176294546539
image_4351.jpg,0.0002241937187851264
image_13468.jpg,0.000984430010031831
image_12289.jpg,0.34117305918205765
image_11104.jpg,0.011201455172385726
image_2522.jpg,0.001683891900413694
image_9797.jpg,0.01219729064912341
image_8201.jpg,0.0006417201092515161
image_7034.jpg,0.005329844707840145
image_11305.jpg,0.005543402332733114
image_3020.jpg,0.023949422256468157
image_4405.jpg,0.32967495677943454
image_476.jpg,0.0002198282359611177
image_15927.jpg,0.4235728310040098
image_3190.jpg,0.003135399668093676
image_13721.jpg,0.7623532246417409
image_2236.jpg,0.025022014900176474
image_16196.jpg,0.13338571908959979
image_15542.jpg,0.013189581346113016
image_5912.jpg,0.27689842331207093
image_11240.jpg,0.041205906089020264
image_14576.jpg,0.45322925317864676
image_13735.jpg,0.0031712185798689766
image_3834.jpg,0.008980877988903646
image_4200.jpg,0.007695112881210347
image_1046.jpg,0.002976066986682587
image_6226.jpg,0.061451326136774446
image_15714.jpg,0.0006864261007940348
image_10235.jpg,0.008476835193402215
image_8011.jpg,0.01637431624810645
image_5870.jpg,0.0033108986109903478
image_15385.jpg,0.004311326350303285
image_13629.jpg,0.002035687355843879
image_9504.jpg,0.946918680897161
image_2326.jpg,0.10555424200678788
image_8026.jpg,0.08157412740408057
image_4048.jpg,0.0014674985881202817
image_4770.jpg,0.062074632609280415
image_5375.jpg,0.13923999213156782
image_16322.jpg,0.06531884347642232
image_4523.jpg,0.0003270523558716672
image_1932.jpg,0.03278336462448992
image_312.jpg,0.030916592276574992
image_815.jpg,0.005126982968725802
image_7082.jpg,0.005373394952628458
image_15079.jpg,0.5974907899852733
image_5990.jpg,0.0715643448046318
image_11643.jpg,0.0016881947330122564
image_10917.jpg,0.01954166004140124
image_1307.jpg,0.003937552809536588
image_7686.jpg,0.00644832364984931
image_13641.jpg,0.022322036675128522
image_11611.jpg,0.8915809765215796
image_11887.jpg,0.0002768569189657537
image_2064.jpg,0.0003905988982824608
image_13303.jpg,0.0004191715023149757
image_14225.jpg,0.24300639754264702
image_4740.jpg,0.02728010163047521
image_10823.jpg,0.016145746957013832
image_4491.jpg,0.019342282726661143
image_15728.jpg,0.007304467706968792
image_3196.jpg,0.06716481524792427
image_8598.jpg,6.819599129834649e-05
image_12385.jpg,0.00033791634147420477
image_8909.jpg,0.020920829106844847
image_13259.jpg,0.0024370687860287696
image_12275.jpg,0.005795765531761759
image_12025.jpg,0.032910672858292606
image_8555.jpg,0.005666873990249204
image_4062.jpg,0.983867645146319
image_5718.jpg,0.05070980681007813
image_10696.jpg,0.00013561001916742536
image_5093.jpg,0.01909360584425416
image_15766.jpg,0.22864369475494678
image_3044.jpg,0.06674328450702643
image_6035.jpg,0.012516544193002035
image_10489.jpg,0.19106527867776635
image_12238.jpg,0.003630520251557607
image_13736.jpg,0.008738896222536605
image_14951.jpg,0.00038159286463445126
image_14295.jpg,0.00025145489258138545
image_15434.jpg,0.0011521715046861481
image_10995.jpg,0.007589511298998916
image_2926.jpg,0.008037572048797917
image_12901.jpg,0.010938144265546026
image_16320.jpg,0.0007244582378758377
image_10523.jpg,0.05716583484109029
image_7855.jpg,0.1407464274749504
image_7667.jpg,0.1701605998665834
image_15346.jpg,0.0007922224115893061
image_2753.jpg,0.0030694417961357116
image_6731.jpg,0.0024788724805967955
image_2297.jpg,0.010374650591086523
image_8554.jpg,0.02442729234890854
image_10349.jpg,0.0003803107845106067
image_9338.jpg,0.3926723781042776
image_9311.jpg,0.014351153452121993
image_8658.jpg,0.00042873673014550437
image_2304.jpg,0.010013285748827927
image_7548.jpg,0.1931442421448454
image_14145.jpg,0.2715180009277795
image_15783.jpg,0.0003761914345704681
image_13179.jpg,0.009661136731532738
image_8193.jpg,0.4376237518573362
image_12172.jpg,0.015816137670186473
image_7217.jpg,0.0036183661783396265
image_1015.jpg,0.024548506522728948
image_15067.jpg,0.012318173865265689
image_795.jpg,0.08167982799257144
image_4936.jpg,0.025863069254744783
image_14462.jpg,0.19136773467517265
image_3740.jpg,0.1282075407836515
image_7997.jpg,0.002632657624274324
image_3555.jpg,0.060389475265063344
image_16204.jpg,0.003763591683264721
image_10847.jpg,0.006334721377895496
image_11503.jpg,0.3384457230056467
image_3984.jpg,0.09326969721396863
image_829.jpg,0.005434740184053509
image_15025.jpg,0.006003270819225899
image_14167.jpg,0.006131216278281317
image_3972.jpg,0.002405621559948991
image_12713.jpg,0.4640088386704471
image_207.jpg,0.6931201359835483
image_2514.jpg,0.0017462628884646722
image_14061.jpg,0.5711786547591053
image_14884.jpg,0.04108685561659967
image_7672.jpg,0.007190657990629007
image_2270.jpg,0.004730433623442825
image_669.jpg,0.7818900621495507
image_972.jpg,0.04900896363156633
image_3377.jpg,0.26671225531464676
image_6474.jpg,4.377459805911839e-05
image_11224.jpg,0.049224122285599976
image_15639.jpg,0.020804617328952207
image_15393.jpg,0.7482268342076954
image_10132.jpg,0.043396002542815046
image_9087.jpg,0.14537882027950716
image_11715.jpg,0.014176541712632409
image_5715.jpg,0.028608817392976313
image_15147.jpg,0.0121339824454907
image_9078.jpg,0.00025146491920888204
image_8775.jpg,0.007571484872146546
image_9328.jpg,0.0019820984743124897
image_15858.jpg,0.011621135774824917
image_1444.jpg,1.3523245358931502e-05
image_8958.jpg,0.1791193855281234
image_2864.jpg,0.003020364463317749
image_6513.jpg,0.132430412185373
image_4965.jpg,0.018979502394851994
image_14154.jpg,0.009932638794897506
image_1099.jpg,0.003757216779928664
image_34.jpg,0.10227083225170192
image_12994.jpg,0.7480521197662184
image_13338.jpg,0.018329486725742444
image_8709.jpg,0.005569511311327056
image_8824.jpg,0.000859895087998957
image_14285.jpg,0.007525009772662246
image_4505.jpg,0.1724712967716936
image_3454.jpg,0.005734919776395552
image_11738.jpg,0.8372589291179682
image_5571.jpg,0.003072566103999163
image_6186.jpg,0.12057903564842076
image_9482.jpg,0.0020712449182411106
image_16415.jpg,0.025643803958948403
image_7726.jpg,0.03727565156817811
image_2245.jpg,0.01657028586883137
image_9691.jpg,0.0008946341022089541
image_3560.jpg,0.020730415936414157
image_1674.jpg,0.004167406225405755
image_4642.jpg,0.9345942556483354
image_6476.jpg,0.0016881130547506686
image_12063.jpg,0.0007701154742377623
image_16553.jpg,0.5964668103345281
image_4628.jpg,0.0018848495490453683
image_13623.jpg,0.03876583558550869
image_6501.jpg,0.01027396339778669
image_2861.jpg,0.0013523246117672337
image_2523.jpg,0.0005868032821397608
image_12140.jpg,0.056112586259499886
image_13869.jpg,0.02110152982492053
image_11022.jpg,0.4012091771153048
image_15863.jpg,0.006487763725889344
image_4192.jpg,0.004053965451945422
image_10574.jpg,0.2714417613383503
image_13860.jpg,0.04158697350750126
image_4169.jpg,0.15220057645386842
image_9461.jpg,0.004210725197046173
image_7071.jpg,0.3992490315800126
image_3949.jpg,0.07615824407948381
image_6852.jpg,0.049708755201346815
image_903.jpg,0.4369095468083031
image_12827.jpg,0.1500272286830168
image_9391.jpg,0.8315421603881332
image_15246.jpg,0.007569146425302235
image_12258.jpg,0.99577248836602
image_5642.jpg,0.05458645588403973
image_7265.jpg,0.21913221249624876
image_15989.jpg,0.001098171237461809
image_5530.jpg,0.7412863470637493
image_1377.jpg,0.0006403476489983436
image_13247.jpg,0.059311183061337217
image_4190.jpg,0.5959208351459769
image_9916.jpg,0.012238958937794147
image_10152.jpg,0.0004106082985897747
image_9211.jpg,0.010434946422142094
image_15300.jpg,0.022981544940734826
image_1654.jpg,0.013402292347967571
image_660.jpg,0.006103067657364909
image_16173.jpg,0.022567208717872232
image_10550.jpg,0.00437933472981343
image_2833.jpg,0.00459864447846336
image_7306.jpg,0.4931830775201854
image_7396.jpg,0.20258996829399867
image_13617.jpg,0.43635130845454956
image_1573.jpg,0.030536313300447853
image_11556.jpg,0.011460844540491531
image_254.jpg,0.12455707282219469
image_8126.jpg,0.003064439105517376
image_11620.jpg,0.1214063840768729
image_12338.jpg,0.7364562628133783
image_220.jpg,0.013155738409517462
image_3271.jpg,0.008728059091847738
image_2814.jpg,0.022912008396930337
image_6088.jpg,0.15066107247245575
image_3312.jpg,0.0054680709983608985
image_11690.jpg,0.018282082075544888
image_6601.jpg,0.04785425213764117
image_8609.jpg,0.2484362050919036
image_12455.jpg,0.12385249057386692
image_15291.jpg,0.04557072901266488
image_6161.jpg,0.049891100817976874
image_529.jpg,0.022064810058017224
image_2214.jpg,0.024165406760222035
image_16097.jpg,0.5983091551049893
image_3472.jpg,0.607790734076936
image_12485.jpg,0.013421596061702875
image_5208.jpg,0.7503925123653443
image_3428.jpg,0.02625444791161224
image_11682.jpg,0.10064677495632161
image_9035.jpg,0.003761644388751409
image_6935.jpg,0.007983772947991847
image_5153.jpg,0.7073011369452888
image_1460.jpg,0.008443123243402345
image_1052.jpg,0.009422272952020496
image_10423.jpg,0.7101377582147327
image_5191.jpg,0.005939746526732193
image_15443.jpg,0.15588641446525472
image_11876.jpg,0.0069643083996057
image_9086.jpg,0.06416521598535585
image_1883.jpg,0.0017400905345015898
image_3831.jpg,0.004605855273360702
image_5367.jpg,0.007152714688032669
image_5172.jpg,0.02544589378840275
image_8528.jpg,0.0008178814800569611
image_13867.jpg,0.00013377224517618103
image_10516.jpg,0.8980279512816783
image_10458.jpg,0.0006789079052856465
image_3545.jpg,0.010470550969949678
image_6001.jpg,0.052051275419186666
image_14559.jpg,0.0089488771578169
image_3356.jpg,0.005432101026584993
image_12282.jpg,0.06448759771272047
image_4621.jpg,0.00475168151015749
image_8320.jpg,0.21773317762237465
image_520.jpg,0.000259392613456525
image_5228.jpg,0.018758228595181087
image_4366.jpg,0.003273115528761802
image_7454.jpg,0.11116828940215598
image_1294.jpg,0.9910329688511695
image_8230.jpg,0.02182542192385347
image_4763.jpg,0.3973352865458601
image_7045.jpg,0.5175616004633884
image_14761.jpg,0.0010218682256485736
image_15510.jpg,0.0015839271250720488
image_5274.jpg,0.0029095092973209025
image_1663.jpg,0.05394767415669016
image_6783.jpg,0.1168431521653103
image_13364.jpg,0.022162810815808523
image_12469.jpg,0.2423902208368538
image_2168.jpg,0.00181374852950483
image_15594.jpg,0.07771142381322804
image_152.jpg,0.021771827261688446
image_5840.jpg,3.490572347043897e-05
image_10682.jpg,0.020315563936683247
image_15333.jpg,0.9938747156155868
image_2038.jpg,0.0011631191522401513
image_6503.jpg,0.012704404123811913
image_403.jpg,0.021351699619413057
image_15836.jpg,0.4629943561193088
image_5395.jpg,0.005261735828784776
image_7719.jpg,0.9673586977500757
image_15454.jpg,0.0014903716420908597
image_12663.jpg,0.06645275363248929
image_3953.jpg,0.9099246579436797
image_7894.jpg,0.0003301349856878689
image_4700.jpg,0.8841127074141337
image_2140.jpg,0.636584062915751
image_9329.jpg,0.0002335920175950229
image_12866.jpg,0.04008553422618136
image_3944.jpg,0.03132575761860319
image_11281.jpg,0.009896782342068098
image_2997.jpg,3.5786306048480686e-05
image_6.jpg,0.0005634236299908862
image_959.jpg,0.00046174687963258245
image_8627.jpg,0.27584617391150257
image_16397.jpg,0.019291238100472934
image_5559.jpg,0.02580849084988984
image_6934.jpg,0.056123830359157766
image_6930.jpg,2.331428770209283e-05
image_6946.jpg,0.015834674527097643
image_5130.jpg,0.6188332489374934
image_13758.jpg,0.004929749170726365
image_3405.jpg,0.03134356963886517
image_13453.jpg,0.007832470821790099
image_9870.jpg,0.2373251543046244
image_5629.jpg,0.4037237348079738
image_2119.jpg,0.13779242250497928
image_16492.jpg,0.00557594327064307
image_2606.jpg,2.480672859233713e-05
image_10678.jpg,0.0078823148451901
image_9630.jpg,1.400957229033599e-06
image_2137.jpg,0.0009254851322498046
image_9385.jpg,0.017506061180476824
image_2223.jpg,0.0024266824405324763
image_2479.jpg,0.001225933188845793
image_1259.jpg,0.005540075365715782
image_4687.jpg,0.014305713570747657
image_2301.jpg,0.022734460426358554
image_3554.jpg,0.013296454449122405
image_1220.jpg,0.00307910217442656
image_12382.jpg,0.00019931329479448763
image_9007.jpg,0.12995599707454825
image_14539.jpg,0.022504848787668723
image_6119.jpg,0.9427869157211148
image_7026.jpg,0.027541089271011995
image_9134.jpg,0.1414345863437462
image_13296.jpg,0.003771519093621913
image_14135.jpg,0.01688474688212925
image_1831.jpg,0.23236532283800967
image_11357.jpg,0.9985465859082028
image_16542.jpg,0.012383192241038461
image_2428.jpg,0.7303161408498086
image_13191.jpg,0.12596206756428532
image_4602.jpg,0.0016518433780293928
image_4098.jpg,0.002371739829576023
image_1907.jpg,0.01062680322305984
image_764.jpg,0.4050812002324834
image_4903.jpg,0.10773727473523372
image_4331.jpg,0.02176429513783173
image_16003.jpg,0.09009949791760505
image_2855.jpg,0.2220110795107296
image_9970.jpg,0.055662072983251744
image_12518.jpg,0.31743219040816056
image_13246.jpg,0.14471761618642284
image_14210.jpg,0.02956770764095876
image_8123.jpg,0.0029245604509408572
image_12900.jpg,0.46679617516930133
image_10581.jpg,0.017447538900095053
image_11203.jpg,0.07464770876575269
image_15401.jpg,0.0007854369196855653
image_7629.jpg,0.07045278269524442
image_8848.jpg,0.011955212704243654
image_12166.jpg,0.20311684248465003
image_5468.jpg,0.8376737696560586
image_2430.jpg,0.003480302704897007
image_14114.jpg,0.0021576085834354546
image_14958.jpg,0.14071074052658153
image_15235.jpg,0.07588886298260263
image_736.jpg,0.019499743231087028
image_13046.jpg,0.001106709264270359
image_12231.jpg,0.02478895052521092
