image_name,malignancy_probability
image_1,0.0010608054992553673
image_10,0.00015656298921275862
image_100,0.004311340610354641
image_1000,0.00012049966746466444
image_10000,0.00019593914392601456
image_10001,0.0003803941981815129
image_10002,0.004947159449357119
image_10003,0.8663882571828199
image_10004,0.00019197419614175494
image_10005,0.007464210145144189
image_10006,0.012068174300014563
image_10007,0.005662872607268667
image_10008,0.00022298208264264415
image_10009,0.004996408527618038
image_1001,0.816046617222056
image_10010,7.269938443485379e-05
image_10011,0.0002200304482592876
image_10012,0.004123666586078278
image_10013,7.680969375555026e-05
image_10014,0.796019729343347
image_10015,0.0002028212195098299
image_10016,0.0008168153744433027
image_10017,3.068978676571461e-06
image_10018,2.1283270622373536e-05
image_10019,0.0006217773628043059
image_1002,0.00668102488176692
image_10020,0.0005999822100512726
image_10021,0.008001953477240063
image_10022,6.565641614455706e-05
image_10023,0.0008402135606248483
image_10024,0.00022319689841377046
image_10025,5.1853892070330636e-05
image_10026,0.0012517852540471605
image_10027,0.0037079949669007644
image_10028,7.245200890331899e-05
image_10029,0.00073879420678596
image_1003,0.8371563837610886
image_10030,0.0001644390448500048
image_10031,1.834780689368144e-05
image_10032,8.109276194778793e-05
image_10033,2.3625410060776832e-06
image_10034,0.0007662030630341311
image_10035,0.022948305428485884
image_10036,0.9903402683959035
image_10037,0.04376110360110146
image_10038,0.009771392664684232
image_10039,0.0009682824381108818
image_1004,0.0001794069585870709
image_10040,0.04974909990645819
image_10041,0.00029746994169624374
image_10042,0.00013074419272467264
image_10043,0.0016458516082867452
image_10044,5.519075708801506e-05
image_10045,0.9762768131067047
image_10046,0.00027179497982599145
image_10047,5.7708501585413785e-05
image_10048,2.4106553838799633e-05
image_10049,0.8229535715609233
image_1005,0.7991234852653897
image_10050,0.00047986665990481473
image_10051,0.0011969032225680766
image_10052,2.5654094027821515e-05
image_10053,0.0007907733098002287
image_10054,0.0015337613622361831
image_10055,0.010601539414575983
image_10056,0.00025953304649475075
image_10057,0.7919478755792214
image_10058,4.469546672981502e-05
image_10059,4.668554747620104e-05
image_1006,8.11355504489381e-05
image_10060,9.33867885355825e-06
image_10061,0.0001911726259639491
image_10062,4.483988583895774e-05
image_10063,0.0004352349223181425
image_10064,2.6062813814074417e-05
image_10065,0.0001595275662830036
image_10066,0.000844503749414029
image_10067,0.7927232852056408
image_10068,0.9997856169119587
image_10069,0.0003900373221271265
image_1007,0.9996661621059626
image_10070,0.9262894111744837
image_10071,7.82706651446222e-05
image_10072,0.0012739359771938494
image_10073,6.7438597075143315e-06
image_10074,3.312408834802431e-05
image_10075,0.002827470072482544
image_10076,2.685878755575512e-05
image_10077,0.0022048500950095726
image_10078,0.0012131381161252235
image_10079,0.00027869182766242267
image_1008,0.004236835385703519
image_10080,5.664252051126692e-05
image_10081,0.00010344213935113906
image_10082,0.00017252018481633244
image_10083,2.4618400136667446e-05
image_10084,0.00016722357370827472
image_10085,0.0007954617477474158
image_10086,9.011652224655768e-06
image_10087,0.0018150017589343161
image_10088,0.0013677338439095925
image_10089,2.1223450538901234e-05
image_1009,8.443264021581312e-05
image_10090,1.221853640661439e-05
image_10091,0.0018584440370227392
image_10092,0.985251601548562
image_10093,0.013851186874205912
image_10094,0.0015240004732024405
image_10095,0.0008867559396351012
image_10096,2.5207451812243933e-05
image_10097,4.54877927879423e-05
image_10098,0.000169684196164051
image_10099,0.0005468773444301
image_101,7.464099511790984e-05
image_1010,0.01139065840770849
image_10100,1.3836338332883754e-05
image_10101,0.0004447223469038196
image_10102,0.0002197375445614755
image_10103,1.5455721066927535e-05
image_10104,0.8576090949806568
image_10105,0.0009016120648681535
image_10106,1.5024996615516324e-05
image_10107,2.727522900819807e-05
image_10108,2.54110410448361e-06
image_10109,0.0003130027760636427
image_1011,0.00022872573873727468
image_10110,0.9420162941088119
image_10111,3.401781747809845e-05
image_10112,9.76566611780976e-06
image_10113,0.0007433720604133745
image_10114,0.0004149309184940925
image_10115,0.8359331690796787
image_10116,0.8027450014612507
image_10117,1.3017493774622789e-05
image_10118,0.003532962595810517
image_10119,0.8110059982774394
image_1012,0.00013518463152736832
image_10120,0.13027345128357856
image_10121,0.0008367231350994615
image_10122,0.0007111947377160171
image_10123,6.081545163850712e-05
image_10124,0.00010432221436922542
image_10125,8.551362550837476e-05
image_10126,1.3861220131804236e-05
image_10127,0.00155630089644417
image_10128,0.0013085614629693956
image_10129,8.342113538085832e-05
image_1013,0.8094534522484309
image_10130,0.00036619879663638076
image_10131,0.0006994859356481449
image_10132,0.005363062281141814
image_10133,0.007454668616081461
image_10134,0.01465651898605872
image_10135,6.412896497326567e-06
image_10136,6.043467281507108e-05
image_10137,2.7218884637632458e-05
image_10138,0.006385443864357354
image_10139,0.0011243849161127351
image_1014,2.763882129321202e-05
image_10140,0.9865742916972853
image_10141,0.7959300901634163
image_10142,0.0007952349412940948
image_10143,0.9988541741836332
image_10144,0.0004307796564729604
image_10145,0.00015767805077565017
image_10146,0.0007387573136583273
image_10147,0.00011973254072852077
image_10148,1.3701084479415582e-05
image_10149,0.00026153387641951085
image_1015,5.0166005346071724e-05
image_10150,0.0011853042731033163
image_10151,0.12732062505593442
image_10152,9.968241562362066e-05
image_10153,4.926563590656143e-07
image_10154,0.016865314264903654
image_10155,0.00043957834346678836
image_10156,0.00036955247540066533
image_10157,5.363569670119322e-05
image_10158,0.1761073833818971
image_10159,0.00012709021051785394
image_1016,2.4735475459592392e-05
image_10160,5.138896308410329e-05
image_10161,0.06276648331482802
image_10162,0.0005662890384179547
image_10163,5.121961922839764e-05
image_10164,7.928751657781121e-05
image_10165,2.247339852656397e-05
image_10166,0.0011430130496946542
image_10167,0.0005680047419871481
image_10168,0.0025622103507639805
image_10169,0.0004376407652149694
image_1017,3.677944550287198e-05
image_10170,0.9985386802286857
image_10171,0.0004488195755685025
image_10172,0.00012588145801900583
image_10173,0.0028592644901134457
image_10174,0.00034970294050979984
image_10175,0.7986859948264241
image_10176,3.6926640219817575e-05
image_10177,0.0005906434272096991
image_10178,4.04185229771027e-05
image_10179,0.9890115869205195
image_1018,0.10377270603851194
image_10180,2.2717950075551966e-05
image_10181,0.0007523375057150655
image_10182,0.001321851676302955
image_10183,4.3068528022428585e-05
image_10184,0.00032409075580988356
image_10185,0.00032559481440478375
image_10186,0.00033602246064455305
image_10187,0.00023897558165682345
image_10188,0.9719588487942497
image_10189,0.002180667146992454
image_1019,2.646494935762234e-05
image_10190,1.5058990447572096e-05
image_10191,8.405518599086208e-05
image_10192,0.0001747707418096629
image_10193,3.2480040354529994e-05
image_10194,9.723362364824246e-06
image_10195,0.00528090568459318
image_10196,5.880681430052055e-05
image_10197,3.288212593608056e-05
image_10198,0.023180665065622653
image_10199,0.9706816977161538
image_102,0.0009843567793690216
image_1020,9.630115676334852e-06
image_10200,0.0003260081914769102
image_10201,0.7916401998115452
image_10202,0.029998772761609033
image_10203,0.012716661483320782
image_10204,4.212397395495178e-05
image_10205,5.491980752359907e-05
image_10206,0.003847779160581999
image_10207,1.9902057199631587e-05
image_10208,0.0016029262216875218
image_10209,3.139457636525462e-05
image_1021,4.4936035129854366e-05
image_10210,0.0012278832946867092
image_10211,6.536267518346186e-05
image_10212,0.00016258789743591
image_10213,0.0005405772548217597
image_10214,0.020062481116275045
image_10215,0.8656944558065109
image_10216,0.0008868203533356227
image_10217,0.0018383547628141983
image_10218,0.00022611932675535378
image_10219,0.0003105842350701111
image_1022,8.010216825853016e-06
image_10220,0.0006683489239208416
image_10221,0.00022449887424285568
image_10222,0.0012972615813680744
image_10223,0.0004981926164530212
image_10224,0.9802681723771487
image_10225,0.002920362009492151
image_10226,9.07232018342908e-05
image_10227,0.9989348237532354
image_10228,0.894287635750921
image_10229,0.7938978445391369
image_1023,8.720445803542156e-06
image_10230,0.00014754904498105525
image_10231,0.7933328239307553
image_10232,0.009616664268502042
image_10233,0.9953088903035747
image_10234,0.00036085995331335983
image_10235,0.00017868855436960646
image_10236,2.5323762437114214e-05
image_10237,0.00023715799393220116
image_10238,2.1390896628290905e-05
image_10239,0.0016341431344825395
image_1024,2.5517006267506354e-05
image_10240,0.8006155208770526
image_10241,0.798709511112139
image_10242,0.00036436451014757885
image_10243,0.8117955405191017
image_10244,0.00015299960124908482
image_10245,0.00016482671931594104
image_10246,0.0001960652843960401
image_10247,4.339179060249433e-05
image_10248,8.744843931034423e-06
image_10249,0.00014209141329155187
image_1025,0.001970740421029049
image_10250,8.379081087064057e-05
image_10251,5.9329147942015694e-05
image_10252,0.0010550954088187898
image_10253,0.013565355499416735
image_10254,0.00020996838580211564
image_10255,0.0009764318734476736
image_10256,0.0006205448650315618
image_10257,3.735065843704819e-05
image_10258,0.9712778309951373
image_10259,0.8510313207705995
image_1026,0.0013191904859276376
image_10260,0.0009193468497187409
image_10261,0.018449975584421664
image_10262,0.00028774959721005513
image_10263,0.00015098230173297164
image_10264,0.02433845817814396
image_10265,3.0469653623374547e-05
image_10266,0.00041877472879978345
image_10267,0.0002582691428973537
image_10268,0.7968236271428177
image_10269,0.0001094822885282862
image_1027,1.9579376337949258e-05
image_10270,0.7984874871000788
image_10271,0.8019109322101668
image_10272,0.00046005721464478154
image_10273,0.00222353390926298
image_10274,5.493741378754784e-06
image_10275,0.003236586069707938
image_10276,0.000351128935557993
image_10277,0.0011436878939278298
image_10278,9.355742544110373e-06
image_10279,0.010269669384077156
image_1028,0.821319848682162
image_10280,0.002571497045092988
image_10281,0.0011953639440288578
image_10282,0.0010182883782544206
image_10283,0.0016145253250603238
image_10284,0.19454690065490646
image_10285,0.00011281826423083866
image_10286,0.0035105274286512723
image_10287,4.6622316620091665e-05
image_10288,0.819362256624294
image_10289,6.181728071282371e-05
image_1029,1.5807496355125973e-05
image_10290,0.00016565517113639624
image_10291,0.8902383486623918
image_10292,4.978577706448175e-05
image_10293,5.743361060800647e-06
image_10294,0.00013785219371171965
image_10295,0.8201108854063996
image_10296,0.00421214721584345
image_10297,2.020684851834489e-05
image_10298,0.8744925837365922
image_10299,0.0008537308592775057
image_103,1.2799540731615958e-05
image_1030,5.021602989879325e-05
image_10300,0.17001220956126195
image_10301,0.037487229964110844
image_10302,0.0007137468474456245
image_10303,8.951786291527158e-05
image_10304,0.0002717214512298006
image_10305,0.7945111761601055
image_10306,0.013125833762917349
image_10307,0.00010485623602705326
image_10308,4.4129108546529746e-05
image_10309,0.0001897483260400455
image_1031,0.00028235116407136486
image_10310,0.8995473536833977
image_10311,0.0006387228057639093
image_10312,0.00078424400077549
image_10313,0.0001179150816411177
image_10314,0.8015038381839095
image_10315,0.9709514978131771
image_10316,6.53507053886211e-05
image_10317,0.00015830682300402386
image_10318,0.0002367779977391419
image_10319,0.0016006330561288622
image_1032,0.9993130194742911
image_10320,0.0008585065211586605
image_10321,0.0027344290699685757
image_10322,0.000317522039845044
image_10323,6.24291662188057e-05
image_10324,0.0049037829819393915
image_10325,5.853328519354117e-06
image_10326,9.226394153979816e-05
image_10327,2.577756433229844e-06
image_10328,0.8022972557285637
image_10329,0.00016276466493577355
image_1033,0.0060812586335274085
image_10330,0.7995470266397436
image_10331,0.9635598413197795
image_10332,0.0006647945351907663
image_10333,0.0012601221721798696
image_10334,3.955567571751156e-05
image_10335,0.00030466883042314715
image_10336,2.463219207180127e-07
image_10337,0.0005994394208592768
image_10338,3.3022233944803894e-05
image_10339,3.3552265891824e-05
image_1034,8.807267667032803e-05
image_10340,0.0001085887366553322
image_10341,0.00011753274131047625
image_10342,0.0005915997056871573
image_10343,0.00022804123806000992
image_10344,0.0005881032084647169
image_10345,0.00018177048396525878
image_10346,6.258898182001826e-05
image_10347,2.3477335759049282e-05
image_10348,0.9973634390472521
image_10349,2.132688093598765e-05
image_1035,0.9821559870685324
image_10350,0.035144393524637385
image_10351,0.02366508968152487
image_10352,9.259616312090266e-05
image_10353,0.9369485132911549
image_10354,0.0001258928317989367
image_10355,2.0629741879043155e-05
image_10356,7.066328003786959e-05
image_10357,5.649713954079176e-05
image_10358,0.00042621177598898934
image_10359,0.9194633220080192
image_1036,0.8725406643138651
image_10360,0.004548028330939101
image_10361,0.0007851523871471406
image_10362,0.0003605192109658625
image_10363,0.0003131646876409487
image_10364,0.00026640428927020396
image_10365,0.00041909697963337067
image_10366,0.7903335408599964
image_10367,4.923184270254414e-05
image_10368,0.0010879820153476643
image_10369,0.0035454072421028334
image_1037,0.00020619868072496123
image_10370,0.00025091951249663877
image_10371,2.3025234790661706e-05
image_10372,0.0005379874952240474
image_10373,0.00025253315966410766
image_10374,0.0017633912708326243
image_10375,0.0014220421480768217
image_10376,1.4523601559485264e-05
image_10377,0.00013460909822183756
image_10378,0.0009509754814687207
image_10379,5.868275336883256e-05
image_1038,0.0002820925358710517
image_10380,0.00013774002634922843
image_10381,9.768332615373025e-05
image_10382,0.0002209546795997332
image_10383,5.454710928158098e-05
image_10384,0.00021675405104533665
image_10385,0.9969787722520843
image_10386,0.044299922140674255
image_10387,1.5198683360028533e-05
image_10388,0.00020263444541822974
image_10389,0.000274497334910426
image_1039,2.6148979584928453e-05
image_10390,0.8144626645274498
image_10391,0.00016598609451845238
image_10392,0.9948980627409437
image_10393,9.178048000546899e-05
image_10394,6.147416286706138e-05
image_10395,0.00012476578817274256
image_10396,0.0002106344243266888
image_10397,0.004735380237288643
image_10398,0.8163397132088447
image_10399,1.7021898898464752e-05
image_104,5.314740714536593e-05
image_1040,0.00011706722720868184
image_10400,0.0002318826334163103
image_10401,0.0008882579122107135
image_10402,0.00023260231173269586
image_10403,2.423500076889072e-05
image_10404,1.3819979127954675e-05
image_10405,0.006339785300324484
image_10406,0.7943142158968481
image_10407,0.002484240378186084
image_10408,0.0001841838986550283
image_10409,8.792450892333688e-05
image_1041,0.011784290378953255
image_10410,0.00011793416472414688
image_10411,0.06016935216083509
image_10412,6.9829591977056115e-06
image_10413,0.0003603894618138602
image_10414,6.519543328200131e-06
image_10415,4.253488176960973e-05
image_10416,0.9962936777496274
image_10417,7.453955581959956e-05
image_10418,0.0009318950501273702
image_10419,0.00011940192127708133
image_1042,0.00047546304936831615
image_10420,0.792651492368682
image_10421,7.957066679271192e-05
image_10422,5.59834973345584e-05
image_10423,0.9651280501454498
image_10424,9.277165054929457e-06
image_10425,2.0841019205667983e-05
image_10426,0.00044083724909747964
image_10427,0.00020988133274168894
image_10428,0.934070398049454
image_10429,0.00044791986519686296
image_1043,0.00039515093050425924
image_10430,0.0002855883898348094
image_10431,0.9733250287514785
image_10432,0.003038042499254293
image_10433,0.00018705071155532418
image_10434,0.0010371828045171662
image_10435,0.7941556827655859
image_10436,8.471919019630867e-05
image_10437,0.00046792664191353347
image_10438,0.000117717025260682
image_10439,0.0013570116881005667
image_1044,2.3090013738431925e-05
image_10440,0.010013970482174386
image_10441,0.9998807342776372
image_10442,0.00020352019140500247
image_10443,0.902129686806042
image_10444,0.0002909255116661675
image_10445,0.00014710660069569182
image_10446,9.830640538735065e-06
image_10447,3.3115155662984656e-05
image_10448,0.20588440007083517
image_10449,0.9830221266924795
image_1045,8.249688393104661e-05
image_10450,1.5397361674526586e-05
image_10451,0.0002041505463405605
image_10452,0.0010946679692359794
image_10453,9.773062293510837e-06
image_10454,0.002049113694103792
image_10455,0.00025447285770562695
image_10456,1.6645248442016292e-05
image_10457,0.004964277845029523
image_10458,0.0005937177888046134
image_10459,3.830513469010305e-05
image_1046,9.792305754564754e-06
image_10460,0.0007128256708999894
image_10461,0.0006369559290302536
image_10462,1.4073643782934692e-05
image_10463,5.1863406910222654e-05
image_10464,6.460493258727072e-05
image_10465,6.885530469445524e-05
image_10466,0.0002696556755114321
image_10467,0.14324969080683242
image_10468,0.0029095057591487184
image_10469,0.1794406879500595
image_1047,0.00015675994753410532
image_10470,0.00012867661120824085
image_10471,6.344783642374346e-05
image_10472,0.0004291616559364605
image_10473,0.005450491556764467
image_10474,0.8732607946359228
image_10475,0.000323920379213947
image_10476,4.390279621985863e-05
image_10477,0.7924116865806179
image_10478,2.9753547176263132e-05
image_10479,4.314045459230488e-05
image_1048,0.00011661985379388873
image_10480,0.019321102621063787
image_10481,0.00013567988423554366
image_10482,0.0016552599726251953
image_10483,0.0007421017319557335
image_10484,2.974674265536643e-05
image_10485,0.003388175766748945
image_10486,8.625537564687857e-05
image_10487,0.002214090994633857
image_10488,0.00011994771745326392
image_10489,0.0005483638420811404
image_1049,0.0005636660843519304
image_10490,0.003990396326524052
image_10491,0.00010088601744773351
image_10492,0.00018436672554296023
image_10493,0.0028049895409011467
image_10494,0.0027908411550040674
image_10495,9.018996201032683e-05
image_10496,0.0009200175185681617
image_10497,0.00020078611517338575
image_10498,0.00019543314570810434
image_10499,6.050204572117625e-05
image_105,0.0004358825588014526
image_1050,0.00032709709325567764
image_10500,0.9790765324194863
image_10501,4.573029687494633e-05
image_10502,0.0008947764011627308
image_10503,1.871865258887098e-05
image_10504,0.00010412422205123605
image_10505,0.7941606472983329
image_10506,0.7940556817703847
image_10507,0.9981557448270177
image_10508,5.4244095836721715e-05
image_10509,0.0008152547451299258
image_1051,0.0009959902831427072
image_10510,2.908052325018737e-05
image_10511,4.972432376026505e-05
image_10512,5.2994988680678765e-06
image_10513,0.00014061215357527075
image_10514,0.0002954556979590634
image_10515,0.0003794277548088773
image_10516,0.9992624689703018
image_10517,7.971449453945275e-05
image_10518,0.9997762553105659
image_10519,0.0010217675533046255
image_1052,0.0017101304212297705
image_10520,1.2578740542340581e-05
image_10521,0.000556150949329768
image_10522,0.0008416582271434982
image_10523,0.0002254798130789829
image_10524,0.0038108052688520543
image_10525,0.9991861111923876
image_10526,0.0001162657652106008
image_10527,6.870363783489542e-05
image_10528,0.00018366135105665288
image_10529,4.484959781785265e-05
image_1053,8.192413819695486e-06
image_10530,0.11585958543609305
image_10531,8.023058688277654e-05
image_10532,0.7952778547707253
image_10533,3.1685267445779396e-05
image_10534,0.7967737197985195
image_10535,4.0607280592257524e-05
image_10536,0.7951414691544116
image_10537,0.00011583716184208727
image_10538,7.66959545786257e-05
image_10539,0.0005235760681698411
image_1054,3.0643868561397897e-06
image_10540,3.3639245656312574e-05
image_10541,0.00235704205372364
image_10542,0.00048739552013788085
image_10543,4.5121510584386684e-05
image_10544,0.995370034156417
image_10545,0.9947924752627237
image_10546,7.576490193191104e-06
image_10547,2.0778678273951324e-05
image_10548,7.738045747322328e-05
image_10549,0.003335145293655093
image_1055,0.791614935507776
image_10550,0.0001286136827343627
image_10551,0.00016750949271314135
image_10552,0.0009021646218873656
image_10553,0.0011685852174203588
image_10554,0.0004336253453421031
image_10555,0.00020126431993756
image_10556,0.000385962205737273
image_10557,0.9607859044946888
image_10558,3.947219508794461e-05
image_10559,5.909392861739793e-06
image_1056,0.7933734360324347
image_10560,7.477974456537236e-06
image_10561,0.998470666170355
image_10562,0.0012821851931878988
image_10563,0.0005942432583395216
image_10564,1.3515944215919907e-05
image_10565,4.932350399189905e-05
image_10566,0.9962599644504742
image_10567,0.00022780052583386864
image_10568,3.941046701660719e-05
image_10569,0.8147710479392846
image_1057,6.502952847981232e-05
image_10570,6.042133750684289e-05
image_10571,2.023680587881178e-05
image_10572,0.0002580077669757461
image_10573,0.0025461750352398027
image_10574,0.006096844703658687
image_10575,0.08138519415767058
image_10576,0.0006634514796329842
image_10577,1.0735372479763994e-05
image_10578,7.188836618855492e-06
image_10579,0.0002988628398063388
image_1058,0.0002041220289801514
image_10580,0.9610099458669084
image_10581,5.736622142706821e-05
image_10582,0.9409252281542043
image_10583,0.0007055826460691213
image_10584,0.000988159697273041
image_10585,0.0003099699720695029
image_10586,7.327901505838202e-05
image_10587,0.011335255180494025
image_10588,0.999204815179991
image_10589,0.00022367901925780272
image_1059,0.7928151732747928
image_10590,0.00044705878272380104
image_10591,0.0001496138424009211
image_10592,8.560468799681344e-05
image_10593,0.0008096401015427884
image_10594,0.07115115563154448
image_10595,0.00012637204462293857
image_10596,0.00010543455710624778
image_10597,6.787952559904559e-05
image_10598,0.002010053947437911
image_10599,0.00018884987679271525
image_106,0.9174406841870241
image_1060,0.00021978632741936525
image_10600,0.9825842196504327
image_10601,0.0005204961198894831
image_10602,0.8839837151226686
image_10603,0.00010236877593832886
image_10604,0.0010135557161307248
image_10605,2.3825256293816305e-05
image_10606,0.0008299802504218364
image_10607,3.207691339770679e-05
image_10608,0.0001024461888674891
image_10609,7.260269517779904e-05
image_1061,0.0006007683838708794
image_10610,0.0003648002033443378
image_10611,0.0007070087585812552
image_10612,0.00020573150416768765
image_10613,0.0004814592568935178
image_10614,0.998139635213537
image_10615,2.204108779987508e-05
image_10616,3.7540272046508486e-05
image_10617,0.0001799799131066377
image_10618,0.0018850635288217578
image_10619,0.9984503307850371
image_1062,1.1888106800524896e-05
image_10620,0.0011077876597014636
image_10621,0.9881057688875708
image_10622,0.04143276374059433
image_10623,0.002847665790646047
image_10624,2.174035750919862e-05
image_10625,0.0006251123926409986
image_10626,2.089386696161334e-06
image_10627,0.0010612454092146378
image_10628,0.005578903165154475
image_10629,6.003849765173637e-05
image_1063,0.0002707312325352469
image_10630,0.002415084761810046
image_10631,0.000106507633328664
image_10632,0.001105817690031375
image_10633,0.00016506079421477004
image_10634,0.0005990164828993576
image_10635,0.0003842327498993213
image_10636,0.00015636721876824633
image_10637,0.8800879870481066
image_10638,0.8957383441910849
image_10639,0.022842668856954233
image_1064,0.00243213461423465
image_10640,0.992367424899933
image_10641,0.8726742884616929
image_10642,0.1110401030191158
image_10643,0.00010789595228795353
image_10644,0.00032640185879805164
image_10645,6.0940931638979086e-05
image_10646,0.00011723517105064699
image_10647,0.000603726258277337
image_10648,0.0008967244176980637
image_10649,8.935856641099239e-05
image_1065,4.452155169896382e-05
image_10650,0.0007712168826399105
image_10651,2.5817770421715112e-05
image_10652,3.5132934953919286e-05
image_10653,0.9957842052400787
image_10654,5.174432699023132e-05
image_10655,0.00046223973195316835
image_10656,6.16163811820321e-05
image_10657,0.7939026690065274
image_10658,3.8740145337671726e-05
image_10659,5.0299675967483066e-05
image_1066,0.001033626509909329
image_10660,5.7341171271140586e-05
image_10661,2.6232845465313765e-05
image_10662,0.00010495343956707557
image_10663,0.004903088428899697
image_10664,5.4031024306333305e-05
image_10665,0.0002722036276346249
image_10666,0.9579205224808064
image_10667,0.001210546938647733
image_10668,0.7950858541994077
image_10669,0.7947532219303554
image_1067,0.0024689156360058768
image_10670,0.0001516138318154229
image_10671,0.00014934783387559084
image_10672,0.0011361224266856224
image_10673,0.0008588777892299445
image_10674,0.014166226290485395
image_10675,0.00022076582800909715
image_10676,4.729031726917875e-05
image_10677,0.003795470786221603
image_10678,0.00012050287917827584
image_10679,3.369910957941117e-05
image_1068,0.0008399528906898456
image_10680,7.253306244863096e-05
image_10681,0.00010277353637016629
image_10682,0.00788305116417489
image_10683,7.088650117749012e-05
image_10684,0.00023816291175230084
image_10685,0.9965840109900931
image_10686,0.8987825262005302
image_10687,0.0004911160348172243
image_10688,0.0016171884433742948
image_10689,0.00026665270023531237
image_1069,0.0018069721086904308
image_10690,0.006803512012854379
image_10691,2.9520291957732603e-05
image_10692,0.0004598209114314793
image_10693,0.00022241062505819258
image_10694,5.9996283970236505e-05
image_10695,0.9972809263369238
image_10696,6.009574094204821e-05
image_10697,0.0006087751303659618
image_10698,0.001209879848563922
image_10699,0.0005556760625457039
image_107,0.0001871676767434147
image_1070,0.0006755329163010235
image_10700,0.003613307290281329
image_10701,2.1014366408189108e-05
image_10702,0.002910620317448194
image_10703,4.819921659143499e-05
image_10704,0.006942838421801256
image_10705,6.151961108187014e-05
image_10706,0.0001944193983717963
image_10707,0.0004809445172734938
image_10708,1.9541156040086917e-05
image_10709,0.03464684030287755
image_1071,0.9943250943669761
image_10710,0.0332201907164924
image_10711,0.043632131522588116
image_10712,3.633160022575151e-05
image_10713,0.7947611762238954
image_10714,0.00019879547858494238
image_10715,0.00017266230508652434
image_10716,0.0003363984112904251
image_10717,0.0015134313916052783
image_10718,0.00019753081675906217
image_10719,0.0004024498140547785
image_1072,3.178579840054465e-05
image_10720,0.0005298593698559574
image_10721,1.0427533440348177e-05
image_10722,8.096128777984149e-05
image_10723,0.00032835441674234527
image_10724,2.4420824304876947e-05
image_10725,3.15644700476462e-05
image_10726,0.00021152886713589632
image_10727,2.3524725980852245e-06
image_10728,2.4589395968986265e-06
image_10729,7.144779156884992e-05
image_1073,0.00010704004262406699
image_10730,0.0011367891809165194
image_10731,0.00021972509450273128
image_10732,0.00015929552294094017
image_10733,0.00016277370223190423
image_10734,0.00014324653988466337
image_10735,0.8027595053743314
image_10736,0.004198211984107339
image_10737,0.010740708410708798
image_10738,9.865617058556434e-06
image_10739,9.1004309272378e-05
image_1074,0.8077378419041572
image_10740,0.0013215051141671123
image_10741,8.700445114910135e-05
image_10742,2.881479669530383e-05
image_10743,2.186537444525035e-05
image_10744,0.04633304855541247
image_10745,0.0001109917455590271
image_10746,0.00031487649901986564
image_10747,7.55120958518177e-05
image_10748,8.18250110608776e-05
image_10749,0.002607875513854808
image_1075,0.9959327847272942
image_10750,0.03926695122099317
image_10751,0.9843277552364282
image_10752,8.290156987995914e-05
image_10753,0.0008300146009900065
image_10754,0.0001615964269030239
image_10755,0.0015789357418979008
image_10756,0.0018609736754272624
image_10757,0.00012208244315619224
image_10758,0.7913653227169956
image_10759,0.00017116517014630653
image_1076,0.0007939359893348135
image_10760,0.004509504254598619
image_10761,0.0001269832035595117
image_10762,0.0006014658290650622
image_10763,3.543593970250503e-05
image_10764,0.983493719954998
image_10765,0.0023098369227433544
image_10766,0.00402309628325098
image_10767,2.9158495478587064e-05
image_10768,5.1920500438489026e-05
image_10769,7.730535196313058e-05
image_1077,0.0004895256889049449
image_10770,0.00039986283106907626
image_10771,0.00038944165163271976
image_10772,0.001766694152760978
image_10773,0.00022208787274287283
image_10774,0.00012034583788425583
image_10775,5.116843208342055e-05
image_10776,0.053160524114089704
image_10777,5.191593334091058e-05
image_10778,0.013276546272714846
image_10779,4.2446607747549985e-05
image_1078,0.0023766366386521937
image_10780,0.8694636196079655
image_10781,0.0007625314134983438
image_10782,0.0019117378821549747
image_10783,4.688567664123144e-05
image_10784,5.0493109977320815e-05
image_10785,3.5398495362255584e-05
image_10786,0.9941087375521652
image_10787,0.0004672378814707231
image_10788,0.004466676005973243
image_10789,7.095382129833671e-05
image_1079,0.0013606744133052016
image_10790,0.7947822790626975
image_10791,0.000461862307647291
image_10792,3.232512097123891e-05
image_10793,0.004073509414873173
image_10794,0.7948524455620986
image_10795,0.0003183227877231935
image_10796,3.107555704096218e-05
image_10797,0.0008487302388805861
image_10798,4.315051403020556e-05
image_10799,0.0001290727720190162
image_108,6.921282483217796e-05
image_1080,0.0005318350139361834
image_10800,0.7944728085611444
image_10801,0.008775318951771154
image_10802,4.8932286389803235e-05
image_10803,0.00045960831104846137
image_10804,0.004109728931714442
image_10805,6.105541055276411e-05
image_10806,0.002340697452875787
image_10807,7.866334095281468e-06
image_10808,8.995775815745239e-05
image_10809,0.0005038164974408628
image_1081,0.9995770881428845
image_10810,6.084856763068126e-05
image_10811,0.005560745399423448
image_10812,0.00013601261494615625
image_10813,0.0030188538720834317
image_10814,0.05070680354476759
image_10815,0.00019779969430548005
image_10816,0.049024537055956295
image_10817,0.0008336870934595609
image_10818,0.00023823717588343653
image_10819,9.028689615552595e-05
image_1082,7.96157033600302e-05
image_10820,0.00018350491181668056
image_10821,0.810493879287051
image_10822,0.00022397275190860817
image_10823,0.000342921556747803
image_10824,0.00017257917242351756
image_10825,0.807065029990936
image_10826,0.0006057752117521124
image_10827,0.00012718342167732723
image_10828,0.08969670635719676
image_10829,0.0008134949605078064
image_1083,0.00029741995778865567
image_10830,0.8127856698978289
image_10831,3.398827822089882e-05
image_10832,0.0005072610613171665
image_10833,3.3921242345202346e-05
image_10834,0.05139013750538194
image_10835,0.005498078942210419
image_10836,0.818249453390413
image_10837,9.486645550784165e-05
image_10838,0.0010599923863097483
image_10839,0.0006502842173160907
image_1084,4.813825022929078e-06
image_10840,0.0001918099614784079
image_10841,0.00013163456785347216
image_10842,1.697532036468281e-05
image_10843,0.0020043537049441763
image_10844,0.00033639139737373067
image_10845,2.397868165488487e-05
image_10846,8.105761901228757e-05
image_10847,0.0022277915381936136
image_10848,0.00013012322822279426
image_10849,0.0004871367902352096
image_1085,0.00017413213677624153
image_10850,0.0006701320265949955
image_10851,8.453226946904965e-05
image_10852,0.006656233361552244
image_10853,7.449220166254223e-05
image_10854,0.7958226600395883
image_10855,0.00090312390229901
image_10856,0.0005536773944935158
image_10857,0.02937544743832034
image_10858,8.145975104468937e-05
image_10859,0.00028006393650549364
image_1086,2.2559558141040907e-06
image_10860,0.0007803544255158848
image_10861,0.00019031405380465596
image_10862,0.00020650547482942093
image_10863,0.00013162544785406732
image_10864,3.9359986276367814e-05
image_10865,2.555383907921658e-05
image_10866,0.0003811009729635292
image_10867,0.949755491108845
image_10868,0.7987892440463046
image_10869,4.914624246496915e-05
image_1087,1.0068423274606233e-05
image_10870,8.641634346801983e-05
image_10871,0.0019720008400911974
image_10872,0.00011501086521864277
image_10873,0.7970448152920179
image_10874,0.016119194381489198
image_10875,5.7601735988559634e-05
image_10876,0.8122053739333663
image_10877,9.641743748913019e-05
image_10878,7.182153245923091e-05
image_10879,0.0006701671677385757
image_1088,0.9597064898709572
image_10880,0.0006824581279999473
image_10881,0.0012265429482631218
image_10882,0.00012103821820495653
image_10883,0.0009283171519977147
image_10884,0.9945526254004913
image_10885,7.353861830367283e-05
image_10886,0.00036916948344547465
image_10887,0.0002170399995894341
image_10888,0.00022413851568968976
image_10889,0.0010348115529047355
image_1089,0.0023692606902449955
image_10890,0.000914240135225833
image_10891,0.9907220220396628
image_10892,0.006010420807059931
image_10893,0.0007303581000806026
image_10894,0.0018218584153186271
image_10895,0.07599039215730266
image_10896,0.00032440229000132585
image_10897,0.005103709955597005
image_10898,0.0006431483590531331
image_10899,0.00046628280814559167
image_109,0.00287019775162023
image_1090,4.2233467287789545e-05
image_10900,0.00038839577278641736
image_10901,2.41045678765627e-05
image_10902,0.0012118332847743812
image_10903,7.451795903267858e-05
image_10904,0.9703638877760463
image_10905,0.0035888560399283376
image_10906,0.00043861086652895523
image_10907,1.6206704808266488e-05
image_10908,0.048105345133730285
image_10909,1.034808141019323e-05
image_1091,0.00012871560097606465
image_10910,0.00016365060119873792
image_10911,3.974477389030728e-05
image_10912,0.03736166407215854
image_10913,0.00013498593310702894
image_10914,7.01015540314794e-05
image_10915,0.00012792009551767494
image_10916,0.00012312237589836173
image_10917,0.0008371584247019272
image_10918,0.001240192119435048
image_10919,0.0029103909674684948
image_1092,0.0004519422092768726
image_10920,0.00029434026705222303
image_10921,0.0013774229972233318
image_10922,0.0003833135754586622
image_10923,2.737641242995064e-05
image_10924,0.9837746178164904
image_10925,0.012755884569292417
image_10926,0.795458017389807
image_10927,0.00011698268421007899
image_10928,0.0003298700176475126
image_10929,3.645844758924723e-05
image_1093,3.6073370017373503e-06
image_10930,0.0010550849966691213
image_10931,0.0016976396983752473
image_10932,0.00022427907456632452
image_10933,0.00020518826357336867
image_10934,0.010183917002540139
image_10935,0.891151438051535
image_10936,3.142539113486608e-05
image_10937,0.00546533554714255
image_10938,0.0002860300873847139
image_10939,0.0005049239185369161
image_1094,0.007036885869936292
image_10940,0.9581504479632044
image_10941,0.00038262324529946413
image_10942,8.214959482232646e-05
image_10943,0.006247414645820455
image_10944,0.00013280750961042713
image_10945,0.0011270762662191265
image_10946,0.0021996354111714464
image_10947,0.8006855863012389
image_10948,0.0012034618473969955
image_10949,7.811289019522672e-05
image_1095,0.0004285400831787937
image_10950,0.0011181705616269374
image_10951,0.7967878540220066
image_10952,0.00018788336116099907
image_10953,0.008929635531220196
image_10954,0.0009297449472170979
image_10955,9.38850291076482e-05
image_10956,0.00010109257961252093
image_10957,0.005544793628822425
image_10958,0.00011129502777599194
image_10959,4.543402934816108e-05
image_1096,0.0007772247268442826
image_10960,0.8154885031196357
image_10961,9.459893132701797e-05
image_10962,2.054571267985844e-05
image_10963,2.838089928090585e-05
image_10964,0.00041607930291176937
image_10965,0.009234900305045729
image_10966,0.000205521420503419
image_10967,3.078746436467756e-05
image_10968,0.9945570517267296
image_10969,9.761267058572043e-05
image_1097,0.1904506909777659
image_10970,4.199973019106671e-07
image_10971,0.00020497516184850788
image_10972,7.106678856650288e-05
image_10973,7.493124113207494e-05
image_10974,5.366618759198585e-05
image_10975,0.00010714618642428491
image_10976,0.0014246287706585442
image_10977,0.0002347619269379879
image_10978,0.0003169465240946682
image_10979,6.498252485469944e-05
image_1098,0.8029546186979705
image_10980,0.0012799982682615175
image_10981,0.8425283282069905
image_10982,0.0015664335735276259
image_10983,2.8931968032320364e-05
image_10984,0.0010858824264363786
image_10985,0.0009624150686132491
image_10986,0.00015704983034405123
image_10987,0.0001583771185572961
image_10988,0.00012881701912630838
image_10989,0.00018358906516017297
image_1099,0.00041752373204362244
image_10990,0.004874410964575223
image_10991,0.0011412052306996909
image_10992,0.0002725450351935609
image_10993,0.9931601588887575
image_10994,1.5258366789846614e-05
image_10995,0.003729613549418633
image_10996,0.00023866324494027964
image_10997,0.0017493082484779977
image_10998,1.561657202622023e-05
image_10999,0.0020354481631974473
image_11,5.061221876938534e-05
image_110,0.0026626156047637553
image_1100,7.979491593584033e-05
image_11000,6.0813124156360095e-05
image_11001,0.8010309595974023
image_11002,0.0009249620060209135
image_11003,0.00013779861907410436
image_11004,0.00014755634395782042
image_11005,6.43073361486177e-05
image_11006,0.0021513775011651574
image_11007,0.001804803406734504
image_11008,0.0012718211874468348
image_11009,0.0005345734831546992
image_1101,0.00108490782050562
image_11010,0.00027687337016448843
image_11011,0.00010942099002052954
image_11012,0.0010365928685167696
image_11013,0.0008696175580322523
image_11014,1.2188187007547964e-05
image_11015,0.7931336817622956
image_11016,5.809974456024129e-05
image_11017,0.00591493130457246
image_11018,0.002176890014919844
image_11019,0.00012589540738228635
image_1102,0.12479423612345304
image_11020,3.74409975641989e-06
image_11021,1.5137906856261164e-05
image_11022,0.0022413984320797616
image_11023,0.0107853437320627
image_11024,0.005442549304113928
image_11025,0.0002170102416508629
image_11026,0.011773135079926734
image_11027,0.014790848622823639
image_11028,5.897624406737486e-05
image_11029,0.0005976836408588696
image_1103,0.00039995995823400795
image_11030,0.0008370425175282016
image_11031,0.7948941446790723
image_11032,9.23714648957179e-05
image_11033,0.0010036226840471707
image_11034,2.9977601514951287e-05
image_11035,3.9327646052997386e-05
image_11036,0.00030279741775588755
image_11037,0.0862574880569988
image_11038,0.0004418662845709628
image_11039,0.8257088145554355
image_1104,0.0008263082973458933
image_11040,0.00010720731706007273
image_11041,0.000576540121732452
image_11042,0.0015454852815022467
image_11043,0.0007875171384472725
image_11044,0.012740303968102796
image_11045,1.2003827410790021e-05
image_11046,0.00041312604637942264
image_11047,0.8101767030954058
image_11048,0.9124229726334295
image_11049,0.00011764119970418679
image_1105,0.00029514034992993165
image_11050,0.9803494332747448
image_11051,4.649358973725811e-05
image_11052,0.0025548938226763115
image_11053,0.9908120619100848
image_11054,0.0031586239790044957
image_11055,0.000779260358877117
image_11056,0.000175269962971534
image_11057,0.00031823144678654004
image_11058,0.9963037430303576
image_11059,3.8735275326096754e-05
image_1106,0.0006557769684935539
image_11060,0.00047498073927012576
image_11061,3.4877101000343436e-05
image_11062,0.000477641854319635
image_11063,0.00019372242965899855
image_11064,0.0004244225466940422
image_11065,0.00023494473066923072
image_11066,1.8105643638624613e-05
image_11067,9.229337423359713e-05
image_11068,6.575330154971649e-06
image_11069,0.0013520585792546876
image_1107,0.0007732378462934079
image_11070,2.2153745434831733e-05
image_11071,0.0013326731560014847
image_11072,0.00042697982086815363
image_11073,0.8410944130707161
image_11074,0.000851262234265897
image_11075,0.9420355845581817
image_11076,0.0005121343306446746
image_11077,0.0597126165297267
image_11078,0.9973684111762731
image_11079,0.0010174259550136718
image_1108,1.254685450620893e-05
image_11080,0.9525039079922017
image_11081,0.0007096058128724462
image_11082,5.185734691041417e-06
image_11083,6.708473017833752e-05
image_11084,0.7985513404280413
image_11085,0.00035701808676123276
image_11086,0.0011647721570845454
image_11087,8.688832405082456e-06
image_11088,0.00019306243877172856
image_11089,0.00010330491887986701
image_1109,1.2773468438390584e-05
image_11090,0.0016588436896135695
image_11091,0.0007780572896522376
image_11092,8.34074766871951e-05
image_11093,4.7030907754735666e-05
image_11094,0.02290523115958072
image_11095,0.00016459582895700064
image_11096,0.00018436376343552806
image_11097,1.3271869583856015e-05
image_11098,0.9969522494758369
image_11099,0.0006342386119359811
image_111,2.4977821221344787e-05
image_1110,0.0005905467868224613
image_11100,0.0015356952461686442
image_11101,1.9988361338494542e-05
image_11102,8.75472871274464e-05
image_11103,0.005581986323550378
image_11104,0.13442143441439316
image_11105,0.00025213892514107286
image_11106,6.279473329850798e-05
image_11107,0.0004056129933225416
image_11108,0.0003882611116747301
image_11109,0.007686224254112228
image_1111,3.6877143701667e-05
image_11110,5.344007233339368e-05
image_11111,0.7998933765545235
image_11112,0.0002217248588061313
image_11113,0.00027640572707695796
image_11114,6.178094408314603e-05
image_11115,0.0011486757244759409
image_11116,0.00015013815200560726
image_11117,0.0006585045148550888
image_11118,3.5732376217518005e-05
image_11119,0.8206389780078123
image_1112,6.4908379380272016e-06
image_11120,4.627170338677065e-05
image_11121,0.000201909493644377
image_11122,0.009408975985364767
image_11123,0.0005263974697173833
image_11124,0.0003116888091459566
image_11125,0.00021839219565218332
image_11126,2.0130636377036603e-05
image_11127,0.0010477674544067275
image_11128,0.8057966449467087
image_11129,0.00028239495987615777
image_1113,0.09926895340924
image_11130,6.004194759319294e-05
image_11131,0.0004812352590159282
image_11132,0.005768158743546979
image_11133,1.4908643887912227e-05
image_11134,0.9896965543702381
image_11135,6.622775683080013e-05
image_11136,0.0030944830669611565
image_11137,0.8949267521795587
image_11138,0.00046254035258102904
image_11139,2.8714756778961715e-05
image_1114,5.327448545130905e-06
image_11140,0.7939868272163487
image_11141,0.0006238041494181612
image_11142,2.5361649918408734e-06
image_11143,0.0015248525767183022
image_11144,0.02045891046756377
image_11145,4.643450716633247e-05
image_11146,0.00022782984850576766
image_11147,0.0027940145072242457
image_11148,0.9935218616357316
image_11149,0.02971686378875683
image_1115,0.00015394207935472934
image_11150,5.256968032829833e-06
image_11151,2.1043043265892674e-05
image_11152,0.0009510750863372774
image_11153,0.00012638385415681278
image_11154,0.0709122362503253
image_11155,0.00015784869393876697
image_11156,0.0006253224959656946
image_11157,9.753106658180334e-06
image_11158,0.000298328316185405
image_11159,0.0009371201132782885
image_1116,0.0003131782321191455
image_11160,5.8827776718114655e-05
image_11161,0.0009107569364421812
image_11162,0.0011389102041432506
image_11163,0.000534252332762263
image_11164,0.0365461875132013
image_11165,0.0017865547460635429
image_11166,0.0009472056566833117
image_11167,0.9969555092836139
image_11168,5.403529574187861e-05
image_11169,0.0010786932218944793
image_1117,0.00023093238119938374
image_11170,3.753773021295517e-05
image_11171,0.0008430188588705601
image_11172,0.0004601043485543221
image_11173,4.825954358019426e-05
image_11174,0.9882938367236923
image_11175,0.00022578595484353312
image_11176,0.00012491833872409303
image_11177,5.751549162299749e-05
image_11178,0.0009876318733007046
image_11179,3.36054606704565e-05
image_1118,0.00030309374374940673
image_11180,4.4022883734034126e-05
image_11181,0.0001135586173018944
image_11182,0.008255464511381573
image_11183,8.546225068450846e-05
image_11184,8.308546027372979e-06
image_11185,0.021355444199927437
image_11186,0.0015738719244854879
image_11187,1.6288176833211716e-05
image_11188,0.0069844782067134
image_11189,0.9799314908056784
image_1119,9.329926418451796e-06
image_11190,0.0018563395635000008
image_11191,4.840074983947114e-05
image_11192,4.737493396549768e-05
image_11193,0.02770489615647571
image_11194,1.0547424103814613e-05
image_11195,0.8260192490553866
image_11196,1.2747453499832693e-05
image_11197,0.000778665527573228
image_11198,4.5021741205545204e-05
image_11199,5.512114496372208e-05
image_112,0.000665220534075289
image_1120,0.7935569569688413
image_11200,0.00028750378433720157
image_11201,6.146326706587182e-05
image_11202,0.0004181912432976286
image_11203,0.00023247300935511653
image_11204,0.004257729983625521
image_11205,0.0006714524823707554
image_11206,3.721478259019827e-05
image_11207,0.00016280527370169808
image_11208,1.890749943689984e-05
image_11209,0.0009650987612729705
image_1121,0.0027098242559748563
image_11210,0.009294360710539474
image_11211,2.664478730265325e-05
image_11212,0.9991257835470444
image_11213,0.0035201970899235422
image_11214,2.809855110974385e-05
image_11215,0.8466919625165534
image_11216,9.606892600661938e-05
image_11217,0.9961572343972367
image_11218,0.8164158845130609
image_11219,8.223217867667221e-05
image_1122,6.809502209887266e-05
image_11220,8.450413808804377e-06
image_11221,0.0002658380793796645
image_11222,0.8113042758615879
image_11223,0.04340568051504299
image_11224,3.720935356388899e-05
image_11225,0.0001812363347980905
image_11226,0.7997903240927158
image_11227,3.72946574695826e-05
image_11228,0.0010249034479398141
image_11229,0.011380775960767416
image_1123,5.599556163068374e-05
image_11230,0.000740816111630759
image_11231,0.0033046927039456025
image_11232,0.00045062608935088734
image_11233,0.0009456997957533588
image_11234,7.900243425006019e-05
image_11235,0.9948965013094524
image_11236,1.0600793561008245e-05
image_11237,0.7903058827778252
image_11238,0.0015349897876533699
image_11239,9.917705895130025e-05
image_1124,0.002286226285956125
image_11240,0.00017668350240782738
image_11241,4.838481621722448e-05
image_11242,0.0003666579207592742
image_11243,0.00021918064994948323
image_11244,0.00024308242166589338
image_11245,0.00011802720021541063
image_11246,0.9463383639017859
image_11247,0.00011197947640385513
image_11248,3.2824470623227464e-05
image_11249,2.9260466659605864e-06
image_1125,0.0009254899481123547
image_11250,0.0030971385178842534
image_11251,0.00011804492667672831
image_11252,0.001574952743222947
image_11253,0.000482766574487567
image_11254,0.0003422752493555865
image_11255,0.0003471850905396042
image_11256,3.354346897866421e-05
image_11257,0.00024852813967097994
image_11258,0.00021978790290262136
image_11259,0.0015915014051342768
image_1126,0.019339024690682327
image_11260,0.011226320281527303
image_11261,0.00022933010697200542
image_11262,0.00042440685919794413
image_11263,0.0025935742797856933
image_11264,0.0007416351321012354
image_11265,0.00022977622384647974
image_11266,0.7965839624018857
image_11267,0.00028437322738556197
image_11268,0.00031062787380777316
image_11269,1.3795583012158325e-05
image_1127,0.7991632803993198
image_11270,0.002475864722805581
image_11271,1.862279444160143e-05
image_11272,0.0011896191856942888
image_11273,0.8700235070690496
image_11274,5.789029661769354e-05
image_11275,0.9979797059025429
image_11276,0.9125848545893345
image_11277,0.0006480590316595582
image_11278,0.00014211819731896132
image_11279,6.011441393117071e-05
image_1128,4.481008084342789e-05
image_11280,0.993037525799371
image_11281,0.00017418836979384573
image_11282,0.00046604560992447865
image_11283,0.0018202347942532719
image_11284,0.00021127780882527458
image_11285,0.0002496289346879816
image_11286,3.3443760955807845e-05
image_11287,0.0017541210311478746
image_11288,0.00013821709950411856
image_11289,0.00296943753900237
image_1129,0.000420881526704255
image_11290,0.7941308987351686
image_11291,0.9996379345701618
image_11292,0.002043742960113354
image_11293,0.800305026940177
image_11294,0.001171147689873596
image_11295,0.004763689402437492
image_11296,4.402960480228033e-06
image_11297,0.009677439618320925
image_11298,0.0002167938200285582
image_11299,0.00037250093864305597
image_113,0.00023697067352659336
image_1130,2.075750204001294e-05
image_11300,0.002160297679083367
image_11301,0.9913911704870848
image_11302,0.00010159123253570251
image_11303,4.3307520188029245e-05
image_11304,0.7942612054711802
image_11305,0.00047777933121195435
image_11306,0.001485370588499291
image_11307,4.0656267656222745e-05
image_11308,0.9690995168405175
image_11309,0.9668118912429948
image_1131,0.9873503009735514
image_11310,0.002934004626477517
image_11311,3.0145692285357678e-05
image_11312,6.420912612552773e-05
image_11313,1.7406883375445027e-05
image_11314,1.1140440943924025e-05
image_11315,0.002250473554013449
image_11316,0.0003178682647078551
image_11317,0.00012903734980290938
image_11318,0.0031803366775938952
image_11319,0.9954209815455851
image_1132,3.2714978154715326e-05
image_11320,4.758052722623437e-05
image_11321,0.0049484744362639724
image_11322,0.9656468583366455
image_11323,5.474218875463947e-05
image_11324,6.210668196181553e-05
image_11325,0.0009194413417379095
image_11326,4.893671990970269e-05
image_11327,0.00031957280129092105
image_11328,6.13390345773143e-05
image_11329,0.000648958047554402
image_1133,7.975940847328152e-05
image_11330,8.043842083710792e-05
image_11331,0.0006948344820790272
image_11332,0.0003214547532418958
image_11333,6.96020683817115e-05
image_11334,0.0007325972404047974
image_11335,0.001819151926462581
image_11336,0.0013283467922218135
image_11337,0.0006241085188441022
image_11338,3.1708816703657185e-05
image_11339,0.00043439928649137687
image_1134,2.2604686698264818e-06
image_11340,6.86724441866142e-05
image_11341,0.004735110635757362
image_11342,0.0008095910999586176
image_11343,0.00014641440940336024
image_11344,4.0204088796413104e-05
image_11345,0.0004528749943356783
image_11346,0.00013321935695270843
image_11347,0.7925053138709943
image_11348,9.832583976271843e-05
image_11349,1.3125170405000578e-05
image_1135,4.028784196081155e-05
image_11350,0.9999269621857371
image_11351,1.8989894919317878e-05
image_11352,0.0001201824496982544
image_11353,8.266087265515671e-05
image_11354,0.0008770695160848958
image_11355,1.7481332049018714e-05
image_11356,0.8392607149547219
image_11357,0.20288668907725804
image_11358,0.791467323018067
image_11359,0.15884618774784132
image_1136,0.8689959730277164
image_11360,4.693851838254826e-05
image_11361,0.00036688173229973496
image_11362,0.01927367551024592
image_11363,5.421798365504236e-06
image_11364,0.795907734086346
image_11365,1.7495911414367508e-05
image_11366,2.2336225993506848e-05
image_11367,2.719414099202509e-05
image_11368,7.218361921110803e-05
image_11369,0.7933110524551212
image_1137,3.108984348687148e-06
image_11370,0.7949898821684973
image_11371,0.00010730253715485624
image_11372,0.004636686718271981
image_11373,0.8051935460553892
image_11374,1.3681413847396372e-05
image_11375,0.19342327031609605
image_11376,5.2444995166538404e-05
image_11377,0.11778662650661542
image_11378,0.0055068024370968005
image_11379,0.0005466424876219304
image_1138,0.00014737227877513318
image_11380,0.7972470760949724
image_11381,0.00010039361359185494
image_11382,6.083660576664881e-05
image_11383,0.0018324646729881151
image_11384,6.887717538346293e-05
image_11385,0.0010014617344562857
image_11386,9.757079840427016e-05
image_11387,3.175596668553729e-05
image_11388,0.0011146310133112608
image_11389,0.00040901568906798
image_1139,1.9201416673958193e-05
image_11390,0.001283927434776654
image_11391,0.0003190901556585616
image_11392,0.0003833490530348268
image_11393,0.886143449209824
image_11394,0.8061757082592041
image_11395,0.001336223360204546
image_11396,0.9990355366889458
image_11397,3.979328480370533e-05
image_11398,6.719446292743534e-05
image_11399,0.15249370176555024
image_114,0.010967021109623522
image_1140,0.0010584043032650422
image_11400,0.0003183333868322039
image_11401,0.006317397633095026
image_11402,9.017664013759755e-06
image_11403,0.00010233303397199726
image_11404,0.00021666906169369007
image_11405,9.840688096103267e-06
image_11406,0.03638437930752494
image_11407,0.8004727060638437
image_11408,0.00015452591819962083
image_11409,0.8352791912662088
image_1141,8.081941906754508e-05
image_11410,0.0001726638519395451
image_11411,0.0002574117439377675
image_11412,4.885233224988714e-05
image_11413,5.01029723595258e-05
image_11414,0.0009369434843736207
image_11415,0.0002816710912280066
image_11416,0.00017316469263838226
image_11417,0.001016759398074964
image_11418,0.003975333330777994
image_11419,5.9609382356208765e-05
image_1142,0.0012626965350627445
image_11420,0.000914939806349197
image_11421,0.005268457341748865
image_11422,0.0015805337455817824
image_11423,0.00019882754482173837
image_11424,0.011906935397344848
image_11425,0.0002453422781421784
image_11426,5.5324356749344015e-05
image_11427,0.0002884953097812122
image_11428,0.0019234675004750161
image_11429,0.0002740185967711781
image_1143,3.7298803782035296e-05
image_11430,0.0007033781052135683
image_11431,0.0008523216026242057
image_11432,0.0015243325407675757
image_11433,2.752987247119261e-05
image_11434,3.084110748570639e-05
image_11435,0.8264123204614291
image_11436,0.0004873434082620301
image_11437,0.008857901578058661
image_11438,9.220625685463287e-06
image_11439,0.9887331134929843
image_1144,0.0005636253629394588
image_11440,0.00033192501400071026
image_11441,0.00020296313555056138
image_11442,0.002693784612316096
image_11443,0.0021733597892762213
image_11444,0.8360639472638969
image_11445,0.002829165001482815
image_11446,0.00015903046932416024
image_11447,1.6765084268400773e-05
image_11448,0.0006787896140825234
image_11449,9.48487668523156e-06
image_1145,2.954450257237051e-05
image_11450,0.0010981499860838783
image_11451,0.004183176765879549
image_11452,0.7943227959814572
image_11453,6.486741713456193e-06
image_11454,0.16449515728778466
image_11455,0.0002283749518019046
image_11456,0.7964793299510494
image_11457,0.7967829217226583
image_11458,0.7986145114935186
image_11459,0.0001337380300073162
image_1146,1.517317996879019e-05
image_11460,1.873700548426742e-05
image_11461,0.0012832424800341344
image_11462,0.00011970007411756767
image_11463,0.00036103896006230965
image_11464,0.0003150989874133302
image_11465,8.490625867533381e-05
image_11466,0.0012570987895557952
image_11467,4.9709970821660775e-05
image_11468,0.0020214051746738834
image_11469,0.0004706183351759597
image_1147,0.999198953017973
image_11470,0.7985343447685714
image_11471,0.0007137367119492289
image_11472,0.007061334080454168
image_11473,0.001120231645714656
image_11474,0.0005229284256222514
image_11475,0.03882169004255452
image_11476,0.863349703605256
image_11477,2.6291799388145515e-05
image_11478,0.00407811719351211
image_11479,0.00030914320436511766
image_1148,0.0035593939172393054
image_11480,1.9227847953803247e-05
image_11481,0.0001690972531678858
image_11482,0.008851461513048203
image_11483,0.00018714086641316327
image_11484,3.9133638227005085e-05
image_11485,3.92630238657538e-05
image_11486,5.475774837885056e-06
image_11487,0.0020428253390204526
image_11488,0.01415108929339059
image_11489,0.9996358739571833
image_1149,0.00016257699636497221
image_11490,8.772437828743534e-05
image_11491,0.0004914135748072948
image_11492,0.002364777493660501
image_11493,0.0003379115826656944
image_11494,0.0014824022371166968
image_11495,7.401550802204635e-05
image_11496,0.000839292198622613
image_11497,0.00010048330000080949
image_11498,0.0009620220810550334
image_11499,0.029852783811473677
image_115,0.9543529098420832
image_1150,0.00041545797393046827
image_11500,0.00015331544036600582
image_11501,0.00034049043366081227
image_11502,0.0004180464949907031
image_11503,0.7909708361786855
image_11504,0.0030494448298119614
image_11505,4.723244031614281e-06
image_11506,0.00394369466270634
image_11507,0.00037202294852849935
image_11508,0.002357793151571129
image_11509,0.000138822533673462
image_1151,7.550500345850456e-05
image_11510,0.8842993361663977
image_11511,0.00019606918970151111
image_11512,0.0013082322793314084
image_11513,0.000328558185517937
image_11514,1.0814543197562666e-05
image_11515,0.00040853374305710986
image_11516,0.007481190683901534
image_11517,0.0027067184132355303
image_11518,9.483800361086721e-05
image_11519,0.0016872649643135083
image_1152,0.0007190563668274159
image_11520,0.7958844790114745
image_11521,0.0006232908421364087
image_11522,0.9815712997141455
image_11523,0.0015457712392794687
image_11524,0.0009666476282674666
image_11525,9.469223062175458e-05
image_11526,4.907503895942463e-05
image_11527,0.0001473066940926765
image_11528,0.7971364177412331
image_11529,0.05447206891014046
image_1153,0.0008671384847940585
image_11530,0.7950965389464881
image_11531,2.183853490926897e-05
image_11532,4.1418751897334504e-05
image_11533,0.9921853317058918
image_11534,0.0015422130599832841
image_11535,0.7961574884786137
image_11536,4.11730269463001e-05
image_11537,0.00034208202227878457
image_11538,1.4695597154416024e-05
image_11539,0.06747185524783465
image_1154,5.643524299466794e-05
image_11540,0.0001073463642821649
image_11541,0.00035023892084011174
image_11542,0.00020830796411341028
image_11543,0.00026137640632019197
image_11544,0.007949923023779283
image_11545,0.9997187376470315
image_11546,0.798658797406902
image_11547,0.0001741745626006762
image_11548,0.00016368340838441726
image_11549,0.00013548440518904085
image_1155,0.023618558093592822
image_11550,0.0001555871176392888
image_11551,6.689436576043508e-05
image_11552,0.00032762117828886186
image_11553,4.4371635179461524e-05
image_11554,0.020605534968242915
image_11555,0.0002053636565774632
image_11556,1.539858564074934e-05
image_11557,0.0005300478148682303
image_11558,0.0002045033306001406
image_11559,0.8164585266561698
image_1156,0.00019909593248551528
image_11560,0.009131559201070819
image_11561,2.43213980039666e-06
image_11562,0.9004587727149251
image_11563,0.0001206702925939206
image_11564,2.8760073064727505e-05
image_11565,0.00018222636966656246
image_11566,4.0933322709727135e-05
image_11567,0.00023024655504595313
image_11568,0.007805328461135454
image_11569,0.00010319172386679524
image_1157,0.0006551986693552916
image_11570,9.560234962577512e-05
image_11571,0.7950718090056534
image_11572,0.0004368846249033488
image_11573,0.008033307334930285
image_11574,0.0004415058369386424
image_11575,2.9556197065089263e-05
image_11576,0.0002234056807716096
image_11577,6.067348010668907e-05
image_11578,0.04297565245120494
image_11579,0.996107470650518
image_1158,0.003805715700033388
image_11580,0.00039760390740480836
image_11581,1.694291559583588e-05
image_11582,0.00023508800490546953
image_11583,0.001673223565691575
image_11584,0.00022944195465575548
image_11585,0.005519129133228421
image_11586,0.0036936787007324514
image_11587,0.15721697724557393
image_11588,3.1639917247314764e-05
image_11589,1.8310530117209305e-05
image_1159,6.46004767538824e-05
image_11590,0.00421881553207107
image_11591,0.00020478840881832833
image_11592,0.7928367875011759
image_11593,0.00010605238343719403
image_11594,4.05513693973121e-05
image_11595,5.096149632281117e-05
image_11596,5.15213617338587e-05
image_11597,0.00017101118434136056
image_11598,3.8826680562584556e-05
image_11599,0.0005961316884097649
image_116,0.0006151281381888172
image_1160,0.7960802691654173
image_11600,0.13162852371670236
image_11601,0.0009306946276637524
image_11602,0.00017091316955918437
image_11603,0.011118910017096683
image_11604,0.00019739222339826295
image_11605,0.00020723690068391275
image_11606,0.0015240907911265387
image_11607,0.00011649137378640884
image_11608,0.00040681159363893383
image_11609,0.00012124730418774072
image_1161,0.0008055709614385893
image_11610,0.0015142253449185066
image_11611,0.9826981023272087
image_11612,1.5555022064542663e-05
image_11613,0.0008845760766371949
image_11614,0.004266964828354631
image_11615,0.00013456188649471108
image_11616,1.7744795489283513e-05
image_11617,0.00016985389984232785
image_11618,0.0028502655157757713
image_11619,0.002283294898506834
image_1162,0.8118138670576242
image_11620,1.4177124119025953e-05
image_11621,0.0005194989517364018
image_11622,0.000986309711704377
image_11623,6.659976231775023e-05
image_11624,0.0002528341245284087
image_11625,0.0001276509050158671
image_11626,0.0086837357255506
image_11627,0.0018246694201357674
image_11628,0.0003074022266751189
image_11629,0.0005454012193813676
image_1163,0.003394445057206901
image_11630,2.5055301672876475e-05
image_11631,0.0010363373078500818
image_11632,0.0006046432625757617
image_11633,1.5404401493651263e-05
image_11634,0.00029572542190509104
image_11635,0.0003585227680505993
image_11636,5.7464154956888205e-06
image_11637,2.7200374371061377e-05
image_11638,0.020668408829128064
image_11639,1.4698292282776997e-05
image_1164,0.8682482422124694
image_11640,4.894810355698336e-05
image_11641,0.0007407474333084203
image_11642,0.00032709225398481996
image_11643,2.9982191924979827e-05
image_11644,0.0008194074162966393
image_11645,0.0025851134182084705
image_11646,0.005448296105773846
image_11647,0.0015839205712312788
image_11648,0.009500170338523226
image_11649,0.8175351991013619
image_1165,0.00011184680976982818
image_11650,2.6148896156478914e-05
image_11651,0.000710174066547024
image_11652,1.5311924074666412e-05
image_11653,1.4405110257464767e-06
image_11654,0.004621132766957489
image_11655,1.7560330235212597e-05
image_11656,1.3665987245025024e-05
image_11657,0.0004504930761458924
image_11658,0.00027588132871294674
image_11659,0.00020147354974891504
image_1166,1.540371296522305e-05
image_11660,2.4572466187926527e-05
image_11661,0.000538850819107311
image_11662,0.006301251054118523
image_11663,0.00019298264354051576
image_11664,0.0010300946443251697
image_11665,1.381496401669152e-05
image_11666,0.008928924701257546
image_11667,0.01856830871431684
image_11668,0.1808897473079432
image_11669,2.827743329090513e-05
image_1167,0.000950042925618795
image_11670,0.0001641794188999025
image_11671,0.0003554615908214191
image_11672,5.4626968143794275e-06
image_11673,0.00015711003656408438
image_11674,6.29484018782366e-05
image_11675,0.004655864503284947
image_11676,7.868182994086897e-05
image_11677,0.00010518716318261825
image_11678,0.9309113723576565
image_11679,4.3536259324140135e-05
image_1168,9.924671203946817e-06
image_11680,1.0047269784922667e-05
image_11681,4.072018299641469e-06
image_11682,0.007130916885459625
image_11683,8.476212038389186e-05
image_11684,0.0006590009518818439
image_11685,0.00016722344402931062
image_11686,8.090856747212446e-05
image_11687,1.2794269959451476e-05
image_11688,0.0008582793008697686
image_11689,0.0003877855245285946
image_1169,0.992375141785501
image_11690,0.00020887663377878486
image_11691,4.652966215999415e-05
image_11692,2.3047022202018542e-05
image_11693,0.0003455665133764101
image_11694,0.009768860799065467
image_11695,2.7465308214285544e-05
image_11696,5.480740248107632e-05
image_11697,5.437706646770994e-05
image_11698,0.00047234507163972886
image_11699,0.0028302952358907987
image_117,0.0006173195555737131
image_1170,0.0002809632499438302
image_11700,0.9997502772233775
image_11701,0.008070302170486817
image_11702,7.449632310448844e-05
image_11703,0.0003993133323592666
image_11704,0.0005377128689992995
image_11705,0.9137246022155828
image_11706,0.000720397414072554
image_11707,0.0008283536624551568
image_11708,0.0005873563856407373
image_11709,0.00010670555740649294
image_1171,0.0008015796973713874
image_11710,0.00021478408627482096
image_11711,0.006614733803474032
image_11712,0.7974478668286915
image_11713,0.0015799696622416323
image_11714,0.003663587271835493
image_11715,0.00011849509433141331
image_11716,0.003649359509874638
image_11717,0.00026364029188475724
image_11718,1.964864004124213e-06
image_11719,0.006185499772409878
image_1172,0.0004083072422738735
image_11720,0.9868293442255609
image_11721,0.000349663752079256
image_11722,0.00020762690817003742
image_11723,0.9972357153731606
image_11724,0.007651055083540796
image_11725,0.005116122335416478
image_11726,0.0004871824955728765
image_11727,0.00034800550428853245
image_11728,0.00011120156151820872
image_11729,9.09818835801362e-05
image_1173,0.005296438534965587
image_11730,0.9817228714172078
image_11731,0.00018819213130168857
image_11732,6.784474505779452e-05
image_11733,0.07279267263726617
image_11734,0.004237118572289248
image_11735,0.002129534054119063
image_11736,0.00013859553094584264
image_11737,0.06930607374591155
image_11738,0.8716127344039368
image_11739,3.067474472129168e-05
image_1174,0.00022956370923536278
image_11740,8.770627669265347e-05
image_11741,0.000491418364287468
image_11742,8.80586242953127e-06
image_11743,3.0890115416500403e-05
image_11744,0.00010134821379027421
image_11745,0.954128254183083
image_11746,0.0924629400846859
image_11747,0.008366042622909953
image_11748,0.00014133512274977874
image_11749,0.7993901867083288
image_1175,0.00048138938658453276
image_11750,0.0007563803525625672
image_11751,0.000871804989944266
image_11752,5.602003124629137e-05
image_11753,0.002648490764803027
image_11754,0.7949059000390605
image_11755,0.0005488752303995181
image_11756,0.00039927160768667624
image_11757,3.0285024150594795e-05
image_11758,0.8123773014961561
image_11759,0.9870226965250085
image_1176,0.00035574518226672805
image_11760,0.9289547901603361
image_11761,0.006591618711753437
image_11762,0.00031989593961348093
image_11763,2.6456705945912616e-05
image_11764,0.00011654584336668588
image_11765,0.798475002954999
image_11766,0.0008668115502406167
image_11767,8.60175518608654e-05
image_11768,0.013176510775835967
image_11769,0.002604147645911152
image_1177,7.72849288271905e-06
image_11770,0.01920022561300882
image_11771,4.2748846796702885e-05
image_11772,0.0015371772596908036
image_11773,0.00025262511406083264
image_11774,0.0004118713403932285
image_11775,0.9233358688019297
image_11776,0.819669418650758
image_11777,0.9937695863339643
image_11778,0.0014420444087912987
image_11779,0.00015235460523574382
image_1178,8.248291374184045e-05
image_11780,0.00011584167093831922
image_11781,0.0007964060764595488
image_11782,0.00027566755358216107
image_11783,8.303933003732511e-05
image_11784,0.003642071396702192
image_11785,3.4608555745592202e-06
image_11786,4.527513744060485e-05
image_11787,0.017254738617228708
image_11788,0.9924478916767161
image_11789,0.0011362026069386762
image_1179,0.0004911601336957743
image_11790,0.04909806327332027
image_11791,0.0005147449772605148
image_11792,0.0003549938656726165
image_11793,0.0013504272613135894
image_11794,0.0002012936616044315
image_11795,0.0054554043405805885
image_11796,0.0037381742480275372
image_11797,0.0014238819266552429
image_11798,0.00015533314938429813
image_11799,0.7945013398026572
image_118,0.8076929088953786
image_1180,0.0015282962777726397
image_11800,0.00820357324634861
image_11801,6.7956309700705495e-06
image_11802,0.796869458130357
image_11803,0.00018306176690876332
image_11804,0.0019612871768537542
image_11805,0.0003227720957215583
image_11806,0.9995390267925865
image_11807,9.459789470837091e-05
image_11808,0.0002911375241518143
image_11809,0.0002126639826336165
image_1181,0.00011414904728373806
image_11810,0.0023683287213622285
image_11811,0.0006835525072780317
image_11812,0.00022797544439895744
image_11813,0.00023064025508201682
image_11814,0.0012141738411371355
image_11815,0.9598068851790373
image_11816,0.0007764267327301031
image_11817,0.9356325767076143
image_11818,1.6204749303858435e-05
image_11819,0.7983908177217273
image_1182,4.206973143939966e-06
image_11820,4.216997275946698e-05
image_11821,7.048940956563604e-06
image_11822,0.001912015023517629
image_11823,0.8736747723273991
image_11824,4.287758473009726e-05
image_11825,0.00011805210106400887
image_11826,0.8075081425447841
image_11827,0.00022443586353614655
image_11828,0.00011989279698686365
image_11829,0.0006835024832449971
image_1183,3.513746374386956e-05
image_11830,1.060255657067413e-05
image_11831,2.427631119688347e-05
image_11832,0.0002576124758184526
image_11833,0.00021118373422221844
image_11834,0.0025291246111270255
image_11835,0.016549150491111917
image_11836,6.369188077174212e-05
image_11837,0.0002729182614388581
image_11838,0.0005890798797987147
image_11839,8.404196976121979e-06
image_1184,0.998941241478958
image_11840,0.07074812635336962
image_11841,0.0015327997936225933
image_11842,0.009773989941162796
image_11843,3.285356267455046e-05
image_11844,0.00046357928771468496
image_11845,0.9372934955722327
image_11846,0.005650763387020402
image_11847,9.192828408168151e-05
image_11848,0.00011187472016483714
image_11849,1.6772347861022026e-05
image_1185,0.0002782115621904807
image_11850,0.0006805355838078565
image_11851,3.885690084559882e-05
image_11852,3.6270417628709586e-05
image_11853,0.00010418822629879799
image_11854,1.0533546782638705e-05
image_11855,0.9594871293152011
image_11856,0.7981742350423495
image_11857,0.0007668380279027596
image_11858,0.8395752080768712
image_11859,0.005823953247995388
image_1186,0.00033886841590983417
image_11860,0.8000382140824136
image_11861,0.00020636474562427828
image_11862,0.00020071712047141078
image_11863,0.8202904002472001
image_11864,1.8240354705990066e-05
image_11865,0.0030839742068187645
image_11866,0.0005384772831726357
image_11867,0.03253510559172572
image_11868,0.998077599254262
image_11869,0.9046407593619049
image_1187,1.7008085420487097e-05
image_11870,0.0004697710631281129
image_11871,0.00018035366541437476
image_11872,0.001370495056306314
image_11873,0.0010878655275573645
image_11874,0.0001681661923019641
image_11875,0.7919212252088075
image_11876,3.683796008613608e-06
image_11877,0.047161243115210735
image_11878,0.000625043739267064
image_11879,2.9325118403893113e-05
image_1188,0.0022064484463638263
image_11880,0.0005275035992239161
image_11881,3.706889925429081e-05
image_11882,0.0002670423787231461
image_11883,0.00015236265334061605
image_11884,6.857153384234833e-05
image_11885,5.309874102636806e-06
image_11886,0.0004907466043432568
image_11887,0.00031202758819385233
image_11888,0.0008011668551370232
image_11889,0.9772971722872656
image_1189,0.0004944956902575261
image_11890,0.0026197035979607305
image_11891,0.000706217843863242
image_11892,0.006123142640245783
image_11893,0.003112117466177846
image_11894,0.8009177100527062
image_11895,6.286389796283827e-05
image_11896,0.0002654346260952568
image_11897,0.20093100991682963
image_11898,0.0002366108917777285
image_11899,1.1846575755925461e-05
image_119,0.7937196591564855
image_1190,2.0103555541729485e-05
image_11900,0.00010607189958942401
image_11901,0.0002378430339215346
image_11902,0.0007098347964196352
image_11903,0.00010701846388203994
image_11904,0.00020261035558585467
image_11905,0.00022474634558542064
image_11906,0.00012220243072682787
image_11907,0.0018709655934619294
image_11908,0.0001464176167847811
image_11909,0.8091193836154416
image_1191,0.0007024131171653663
image_11910,0.00029147451847600405
image_11911,0.001802800336095741
image_11912,0.9983803208552443
image_11913,0.00030127384790012437
image_11914,2.38896782919585e-05
image_11915,0.8015692779866528
image_11916,2.1033793342342348e-05
image_11917,0.00024619337730408974
image_11918,0.00027018796036667943
image_11919,0.0025314040056310287
image_1192,0.916682129769318
image_11920,0.9775807330938505
image_11921,0.00015992995067485278
image_11922,0.0004104808328085281
image_11923,0.00029738888768123754
image_11924,5.2786139473508385e-05
image_11925,0.0005743206320364556
image_11926,0.0003524942213452879
image_11927,0.0022568158596807273
image_11928,0.0012916273008668651
image_11929,0.0009026752915350496
image_1193,0.061014326601541505
image_11930,0.0052261528387523345
image_11931,2.8346277607188006e-05
image_11932,0.00011207572750101958
image_11933,0.000209693467118704
image_11934,0.00011040585549222147
image_11935,0.003028984019424633
image_11936,2.7771789924388154e-05
image_11937,0.003288959085090342
image_11938,0.0006755901952954604
image_11939,0.7974431545969874
image_1194,0.0007882920367265726
image_11940,0.9784798516867802
image_11941,0.0023323640381071624
image_11942,0.00015736539229613554
image_11943,3.0556244904645185e-05
image_11944,0.0003520557639907945
image_11945,1.5930209666902656e-05
image_11946,0.956728795541499
image_11947,1.596366975078748e-05
image_11948,0.001165281588448867
image_11949,6.578621739549727e-05
image_1195,3.8362978124175144e-05
image_11950,0.0019475084337122594
image_11951,0.9612362685612063
image_11952,1.9495708981681654e-05
image_11953,0.000399124067332258
image_11954,0.003538416339592706
image_11955,0.0007522969585136288
image_11956,6.250656135265964e-05
image_11957,4.2297232937251375e-05
image_11958,7.07091643015957e-05
image_11959,0.0005194327921197014
image_1196,0.00011303990578061386
image_11960,0.001069280883374236
image_11961,3.777960503063861e-05
image_11962,0.0001990571540903725
image_11963,3.1612562324279834e-05
image_11964,0.0003021337978689617
image_11965,0.0014903544360035151
image_11966,0.9960882816033312
image_11967,1.5858982726740563e-05
image_11968,6.148016541297147e-05
image_11969,0.002069501376085054
image_1197,0.00010137199400572071
image_11970,0.0003566170092339985
image_11971,0.0006041176931579344
image_11972,2.623622507583064e-05
image_11973,0.001216663797972188
image_11974,0.00014582160481055648
image_11975,0.9293000664247222
image_11976,0.0027598616066013904
image_11977,0.9808212285536826
image_11978,9.485055455513112e-05
image_11979,4.7280848812395596e-05
image_1198,0.8264379301873085
image_11980,0.8578980037337478
image_11981,4.7427250203110765e-05
image_11982,0.0006752772927055516
image_11983,0.001726758805568236
image_11984,0.0003648375405693291
image_11985,0.00016267260420641563
image_11986,0.00021697952354782674
image_11987,0.0017635605656248867
image_11988,0.003785284362651707
image_11989,0.00020488528578336486
image_1199,0.0008165315687913594
image_11990,1.2974451986814763e-05
image_11991,5.566891272643052e-05
image_11992,7.33040608947054e-05
image_11993,0.0005935654331238891
image_11994,0.9943344864949297
image_11995,0.0001756180498074669
image_11996,0.005170816878056315
image_11997,2.621580988693575e-06
image_11998,0.0011895641363305104
image_11999,2.47472295139834e-05
image_12,0.00046371352381578636
image_120,0.0030819526054934837
image_1200,2.1764976099822613e-05
image_12000,3.983777242810004e-05
image_12001,0.9967816350730677
image_12002,0.00047290677387121677
image_12003,8.835458391835841e-06
image_12004,0.0007918871352150079
image_12005,0.0003072923322019438
image_12006,0.0012516587554018447
image_12007,5.948227302574013e-05
image_12008,0.02761879445209433
image_12009,0.9896975083642319
image_1201,7.205553478949523e-05
image_12010,0.00016589487464887073
image_12011,0.0032761775091172097
image_12012,0.0006097007746168597
image_12013,0.003742894759507352
image_12014,0.9895539500106774
image_12015,0.003915509884895289
image_12016,0.8305425791941712
image_12017,0.0023073373414444947
image_12018,0.986625707119593
image_12019,0.0004352691735665805
image_1202,0.0010033790885649722
image_12020,0.00015062145692823487
image_12021,0.0019715219304974546
image_12022,0.0005020821692756748
image_12023,0.00010952006730494514
image_12024,0.8009049766203662
image_12025,0.004200585943870939
image_12026,0.0004350410719657869
image_12027,0.0008764363528791315
image_12028,0.00017907630644168273
image_12029,3.1952583539378665e-05
image_1203,1.5182572547166783e-05
image_12030,5.02793714016489e-05
image_12031,0.00021623595560407483
image_12032,0.0012062958816082916
image_12033,0.7951763888734553
image_12034,0.00036615320303014394
image_12035,0.0006814635312863739
image_12036,0.0013619460400901926
image_12037,0.00022028241706700558
image_12038,0.0007516083414496599
image_12039,8.864769651753764e-05
image_1204,0.9792939771764066
image_12040,0.0004068834019563683
image_12041,1.4343609860525158e-05
image_12042,5.244002588651986e-05
image_12043,5.412935979432749e-05
image_12044,3.368553850720923e-05
image_12045,6.662506284454931e-05
image_12046,8.412449846448686e-05
image_12047,0.00046751388590415474
image_12048,0.0007419403973623528
image_12049,0.000991406119266865
image_1205,0.0008691521850439615
image_12050,8.43437455054778e-05
image_12051,0.0001069517606560869
image_12052,6.276879042237395e-05
image_12053,0.0004659708814884783
image_12054,5.283550987145299e-05
image_12055,0.00017990190298014774
image_12056,2.5375774870468652e-05
image_12057,0.0029535570927910204
image_12058,0.00021827620347975949
image_12059,0.0019361070410857245
image_1206,3.123279142106867e-05
image_12060,0.9035166013461726
image_12061,5.724632567361396e-05
image_12062,0.0061730148263584046
image_12063,0.008200398047216983
image_12064,0.000616200322431613
image_12065,0.0076682732713720505
image_12066,0.0009163081522386686
image_12067,0.008555435858603817
image_12068,0.00046189060899362057
image_12069,0.00014701581305253043
image_1207,9.30676733652883e-06
image_12070,0.9644810834033116
image_12071,9.839492809257555e-05
image_12072,0.0003849245166105291
image_12073,1.6663215123622003e-05
image_12074,9.643480036745523e-05
image_12075,7.884328976456848e-05
image_12076,4.110042218536845e-05
image_12077,2.659262893895437e-05
image_12078,0.9945678715690237
image_12079,1.3672004699779181e-05
image_1208,0.00039573182959308994
image_12080,0.035042948252566965
image_12081,5.7394827973698405e-05
image_12082,0.0007576422008245734
image_12083,2.4893736459426527e-05
image_12084,9.9164247763611e-05
image_12085,4.542731934860783e-05
image_12086,0.9838567874706724
image_12087,0.0010590474349974643
image_12088,0.0016292658399939223
image_12089,0.00031027065095163317
image_1209,0.00048630053023923317
image_12090,1.8864441682631452e-05
image_12091,1.425606378623525e-05
image_12092,0.0008124240534102595
image_12093,0.0001283248042082396
image_12094,0.00036266371238146875
image_12095,9.141039364723061e-05
image_12096,0.0011463123183281386
image_12097,3.4538226512635865e-05
image_12098,0.0006299764599936021
image_12099,0.0003265098210039699
image_121,0.036419891841610874
image_1210,0.0007548090103558138
image_12100,0.8005008277692763
image_12101,0.7980469021857477
image_12102,0.00017316085851410361
image_12103,7.295605909294584e-06
image_12104,0.006638142690850589
image_12105,3.109746133650673e-05
image_12106,0.0001748201545101671
image_12107,0.00016477395048403716
image_12108,0.957363813006648
image_12109,0.00022027616155989035
image_1211,0.8191828885925461
image_12110,1.8338026102983456e-05
image_12111,0.001318331989223823
image_12112,1.0169483947459095e-05
image_12113,0.9969804318910643
image_12114,0.7933382764580448
image_12115,0.0009171427244709978
image_12116,8.568937753406041e-05
image_12117,0.000379949918350204
image_12118,0.07183116183663503
image_12119,0.8543640045159657
image_1212,0.8484505451203562
image_12120,0.001044558078160685
image_12121,0.00024112827335076885
image_12122,6.786868960809659e-05
image_12123,9.125236413232087e-05
image_12124,2.920511704227937e-05
image_12125,5.883514664730667e-05
image_12126,0.00023997794614251318
image_12127,0.0004759465199832008
image_12128,0.00030219350855745843
image_12129,7.376874085170736e-05
image_1213,1.0020769945761665e-05
image_12130,0.0017046008265442479
image_12131,3.473809205783353e-05
image_12132,8.961365720865243e-05
image_12133,0.9465583222835882
image_12134,8.586928413182935e-06
image_12135,2.2565045633339702e-05
image_12136,0.00038301888464733135
image_12137,0.0012288005447815473
image_12138,0.8304106392710391
image_12139,0.995253892933874
image_1214,0.0003440806581373525
image_12140,0.008668413319419458
image_12141,0.1473454477107608
image_12142,0.00010315277941176797
image_12143,0.00029390353794014266
image_12144,0.00017097058976784017
image_12145,0.0010292763703775016
image_12146,0.00438739964311459
image_12147,0.021815980312500267
image_12148,0.0020860722150316388
image_12149,6.169805703946395e-05
image_1215,8.471097308123361e-05
image_12150,0.00014407596295844545
image_12151,0.00037054119761498487
image_12152,0.8488774102765728
image_12153,0.0014935797081975315
image_12154,7.357125583409808e-05
image_12155,7.838062604377691e-05
image_12156,0.00019422156385904172
image_12157,8.562052895308067e-05
image_12158,3.6990251839436366e-05
image_12159,0.00019954777406175662
image_1216,0.9793134306912263
image_12160,0.9933535015048367
image_12161,5.586199022427022e-05
image_12162,0.9973115004570179
image_12163,0.005425094681126824
image_12164,0.0012713855728489934
image_12165,0.004135480951368842
image_12166,0.1277496303501906
image_12167,0.0007149985755070334
image_12168,0.0004687026540385137
image_12169,0.961172063225072
image_1217,0.0009018145564205951
image_12170,0.0001714810292007071
image_12171,0.007503086413035626
image_12172,0.004169668178414368
image_12173,0.0001392647795609514
image_12174,0.8197301977269472
image_12175,0.00012781931587657882
image_12176,0.15230682330416156
image_12177,0.0007584700716872086
image_12178,0.0008290712745101418
image_12179,0.00011087500934163167
image_1218,0.7981109978419731
image_12180,0.0008324552700640402
image_12181,0.00033875316132945366
image_12182,3.672608402594742e-05
image_12183,4.137303918683332e-05
image_12184,7.542987564800937e-05
image_12185,0.00096727006937345
image_12186,0.0004275162021178166
image_12187,0.8204083845409059
image_12188,2.4357594264564374e-05
image_12189,0.000492577829189562
image_1219,7.364551363202255e-06
image_12190,3.476657063790128e-05
image_12191,0.000136511703454324
image_12192,7.0111416473462735e-06
image_12193,0.9536681779167665
image_12194,0.00029675529818419413
image_12195,0.021278991170724217
image_12196,0.0851334851771702
image_12197,0.7976381073445099
image_12198,0.00019916085428463537
image_12199,8.809115173897386e-06
image_122,0.009732576447101106
image_1220,9.339081802407445e-05
image_12200,0.0009844518224554754
image_12201,0.00034659744413475125
image_12202,0.004232475052155018
image_12203,0.0005366432051286216
image_12204,0.0012819176305169347
image_12205,5.842556883334472e-05
image_12206,0.00022153537120205157
image_12207,3.769832982586573e-05
image_12208,0.00013812595857501844
image_12209,0.00033387307553941597
image_1221,0.00020937069682259733
image_12210,6.576779344711473e-05
image_12211,0.8665513034236945
image_12212,0.004509719731476089
image_12213,0.00013907847780296185
image_12214,0.0009799197483997203
image_12215,0.0001823619526330895
image_12216,0.0010848773052156418
image_12217,0.0007335034035693286
image_12218,1.5018232201900437e-05
image_12219,0.003110529037592031
image_1222,4.365761434074648e-05
image_12220,0.026007872685745514
image_12221,0.20880378606372713
image_12222,0.0024998238710866264
image_12223,0.0005059015820673199
image_12224,0.0005053886941796014
image_12225,2.0279250106038924e-05
image_12226,0.00040687726734473726
image_12227,6.960728962356874e-05
image_12228,0.00015901087685575498
image_12229,0.000481579593481722
image_1223,4.2626369589789676e-05
image_12230,0.0002884878927081419
image_12231,0.0007206086394010361
image_12232,0.0012427756845522738
image_12233,6.279008399339526e-05
image_12234,0.00036787726148259406
image_12235,3.928470297799323e-06
image_12236,0.0015360515609672393
image_12237,5.686379644044917e-05
image_12238,6.41355205433513e-05
image_12239,3.5029853067065656e-05
image_1224,0.0022825605153261874
image_12240,0.00011280525582575468
image_12241,0.0014322190955403688
image_12242,1.3339484554423467e-05
image_12243,5.271513772832591e-05
image_12244,0.00013815229976074205
image_12245,0.0011319692436740241
image_12246,0.14390093907818038
image_12247,0.7936742192975939
image_12248,0.003673793052620973
image_12249,0.996765876008834
image_1225,0.002354107910259732
image_12250,0.8271287455204772
image_12251,0.0022814628988574604
image_12252,0.0003381177136543176
image_12253,0.00013728625368742637
image_12254,3.918762140937825e-05
image_12255,0.0008322323888183339
image_12256,9.544566401085812e-06
image_12257,2.064960460704736e-05
image_12258,0.8120456685143811
image_12259,0.00027482710038065073
image_1226,8.72312023056676e-05
image_12260,0.0006309280947462583
image_12261,0.04655684937344064
image_12262,0.00239029423392778
image_12263,0.0001376806514517761
image_12264,0.00011748372851054288
image_12265,0.9967815611709178
image_12266,0.0029270509186467273
image_12267,0.12049785869021856
image_12268,0.0004390760408508754
image_12269,5.96097626863557e-05
image_1227,3.5815066663140355e-05
image_12270,6.26417168264807e-05
image_12271,0.8671573917071074
image_12272,0.7986973601753979
image_12273,3.357853095960935e-05
image_12274,2.0671207016142685e-05
image_12275,0.0003890864503321591
image_12276,0.001650805167960576
image_12277,0.0002997041748400078
image_12278,0.0011882277376021216
image_12279,0.8508160292668869
image_1228,0.001188121272651197
image_12280,2.5318486170830686e-05
image_12281,0.0250792053343429
image_12282,0.0016491776207109361
image_12283,4.767825022461777e-05
image_12284,0.00011128284205819334
image_12285,0.0026657087357799254
image_12286,4.4765722798203515e-05
image_12287,0.00229196911477582
image_12288,0.0003463053802076284
image_12289,0.0011414145041076084
image_1229,0.7925048439355267
image_12290,8.380544730612364e-06
image_12291,5.834414914844457e-05
image_12292,0.8146530575119766
image_12293,0.9154562028224532
image_12294,0.9729180392217135
image_12295,1.5630223262457968e-05
image_12296,0.0016740519077376576
image_12297,0.002274772275357693
image_12298,0.0020763485509256835
image_12299,0.0001871611289963875
image_123,4.88332381540684e-05
image_1230,1.8370552063535086e-05
image_12300,0.016397151736329753
image_12301,0.014183662126411655
image_12302,0.00024948263088567723
image_12303,0.00014047883704271209
image_12304,0.7972393639005431
image_12305,0.0031084993231390223
image_12306,0.0014899401815249636
image_12307,0.0021936281171335025
image_12308,1.0044291464439414e-05
image_12309,0.00012097555238751342
image_1231,0.0006190601867080865
image_12310,0.0019385904944711912
image_12311,0.00011220899089035327
image_12312,6.704147736151956e-05
image_12313,5.1657756667581785e-05
image_12314,0.8004895697301035
image_12315,0.0011582989600514653
image_12316,0.02043185155367728
image_12317,0.0011083935499601825
image_12318,0.00027806068164481547
image_12319,0.0001047966242341679
image_1232,0.001107151966416504
image_12320,0.00011202760127295478
image_12321,0.1483915194304029
image_12322,9.97220547152101e-05
image_12323,0.0002074861701401279
image_12324,0.00019572376824255073
image_12325,0.7967608885591166
image_12326,0.013919751640132563
image_12327,0.8383390614936834
image_12328,0.8002199351144826
image_12329,0.00016887895991198396
image_1233,0.0001413390814463682
image_12330,0.0014834028789563324
image_12331,0.796019307676165
image_12332,0.0006238527583566571
image_12333,0.00208265066564121
image_12334,0.0007868037945470708
image_12335,0.9962044241626546
image_12336,0.940899824368228
image_12337,0.0011664783339310728
image_12338,0.9596425656457654
image_12339,1.8122707998173306e-05
image_1234,8.724856999394449e-05
image_12340,0.7964330009563256
image_12341,0.0003263849035176568
image_12342,2.5884208738604382e-05
image_12343,1.2243689593503492e-05
image_12344,0.003859183087343677
image_12345,4.630155257015115e-05
image_12346,0.0009694553475617666
image_12347,1.2892509402872074e-05
image_12348,1.2194890002891994e-05
image_12349,0.9995171525505528
image_1235,3.922235014795458e-05
image_12350,0.00012682320880651204
image_12351,0.0004635399669514468
image_12352,0.900162503693916
image_12353,0.00010451725882048718
image_12354,0.00037433590787757314
image_12355,7.73865463465679e-05
image_12356,0.0431854843943529
image_12357,0.00010334716018607618
image_12358,0.0007310266813257624
image_12359,0.003973701610564486
image_1236,0.9849540708463005
image_12360,0.0029269754075820246
image_12361,0.0015007427882809045
image_12362,0.00024966507512127264
image_12363,0.00011336247148807177
image_12364,4.1468174327777396e-05
image_12365,0.000793998191563126
image_12366,0.000504124353262062
image_12367,3.7779096554461554e-06
image_12368,0.8123264528088061
image_12369,0.0019975281253824463
image_1237,0.0018946113789592514
image_12370,8.45489481039414e-06
image_12371,0.00011986872841276505
image_12372,7.59755314484926e-05
image_12373,0.0009712182321903724
image_12374,0.00016719183279106508
image_12375,0.9288881897342856
image_12376,0.7924519939111955
image_12377,0.044809580754415684
image_12378,0.0008852943668814492
image_12379,0.00040111792655472855
image_1238,0.00024548560555968956
image_12380,0.9324102476024624
image_12381,0.00028053451226337075
image_12382,8.254057843452937e-06
image_12383,2.711991414822836e-05
image_12384,1.760915207099072e-05
image_12385,9.17215441313269e-05
image_12386,0.00014429591235320916
image_12387,4.760525095503165e-05
image_12388,0.00010009278341764872
image_12389,0.001239237570290116
image_1239,0.002327456637184605
image_12390,0.0002888127842130338
image_12391,0.793971641866831
image_12392,7.208039993830925e-05
image_12393,0.00022830424757032145
image_12394,2.9959138551614418e-05
image_12395,0.8390774911890715
image_12396,0.9332118329622929
image_12397,0.8061699258343682
image_12398,0.00010694395285998281
image_12399,0.00010108110525083866
image_124,0.00048225537891087084
image_1240,0.8055955862095903
image_12400,0.8606234946382119
image_12401,7.902630588175049e-06
image_12402,0.0003823272149754488
image_12403,0.0001422275929458564
image_12404,0.0012886815631437006
image_12405,0.001109017913821429
image_12406,0.994322355870036
image_12407,0.008559874605975227
image_12408,0.0009807662007802567
image_12409,0.00019292855080316166
image_1241,6.59566188005105e-05
image_12410,3.6738133231452014e-05
image_12411,0.0004583351636390464
image_12412,0.00016938194285986887
image_12413,0.0014336789016923417
image_12414,0.0005168085390527975
image_12415,0.0017575664710822309
image_12416,0.00017241658656136344
image_12417,3.0738981017503786e-05
image_12418,0.848707226948709
image_12419,1.8508608733921553e-05
image_1242,0.9376474186209585
image_12420,0.0007398711919889704
image_12421,0.9423974235877006
image_12422,0.00030182655113961023
image_12423,0.0071701329889721135
image_12424,0.02861519391680841
image_12425,9.314674370276698e-06
image_12426,9.36286103317813e-05
image_12427,1.820184066675308e-05
image_12428,3.6938854416030566e-05
image_12429,0.0015634974186837709
image_1243,0.9469792905110339
image_12430,0.00017436844212281256
image_12431,0.0003549711683264362
image_12432,1.3068328616060078e-05
image_12433,0.00035414549461235893
image_12434,2.0722318679240016e-05
image_12435,1.852003504619464e-05
image_12436,0.022703998436386034
image_12437,0.0005380084484694664
image_12438,0.010083803704236212
image_12439,3.8052204434654976e-05
image_1244,0.7989941980888962
image_12440,0.9857514541911225
image_12441,7.341783750593553e-06
image_12442,0.0007250096841619864
image_12443,0.0004710785280158363
image_12444,0.016394479392226498
image_12445,0.0005885968301706977
image_12446,0.0011547429511387665
image_12447,0.9288149008736593
image_12448,8.097826207296779e-05
image_12449,0.9709667117480963
image_1245,0.0001467033753590394
image_12450,0.004843770883756824
image_12451,0.9987686603643491
image_12452,0.00023173667569057317
image_12453,0.0007818836462864839
image_12454,0.0002409721758906256
image_12455,0.00022269419847988455
image_12456,0.9932726393882133
image_12457,0.0002758843671584865
image_12458,0.20882773397089066
image_12459,3.0073481003502278e-06
image_1246,2.4910564496961315e-05
image_12460,0.00015751007890086552
image_12461,0.00023750968406902718
image_12462,0.7984392214145423
image_12463,6.438244928451573e-05
image_12464,0.0006524617563297415
image_12465,0.0004186496612538608
image_12466,0.7930638476555494
image_12467,0.0009597879218326388
image_12468,1.5764238095583068e-05
image_12469,0.004285476655344093
image_1247,0.02846743999302214
image_12470,0.0003971641894241441
image_12471,0.0006501398676737288
image_12472,0.8236408805077969
image_12473,0.9991432211573595
image_12474,0.004350880262153185
image_12475,1.1997266189933274e-05
image_12476,0.002391984685438547
image_12477,0.9968991122494758
image_12478,0.001429229078209638
image_12479,0.0026396561686340054
image_1248,0.00014645789965004116
image_12480,0.0003900242648369681
image_12481,0.8898823304434107
image_12482,1.5665649876133898e-05
image_12483,3.104049805529394e-05
image_12484,2.4174613338357547e-06
image_12485,0.001333988544775779
image_12486,0.0004398643804588343
image_12487,0.7943036204920205
image_12488,0.09675431157582749
image_12489,0.0004407093788650564
image_1249,0.001474832075013519
image_12490,0.9655453896103859
image_12491,0.00020408804975249368
image_12492,0.9988195380439706
image_12493,0.794327435254315
image_12494,7.793163409978074e-05
image_12495,7.843491639955898e-05
image_12496,5.301469830772222e-05
image_12497,0.0002953677560919868
image_12498,6.321030586136918e-06
image_12499,6.819147914182867e-05
image_125,0.9192359983467098
image_1250,0.0016570008339542024
image_12500,0.8799189854117531
image_12501,0.00035919240602943776
image_12502,8.584071496422648e-06
image_12503,0.0008367871396927186
image_12504,0.0012400079212248887
image_12505,1.6566076781855044e-05
image_12506,0.9380110916856552
image_12507,0.009591264487343616
image_12508,1.9584505560035422e-05
image_12509,9.512311817434617e-05
image_1251,0.0003325613875661871
image_12510,5.48583527313956e-05
image_12511,0.00026751803639667545
image_12512,6.312218943841551e-05
image_12513,4.764949024534419e-05
image_12514,0.0002109297066543238
image_12515,0.7942164005951244
image_12516,3.8370809803766125e-05
image_12517,0.0005216613387923748
image_12518,0.00796979764375893
image_12519,0.00031779851737867196
image_1252,0.0013861224990716976
image_12520,2.470291910084987e-05
image_12521,0.9786328758806084
image_12522,0.0014571866784390312
image_12523,0.05366783358260861
image_12524,7.125490365509068e-06
image_12525,0.03610321369521086
image_12526,0.9361067992812888
image_12527,4.730505896209711e-05
image_12528,0.9936504121218375
image_12529,1.4020911840086284e-05
image_1253,0.00016102777588333948
image_12530,2.055248699753021e-05
image_12531,0.0002613793112916981
image_12532,9.754926464758469e-06
image_12533,0.09555226943559399
image_12534,0.0004082977604686914
image_12535,0.001717038570737733
image_12536,8.091765485416063e-05
image_12537,0.00012266131570387915
image_12538,0.007741441771088016
image_12539,7.641726935916804e-05
image_1254,0.000116234924902045
image_12540,7.190865476261067e-05
image_12541,0.00012368557391214543
image_12542,0.0002535213315616494
image_12543,0.0004515227903595094
image_12544,0.00038318588590691946
image_12545,0.00015770672851509582
image_12546,0.003462589006494107
image_12547,7.067261647942711e-05
image_12548,0.0018032539706288979
image_12549,0.0013010303930380007
image_1255,0.00011005951813140261
image_12550,0.00011199498297519576
image_12551,0.00025900072422873813
image_12552,0.8354355366016657
image_12553,0.00046384498556326033
image_12554,1.6092455657389012e-05
image_12555,0.0005531970257947997
image_12556,0.0001242818792611502
image_12557,7.229792566571243e-06
image_12558,0.001430891292499961
image_12559,0.00022925073654252891
image_1256,0.0024327768402222253
image_12560,3.7136686897014086e-05
image_12561,0.014621247310759828
image_12562,0.00011144248307175639
image_12563,7.501808135752035e-05
image_12564,2.2206860924816555e-05
image_12565,5.1137080993743994e-05
image_12566,0.1858559783875749
image_12567,0.902715318545799
image_12568,0.00861895914226658
image_12569,5.180013713785243e-06
image_1257,0.00010950211719228751
image_12570,0.0007290732377444587
image_12571,0.0004144325579024202
image_12572,0.00018085471517161178
image_12573,3.952758271346433e-05
image_12574,0.00011509493738715995
image_12575,0.0004622564107660404
image_12576,0.0015864437877224028
image_12577,0.0024919036641108186
image_12578,0.0010887299260815256
image_12579,0.042480353890010494
image_1258,0.8009414674640782
image_12580,0.00017018585891131078
image_12581,0.0008769734024849706
image_12582,0.03752231420271513
image_12583,0.0009183353749719049
image_12584,8.418858068884326e-05
image_12585,0.7960087160501732
image_12586,9.145600942333581e-05
image_12587,0.00024027690451695148
image_12588,0.00023049540610943506
image_12589,0.0006577004497010018
image_1259,0.0021147326995214137
image_12590,2.7428822149294684e-05
image_12591,0.000559908082301243
image_12592,0.0001569849967108707
image_12593,0.006014391053881884
image_12594,0.0001949801315031436
image_12595,0.0008407715806330757
image_12596,0.9971144309677559
image_12597,0.00042150565894722895
image_12598,8.93064853270966e-06
image_12599,0.004077358981867086
image_126,0.00037262058372145837
image_1260,0.029842118690284462
image_12600,6.0680037332629035e-05
image_12601,0.0004621585297955283
image_12602,0.8203480848251781
image_12603,4.5721748950683455e-06
image_12604,0.0001156318517819483
image_12605,0.0088675701975875
image_12606,2.5709540988878885e-05
image_12607,0.00852471271999337
image_12608,0.00011893228279432621
image_12609,1.1442535811319128e-05
image_1261,2.176820432737067e-05
image_12610,7.125026013809983e-05
image_12611,0.0019538569570781575
image_12612,1.595429073220028e-05
image_12613,0.00028771405733341184
image_12614,0.0011855307361960147
image_12615,0.8154856768494266
image_12616,0.9981090363422244
image_12617,0.00021974084801023918
image_12618,0.00018161154467098042
image_12619,0.7914140463800895
image_1262,0.00014849127899071356
image_12620,0.0008914796885084026
image_12621,0.0500956768769675
image_12622,0.9990366058363799
image_12623,5.8824257175298524e-05
image_12624,7.887267565696308e-06
image_12625,0.003487056046745493
image_12626,2.396765771206754e-05
image_12627,1.2390108008944065e-05
image_12628,0.9962025264691894
image_12629,4.202343846178556e-05
image_1263,5.5774036770399176e-05
image_12630,0.8960426833410174
image_12631,0.00021384827482836703
image_12632,0.793618951809505
image_12633,3.1930261146718e-05
image_12634,0.00010861268308075846
image_12635,0.005702375509045002
image_12636,0.049510528282572894
image_12637,0.0008758319292862304
image_12638,0.0019293649815767834
image_12639,0.0012650182316592616
image_1264,3.2898996164091588e-06
image_12640,0.002200239737502235
image_12641,0.000839722932336715
image_12642,0.00017174689916272417
image_12643,0.0001193841102441347
image_12644,0.00020083527624846598
image_12645,0.00026458416631275
image_12646,0.00030291846109361853
image_12647,0.0011447811441718729
image_12648,0.0937911438399352
image_12649,0.002932196202175258
image_1265,0.8000003698460697
image_12650,0.00010992969913628796
image_12651,4.246128243309968e-06
image_12652,0.0016493193898727665
image_12653,8.038161154256437e-05
image_12654,0.00014900920333530093
image_12655,0.0006891925742062949
image_12656,0.00018754601430312932
image_12657,0.7958637758237764
image_12658,3.062939986671284e-05
image_12659,0.7931800288507921
image_1266,7.671649393402923e-06
image_12660,0.0008841146361758593
image_12661,0.0011495123893896688
image_12662,0.0008129199323618601
image_12663,3.7903861403939064e-05
image_12664,0.8052709932502082
image_12665,6.243974366727402e-05
image_12666,0.9068555338087432
image_12667,0.8447043389580001
image_12668,0.00038578378039532746
image_12669,0.0005217157514978287
image_1267,0.8104462030054437
image_12670,0.8263459220195711
image_12671,0.00241790619780754
image_12672,0.00022841994397631614
image_12673,0.9856192953286129
image_12674,0.00016887606363084618
image_12675,0.9830867912566346
image_12676,9.945336617651749e-05
image_12677,0.012811683323681402
image_12678,3.204352286136063e-05
image_12679,0.00033634613791804396
image_1268,0.00016446742393514462
image_12680,0.8464344237319313
image_12681,0.00015865738941787293
image_12682,0.04360865934585245
image_12683,3.2619393808264584e-05
image_12684,3.1426155815235416e-05
image_12685,0.0001441596159049574
image_12686,0.00018827552047682666
image_12687,0.005521456137308126
image_12688,0.00015465497907785338
image_12689,0.8180745444505867
image_1269,0.003480507183071301
image_12690,0.9991522563177581
image_12691,0.011036170196397573
image_12692,7.621710861496554e-05
image_12693,0.00023570152273655383
image_12694,0.0001547310119410493
image_12695,0.00025341371837656957
image_12696,0.0005607672137818856
image_12697,9.671647103911036e-05
image_12698,0.0007404157309629673
image_12699,0.00015337367201800843
image_127,6.362860288688845e-05
image_1270,0.004268139034334926
image_12700,0.00025481798021059006
image_12701,0.00019187403067691912
image_12702,0.0032947384821330286
image_12703,0.009037969857222668
image_12704,0.00011613118412162301
image_12705,0.876842813371899
image_12706,0.99309356703752
image_12707,0.0015185620517140504
image_12708,0.11110200443863087
image_12709,0.8121959544609899
image_1271,9.513444723257506e-05
image_12710,0.0029937910476634274
image_12711,0.0006616378006297688
image_12712,0.00017252499887686495
image_12713,0.00682882502404307
image_12714,0.00026861147617920537
image_12715,2.7239149556051823e-05
image_12716,4.40910573042767e-05
image_12717,0.0001701543883866069
image_12718,0.1817778715339363
image_12719,0.00038496981984362954
image_1272,9.649055183033938e-05
image_12720,0.00011271743954572753
image_12721,0.00013526489469422822
image_12722,0.00012427071996639523
image_12723,0.00016806205900121187
image_12724,0.00015036579314346346
image_12725,0.9863915694201058
image_12726,0.0007598572540502115
image_12727,0.0007340093526040305
image_12728,4.1744718162692955e-05
image_12729,0.005778276406045139
image_1273,0.0008566096129094865
image_12730,0.0006251311436703946
image_12731,0.0009364947813389056
image_12732,0.0007167881973938271
image_12733,0.00012949193314762053
image_12734,5.404577831083562e-05
image_12735,0.02441756334215646
image_12736,0.0004573914311980243
image_12737,0.001612317475144578
image_12738,0.00025496837032296874
image_12739,0.9941881767782375
image_1274,0.00027982248972018513
image_12740,0.016271635926357088
image_12741,0.0013234832480463815
image_12742,0.062464579713010907
image_12743,0.0020504700015816523
image_12744,0.00018307957931811445
image_12745,0.0003773676315618708
image_12746,0.0003594417754085235
image_12747,0.0005048423334595119
image_12748,0.01053424448607607
image_12749,1.526965379840588e-05
image_1275,0.8118821254102835
image_12750,1.717965524406488e-05
image_12751,0.00017596480569460955
image_12752,1.777836112183571e-06
image_12753,0.8769250431096062
image_12754,0.8180430581910922
image_12755,0.0005867578298424813
image_12756,0.7934526223407092
image_12757,0.11836565736536656
image_12758,6.347610207690384e-05
image_12759,3.991602804208753e-05
image_1276,4.345562393460303e-05
image_12760,0.0013503235707856755
image_12761,0.00032313785236987415
image_12762,0.0006744324152439451
image_12763,0.0004895089660174001
image_12764,5.431730697021187e-05
image_12765,0.0005947110489101287
image_12766,0.9475037673546121
image_12767,5.168611511964233e-06
image_12768,2.0401498445989177e-06
image_12769,0.9959482942113407
image_1277,3.094674831830154e-05
image_12770,0.0003491846186053104
image_12771,5.894495821622918e-05
image_12772,1.213869533579785e-05
image_12773,0.0005363812456017382
image_12774,6.568351927212466e-05
image_12775,0.0006067567950596277
image_12776,6.500192696853403e-05
image_12777,5.7185825157912965e-06
image_12778,0.06737003994256871
image_12779,0.01219206706266052
image_1278,2.8792827309363128e-05
image_12780,0.0003311492681115528
image_12781,0.7939799757302513
image_12782,0.0006536435675343928
image_12783,1.5569699788621913e-05
image_12784,0.010481051667208717
image_12785,0.8863245503095591
image_12786,0.0006900481019444515
image_12787,1.7883867543004216e-05
image_12788,0.799291507857286
image_12789,0.00014523960260512183
image_1279,0.9997141657128326
image_12790,0.8364889538468955
image_12791,0.0009071935813154576
image_12792,0.0003831423300198988
image_12793,0.00023188429684144744
image_12794,0.0003314175325906791
image_12795,2.3106758171158788e-05
image_12796,0.0005516528309246401
image_12797,0.0013408002003400758
image_12798,3.7169985359524e-05
image_12799,0.9761430216544881
image_128,2.790960639869249e-05
image_1280,0.9411294993671081
image_12800,0.0007158299298021137
image_12801,0.00032020398712250664
image_12802,0.0022229395253512284
image_12803,0.0007342443917617265
image_12804,0.20650108686156274
image_12805,0.0007156052869332938
image_12806,0.0022630379886290214
image_12807,2.266584708383552e-05
image_12808,0.006749362600734411
image_12809,1.6841466347013618e-05
image_1281,0.00022702426843941234
image_12810,0.9997935789431551
image_12811,0.00023069275003841615
image_12812,0.9977293259524632
image_12813,0.8084490503535401
image_12814,0.9342530644791094
image_12815,0.00047364580034373657
image_12816,0.012243165424910794
image_12817,0.00014043449863833713
image_12818,2.2183807548620026e-05
image_12819,0.00028677637702487403
image_1282,2.4534622239396574e-05
image_12820,0.0002268188378157456
image_12821,0.0014833637190209737
image_12822,8.130038154122212e-05
image_12823,0.8898747012129752
image_12824,0.00023146444609503447
image_12825,0.0193375279938627
image_12826,0.001515122512526876
image_12827,0.1566309985947561
image_12828,0.7976455896741623
image_12829,0.0007340336076599636
image_1283,0.16450496894103844
image_12830,0.0004567106492975122
image_12831,0.0007809397580728398
image_12832,0.7901502686173603
image_12833,0.0007688662159022277
image_12834,0.0001875255658778934
image_12835,0.0008085134255364909
image_12836,0.0010332098211545278
image_12837,0.8543195903281472
image_12838,0.0004006761190159906
image_12839,0.002853088113332249
image_1284,0.00020068646747209066
image_12840,0.0002710914380822984
image_12841,0.0032023167497134443
image_12842,0.0005092908277327401
image_12843,5.799524333311982e-05
image_12844,1.681938024876658e-05
image_12845,4.77300474485582e-05
image_12846,0.9509145930793439
image_12847,0.00017670226730918457
image_12848,3.048352588657044e-05
image_12849,0.9982583299577659
image_1285,0.0008643848969999123
image_12850,0.09787836042508116
image_12851,0.0005653263548056229
image_12852,0.05859433073413158
image_12853,0.0010564574037522367
image_12854,0.002807608655696109
image_12855,0.0002573478384339074
image_12856,0.0001548781680078958
image_12857,8.856007731279167e-05
image_12858,0.8217165047021171
image_12859,0.0004216114066445415
image_1286,0.003119748791342904
image_12860,0.0016259496913515273
image_12861,0.0002656168739735901
image_12862,0.7953853825291944
image_12863,0.822432519425967
image_12864,0.0034821412714498416
image_12865,0.01379981489085547
image_12866,2.1741835871606252e-05
image_12867,8.897894692563872e-05
image_12868,0.004565715288989892
image_12869,0.0004866519550528055
image_1287,0.18664580654761204
image_12870,0.00016298665572435738
image_12871,1.025071208285863e-05
image_12872,1.1292347065506081e-05
image_12873,6.287912083630492e-05
image_12874,0.0001753096009398655
image_12875,7.429718127598477e-05
image_12876,0.0009263180842753922
image_12877,0.0002483069869435774
image_12878,0.9661787709822581
image_12879,0.9213373738729718
image_1288,0.0006625064652581102
image_12880,3.59982609726715e-05
image_12881,1.7166226722640964e-05
image_12882,2.5389805448326417e-05
image_12883,0.8082417824740535
image_12884,0.0025821124407895022
image_12885,2.088739129878162e-05
image_12886,0.00013218547976005912
image_12887,0.00027736207248112746
image_12888,1.1286338680952688e-05
image_12889,9.07057379237229e-05
image_1289,2.7028910670484493e-05
image_12890,1.5067865310400852e-05
image_12891,0.9957918028265544
image_12892,0.0017783624057012607
image_12893,0.00275842876355999
image_12894,0.0010621853481022265
image_12895,7.27598199454169e-05
image_12896,0.00016045027911748612
image_12897,3.74825906735597e-05
image_12898,0.007524485424839526
image_12899,2.244949062700764e-05
image_129,0.794434232015054
image_1290,6.952226976076635e-05
image_12900,0.8792253019706655
image_12901,7.025814073080919e-05
image_12902,7.564692374715769e-05
image_12903,1.3258529990323063e-05
image_12904,0.001327096327744577
image_12905,2.963635367412692e-06
image_12906,0.00012516296093992548
image_12907,0.0009671928347293678
image_12908,4.105149881767656e-06
image_12909,0.0002067835468485016
image_1291,0.0010512904640816467
image_12910,0.0037149007301065283
image_12911,6.238749859297778e-06
image_12912,0.9993436984500201
image_12913,0.00461070793165585
image_12914,0.9665406498964664
image_12915,0.7975250550738295
image_12916,0.00016912017367991947
image_12917,0.0004973453315109642
image_12918,0.00023349128629770077
image_12919,7.346143156313567e-05
image_1292,5.967987471108234e-05
image_12920,0.001858184996193336
image_12921,0.0003406481990100974
image_12922,0.011242773278791399
image_12923,0.00042656210531915396
image_12924,0.7972383130831412
image_12925,0.021747237518188082
image_12926,0.00024236685073038242
image_12927,7.39373793913924e-05
image_12928,6.608295267925204e-05
image_12929,0.0010128380717047494
image_1293,0.8006876100817564
image_12930,0.0006573636932833288
image_12931,5.355446195644765e-05
image_12932,0.002358980382407755
image_12933,0.0010881262201957876
image_12934,0.0003041467820602938
image_12935,0.003986076192850742
image_12936,0.0017130416517187567
image_12937,1.1132770409675778e-05
image_12938,1.129586432505078e-05
image_12939,0.0007272095855022579
image_1294,0.8927025486850386
image_12940,6.300875142074498e-05
image_12941,2.3618079923451554e-05
image_12942,0.0003872719022902908
image_12943,0.0015281543482538187
image_12944,0.0006593175428352216
image_12945,0.00010389648308576963
image_12946,8.42032853577839e-05
image_12947,3.288050041066801e-05
image_12948,0.0009913881702138673
image_12949,3.4531029895811694e-06
image_1295,0.9846939125343142
image_12950,0.00010508259590285285
image_12951,0.002693283802177049
image_12952,0.0002633106939387674
image_12953,0.0027097276661423356
image_12954,0.000124746051102717
image_12955,8.715756617911948e-05
image_12956,0.00967423841830819
image_12957,0.012506142638108805
image_12958,0.0002760979672112054
image_12959,0.0005130747960534283
image_1296,7.015680090770968e-05
image_12960,0.00022026221363626763
image_12961,7.997392635183867e-06
image_12962,5.9587911086397255e-05
image_12963,2.3251723356327776e-05
image_12964,0.04618407961716234
image_12965,0.0007726714053464259
image_12966,0.0015832427725126779
image_12967,4.714695404909591e-05
image_12968,0.9888900805665429
image_12969,0.00018260296420185423
image_1297,0.0007668275587198158
image_12970,0.00012965347273938152
image_12971,0.00015434101009732467
image_12972,0.9103483329558897
image_12973,5.569660824060608e-05
image_12974,0.00014293914028342997
image_12975,3.838393047696857e-05
image_12976,0.00011859289636105891
image_12977,0.005753813221350865
image_12978,0.00022788070758289727
image_12979,9.033208871010366e-05
image_1298,0.00015137174515739035
image_12980,0.0013114698756236307
image_12981,0.00012182899967828937
image_12982,3.6680095982194816e-05
image_12983,0.0002466037661351318
image_12984,0.9960216692619804
image_12985,0.9921842250537679
image_12986,0.00855205624032167
image_12987,0.001300856366949508
image_12988,0.0012777114593663782
image_12989,0.0010857470549059077
image_1299,0.0007253041874585375
image_12990,0.0006090161374822002
image_12991,0.0001467161859430496
image_12992,0.9616000213836504
image_12993,0.00038840741549138095
image_12994,0.9990128806135594
image_12995,7.995598197502442e-05
image_12996,0.0002478680653073068
image_12997,0.00016711228626155566
image_12998,0.00021289238869121033
image_12999,3.022666161904567e-05
image_13,2.5815411009115447e-05
image_130,0.0002234954248221344
image_1300,0.00965351580310851
image_13000,1.1605204765780332e-05
image_13001,1.0193891998226222e-05
image_13002,0.00015390144601300373
image_13003,6.72986769224669e-05
image_13004,0.16294744577314693
image_13005,0.004382051313867346
image_13006,0.0006543003572721106
image_13007,0.0019949619041716143
image_13008,0.1516959357596401
image_13009,0.0009478430381150092
image_1301,0.002101412665642376
image_13010,0.0003714017391649267
image_13011,7.752983723399556e-05
image_13012,2.698709377814452e-05
image_13013,0.0002452405647801276
image_13014,1.6832150420519194e-05
image_13015,0.00031984832711086126
image_13016,0.8110215135523813
image_13017,0.9812768531580838
image_13018,0.00018678002819777663
image_13019,0.0005879754034706874
image_1302,7.028922832706802e-05
image_13020,0.0006061725137440937
image_13021,0.00010458199912991824
image_13022,8.537604571108329e-05
image_13023,0.00017754735454705617
image_13024,0.8203215507703518
image_13025,0.04073791874075224
image_13026,0.001153791350912633
image_13027,0.0002506986363934997
image_13028,0.0013081164477576103
image_13029,6.119689451736747e-05
image_1303,0.0006672132206405624
image_13030,0.0007579060892275351
image_13031,0.0004732274051519335
image_13032,0.00012113069841325114
image_13033,0.9994524396735105
image_13034,5.279691796460764e-05
image_13035,0.001024084933329971
image_13036,5.943307783062749e-06
image_13037,1.1332608339573725e-05
image_13038,5.956486719802924e-05
image_13039,0.002588474385080345
image_1304,0.20397071131018313
image_13040,0.00033108486114573517
image_13041,0.9992886036028239
image_13042,0.0014606020899591416
image_13043,6.633800494184946e-05
image_13044,0.0002906715697003168
image_13045,0.0015463575411080043
image_13046,0.0007814486038766798
image_13047,0.001006589548045127
image_13048,0.0005912486363781539
image_13049,0.00019749469070553982
image_1305,8.128113501986302e-05
image_13050,0.0001381183633918141
image_13051,0.997587539979107
image_13052,0.0009831803210819724
image_13053,0.00037174269762363084
image_13054,0.005586385840657726
image_13055,0.00011955938226445106
image_13056,0.012314746090693461
image_13057,0.978050874658169
image_13058,0.0003461054228679768
image_13059,0.00035614397410797084
image_1306,0.0004273945464790676
image_13060,0.0017447548049632187
image_13061,0.004364590340287523
image_13062,0.020159988733441034
image_13063,0.00047749045220549875
image_13064,0.00010091745587935304
image_13065,7.439144684803748e-05
image_13066,0.0006175653581514627
image_13067,0.0007230088548349832
image_13068,6.701347367129079e-05
image_13069,0.0002362084476467026
image_1307,0.000345810664579224
image_13070,0.00029465117355812365
image_13071,0.00015421651643607076
image_13072,0.0021720181409799985
image_13073,0.9769399417705278
image_13074,0.0001291680276873655
image_13075,0.0011736547278941847
image_13076,0.028018150654277284
image_13077,0.02003841699682698
image_13078,0.7947532167947445
image_13079,0.00044241081825028845
image_1308,8.482512127873723e-06
image_13080,0.0005287255239548141
image_13081,0.002989947898264423
image_13082,0.001588857719478872
image_13083,0.0032885312480240903
image_13084,0.00026273680075592697
image_13085,0.7915453170882888
image_13086,3.4840145319172926e-05
image_13087,1.6443107570590193e-05
image_13088,0.8353968896776003
image_13089,0.0007294585516374954
image_1309,0.0047068778800972225
image_13090,6.919117259287926e-05
image_13091,0.00043942244379216585
image_13092,0.00013965318583952983
image_13093,9.864521695103356e-05
image_13094,0.01391325303123305
image_13095,0.05009269539985393
image_13096,4.2633287114204444e-05
image_13097,0.00035890370492881713
image_13098,4.287996463110268e-05
image_13099,0.0002876454441356552
image_131,0.011943362126056541
image_1310,0.002883529733380681
image_13100,0.0008384372461924744
image_13101,0.9986122598002855
image_13102,0.8818757221567795
image_13103,8.638346737280763e-05
image_13104,0.0004409050570029856
image_13105,0.0009888007716878397
image_13106,0.9447100730628394
image_13107,0.0007656465714833357
image_13108,0.9972297243107757
image_13109,0.00013223218440866377
image_1311,0.0022623656096520746
image_13110,0.0004673432841096335
image_13111,0.0011808183263351001
image_13112,0.0016113482356974631
image_13113,8.877939991695095e-05
image_13114,0.0007623847902896027
image_13115,0.0007818969297648615
image_13116,0.00014192983918147334
image_13117,0.0005122362293117206
image_13118,0.00013261675818008247
image_13119,0.0009888845853938675
image_1312,0.0007699922125990978
image_13120,0.001621359853540797
image_13121,0.8028100855849193
image_13122,0.8165771282637231
image_13123,0.0012050192005560166
image_13124,4.930656986335559e-05
image_13125,9.254426374041828e-06
image_13126,0.000256244414131865
image_13127,3.176168223064348e-05
image_13128,0.9044412536059967
image_13129,3.127851425634032e-05
image_1313,4.5496630898144416e-05
image_13130,0.00011100687288216958
image_13131,4.8390351435946834e-05
image_13132,0.9991251095902326
image_13133,0.0009451973714417209
image_13134,0.00016608792327370243
image_13135,7.27388773132983e-05
image_13136,0.9775844604610281
image_13137,9.980798174700376e-05
image_13138,0.9869460225082344
image_13139,0.00010390832328142626
image_1314,0.00015373901588846395
image_13140,0.00016264211571998804
image_13141,0.0002050599315859855
image_13142,0.0004901384794701865
image_13143,0.0007523828395898713
image_13144,0.0008344453935941253
image_13145,0.0018669288487310324
image_13146,0.00020881005225015809
image_13147,6.052954790070895e-05
image_13148,7.888661131394862e-05
image_13149,0.00020848479752079538
image_1315,0.0018678249487690279
image_13150,0.06185542721449115
image_13151,4.6468090370260133e-05
image_13152,5.313649353907379e-06
image_13153,0.00021230902704273986
image_13154,1.7818192793698586e-05
image_13155,0.0010671362474499854
image_13156,5.225558761898044e-05
image_13157,0.0007645194668421771
image_13158,0.0003483695867251374
image_13159,0.05175205594097735
image_1316,8.736616387191134e-05
image_13160,0.003536568073150026
image_13161,0.9574880976427451
image_13162,0.00015843551125392386
image_13163,0.002840623293997772
image_13164,5.197146062591616e-05
image_13165,0.99230554269339
image_13166,0.9777647170351766
image_13167,0.0007403693634077519
image_13168,0.001261331539351662
image_13169,1.8631481437199397e-06
image_1317,2.8550741728669766e-05
image_13170,0.0006594919710084135
image_13171,0.018317224037527464
image_13172,0.030078452206068296
image_13173,1.0411081376795975e-05
image_13174,0.8922410120166893
image_13175,0.0003574362509951191
image_13176,0.0001913496923213784
image_13177,0.0002573158459712613
image_13178,0.0009850709769787468
image_13179,3.819072237907622e-06
image_1318,0.00013235067632514359
image_13180,0.8170989258145065
image_13181,6.864057148036965e-05
image_13182,1.8450670819507105e-05
image_13183,0.00038198499838106904
image_13184,0.0031336114202348644
image_13185,0.0003449455598060404
image_13186,0.08313015633662574
image_13187,0.0049270379376173505
image_13188,8.095944923194813e-05
image_13189,0.00022642619988682967
image_1319,0.00015147218097660817
image_13190,0.0004024675676283469
image_13191,0.00017883048098263728
image_13192,0.0443705740879776
image_13193,0.00017050732761423847
image_13194,0.9997337115600775
image_13195,0.968757443649741
image_13196,0.00041144316088120685
image_13197,0.00016815555662022085
image_13198,1.5100060264467874e-05
image_13199,0.0008488951053195326
image_132,0.00044441200746890666
image_1320,0.00038298408189395034
image_13200,8.247024762696641e-06
image_13201,7.269989389051543e-05
image_13202,9.37873527303066e-07
image_13203,0.7959711901370717
image_13204,0.9759563665227663
image_13205,5.194822637208797e-05
image_13206,0.0006204019514188108
image_13207,0.0007440277074986159
image_13208,0.01242543660645051
image_13209,7.72925995250561e-05
image_1321,0.0001441678176940703
image_13210,0.00019988776498234537
image_13211,0.9833193146799439
image_13212,0.0009955148405781055
image_13213,0.00011602398443809968
image_13214,5.0482080156704234e-05
image_13215,0.00018031434405204922
image_13216,3.1619507573892005e-05
image_13217,3.5938964335034888e-06
image_13218,0.0010565264977329195
image_13219,0.996495860893317
image_1322,2.7493940017164547e-05
image_13220,0.0012151276293363273
image_13221,0.0006066919542439492
image_13222,0.9843052708564406
image_13223,0.00011015292250165487
image_13224,1.1484676476360196e-05
image_13225,0.013480215895093415
image_13226,0.0005070688725484376
image_13227,0.001099456705899321
image_13228,0.00100055822626541
image_13229,0.0001222372777541878
image_1323,1.0794680853598857e-05
image_13230,8.68725830680372e-06
image_13231,0.026808865160252566
image_13232,0.00010038820562565626
image_13233,0.7907537891851947
image_13234,0.8143791524045362
image_13235,0.00014034267086438274
image_13236,0.0030562030576252587
image_13237,0.032472644849273986
image_13238,0.00273305540323657
image_13239,0.001731598358597973
image_1324,0.0001078181285555303
image_13240,0.00030788235313643914
image_13241,0.0002867445788941473
image_13242,2.43287274504613e-05
image_13243,0.7956389662156724
image_13244,0.005167314700027016
image_13245,0.0014449065935199345
image_13246,0.0005469241723684712
image_13247,0.0003212390379933994
image_13248,6.34568524019346e-05
image_13249,5.479924338566833e-05
image_1325,0.0032118445196129735
image_13250,4.2148807675288275e-06
image_13251,0.00043364581615076934
image_13252,0.000492952312648773
image_13253,0.003194300885168098
image_13254,0.0002241115363273549
image_13255,0.0014145019489370104
image_13256,1.640175305561403e-05
image_13257,0.00015552574759994473
image_13258,0.004285894069115062
image_13259,3.7052062243914794e-06
image_1326,0.0013067866540555583
image_13260,0.00017769345289170432
image_13261,5.52401329107389e-05
image_13262,8.916476008230642e-06
image_13263,1.4365189251790697e-05
image_13264,9.956860820567863e-05
image_13265,0.793881491781634
image_13266,0.0017903117405443584
image_13267,0.00012923373198027758
image_13268,0.0004365790658052613
image_13269,6.664742476344268e-05
image_1327,0.8157012831876385
image_13270,2.6068049428530915e-05
image_13271,0.0006594806218057617
image_13272,0.000305152780547683
image_13273,0.007146099836596309
image_13274,0.00013554237035620268
image_13275,0.0003600686437056439
image_13276,0.0005082570789598889
image_13277,0.00012861891661253551
image_13278,0.00010116433759967789
image_13279,1.2090525563172446e-05
image_1328,0.00014400535434158955
image_13280,0.00021444000547279663
image_13281,0.001098776682905759
image_13282,0.00010799585251260215
image_13283,0.0012417184267991786
image_13284,0.00023029184266049876
image_13285,0.00016811846855456928
image_13286,0.0006421603127861158
image_13287,0.006661031725104622
image_13288,5.6029717110693264e-05
image_13289,0.9956525299133283
image_1329,0.00028008244680960664
image_13290,3.107080122992583e-05
image_13291,0.0011197315672650302
image_13292,3.2406027716866523e-06
image_13293,0.0004289485716162082
image_13294,0.04970443721864106
image_13295,0.0007667403177692045
image_13296,2.151347030911022e-05
image_13297,0.9859026507128144
image_13298,0.0007232626079252087
image_13299,0.9942178915957485
image_133,6.088552234357303e-05
image_1330,4.247878494206673e-05
image_13300,3.1303519669608745e-05
image_13301,7.20899394691562e-05
image_13302,1.9997138776875664e-05
image_13303,7.699017770195725e-05
image_13304,1.3344631303150357e-05
image_13305,1.1951328573260315e-05
image_13306,2.124646868005404e-05
image_13307,0.0007369130925351615
image_13308,4.494994303682711e-05
image_13309,0.0005179075708152206
image_1331,0.09535854379496046
image_13310,3.2784113864247366e-05
image_13311,0.8034741436294105
image_13312,0.9512080803857762
image_13313,0.0005173565982729411
image_13314,0.0001546748709864719
image_13315,1.8273375110452526e-06
image_13316,0.0007426443315214122
image_13317,3.054973316034616e-05
image_13318,0.009383229439709876
image_13319,0.0014050874813787359
image_1332,0.9940257011108942
image_13320,0.00047887093229062697
image_13321,0.0004227308210442095
image_13322,0.0022841974930619575
image_13323,0.004473152627490755
image_13324,0.11601262813592916
image_13325,6.060961128150809e-05
image_13326,0.00018475196699447804
image_13327,0.00016253889095579273
image_13328,0.0015494898023086356
image_13329,0.0012209157208726094
image_1333,0.1748390343461706
image_13330,0.000705319812528085
image_13331,0.00024151622258167618
image_13332,3.371889158090229e-05
image_13333,0.0007303656992765328
image_13334,0.00013295966019804964
image_13335,0.9701491272074991
image_13336,9.702532595071711e-05
image_13337,0.00022521771096899618
image_13338,4.8074223776221715e-05
image_13339,0.011122543717960759
image_1334,0.007404849395535466
image_13340,0.005614687590737277
image_13341,0.00635113297837959
image_13342,0.00518321459006618
image_13343,0.000463238838456714
image_13344,0.0005842588412135804
image_13345,1.4869147050259108e-05
image_13346,7.499074570358411e-05
image_13347,0.0009366146081669069
image_13348,0.00542548762843746
image_13349,0.0007502074208944477
image_1335,0.006142626920333288
image_13350,0.00027384283405476416
image_13351,7.094992970596605e-06
image_13352,0.8168524358372735
image_13353,0.0008128023704718507
image_13354,0.011144807545080787
image_13355,6.892547100144936e-05
image_13356,0.00012237747031559375
image_13357,0.0008289937134823855
image_13358,0.000507469230119448
image_13359,0.001997423497257013
image_1336,1.761221910239654e-05
image_13360,5.015608521917343e-05
image_13361,0.0010036805630547682
image_13362,0.0038479761247528317
image_13363,0.0006528945922829085
image_13364,9.026159618217143e-05
image_13365,0.0012972025189629008
image_13366,0.0003255473583817424
image_13367,0.0011131599996408088
image_13368,0.0035303129578089175
image_13369,7.068857684344344e-05
image_1337,0.0010805436460931926
image_13370,0.0007317333191423908
image_13371,3.6053357442616747e-05
image_13372,6.979604615566857e-05
image_13373,4.5661143869168744e-05
image_13374,0.0002953300117733465
image_13375,3.312584902272576e-05
image_13376,0.002810610388345157
image_13377,0.7930925416575129
image_13378,7.989494855606526e-05
image_13379,0.004247795671582318
image_1338,0.7901650923629248
image_13380,0.00421848123900303
image_13381,0.00066680543808192
image_13382,0.8078637605974134
image_13383,0.00043005398555978337
image_13384,0.0005734565649792583
image_13385,0.0015353651539212578
image_13386,5.570169027793082e-05
image_13387,0.020086977888035006
image_13388,0.0004320292970673613
image_13389,0.0003157913816353837
image_1339,0.00038806596930957037
image_13390,1.6334052236038042e-05
image_13391,0.001773489036564762
image_13392,0.0046509937079484915
image_13393,6.5936439126698895e-06
image_13394,4.005214740115346e-05
image_13395,0.00427182492632321
image_13396,0.00023221356923464994
image_13397,0.0006453567914755036
image_13398,0.0005406899732237348
image_13399,0.00011360499797468623
image_134,0.0033592150986951367
image_1340,0.00011338712227676238
image_13400,4.2422402803818384e-05
image_13401,0.00019882234404202558
image_13402,0.00017288913598804886
image_13403,2.6355554284227153e-05
image_13404,0.7956669999243361
image_13405,0.0007986157832777086
image_13406,0.1938292113016557
image_13407,0.04540031168200272
image_13408,0.00023301568204199498
image_13409,0.00010404574390837156
image_1341,0.002031144623401283
image_13410,0.0005598957425792842
image_13411,3.999604578056742e-05
image_13412,0.00014943450365498162
image_13413,0.000504630124057125
image_13414,0.9969989990100807
image_13415,0.048468249649840915
image_13416,0.06866284236767896
image_13417,0.009033672491004917
image_13418,5.477713851124038e-05
image_13419,9.197443691791499e-05
image_1342,2.001182718859151e-05
image_13420,3.944926312371637e-05
image_13421,7.079784578050674e-05
image_13422,0.993475541452489
image_13423,0.0005874100065216496
image_13424,9.030478307078161e-05
image_13425,0.00047941507987998226
image_13426,0.0004891946981906652
image_13427,0.8411027720046971
image_13428,0.7942528178413817
image_13429,0.00016265771688118657
image_1343,8.250632314931308e-05
image_13430,1.1250422510265282e-05
image_13431,8.034340892134045e-05
image_13432,0.9972525389477827
image_13433,0.993230959848197
image_13434,0.0005229174691264741
image_13435,0.001744561107587765
image_13436,1.991899469705514e-05
image_13437,0.000454559603353181
image_13438,0.0001561692580834624
image_13439,0.9919269033254172
image_1344,0.9147885956938664
image_13440,0.0004456199012370722
image_13441,0.00023115469121908118
image_13442,0.0012586678411798892
image_13443,0.9686462808751024
image_13444,0.0001553647245629525
image_13445,0.0031853636320334647
image_13446,0.9978231883643162
image_13447,1.1724365500209534e-05
image_13448,5.8129904235042025e-05
image_13449,2.8898217885150582e-05
image_1345,0.03495051898365034
image_13450,0.9883382611220857
image_13451,0.0001572112367430499
image_13452,0.0005669022191000597
image_13453,0.0005561393628681359
image_13454,0.00011449632746947883
image_13455,0.0001436651816201981
image_13456,8.360689938556972e-05
image_13457,0.0005519434831796755
image_13458,0.0001721219843120196
image_13459,0.8332008185312321
image_1346,0.00013914691164447558
image_13460,0.00030455152731450566
image_13461,0.0008184908083063884
image_13462,0.00010916897921896574
image_13463,0.08199800974099805
image_13464,0.001605657300480342
image_13465,4.465267423850571e-06
image_13466,0.0028735096273258686
image_13467,7.558155555794216e-06
image_13468,3.6586866269740665e-05
image_13469,0.002309138066851981
image_1347,0.00036479238257292187
image_13470,0.9990343594830359
image_13471,0.00018475337750805944
image_13472,0.0019051761277785978
image_13473,0.8836545645869391
image_13474,0.9628719926467483
image_13475,0.0025405591668870384
image_13476,8.117543678529324e-06
image_13477,1.450050698924909e-05
image_13478,0.002227791370330392
image_13479,1.4557505787593636e-05
image_1348,0.0033932052283752387
image_13480,0.00023545279300701862
image_13481,0.0004587687730366668
image_13482,0.0008843937138717138
image_13483,0.0015724486955953556
image_13484,6.395488822725534e-06
image_13485,1.7263095184842593e-05
image_13486,0.0013110342500363818
image_13487,0.0005574232241013319
image_13488,0.0002284323647854715
image_13489,2.4542167168784505e-05
image_1349,0.00028458531116165863
image_13490,0.00034472480851362506
image_13491,0.7984698791606488
image_13492,0.00015417567738619382
image_13493,5.976862420905493e-05
image_13494,0.8301400267462432
image_13495,0.9805589106738803
image_13496,0.000845338487234625
image_13497,0.0006816702268158347
image_13498,0.0006598207529885881
image_13499,0.00029233813031932673
image_135,0.00028505250244254904
image_1350,9.280749302994085e-06
image_13500,0.0003631218706083705
image_13501,0.0011885171165889447
image_13502,0.00032064211668307097
image_13503,0.0001512693713620837
image_13504,0.7935240430914471
image_13505,4.813904746981752e-05
image_13506,0.0006299535228900638
image_13507,0.9698848335407375
image_13508,0.00028092539523060574
image_13509,3.158823775446948e-05
image_1351,0.007593136068217007
image_13510,0.9973671981649834
image_13511,0.00012879888129039129
image_13512,6.989548100046775e-06
image_13513,0.006146212381228072
image_13514,4.93932553660693e-05
image_13515,0.0018415120045877898
image_13516,0.7969537063615819
image_13517,0.00015304446419528488
image_13518,0.003149618323775133
image_13519,2.5905523544847117e-05
image_1352,0.0021056844926255042
image_13520,0.005228200373429103
image_13521,8.734428520477784e-05
image_13522,2.7149798254986065e-05
image_13523,0.0003119819652145061
image_13524,0.00020597957578984773
image_13525,8.68676666245976e-05
image_13526,0.00017185928571065626
image_13527,0.02436955512252954
image_13528,0.0022033430366858115
image_13529,0.00021619055037862267
image_1353,0.005568136558410634
image_13530,0.7958480161653811
image_13531,0.0009142481931161503
image_13532,0.00916177272058316
image_13533,0.0002773046521632716
image_13534,0.0008467666714750566
image_13535,0.0007329984848368922
image_13536,0.0014048438713737672
image_13537,0.9940906431282759
image_13538,0.0003867897180420006
image_13539,0.00042655211944235604
image_1354,6.50287685581807e-05
image_13540,0.0009085087013042901
image_13541,0.00014233465785116014
image_13542,0.005412477639846406
image_13543,0.973252407113959
image_13544,1.1370826493446908e-05
image_13545,0.05553721455118271
image_13546,0.0012501994864158477
image_13547,2.4609810581463368e-05
image_13548,0.00018801245817341673
image_13549,0.0007265921067469788
image_1355,0.0008264835051050367
image_13550,0.0016359807142343457
image_13551,7.434453272508853e-05
image_13552,4.578902113327666e-05
image_13553,0.0002746246190840439
image_13554,0.00012788378598412644
image_13555,0.0005234163586505266
image_13556,0.0015683888182105084
image_13557,0.0002167737631055555
image_13558,0.7986208945216569
image_13559,0.0004113052837100027
image_1356,2.7361444113845896e-06
image_13560,3.1413611320090576e-05
image_13561,3.461564278078766e-05
image_13562,0.03923605990954576
image_13563,0.0001477543860278895
image_13564,0.00023170078826250377
image_13565,1.5339340178734893e-06
image_13566,0.0012606879997426191
image_13567,6.639905327334057e-05
image_13568,0.0006932979798305748
image_13569,0.00025916142765621024
image_1357,0.7955079273980238
image_13570,0.001352068926014131
image_13571,0.00057217853826053
image_13572,0.002600359926849416
image_13573,6.308335874458758e-05
image_13574,0.0004902935533488584
image_13575,0.00032714792078429697
image_13576,0.00042353165121616676
image_13577,0.0007372182137724175
image_13578,0.0005866406644961012
image_13579,5.44220931040563e-05
image_1358,3.7426815219249965e-05
image_13580,0.0003155791783665573
image_13581,2.4865911505729855e-06
image_13582,9.92180122508798e-05
image_13583,0.0002943744104203669
image_13584,0.0006114877390453044
image_13585,0.0016361708272090447
image_13586,0.00027800435354223844
image_13587,0.00019163639960665372
image_13588,0.900948597279902
image_13589,0.995065039350569
image_1359,0.00016365000159773214
image_13590,0.0053874999569384465
image_13591,0.0002257042625558422
image_13592,0.00011954578562017358
image_13593,6.089157369720279e-05
image_13594,3.385875721165252e-05
image_13595,5.103266553635435e-06
image_13596,0.0001177709101049776
image_13597,0.8105190213770387
image_13598,0.002502062501089861
image_13599,0.0005407077260461432
image_136,1.5410547439379483e-05
image_1360,0.022831052719437514
image_13600,5.3153402836100195e-05
image_13601,0.00024449761068285
image_13602,0.0014346130090114955
image_13603,4.294950172472781e-05
image_13604,1.989336854553775e-05
image_13605,0.008009128662094583
image_13606,0.0007212635450382521
image_13607,0.0001489153885421561
image_13608,6.360841851554877e-05
image_13609,0.7960931883355655
image_1361,0.0013987737330663377
image_13610,2.0300036859469326e-06
image_13611,2.769904762398778e-05
image_13612,0.003659668314202582
image_13613,6.817674335550924e-06
image_13614,0.00903582549784197
image_13615,8.787344073509644e-06
image_13616,2.1503010764967992e-05
image_13617,0.08302926828501514
image_13618,0.00042777434966010123
image_13619,0.005308943456048589
image_1362,0.0005788904996165032
image_13620,0.06433079078675971
image_13621,0.00012584074347728123
image_13622,1.356582090358196e-05
image_13623,0.0005998814908996484
image_13624,0.8755904553217487
image_13625,0.018692305108780553
image_13626,0.00014829378897424666
image_13627,9.563965850753421e-05
image_13628,7.449855615907877e-05
image_13629,0.008905513642908588
image_1363,0.9980152749977325
image_13630,0.004322729023558467
image_13631,0.9972857698172769
image_13632,4.510609973343286e-05
image_13633,9.973607713708575e-05
image_13634,0.0012667075219438995
image_13635,0.0001329001857315946
image_13636,0.0013759788179914267
image_13637,0.0003225051152917594
image_13638,0.00022067972950308993
image_13639,0.0002635061498467216
image_1364,0.00015327911993004767
image_13640,0.0014089018879854327
image_13641,8.022995667178874e-05
image_13642,0.0001490085388327349
image_13643,0.00017190130112045956
image_13644,5.398650607794293e-05
image_13645,0.002278817215827773
image_13646,0.0013779576912759403
image_13647,0.9021149001258386
image_13648,0.001028186111925115
image_13649,5.5593335081222976e-05
image_1365,0.0026789828063867836
image_13650,0.00032396099867470726
image_13651,0.0008859737670516845
image_13652,0.983665583911618
image_13653,0.003722276382368049
image_13654,0.003105272062895672
image_13655,0.9649592186035655
image_13656,8.694851537850536e-05
image_13657,0.00020981379614062228
image_13658,0.0012432593758993314
image_13659,0.007176666863617673
image_1366,0.0003519155475475144
image_13660,0.00033782105533258593
image_13661,5.303209997735283e-05
image_13662,0.00045513260578387214
image_13663,0.0005868837621647836
image_13664,0.0008943477448078113
image_13665,0.003513108813985106
image_13666,0.00011394384909397142
image_13667,0.00125605069151779
image_13668,2.232512773925545e-06
image_13669,1.0272902524278502e-05
image_1367,2.6188086623065343e-05
image_13670,8.932564322731162e-06
image_13671,0.0019450937128101923
image_13672,5.346500918248114e-05
image_13673,0.002135331661811581
image_13674,0.0007147818903908651
image_13675,0.0010184635054320164
image_13676,0.0019343256104205676
image_13677,0.0002718394386141105
image_13678,0.00013781780657260177
image_13679,0.015348619837246735
image_1368,0.8907786214151934
image_13680,0.7956222061229168
image_13681,0.0014503795445442568
image_13682,0.0006704771031259974
image_13683,1.7721226490310405e-05
image_13684,4.025127994258526e-05
image_13685,2.123657028541747e-05
image_13686,7.680855494381335e-06
image_13687,0.9992330769836799
image_13688,4.563060040822182e-06
image_13689,9.320166369966701e-06
image_1369,0.005285470236620446
image_13690,0.00010303580914363414
image_13691,0.00019636813885117108
image_13692,0.00011005401538245296
image_13693,0.9981567835533965
image_13694,0.013827353944285548
image_13695,6.714771037441111e-05
image_13696,0.000260650368437615
image_13697,7.726091473921451e-05
image_13698,0.0004527045534437556
image_13699,3.861604333320536e-05
image_137,0.00030296010800850845
image_1370,2.3102458627673785e-05
image_13700,0.0012468690329612527
image_13701,0.0003082789727242586
image_13702,0.0020799057994158646
image_13703,0.003988071884411288
image_13704,0.00482302930957011
image_13705,0.00010235177826851269
image_13706,0.8072767206026498
image_13707,0.8082705864979784
image_13708,0.0011763655700851906
image_13709,7.467322185744714e-05
image_1371,0.0014720261895538752
image_13710,2.449459025010938e-05
image_13711,4.4688891932129294e-06
image_13712,0.0011611833715972995
image_13713,0.0001265583344590903
image_13714,0.0003192433266930611
image_13715,0.0004262254777365333
image_13716,0.00023127112004619446
image_13717,0.0008387476087351176
image_13718,0.0009712664208356307
image_13719,0.8132801861216187
image_1372,0.00040921697090919577
image_13720,0.00013213288533769666
image_13721,0.8218673066898573
image_13722,1.3642944184523009e-05
image_13723,0.7985100798671271
image_13724,0.0006751521173122774
image_13725,6.20341801501643e-06
image_13726,0.00040085062195210127
image_13727,0.17313392711016792
image_13728,1.0827143428920458e-05
image_13729,0.0025134713575642705
image_1373,0.00018007412843393245
image_13730,0.00022254171945157536
image_13731,0.999576465590341
image_13732,0.000314785884466252
image_13733,0.00044210933831803157
image_13734,0.004900799457971526
image_13735,0.0006035622831268257
image_13736,0.00046760935269141504
image_13737,0.00021467179650875331
image_13738,0.005094164172029822
image_13739,0.0006094633161667508
image_1374,3.3073425043765876e-05
image_13740,4.094479155998819e-05
image_13741,0.00031430240538450003
image_13742,8.953944415696404e-05
image_13743,0.9990644526149417
image_13744,0.0005039189342006193
image_13745,0.0002699240812973105
image_13746,0.00031689972951447665
image_13747,0.0009240722597989541
image_13748,0.00040741818960441284
image_13749,0.0001763541900274697
image_1375,0.0004646092861409501
image_13750,0.8420146355609509
image_13751,0.0007610361178540092
image_13752,0.0029658859431177143
image_13753,0.9950706793430033
image_13754,0.7919223625080782
image_13755,0.1578216728995369
image_13756,0.003232909113612211
image_13757,0.1273908763158894
image_13758,0.00019655441653678368
image_13759,6.675847237541196e-06
image_1376,0.016527399790011874
image_13760,0.005375971900710363
image_13761,1.014658443766858e-05
image_13762,0.00017092328648911148
image_13763,0.022526026931070676
image_13764,0.0008606262820772204
image_13765,0.0001753784980128609
image_13766,0.00022556556576750842
image_13767,0.9986542560823827
image_13768,0.0001353105468689569
image_13769,0.016522474195174813
image_1377,0.00039639101126297727
image_13770,0.01404959299526049
image_13771,0.0007538264283658956
image_13772,0.0003554859224863502
image_13773,9.874503463920652e-05
image_13774,0.7972008668404881
image_13775,0.989613632910312
image_13776,0.0003485370858610067
image_13777,0.0013505197718177552
image_13778,8.92936813527983e-05
image_13779,1.678721153038242e-05
image_1378,0.0004204726272621211
image_13780,7.362747485501737e-07
image_13781,0.0001747039902971669
image_13782,0.0003885234654375328
image_13783,0.002966559240637012
image_13784,0.00010903524900849808
image_13785,4.2070520287002396e-06
image_13786,0.003689578882561605
image_13787,7.181388406241922e-05
image_13788,0.007863788030504432
image_13789,5.3811950386700304e-05
image_1379,0.7961843364958547
image_13790,7.289505741995887e-05
image_13791,0.014653869477185527
image_13792,3.2791868430685096e-05
image_13793,0.0003565262476054289
image_13794,8.542423015020921e-05
image_13795,0.00016687421560543833
image_13796,0.008592816996422663
image_13797,1.9608020869377447e-05
image_13798,9.238127498420892e-06
image_13799,0.0012198749110862285
image_138,0.0002591356534143277
image_1380,6.672518858339232e-05
image_13800,8.261768861793975e-05
image_13801,8.505904931058653e-06
image_13802,0.00758665770353051
image_13803,0.01800675086492986
image_13804,0.01062556170612423
image_13805,0.0003617451803073056
image_13806,0.0009723947247022087
image_13807,0.00028203037638601405
image_13808,0.00033084122158317874
image_13809,7.285598967779879e-07
image_1381,0.0009770570188970258
image_13810,0.0006511918492973355
image_13811,0.8528205094985548
image_13812,0.8085082823702286
image_13813,0.00034915388893661913
image_13814,0.0008036782686733854
image_13815,0.0015578439866266133
image_13816,0.001068436501880053
image_13817,6.618357843949678e-05
image_13818,0.009125769792888799
image_13819,0.0005045633319978395
image_1382,0.001225313984838254
image_13820,0.0001432200223101823
image_13821,2.9084708339825574e-05
image_13822,0.002856876171523136
image_13823,0.0024353605645814117
image_13824,1.527422648001673e-05
image_13825,0.0009695224968966446
image_13826,0.0006773156143347772
image_13827,0.00038534844585967734
image_13828,0.00013277162235922883
image_13829,0.0005580919644703168
image_1383,0.001205789158859163
image_13830,0.021392754499353454
image_13831,4.653504133656479e-05
image_13832,6.773602704246616e-05
image_13833,0.000132047146242104
image_13834,0.0011376721358732492
image_13835,5.610962009303649e-05
image_13836,0.0019745206943996394
image_13837,0.00021266742815148648
image_13838,0.9833771211840187
image_13839,0.0004603719215263881
image_1384,0.9978220236800069
image_13840,0.00011431039930998846
image_13841,2.0238636435495368e-05
image_13842,0.04519265623046974
image_13843,6.449515762721556e-05
image_13844,0.0016574657202336023
image_13845,0.00041284717229647
image_13846,0.00018268419518156653
image_13847,6.199385250266639e-05
image_13848,0.995441151551327
image_13849,0.00041134356695144363
image_1385,5.323903517779965e-05
image_13850,0.0003080506453651869
image_13851,0.0004263991212654918
image_13852,0.00023632228146260587
image_13853,2.7526155228378457e-05
image_13854,0.0015613555394925105
image_13855,0.8952327112953358
image_13856,3.840277732674405e-05
image_13857,0.0004214227954392457
image_13858,0.00029703366876207245
image_13859,0.00019781136294397993
image_1386,7.911520327059266e-05
image_13860,6.26113101085707e-05
image_13861,0.0005695219596114292
image_13862,6.681269422334766e-05
image_13863,0.0076284608658166945
image_13864,0.8496372779679895
image_13865,0.00046042113394661056
image_13866,3.0261390700048642e-05
image_13867,0.00011961711935996049
image_13868,6.199005767456146e-05
image_13869,0.00033942864936672794
image_1387,0.0002673186716396132
image_13870,0.0001910395502423336
image_13871,7.720421714172265e-05
image_13872,6.718718695956786e-05
image_13873,0.00032722598187176396
image_13874,0.00019029117153245129
image_13875,0.005815010088403252
image_13876,1.0470325455983726e-05
image_13877,0.00030914893749374044
image_13878,0.0004830562785548228
image_13879,0.02008074510232942
image_1388,0.000546818951094847
image_13880,0.8009334331960345
image_13881,0.002751807935199896
image_13882,0.8345688614012161
image_13883,2.5744714785744153e-05
image_13884,5.3808577038939984e-05
image_13885,0.000697418504415002
image_13886,0.003265678738290094
image_13887,8.312373215915786e-05
image_13888,0.0009580367316247725
image_13889,0.00022286295161846637
image_1389,1.9105614460056855e-05
image_13890,1.1565721268030897e-05
image_13891,0.00023604929706724613
image_13892,0.0017998251060624027
image_13893,0.00010922651953027751
image_13894,0.0006237026626147397
image_13895,1.248736436592256e-05
image_13896,0.0007299995632365708
image_13897,0.9244985651179712
image_13898,7.892572839881707e-05
image_13899,7.486614333901471e-05
image_139,2.7512990325247155e-05
image_1390,0.00013558591743868679
image_13900,0.010535853935696133
image_13901,0.9740798702682245
image_13902,0.00013209702135790418
image_13903,0.00048450210038010596
image_13904,0.0007052316891555861
image_13905,2.2295805594577147e-05
image_13906,0.9889836249804465
image_13907,0.0003245329495673274
image_13908,0.0008967475813825284
image_13909,0.8015263662554204
image_1391,0.011695209645329467
image_13910,0.019997139246028372
image_13911,1.4877580400600067e-05
image_13912,7.724034591942731e-05
image_13913,0.0012271806298165804
image_13914,8.759831551033098e-06
image_13915,5.206388163345994e-06
image_13916,0.0014099041699671391
image_13917,0.0043458046681834495
image_13918,9.164349746429247e-05
image_13919,0.9915402464358178
image_1392,0.0001867523216578624
image_13920,0.007124045146717338
image_13921,1.5957484222904425e-05
image_13922,0.09608792730922028
image_13923,0.012404413345237193
image_13924,0.009236587777945227
image_13925,0.00011893326074918226
image_13926,0.00034934018491893304
image_13927,0.0006705322937413723
image_13928,0.006440990752372919
image_13929,4.0071594530397044e-05
image_1393,0.00232740161666718
image_13930,0.00022621144814286226
image_13931,0.0003698151578572331
image_13932,0.007031355425438592
image_13933,0.004241410843415128
image_13934,0.00034597825455909466
image_13935,0.00019232398972630367
image_13936,0.00414491577262104
image_13937,0.00015731779164324355
image_13938,0.00037653186549590925
image_13939,0.00010907323588431939
image_1394,1.4906935011169353e-05
image_13940,2.8916916769584552e-05
image_13941,0.00017270717945959456
image_13942,8.961110981148121e-06
image_13943,0.00043353322960807344
image_13944,0.00032490340052065975
image_13945,0.7995555356377461
image_13946,1.9088790800227704e-05
image_13947,0.00011834317756721808
image_13948,0.037341278575831915
image_13949,0.00014304365891838958
image_1395,0.9910021500383861
image_13950,0.0011737606256514922
image_13951,0.0007337120823510091
image_13952,0.00034856762567758053
image_13953,0.0006230086224226937
image_13954,0.0001934427347507808
image_13955,0.0005912567333232709
image_13956,0.004280061552209314
image_13957,0.0004602568858624435
image_13958,0.00035315899439110126
image_13959,0.00010505529150667403
image_1396,0.0002127772604139704
image_13960,0.9975500308721301
image_13961,0.0005494961387734291
image_13962,0.20046498337066937
image_13963,3.104289723443158e-05
image_13964,0.0019174664501043482
image_13965,0.9376121691538213
image_13966,0.00011140563464417481
image_13967,2.480676730809399e-05
image_13968,0.8230669095596046
image_13969,2.65344232271453e-05
image_1397,1.674350625377674e-05
image_13970,0.000161783180700611
image_13971,0.00011864243678798541
image_13972,0.15430874914203896
image_13973,0.00019125749865221768
image_13974,0.0004644361686561405
image_13975,1.5123455551462454e-05
image_13976,0.00023045387696833333
image_13977,0.0006277420245468052
image_13978,0.0005390896177506035
image_13979,0.0004060170932827801
image_1398,0.9933603443193963
image_13980,0.0010993766552769122
image_13981,0.002343234644747419
image_13982,0.00012125230318781474
image_13983,0.0013741285532262871
image_13984,0.0001268362671348636
image_13985,0.000511110711946635
image_13986,0.0006795718407572335
image_13987,5.9533292763254266e-05
image_13988,0.9979762956778154
image_13989,0.00012835397838677453
image_1399,0.000974788438991785
image_13990,0.00046247810575867347
image_13991,0.12541062916779708
image_13992,0.0001307053897851827
image_13993,0.0025146219086987424
image_13994,1.0238514337273158e-05
image_13995,0.18076163293084208
image_13996,5.981243627476891e-05
image_13997,0.0004163805647693806
image_13998,0.9938582167878618
image_13999,0.9704168469386326
image_14,0.00044039945247912655
image_140,9.46705178568299e-05
image_1400,0.9635010063245479
image_14000,4.372745343908029e-05
image_14001,0.00013955711991965128
image_14002,0.01366350237815758
image_14003,0.9901372868952645
image_14004,1.086232870473158e-05
image_14005,0.00014818000763484564
image_14006,0.002632767998212061
image_14007,0.029979812695274877
image_14008,0.0004017717112004491
image_14009,7.683023786463784e-05
image_1401,6.4797742510963086e-06
image_14010,0.0045213670172632335
image_14011,0.000624164286723051
image_14012,0.00044302064235688976
image_14013,5.8352554079235035e-05
image_14014,0.00015956494030684585
image_14015,1.8713887505123868e-06
image_14016,0.0010642216566662751
image_14017,0.7948660753187701
image_14018,1.33992621239815e-05
image_14019,0.0003067774970325711
image_1402,0.0001922898452648948
image_14020,4.519227682512865e-05
image_14021,9.580771724118024e-05
image_14022,0.000548738529541014
image_14023,0.8045118046439992
image_14024,0.01600239468063005
image_14025,0.9287458733268149
image_14026,2.673012156239332e-05
image_14027,0.0015768102454949793
image_14028,0.00015980007093976736
image_14029,1.3622723087375142e-05
image_1403,0.0014436810435023177
image_14030,0.20015467558055272
image_14031,7.171163586262307e-05
image_14032,0.019324472898245702
image_14033,0.0021977479308082776
image_14034,0.0060955829833084
image_14035,0.9681051176855673
image_14036,0.0007532573382140605
image_14037,0.00020604078716854966
image_14038,0.9840475544332208
image_14039,0.0006631170376829696
image_1404,0.9993770220862848
image_14040,0.00023194722221922624
image_14041,0.9928918075347679
image_14042,3.2192189533146054e-05
image_14043,0.00993826810849261
image_14044,0.0007091896041437445
image_14045,0.0016130073596006711
image_14046,4.052982320056324e-05
image_14047,0.012497396706127666
image_14048,0.0008685455653750784
image_14049,0.7987963792787465
image_1405,0.00211832828023486
image_14050,0.0022650611560932118
image_14051,0.003946522629770637
image_14052,0.00033829531223428775
image_14053,0.00034051801159974725
image_14054,0.8403377774842452
image_14055,0.0027236005905069936
image_14056,0.805797694310184
image_14057,5.974554907854682e-05
image_14058,0.9979290455004604
image_14059,4.558665614098446e-05
image_1406,0.7962737773510856
image_14060,5.301160017721035e-05
image_14061,0.9998332618745216
image_14062,8.156311515749754e-05
image_14063,0.0008306809409502538
image_14064,3.969075860804819e-06
image_14065,7.179318655673987e-05
image_14066,0.0008192170760179841
image_14067,0.0010119448007699892
image_14068,0.7957716202609969
image_14069,0.0007076852637225086
image_1407,0.026580006004209476
image_14070,0.00014964155953192264
image_14071,0.0022562036610811248
image_14072,0.04960248479294026
image_14073,0.00018642171792756907
image_14074,0.0002611186355471986
image_14075,4.5879491584269614e-05
image_14076,3.529167198092633e-06
image_14077,0.7974228120581783
image_14078,0.19259569535879528
image_14079,7.86411392858112e-05
image_1408,0.0003668023021559683
image_14080,4.263833684616502e-05
image_14081,0.00013171005819261004
image_14082,0.011534209291754471
image_14083,0.00012134581752631997
image_14084,7.155276872936372e-05
image_14085,0.001094146744579599
image_14086,0.0004703345579241791
image_14087,0.0039022439588522707
image_14088,0.00026146690933100684
image_14089,0.0015625249274087059
image_1409,0.0012855943743473794
image_14090,0.8057073574551763
image_14091,0.8915707855054512
image_14092,0.0001594760434154302
image_14093,5.2301986064130725e-05
image_14094,0.00025500097057658787
image_14095,0.000463396344793074
image_14096,0.0018674642787160655
image_14097,0.9583205859583213
image_14098,4.500132652678403e-05
image_14099,0.00017695558935195031
image_141,0.7948106216330455
image_1410,8.704601728112792e-06
image_14100,0.0005336235076292686
image_14101,2.7858552788010495e-05
image_14102,4.338328221088895e-06
image_14103,0.0003833409289912564
image_14104,0.0003243041390706174
image_14105,0.00043216588761652225
image_14106,0.8501078489037788
image_14107,0.8197245784716181
image_14108,0.00017747556450777038
image_14109,4.901853616371298e-05
image_1411,1.526537396364821e-05
image_14110,6.481248078178502e-05
image_14111,0.009998768680846804
image_14112,0.020331747172688975
image_14113,1.829554615859084e-05
image_14114,1.7642930699738287e-05
image_14115,3.540484388397267e-05
image_14116,8.424167168957668e-06
image_14117,7.057046495161151e-05
image_14118,0.0012958057552639093
image_14119,0.004280139733431649
image_1412,2.970807421219839e-05
image_14120,0.00013339073387735
image_14121,0.031219934515347027
image_14122,0.00015889588876002417
image_14123,0.9921947132653537
image_14124,0.8303577970583342
image_14125,0.9749847247995603
image_14126,0.0019503725361213879
image_14127,0.00010978452484213669
image_14128,0.0025518279874242834
image_14129,3.397863748469017e-05
image_1413,0.7953767642047432
image_14130,0.10069086161916099
image_14131,0.004241213494292243
image_14132,7.996438797178344e-06
image_14133,8.370717125039226e-06
image_14134,6.352642278707961e-05
image_14135,0.00015539596423073853
image_14136,0.010217864351279981
image_14137,9.769068047193762e-05
image_14138,0.0014357452033702796
image_14139,0.0006966159078043259
image_1414,0.00016755814763901733
image_14140,8.637309467249869e-05
image_14141,0.0003555601536398764
image_14142,0.000870423850697154
image_14143,0.0006665716161508483
image_14144,0.00044847188964693764
image_14145,0.0061170172406467055
image_14146,0.001593169613327432
image_14147,0.00011211577064568584
image_14148,0.0009654480156524984
image_14149,0.0025737935347154425
image_1415,0.001981479257090594
image_14150,0.0003521427989633593
image_14151,0.0005334712123676513
image_14152,0.0008529987224515237
image_14153,0.15998291393164865
image_14154,0.0008382370176979452
image_14155,8.939535629653569e-05
image_14156,0.00037760748583583393
image_14157,0.9860154153062398
image_14158,0.00021889395264939023
image_14159,0.0029461123491831094
image_1416,0.00019806687560293846
image_14160,0.9983255950301734
image_14161,0.0005879652354264932
image_14162,0.0009390760621437675
image_14163,1.7546998224112935e-05
image_14164,0.00014989636275176353
image_14165,0.0019299012678863677
image_14166,0.0008786396512297179
image_14167,0.0008475185261529797
image_14168,0.8028141885538524
image_14169,0.00016178153572740867
image_1417,0.9613728557235888
image_14170,0.0018781987371671103
image_14171,4.2909618700263357e-05
image_14172,3.026304053259473e-05
image_14173,0.00021595915510429927
image_14174,0.00034034005417561133
image_14175,0.0006083700655407814
image_14176,0.008550424398353301
image_14177,0.0003863067228259194
image_14178,8.60713002847512e-05
image_14179,0.0007254266120846015
image_1418,0.00021297760519503562
image_14180,0.00012383707240893373
image_14181,0.9991979096548007
image_14182,0.0010245383398701546
image_14183,0.00017098171474192798
image_14184,0.00028308867435530914
image_14185,2.3593378558431776e-05
image_14186,9.457612763512484e-05
image_14187,0.0004139123921426526
image_14188,8.106008709800883e-05
image_14189,0.0035982512508775737
image_1419,7.314682833042528e-06
image_14190,0.00037142078350083573
image_14191,0.0007523293216211967
image_14192,0.9967864704173435
image_14193,0.0010526601705265364
image_14194,0.00045881859781857833
image_14195,2.8885466001807975e-05
image_14196,4.3244546504106605e-05
image_14197,1.291997943652763e-05
image_14198,1.2036439582049568e-05
image_14199,0.00013065965999786797
image_142,3.4976119312376316e-05
image_1420,0.001362432571916948
image_14200,0.0009828345211333003
image_14201,0.002217890132846098
image_14202,0.00023159225737717526
image_14203,4.8273119524888424e-05
image_14204,9.53577472469145e-05
image_14205,1.763593797290421e-05
image_14206,0.7955367925490925
image_14207,0.0002217666083313801
image_14208,0.8034496355521679
image_14209,0.0005093036372554228
image_1421,0.00023689223717322794
image_14210,0.0009568284912223636
image_14211,0.0006820229980668146
image_14212,0.0004518701519099793
image_14213,0.00015978035218033168
image_14214,0.002149762194788265
image_14215,0.0034408303545436767
image_14216,0.7961948522309575
image_14217,5.349499773978208e-05
image_14218,0.0003468688593314387
image_14219,0.00023074761390928962
image_1422,0.00010813724851198397
image_14220,0.003090230461015428
image_14221,0.0001135993453817023
image_14222,0.00020447224813276572
image_14223,0.0002455414382222256
image_14224,0.8073103672229683
image_14225,0.8032349941820576
image_14226,9.476312603902417e-06
image_14227,0.9912892520403496
image_14228,0.00012610558903782034
image_14229,3.235605859893063e-05
image_1423,0.00012002374076576172
image_14230,0.00020452711018330202
image_14231,0.00013881277483151688
image_14232,0.0009638080748438314
image_14233,0.009634733990478964
image_14234,0.7987334874676973
image_14235,0.9344111920328656
image_14236,0.0009144713639243546
image_14237,0.00047374443625862174
image_14238,3.443072541264268e-05
image_14239,3.558555745646553e-05
image_1424,0.0012027326057038133
image_14240,0.0019026749973298698
image_14241,0.00036823352720661217
image_14242,2.0197748897100068e-05
image_14243,0.9969955986200508
image_14244,2.497778904610495e-05
image_14245,0.0029073140891336556
image_14246,6.409288472765963e-05
image_14247,0.003618187967418398
image_14248,0.0034873683832982254
image_14249,0.0004912997812572549
image_1425,5.060224730587588e-05
image_14250,0.0013349799478773682
image_14251,0.0006057004945324435
image_14252,0.00231658576092509
image_14253,0.00996005276598226
image_14254,0.0049620574058163456
image_14255,0.011283644633034856
image_14256,0.0004114571828181963
image_14257,0.0003908085314461128
image_14258,0.0001227894467702581
image_14259,0.8057627773225027
image_1426,5.685815613809534e-05
image_14260,0.999395148073449
image_14261,0.00020097202165748023
image_14262,0.00014575160353975502
image_14263,7.361816682058243e-05
image_14264,0.9992348727227996
image_14265,0.021076430464127605
image_14266,7.632581230320598e-05
image_14267,0.00020947146916367782
image_14268,0.9802235831835262
image_14269,6.651815150478153e-05
image_1427,0.9968749371376703
image_14270,0.7918217655625518
image_14271,0.00018046631386137838
image_14272,5.1210706608906253e-05
image_14273,4.000969442057152e-05
image_14274,0.00045310488765303513
image_14275,0.0004369116799313683
image_14276,0.00037838256837261495
image_14277,0.0015558679558219384
image_14278,0.00019382479959095442
image_14279,0.9801646236079747
image_1428,0.0014123715553013886
image_14280,0.2067540013993308
image_14281,0.0003225663495984284
image_14282,0.7916841186320784
image_14283,0.0052685204531367266
image_14284,0.009955661754871524
image_14285,3.517199178639766e-05
image_14286,1.934407613459227e-05
image_14287,3.945297432814826e-05
image_14288,0.03166766735019377
image_14289,0.7983224674032174
image_1429,1.8169553689785337e-05
image_14290,0.00040650523427542283
image_14291,0.0003601151817034766
image_14292,0.0001865587223891004
image_14293,0.0001891137320528979
image_14294,0.00022306593611156797
image_14295,1.0296175014019023e-05
image_14296,0.00013956271990529125
image_14297,0.0004133889652991886
image_14298,0.000849761316163887
image_14299,0.7981622642953978
image_143,8.33815721864044e-06
image_1430,0.805197884420153
image_14300,1.1890812812668129e-05
image_14301,2.221100631241244e-05
image_14302,1.9762425181506866e-05
image_14303,0.0006346815137077627
image_14304,0.00010494696325552823
image_14305,0.00010868366010962525
image_14306,0.02730036156696271
image_14307,1.6881949934924676e-05
image_14308,0.0015335775669402627
image_14309,2.7275595740900383e-05
image_1431,0.0038891506858191017
image_14310,0.0014691163509485644
image_14311,0.003584317728923159
image_14312,0.0003506380133156685
image_14313,0.0004632081851605349
image_14314,0.9998095269386683
image_14315,0.0011991197815048738
image_14316,0.0024474367230206172
image_14317,0.00010576765830194027
image_14318,0.006550314711283775
image_14319,1.5730465064952677e-05
image_1432,1.5775804617250754e-05
image_14320,0.9982025802061442
image_14321,0.00021338646380522855
image_14322,0.0003606851389131696
image_14323,0.0014569568684049809
image_14324,0.00044039455212718505
image_14325,0.0003068165845424132
image_14326,0.00032536169539892115
image_14327,0.04339379716184917
image_14328,0.01942574578124917
image_14329,7.739261591984256e-05
image_1433,0.0011448991571362094
image_14330,0.0014992248961487548
image_14331,0.0016709017845760285
image_14332,8.826549202531479e-05
image_14333,7.739959133953686e-05
image_14334,0.0001322133680212013
image_14335,0.0006383111946746254
image_14336,3.711514749140335e-05
image_14337,0.00034085559554544086
image_14338,0.0003387107109544121
image_14339,1.6404715591445327e-06
image_1434,5.035903662366278e-05
image_14340,0.8369860982685264
image_14341,5.4084904934502325e-05
image_14342,2.4888443375049243e-05
image_14343,0.0002082028410638738
image_14344,0.022064767567696576
image_14345,0.9924183312800844
image_14346,0.0024779576987769636
image_14347,0.9713029194014025
image_14348,0.00028815323472656726
image_14349,0.0002834408587053144
image_1435,0.0001528808813047259
image_14350,0.001416519938786085
image_14351,0.996699846183556
image_14352,0.0024736854691591267
image_14353,0.9560742341648737
image_14354,3.860852726941872e-05
image_14355,0.0003639021753425421
image_14356,8.835855892564116e-05
image_14357,0.17984802162457716
image_14358,0.01687016822710325
image_14359,0.0007897792158684001
image_1436,4.0515795754923416e-05
image_14360,9.678345626526251e-05
image_14361,0.00014182547862030023
image_14362,3.723307307582592e-05
image_14363,0.9990534669198734
image_14364,0.0032805445779558436
image_14365,0.0002551328462497962
image_14366,0.00020209662537468224
image_14367,0.00010354158885383823
image_14368,2.8380610253764177e-05
image_14369,0.0023867092603028725
image_1437,0.00014031579331076293
image_14370,0.0002721620429467186
image_14371,0.8668135076270062
image_14372,6.0020367009252326e-05
image_14373,0.00011552604206750781
image_14374,0.0007149845397799563
image_14375,0.007017505541717586
image_14376,0.00146436852608686
image_14377,6.337951253478003e-05
image_14378,0.0014331665464700923
image_14379,0.000244868785063089
image_1438,0.9012213868991685
image_14380,0.0011840461960338183
image_14381,0.00020000576916609953
image_14382,0.8087284395589242
image_14383,6.126462567102737e-05
image_14384,5.749049703187453e-05
image_14385,0.00048418971733708534
image_14386,0.7984283218475732
image_14387,4.9590452076637076e-06
image_14388,0.0008656752225398957
image_14389,0.0014063847115541653
image_1439,3.9459454566051334e-05
image_14390,0.8272608057411442
image_14391,0.003482267554991826
image_14392,8.606263379525826e-05
image_14393,4.920854353705574e-05
image_14394,9.676443079253206e-05
image_14395,0.0008559969191549585
image_14396,8.153530790748229e-05
image_14397,0.9399484757392986
image_14398,3.683073362657108e-05
image_14399,0.0019916672180768026
image_144,0.000137566799986575
image_1440,5.378237874209253e-05
image_14400,0.0002312794525995452
image_14401,0.00026608578079508527
image_14402,1.0406630895686711e-05
image_14403,0.00023812891128008963
image_14404,0.0005115043455523747
image_14405,0.0001304077978636537
image_14406,7.779632374111681e-05
image_14407,0.0002728371256762829
image_14408,3.8306579572501324e-07
image_14409,0.0006420098150412981
image_1441,0.00016964366667890704
image_14410,7.99956685220159e-05
image_14411,9.541435186552475e-05
image_14412,0.00019814633907186096
image_14413,4.381373538231943e-05
image_14414,0.0002915439612077304
image_14415,0.00021042644782544661
image_14416,7.168213568490164e-05
image_14417,0.004071253634865331
image_14418,0.894224584147219
image_14419,0.0008984656486842419
image_1442,2.6713068755134646e-05
image_14420,0.00035665823731592005
image_14421,0.0011966418458773736
image_14422,0.0001031708783406462
image_14423,0.0007141155421895438
image_14424,0.00018358760160465133
image_14425,0.002003819863767767
image_14426,8.110314949383642e-06
image_14427,0.0018502535016993438
image_14428,0.00013159769067493736
image_14429,0.00010145206336170326
image_1443,5.7374620446536186e-06
image_14430,0.00044500932153760753
image_14431,2.0378353243843295e-05
image_14432,0.0004908960034583126
image_14433,1.0607985436447272e-05
image_14434,0.002708296932094299
image_14435,0.0004497668304097823
image_14436,0.0002023200445793178
image_14437,4.5548720278964285e-05
image_14438,0.00012460405430649962
image_14439,0.000700123490799815
image_1444,0.0001616405257379669
image_14440,0.0004179438170027616
image_14441,0.0007137009259876515
image_14442,0.8792983916471515
image_14443,2.084384353017092e-05
image_14444,0.00163409936238798
image_14445,0.0003488064271838641
image_14446,0.0005646240665127466
image_14447,0.796076838053495
image_14448,0.7919747366233236
image_14449,0.0005401323067465809
image_1445,0.00016242481378052025
image_14450,3.931225878183505e-05
image_14451,9.497056112392301e-05
image_14452,7.488853003992377e-05
image_14453,0.0002271956244973465
image_14454,0.8714893101750322
image_14455,0.0001926882663915598
image_14456,7.397982184157581e-05
image_14457,0.0009991046217187555
image_14458,0.001002788952193041
image_14459,2.336154254567464e-05
image_1446,0.0015169541170051352
image_14460,0.9987586716725728
image_14461,0.00023299341111548285
image_14462,0.11688747663122019
image_14463,0.0004249652107890272
image_14464,0.00012895600089811413
image_14465,0.0005565397187130108
image_14466,0.8022581568328573
image_14467,0.0028268658482465624
image_14468,6.266010293539198e-05
image_14469,0.009742042176368418
image_1447,0.0004411875903742073
image_14470,0.0011762891516939769
image_14471,1.2389765611365539e-05
image_14472,7.483753429242789e-05
image_14473,3.44035800365493e-05
image_14474,0.00031567182905273673
image_14475,0.019143213116211675
image_14476,0.00046868592912980965
image_14477,2.8257019195287745e-06
image_14478,0.003439825227211573
image_14479,0.0002470295190386288
image_1448,0.0008553004400563665
image_14480,0.00020075019915666284
image_14481,9.367934499576353e-05
image_14482,3.2627427393404696e-05
image_14483,0.0007095935726858075
image_14484,0.0004954744807992064
image_14485,0.8065611806270441
image_14486,0.0007308169999861284
image_14487,0.9168905604137505
image_14488,0.0012966709832108894
image_14489,6.357381077133068e-05
image_1449,0.0013303272584310878
image_14490,5.283740005748107e-05
image_14491,0.7945183309557271
image_14492,0.8271338000434632
image_14493,0.0002550061090953504
image_14494,4.375668487697333e-06
image_14495,0.0001357082543150802
image_14496,0.1083949266926036
image_14497,0.0005145339492846903
image_14498,0.00022986703480259437
image_14499,0.7951171121821956
image_145,0.0005351368040838266
image_1450,0.000604861864256676
image_14500,0.00010145385035918538
image_14501,1.8192892232574002e-05
image_14502,0.0001386439920951462
image_14503,6.437290485363813e-05
image_14504,0.00015563632361165276
image_14505,6.477910360118012e-05
image_14506,0.0008252899753846196
image_14507,9.709815095095029e-05
image_14508,1.0396198864741311e-05
image_14509,0.00015633708011652427
image_1451,0.00014301977944668938
image_14510,6.63861810605758e-05
image_14511,0.0005448014436462102
image_14512,0.0008031644060811291
image_14513,0.0017369529877032893
image_14514,0.9907732455898088
image_14515,0.0009453655004406754
image_14516,0.9896981197853396
image_14517,0.0004003170927718125
image_14518,0.793686492870411
image_14519,0.00036114385041769673
image_1452,0.0005163975858442836
image_14520,6.85238625055989e-05
image_14521,0.9206093462519014
image_14522,0.00012085483190101504
image_14523,0.0003355900992970903
image_14524,0.00026028787346619103
image_14525,3.455788952735351e-05
image_14526,0.0017842496258585246
image_14527,6.804226960984564e-05
image_14528,2.465815322816796e-05
image_14529,0.0008425954737988775
image_1453,5.501310157672649e-05
image_14530,1.771938940756383e-05
image_14531,0.00015123350550258296
image_14532,2.4588111395596044e-05
image_14533,3.466721218119257e-05
image_14534,0.0001736102135751457
image_14535,0.9929359639863854
image_14536,0.0013408174479959908
image_14537,3.974639296626059e-05
image_14538,2.143013590033854e-05
image_14539,0.0001486577731588036
image_1454,0.0023606923223676636
image_14540,0.0004954894211596053
image_14541,1.989484258197202e-05
image_14542,0.0005876664966899565
image_14543,0.0001328051608143365
image_14544,2.148506943391328e-05
image_14545,3.418987857989219e-05
image_14546,0.0004100718930283625
image_14547,0.9821688508853892
image_14548,0.0013041508496887922
image_14549,7.194764416376619e-05
image_1455,0.003924435323511786
image_14550,0.00014043520426048543
image_14551,0.13198426435800598
image_14552,0.9977944910667166
image_14553,0.0006906834956492653
image_14554,0.8373213234688628
image_14555,0.011156239967583265
image_14556,0.09814693041860562
image_14557,0.00012736667077957206
image_14558,0.005988454974759967
image_14559,0.0009894197261807248
image_1456,0.00017409111446723723
image_14560,0.0001991954743985704
image_14561,0.00023879411436473634
image_14562,2.630879794806548e-05
image_14563,0.0002170373955800593
image_14564,0.02211348378383305
image_14565,7.84528090731708e-05
image_14566,0.8012598574091131
image_14567,0.0005984890399501657
image_14568,0.003030522923187608
image_14569,0.000109181372820169
image_1457,0.00041723710778431044
image_14570,0.9016408968469201
image_14571,0.00011993116201132272
image_14572,8.454860712698695e-05
image_14573,0.0005118552591103712
image_14574,0.002528246216014559
image_14575,0.006281856543202395
image_14576,0.005921220344283164
image_14577,0.0006131439654644821
image_14578,0.0004890156880808666
image_14579,1.888470953633607e-05
image_1458,4.467437963228755e-05
image_14580,4.338274155569018e-05
image_14581,0.002622690486944599
image_14582,0.00011762045948581524
image_14583,0.00046441033646209767
image_14584,0.0164212876770769
image_14585,0.8672535484888515
image_14586,0.003240782682407832
image_14587,0.0017943886981662226
image_14588,2.7264397516954092e-05
image_14589,0.000518039957923519
image_1459,0.046829449859217095
image_14590,6.868808982767971e-05
image_14591,0.00021445308489842068
image_14592,0.0008752095474979981
image_14593,2.7251470794571595e-06
image_14594,7.322799146884577e-05
image_14595,9.720967511136487e-05
image_14596,8.897567838893446e-05
image_14597,1.3841727633999476e-05
image_14598,0.00035872341042457733
image_14599,0.005359855178199385
image_146,1.9877538065680105e-05
image_1460,0.00011333349633723227
image_14600,4.848579506811488e-05
image_14601,3.666760674133658e-06
image_14602,3.42921062445424e-05
image_14603,0.0001465196250755582
image_14604,0.009475816977900332
image_14605,0.0033827833069441453
image_14606,0.988364883123668
image_14607,4.99434857806193e-05
image_14608,8.810985036539383e-05
image_14609,0.0002486824500472837
image_1461,0.00016931701231463132
image_14610,2.050337973094686e-05
image_14611,0.00013685875978640025
image_14612,0.002302695027127051
image_14613,0.0002024793241227207
image_14614,0.0011414398790910555
image_14615,7.496573451889731e-05
image_14616,0.0001971518107902307
image_14617,0.020425687253156567
image_14618,1.1632535585345059e-05
image_14619,0.8565146085027836
image_1462,0.058296382647924215
image_14620,0.0007687395656349961
image_14621,0.9897189985568253
image_14622,0.00017692205754329615
image_14623,0.0006183563405316988
image_14624,0.00034945682250933456
image_14625,0.0012099934810543198
image_14626,0.00010587474505328377
image_14627,0.0003592172776626144
image_14628,0.00021324824122009417
image_14629,0.0002208195660581314
image_1463,0.005910612369166193
image_14630,7.87366416512101e-06
image_14631,0.0003821907770946305
image_14632,0.00022062817773228915
image_14633,0.8180956885151034
image_14634,4.939689846698025e-05
image_14635,0.0025331386483200685
image_14636,0.0001721545353385936
image_14637,0.0027334718584968985
image_14638,0.9495548316190776
image_14639,9.393216201281317e-05
image_1464,0.001697360049912651
image_14640,3.0413726951037844e-05
image_14641,4.657832441800522e-05
image_14642,0.0027698090308840243
image_14643,5.778450367736329e-05
image_14644,0.0014159592225364084
image_14645,0.0038254409288079674
image_14646,0.00010451086992660993
image_14647,0.0011443042240693718
image_14648,0.0001289410173019072
image_14649,8.457848224669729e-05
image_1465,0.0002764494715479232
image_14650,0.002589169248604814
image_14651,0.9721505680569354
image_14652,0.0006814858838760814
image_14653,0.0015924750099848505
image_14654,8.593111867337712e-06
image_14655,1.3974804938004794e-05
image_14656,0.07185208805908974
image_14657,0.0004786419025617659
image_14658,0.0002920208149846719
image_14659,6.511203807772546e-06
image_1466,0.0014802368622415809
image_14660,5.1969413361019604e-05
image_14661,0.003298032650577783
image_14662,0.9379220693799715
image_14663,0.0007571836422080444
image_14664,0.0006919978223021504
image_14665,5.981543725800844e-05
image_14666,0.9310370163721183
image_14667,8.743976291038724e-05
image_14668,0.07366321905114269
image_14669,3.777827144205258e-05
image_1467,4.379472667504469e-05
image_14670,0.0003313297912670843
image_14671,2.7871495351058713e-05
image_14672,0.01846181522289004
image_14673,4.148819898265592e-05
image_14674,3.551544043412102e-05
image_14675,0.00014741214504693782
image_14676,6.57660465305464e-05
image_14677,0.002265621315658586
image_14678,7.835175479763251e-05
image_14679,0.0008040436210065201
image_1468,0.9918446110925231
image_14680,0.0002145020500382848
image_14681,0.0012905460319186809
image_14682,0.8065082862411872
image_14683,0.8577772288389658
image_14684,0.002521130663660898
image_14685,0.018190966582259854
image_14686,0.0007638628910454403
image_14687,5.1528775804764396e-05
image_14688,0.7977050518522134
image_14689,0.9235710494314147
image_1469,1.1023909249502112e-05
image_14690,0.7960658188491069
image_14691,0.00019069447414667704
image_14692,0.0005894408516238871
image_14693,0.00012136846091412865
image_14694,2.0155978951924737e-06
image_14695,0.0016973098305307927
image_14696,0.0023274349498696736
image_14697,0.7996668232038349
image_14698,0.9081472158787353
image_14699,0.0002872675365408556
image_147,0.0006386463377969414
image_1470,4.942518118233357e-05
image_14700,0.0014718239300763344
image_14701,0.0006279200471219906
image_14702,2.211578175569536e-05
image_14703,0.9990138818351261
image_14704,7.403767895106842e-06
image_14705,0.009415036760199526
image_14706,0.0008344531089747494
image_14707,0.0009482289486490627
image_14708,0.0001256588456141758
image_14709,0.035343176205671914
image_1471,0.7964606014390075
image_14710,0.002047574203164715
image_14711,7.3650529745466445e-06
image_14712,0.0003556591860321693
image_14713,0.00017786734595618623
image_14714,7.040590471544298e-05
image_14715,0.12467437805363128
image_14716,0.0012090541747313674
image_14717,0.0015625492971228978
image_14718,0.00016320467410532664
image_14719,9.550584400930058e-06
image_1472,1.707850162452338e-05
image_14720,0.004706580089258195
image_14721,0.9515683186168185
image_14722,0.021738086563891184
image_14723,6.568538238825102e-05
image_14724,9.065921418696017e-05
image_14725,0.0015607301908369565
image_14726,3.280616910850494e-05
image_14727,0.03576047931875194
image_14728,4.53654103972462e-05
image_14729,3.923977535932199e-05
image_1473,8.521246921765102e-05
image_14730,0.00014051171406959359
image_14731,2.353794001290824e-05
image_14732,0.00012697760639009313
image_14733,0.0006557626916803557
image_14734,2.5491782901593002e-05
image_14735,0.00018974960468778697
image_14736,0.0051983015679889725
image_14737,0.00044978716373086187
image_14738,0.7960038992614505
image_14739,0.001089438036677939
image_1474,0.002612110477456819
image_14740,0.00041196763016626325
image_14741,1.511687172014882e-05
image_14742,3.747842362921616e-05
image_14743,0.8953753267611827
image_14744,0.9784110728337092
image_14745,0.9835023064324172
image_14746,2.7302939608737655e-05
image_14747,0.0005526597637585133
image_14748,5.601322331467794e-06
image_14749,7.523035685313921e-05
image_1475,0.9850803988090956
image_14750,0.00019475598443331946
image_14751,0.8229190730552244
image_14752,0.008126555290248444
image_14753,0.000297497064857907
image_14754,0.00035359847134896154
image_14755,0.00017869734121971675
image_14756,4.924785070145212e-05
image_14757,8.365130003262076e-06
image_14758,8.301955031142121e-06
image_14759,0.0004366672599351633
image_1476,2.5023542525569158e-05
image_14760,0.00021878030926909478
image_14761,0.0029839849709260876
image_14762,0.0004160432621225037
image_14763,6.996881946019701e-05
image_14764,0.00023983513243069337
image_14765,0.9990886460863531
image_14766,0.00523065844651917
image_14767,0.0007717534784393545
image_14768,0.0001120141094530232
image_14769,0.003932954479407186
image_1477,0.9944634232797451
image_14770,3.1119015919830734e-06
image_14771,3.354892309766838e-05
image_14772,0.003843464538907359
image_14773,0.9954297781170457
image_14774,0.0001362126834636743
image_14775,0.0002532561103031788
image_14776,3.5782263370599015e-05
image_14777,2.8151541929409106e-05
image_14778,0.00016572977495282328
image_14779,0.001230165961630971
image_1478,0.00013165278064586038
image_14780,1.7736797927090088e-05
image_14781,2.1253341662283295e-05
image_14782,3.496826260348925e-05
image_14783,0.19079175389330402
image_14784,0.9945858277747422
image_14785,0.00017824484608918188
image_14786,0.00042240500726076446
image_14787,0.0005345525482995759
image_14788,0.00020653494993919558
image_14789,0.0003247423205354071
image_1479,0.0011846584430608063
image_14790,0.00037857726394652583
image_14791,0.9767043425133712
image_14792,0.00032732988297338105
image_14793,0.014375477743373494
image_14794,0.0004233247178309192
image_14795,0.0004826498545578369
image_14796,0.009854715122885408
image_14797,0.00012191746145202932
image_14798,7.080121971809673e-05
image_14799,6.351481200902214e-05
image_148,2.112072357673757e-05
image_1480,0.0001343693390940171
image_14800,5.7467233222331506e-05
image_14801,0.00010605965855419442
image_14802,0.00012265143541859017
image_14803,0.0012452063845538532
image_14804,0.0004671731112663207
image_14805,0.0003780542595681398
image_14806,0.00014003776948771424
image_14807,9.837922447983288e-05
image_14808,0.8099431891872403
image_14809,0.0003123327806661174
image_1481,4.264995844208481e-05
image_14810,0.004773671788771338
image_14811,5.614985730325716e-06
image_14812,0.821704159140775
image_14813,0.00018714550933237578
image_14814,0.002896210896276225
image_14815,0.00047173682292833626
image_14816,6.471451257743631e-05
image_14817,0.00011513183202158407
image_14818,0.9889077733792877
image_14819,0.0001971188713046257
image_1482,0.015421668497110876
image_14820,0.00032606096383861583
image_14821,0.00017065294283855138
image_14822,0.00013321101119192312
image_14823,0.0004616636200706744
image_14824,0.00023927193643620196
image_14825,0.00020280313007982643
image_14826,0.960824218420429
image_14827,0.0004917793583043616
image_14828,0.0006549957499622512
image_14829,0.014113905861483117
image_1483,1.4643215065838897e-05
image_14830,6.414972429140346e-05
image_14831,0.00013049934391320202
image_14832,0.7984019221424477
image_14833,9.038291548433732e-05
image_14834,0.7942348632918319
image_14835,0.0013943801803911469
image_14836,0.0004296209530891804
image_14837,4.3926945908211275e-05
image_14838,0.0012036497935243723
image_14839,1.0096797153350953e-05
image_1484,0.0003416933313276999
image_14840,0.0004983729862813398
image_14841,0.0006241768195952984
image_14842,0.1534257401818922
image_14843,0.0007336445093486811
image_14844,0.0005034140532903519
image_14845,0.0014336179157329407
image_14846,0.0001486233514187183
image_14847,0.00032357412145131437
image_14848,0.0005905538292850503
image_14849,0.00024378527887303886
image_1485,0.9963926307142976
image_14850,0.0012102311640801921
image_14851,0.00016161152100513534
image_14852,0.00013984388637077946
image_14853,0.0022308782302725067
image_14854,9.127515627899773e-05
image_14855,0.00020992474861859166
image_14856,9.994019349586593e-05
image_14857,0.9987557042131346
image_14858,2.929295613317861e-06
image_14859,0.00018608480716577111
image_1486,0.00044600439427530946
image_14860,0.00023570035575042948
image_14861,0.0011215525877704643
image_14862,0.9662903399655232
image_14863,0.0004603810682629549
image_14864,0.0003264684447973343
image_14865,0.000263512138435534
image_14866,0.0001226484458056528
image_14867,0.02408718420879564
image_14868,0.9962258239469245
image_14869,0.00010130569366276973
image_1487,0.9236278101698631
image_14870,0.0006582510366072806
image_14871,0.9981069651805997
image_14872,5.163272857052594e-06
image_14873,0.0014192220416066976
image_14874,0.00023907413712211857
image_14875,0.8181434527673976
image_14876,0.992281328486947
image_14877,2.5296486829937555e-05
image_14878,0.7962479154988357
image_14879,0.0014002439570169134
image_1488,0.01797693261929071
image_14880,1.4295654410330732e-05
image_14881,7.75237687920837e-05
image_14882,0.00020126791230266455
image_14883,2.083598583583101e-05
image_14884,0.0004980466449620626
image_14885,9.241233171200977e-05
image_14886,0.0006247692505510461
image_14887,0.003992833556855411
image_14888,0.00117660044693366
image_14889,8.543099523448208e-05
image_1489,0.00023896879021868155
image_14890,0.0034476296020525487
image_14891,0.0006801710315948713
image_14892,0.0016375988272682523
image_14893,0.00013314643626830108
image_14894,1.9612609610063887e-06
image_14895,0.00013160856236671073
image_14896,0.0003664087188896621
image_14897,0.7971821141252986
image_14898,0.00011879978172801698
image_14899,1.823049341225797e-05
image_149,0.00019250871410707516
image_1490,0.00011484440022793453
image_14900,0.004507868501632326
image_14901,0.18116009375281078
image_14902,0.7946447599133512
image_14903,0.8385601755063721
image_14904,0.0005502456421592161
image_14905,0.9740472894181949
image_14906,0.0010580436258874949
image_14907,0.0006835455632405622
image_14908,0.0006799248908138463
image_14909,0.0003674770148041163
image_1491,0.82099615310705
image_14910,0.00011666662822819075
image_14911,0.9940033484138168
image_14912,0.08842461231695106
image_14913,0.7954521123343442
image_14914,0.1769090677392508
image_14915,0.0008355591607863127
image_14916,0.004824614322493119
image_14917,0.00040150731584323324
image_14918,0.02668636539373548
image_14919,0.9692179944306771
image_1492,0.0018785037855407118
image_14920,0.00031001594611701044
image_14921,0.00035776147700911684
image_14922,1.861886473881386e-05
image_14923,1.2290488993609486e-05
image_14924,0.7973155100469939
image_14925,0.006032097273391199
image_14926,0.7968000412898981
image_14927,0.002056890684980801
image_14928,0.08046401887507401
image_14929,0.006085967740961129
image_1493,0.00019015045279388693
image_14930,6.56082902603231e-05
image_14931,0.0026237793440125347
image_14932,0.0023030145020729517
image_14933,0.0014857289746672516
image_14934,0.0005770847351416062
image_14935,0.019243996332440942
image_14936,0.9471936626931742
image_14937,0.004472454121147518
image_14938,0.0003803804038828437
image_14939,9.265064853766253e-05
image_1494,0.012288900105920934
image_14940,0.9858183548499972
image_14941,0.0008115245677947722
image_14942,0.008034511571013144
image_14943,1.4035663058192682e-05
image_14944,0.0007054587611297961
image_14945,0.0004703278447043384
image_14946,0.0003851549133803571
image_14947,0.9994834874607499
image_14948,0.0006067289174535846
image_14949,0.9897629602632355
image_1495,0.000991651993954552
image_14950,0.0007928018099182975
image_14951,0.00012042005073177539
image_14952,0.0005489558762435951
image_14953,0.00010468662292837595
image_14954,0.0007192233933816705
image_14955,0.0005975003132948221
image_14956,7.399656668829242e-05
image_14957,0.0024890703382634597
image_14958,0.0005818179130787722
image_14959,0.8045145746669036
image_1496,0.0015052723323826698
image_14960,0.0006892055074848673
image_14961,1.4485259925922189e-05
image_14962,3.391598393825529e-06
image_14963,0.0007344530051097669
image_14964,0.8576442824791732
image_14965,0.996800965992499
image_14966,0.0001744588672364966
image_14967,0.00030436311788942325
image_14968,0.0003315077177622382
image_14969,0.0005942998003498198
image_1497,0.0003722435865463476
image_14970,2.4543406169667543e-05
image_14971,1.2586398254151941e-05
image_14972,0.00013483993567452672
image_14973,0.00011657794970734341
image_14974,0.0001514490729867841
image_14975,0.0005769160373157577
image_14976,1.5487335508598208e-05
image_14977,0.0017466255546449091
image_14978,0.0004678306982139574
image_14979,0.0005882961210502878
image_1498,0.00035665181484016326
image_14980,0.0054614881486966735
image_14981,0.0048717577742314775
image_14982,0.0001445533929961999
image_14983,0.7983862471905995
image_14984,0.8889303662091887
image_14985,0.8993929274714159
image_14986,0.0008738694384724567
image_14987,0.00011246006058957716
image_14988,0.00013255697532951006
image_14989,0.0037969314263192945
image_1499,0.8000311134991774
image_14990,0.0003960667971116133
image_14991,0.7979053116458282
image_14992,4.036293168088367e-05
image_14993,0.0021813205069854524
image_14994,0.0005879354606954344
image_14995,2.0482415930985595e-05
image_14996,5.573606627176597e-05
image_14997,9.684499478295747e-06
image_14998,0.03175847226932411
image_14999,1.3347783273884783e-05
image_15,0.7957012217528793
image_150,0.0019484834170350105
image_1500,0.0047431266180672895
image_15000,2.0129820506355845e-05
image_15001,0.0005706917349547522
image_15002,0.0522170593186842
image_15003,0.0008476202533359562
image_15004,7.733996513801654e-06
image_15005,0.00028104204985036267
image_15006,0.00024303797495248245
image_15007,0.010487074504454536
image_15008,0.001143639846272701
image_15009,0.0021556408138278943
image_1501,0.792386602343051
image_15010,0.005146527386810371
image_15011,1.6768305272294496e-05
image_15012,0.0003026715213960143
image_15013,0.89139180193452
image_15014,1.440873893968066e-05
image_15015,1.7846387168303854e-05
image_15016,5.571243315402696e-05
image_15017,2.372788174624765e-05
image_15018,0.7980722524933229
image_15019,0.962961609238705
image_1502,0.7973158550407398
image_15020,0.8744614149994788
image_15021,0.005093138567321554
image_15022,0.006524711372292061
image_15023,0.9797841112956579
image_15024,0.00021325490467293803
image_15025,0.0005623423449642309
image_15026,0.8076002627966096
image_15027,0.0006761884005604391
image_15028,0.0003485085800645041
image_15029,0.9784487057970631
image_1503,9.279033251434342e-06
image_15030,0.8758122761298182
image_15031,4.1746542741881565e-05
image_15032,0.0006079474225037863
image_15033,0.0005924846915392341
image_15034,0.00110632275507236
image_15035,0.0005044613033621648
image_15036,4.909268624364104e-05
image_15037,6.171975955330825e-05
image_15038,0.0003362786844779783
image_15039,0.7966561213981277
image_1504,0.0003466564134100404
image_15040,0.00044733915957071156
image_15041,0.9757448584296672
image_15042,0.002760887053687561
image_15043,0.006524203292092424
image_15044,0.0023500445169638436
image_15045,0.00034549226167910425
image_15046,0.9973698447561221
image_15047,0.00024304739976386118
image_15048,0.0003401002016278151
image_15049,4.551697213080842e-05
image_1505,0.0018393646851127931
image_15050,0.0008451911279108963
image_15051,0.0001660265799000433
image_15052,2.6995500733935508e-05
image_15053,7.493833685517932e-05
image_15054,0.00039472366255770134
image_15055,0.0013886325980802087
image_15056,0.0003462873758340469
image_15057,0.7970244963724945
image_15058,0.00023965030640235872
image_15059,0.00013240827860701228
image_1506,2.1365055356595257e-05
image_15060,7.586512754532488e-06
image_15061,0.7980791191209005
image_15062,0.0012120332694181926
image_15063,0.000872168587618328
image_15064,0.0004446915233915513
image_15065,2.4261423284163407e-05
image_15066,0.9686059779298496
image_15067,0.0009939208404094086
image_15068,0.8810053402452708
image_15069,1.5488618683449135e-05
image_1507,3.2727214163699673e-05
image_15070,0.00013134737649529065
image_15071,0.003504467645648314
image_15072,1.542221215935696e-05
image_15073,0.00012126152943390842
image_15074,3.24959581405595e-05
image_15075,0.0010472334405964407
image_15076,0.00011542516614050432
image_15077,0.00024310050525360675
image_15078,0.0005965357575308771
image_15079,0.7954518154325149
image_1508,0.0007350760701787949
image_15080,9.282300666952218e-05
image_15081,3.0172553317202117e-05
image_15082,7.136912254193911e-05
image_15083,0.0003681715552284103
image_15084,6.867050078664492e-05
image_15085,0.9755815058641607
image_15086,0.016718558025036547
image_15087,0.9866188290114417
image_15088,0.006520186837959334
image_15089,0.000529031975514925
image_1509,0.7982624837695096
image_15090,0.00023608509017286286
image_15091,0.007086900916801855
image_15092,0.9333469062399988
image_15093,0.002010149142353329
image_15094,0.0009504709391832805
image_15095,0.9694274118450987
image_15096,3.91047250885226e-05
image_15097,6.515296836376438e-05
image_15098,3.4050117912512044e-05
image_15099,4.9851507765746103e-05
image_151,0.0001780317163552013
image_1510,0.0015043568751151918
image_15100,0.00017241456550956712
image_15101,4.8759295718132224e-05
image_15102,4.0550121083892224e-05
image_15103,0.9996292292757449
image_15104,0.004871875255123169
image_15105,0.00030832477251027353
image_15106,0.00013413977585484204
image_15107,0.0004786821612165728
image_15108,0.957330870243404
image_15109,0.003956723485984751
image_1511,0.002689124186753495
image_15110,9.932211228410565e-05
image_15111,0.00011878153531124273
image_15112,0.000506628792438887
image_15113,0.13263528475504086
image_15114,0.00012108102749941792
image_15115,0.0003632231807085695
image_15116,0.0009931846809446592
image_15117,2.319835068910968e-05
image_15118,0.006800218164627958
image_15119,0.00013127107928808513
image_1512,0.0004383138432290483
image_15120,7.322767733652898e-05
image_15121,0.0008204576332666247
image_15122,4.01108634889715e-05
image_15123,0.0012434673486364102
image_15124,5.4596745482092456e-05
image_15125,0.0003581188818839114
image_15126,4.343817197810952e-05
image_15127,0.00088690493227241
image_15128,0.0011965256207237766
image_15129,0.008007166428289528
image_1513,0.00020605488252884094
image_15130,0.0004631183340693504
image_15131,3.2052151568023144e-05
image_15132,0.0003680639651871963
image_15133,8.02827380389262e-06
image_15134,0.000872599538611423
image_15135,0.0006615247405428106
image_15136,0.00041083420154975774
image_15137,0.7933138521715812
image_15138,0.00022509198283659565
image_15139,0.9676935300598302
image_1514,0.001022616367806188
image_15140,0.0003569733871262489
image_15141,0.00016578508716408622
image_15142,0.05093671417204596
image_15143,0.00045218409720773693
image_15144,4.2422518927713274e-05
image_15145,0.878155255390283
image_15146,0.001382604201337181
image_15147,0.0017325959984305275
image_15148,8.301491611449427e-05
image_15149,0.00018188238399081822
image_1515,0.001588669209541893
image_15150,0.0029693633045902524
image_15151,0.8325837005900028
image_15152,9.009561990136114e-06
image_15153,0.0009813521933822492
image_15154,0.00012032276364391643
image_15155,0.001230264763711885
image_15156,0.009451187703361794
image_15157,4.008115011576932e-05
image_15158,7.662915512088325e-05
image_15159,0.0011599199849539725
image_1516,1.4803245709542873e-05
image_15160,0.00011726223151259751
image_15161,4.7775804543166324e-05
image_15162,0.9627447225776666
image_15163,5.276283430171706e-05
image_15164,0.0015816891133441477
image_15165,0.00011627127675972249
image_15166,6.719892142450517e-05
image_15167,0.00014224149901802377
image_15168,9.729339585147438e-05
image_15169,0.0014003597124570342
image_1517,6.519949848383342e-06
image_15170,0.002491301206336645
image_15171,5.2646310278823444e-05
image_15172,0.0006140082392770451
image_15173,0.005436966299639316
image_15174,0.0005966108404128884
image_15175,0.003679703725817188
image_15176,0.0005903402343723564
image_15177,0.03289363663988416
image_15178,2.153798211566397e-05
image_15179,0.0004723217313303329
image_1518,0.0003587312741950661
image_15180,1.57830529843317e-05
image_15181,0.0009278552069333071
image_15182,5.358129580645025e-05
image_15183,0.0037697857844844118
image_15184,2.305224517511516e-05
image_15185,0.0018091670237908174
image_15186,5.0102472163734654e-05
image_15187,0.0021138110440946526
image_15188,0.9982988455797666
image_15189,0.001648102250649093
image_1519,8.40465011691012e-05
image_15190,0.0001655902658425058
image_15191,0.0010109541491631646
image_15192,0.7963663954581123
image_15193,0.003081982977713785
image_15194,0.0003666883967760073
image_15195,0.9101196372978256
image_15196,0.00021989560258287578
image_15197,6.0436790285116206e-05
image_15198,0.0026292396308886857
image_15199,8.022413257221357e-05
image_152,0.0017061421163878467
image_1520,0.0012680990717248417
image_15200,0.0014712545084752957
image_15201,2.9237114878370486e-05
image_15202,0.00022030656542233886
image_15203,9.49505290185833e-05
image_15204,0.000711077370122789
image_15205,0.00022079845448542325
image_15206,0.000856111056685711
image_15207,0.00037594420322112614
image_15208,0.00011573074563315223
image_15209,0.0008165263741951029
image_1521,8.728124757327174e-06
image_15210,0.0002766113882583949
image_15211,7.138432706662628e-05
image_15212,0.000561699486467726
image_15213,0.0020553957413833065
image_15214,0.00012628137841474556
image_15215,0.00016984193613505804
image_15216,0.00012531008695097195
image_15217,0.00010742525676827705
image_15218,2.451378311088511e-05
image_15219,0.9970423378412706
image_1522,7.289736206246828e-05
image_15220,0.0005645441382822575
image_15221,0.9868147590828444
image_15222,0.000431317275703777
image_15223,0.00010556249894017604
image_15224,3.23570228130638e-05
image_15225,5.4664906845522764e-05
image_15226,0.00020933454111627978
image_15227,0.09469346370903158
image_15228,0.0008022363337946989
image_15229,8.4135541159721e-05
image_1523,0.00010621383970246881
image_15230,9.459503946789383e-06
image_15231,0.00012764195805457795
image_15232,0.8210168168480347
image_15233,0.002978342392748315
image_15234,0.00023569840635743574
image_15235,0.00026361349885135643
image_15236,0.000198367476646914
image_15237,1.1821863966230007e-05
image_15238,0.9024935771170612
image_15239,0.0025968864803426047
image_1524,0.801134003460964
image_15240,0.00042802073593579406
image_15241,0.0001760706037132869
image_15242,0.0018066704434146264
image_15243,0.00015745408440333693
image_15244,0.00025864408155740854
image_15245,0.00022497835380308077
image_15246,0.00418400831260162
image_15247,0.00014087740284694116
image_15248,0.00024705389482807113
image_15249,0.0001223283297248781
image_1525,0.0008858115806244519
image_15250,0.9296239885031075
image_15251,8.876469274670183e-05
image_15252,0.9930494874840544
image_15253,0.79855756769926
image_15254,0.9462524749022563
image_15255,0.00026677720691052045
image_15256,0.0066131125551310245
image_15257,0.0008891132554003742
image_15258,0.00046384093643455976
image_15259,0.00020291841762158625
image_1526,0.00029641010895512996
image_15260,0.01768045367294185
image_15261,9.643036770314535e-05
image_15262,5.929032511641865e-06
image_15263,0.8053829547719843
image_15264,0.00022374044170768103
image_15265,3.807908320730654e-05
image_15266,0.7930428864641927
image_15267,0.00030947127472177524
image_15268,8.945637194662388e-05
image_15269,0.01768607619059802
image_1527,0.0009159375852759739
image_15270,3.574367274953446e-05
image_15271,0.00035683001052101644
image_15272,5.2513911745918615e-05
image_15273,8.412118007201999e-06
image_15274,0.0002833845005306977
image_15275,0.00020994025783596827
image_15276,0.794687439715609
image_15277,0.0013140784956504903
image_15278,6.482297553849761e-05
image_15279,3.282401789724929e-05
image_1528,0.00021274354851635104
image_15280,8.67697819837233e-05
image_15281,0.00023845071367782988
image_15282,0.00010427277572760438
image_15283,0.0006886316221218622
image_15284,0.00019723758072287605
image_15285,0.00019237432909884506
image_15286,1.0588239183348096e-05
image_15287,0.2068691971364213
image_15288,0.004691344967134991
image_15289,0.00015685059509291108
image_1529,5.026303298568642e-05
image_15290,0.0016955159489152184
image_15291,0.00026134138117097516
image_15292,0.00048561206466958345
image_15293,0.0013690774382670928
image_15294,0.9986532032095425
image_15295,3.938488932380705e-05
image_15296,0.0006547141390749177
image_15297,0.0009762578726431358
image_15298,3.6197791087605016e-05
image_15299,6.74540125419277e-05
image_153,0.0001442933213779891
image_1530,0.8338248971564507
image_15300,0.0004362782545613782
image_15301,0.9910824993563733
image_15302,0.00039464762227355195
image_15303,0.00022551308189884214
image_15304,0.0005205535198602407
image_15305,0.000582416311839586
image_15306,4.755302097759727e-05
image_15307,0.0013674035174147518
image_15308,0.00041005728999796414
image_15309,0.7974312435141229
image_1531,0.0005631246946470384
image_15310,0.7953298381796079
image_15311,4.3865619003631604e-05
image_15312,3.713246328621425e-05
image_15313,0.1751369249830966
image_15314,4.612889072210672e-05
image_15315,7.030639623475983e-05
image_15316,0.0009822147812448587
image_15317,3.1875612725485444e-05
image_15318,0.0012294609308712242
image_15319,9.132518462488001e-05
image_1532,0.00035826354533151155
image_15320,0.0005506044916212633
image_15321,4.879413408305083e-05
image_15322,9.002408521870612e-05
image_15323,0.0003564219880932624
image_15324,0.0016401340895299786
image_15325,0.8588217398310356
image_15326,0.7954658929648548
image_15327,0.9984371135069887
image_15328,0.0056899717399929986
image_15329,0.00035843014334213435
image_1533,0.00011011376546327585
image_15330,0.7986851993782106
image_15331,8.675581201271838e-05
image_15332,0.0012579380543625098
image_15333,0.957293681147174
image_15334,0.00043959930508765115
image_15335,0.798581221986455
image_15336,0.01906901883891609
image_15337,1.2130081255900705e-06
image_15338,0.00035824772145498604
image_15339,0.0003153576388911235
image_1534,0.001024596747974974
image_15340,0.035356284837881426
image_15341,0.0001989187269508756
image_15342,0.0005226468491545509
image_15343,0.00017782147647060921
image_15344,0.00018437437509060827
image_15345,0.9935907530836088
image_15346,2.5016055276259968e-05
image_15347,0.004037105119004206
image_15348,0.05061969107163594
image_15349,0.03249866485552233
image_1535,0.0012871628360404997
image_15350,0.0006012134384704004
image_15351,0.00013630574799322647
image_15352,9.595187713710792e-05
image_15353,0.9914014505831925
image_15354,2.317303909663906e-05
image_15355,0.0010238607875060562
image_15356,2.505923131010655e-05
image_15357,3.049134045750986e-05
image_15358,0.0008513536034869899
image_15359,0.0007166723924605035
image_1536,4.194737585978203e-05
image_15360,0.7954705101327237
image_15361,0.8414967049847857
image_15362,0.0010792197672633268
image_15363,0.0005868213952144836
image_15364,5.1294175441879287e-05
image_15365,0.08326458055970251
image_15366,0.000217209971828036
image_15367,0.0004794531950356068
image_15368,0.0008163450483749453
image_15369,0.006004566815632478
image_1537,2.2204419700296357e-05
image_15370,0.00043994291758861335
image_15371,3.343239277710202e-05
image_15372,0.00034582992150295025
image_15373,7.337706568512448e-06
image_15374,1.2014290941915713e-05
image_15375,0.00011943926057822324
image_15376,3.643384560912921e-05
image_15377,0.00015688334695164886
image_15378,0.8256586019073652
image_15379,0.79637309687903
image_1538,0.00013280681243078125
image_15380,0.0002771245305711328
image_15381,0.0005215993261575582
image_15382,0.00491383769651965
image_15383,0.9976276922167757
image_15384,0.0007471297081393049
image_15385,0.0003449624319879704
image_15386,0.00033313528780733507
image_15387,0.9776945684258351
image_15388,0.0001741089337144122
image_15389,0.1153614979243697
image_1539,0.0002793203360202446
image_15390,0.0007025478516538219
image_15391,4.120750103357524e-05
image_15392,0.00011241863939985906
image_15393,0.8000154097612466
image_15394,0.0004520570233980223
image_15395,0.0007802561323202291
image_15396,1.0970603057387418e-05
image_15397,3.143855400376641e-05
image_15398,0.1421928904397097
image_15399,3.9189484878345754e-05
image_154,6.519069481386988e-05
image_1540,0.0004915232872154466
image_15400,0.00015824059988499373
image_15401,0.00027073987831433916
image_15402,0.0010623999223226546
image_15403,0.0001053697464646507
image_15404,7.006461097881138e-05
image_15405,0.8528350477579822
image_15406,3.6192175081694356e-05
image_15407,0.7947790313751826
image_15408,0.0006236537730005725
image_15409,2.5646043355800637e-05
image_1541,0.0017119226616955942
image_15410,0.9704009859128231
image_15411,0.003098132598529195
image_15412,0.00024033269429801
image_15413,0.0001966899945248114
image_15414,2.5823310585330017e-05
image_15415,2.0389562047988436e-05
image_15416,0.00036473549734316674
image_15417,8.372551554167528e-05
image_15418,7.385407436751788e-05
image_15419,1.2669128367688294e-05
image_1542,0.00665660336525388
image_15420,1.5276068601266656e-05
image_15421,0.9371495662384108
image_15422,0.8009596919287988
image_15423,0.001280811775414776
image_15424,9.004914764007695e-05
image_15425,0.009828415106477086
image_15426,4.1967782217386505e-05
image_15427,0.7930595387438734
image_15428,0.0004569004206020202
image_15429,9.081759226132876e-05
image_1543,0.0012085293862350826
image_15430,0.009892527661821231
image_15431,0.0005015019764713862
image_15432,0.0001347455266241362
image_15433,0.001039532270431637
image_15434,2.8834768881475478e-05
image_15435,0.00011030784296761596
image_15436,0.00016620894933100822
image_15437,0.7967873764802722
image_15438,8.712793966412884e-05
image_15439,2.414590823249869e-05
image_1544,0.00048405485659485303
image_15440,0.00044615144269116394
image_15441,0.0001170122388887007
image_15442,0.0011177822489084833
image_15443,0.00048250233873331163
image_15444,0.0006143530730546737
image_15445,5.800505459922017e-05
image_15446,0.006695798375518966
image_15447,2.9524786120102944e-05
image_15448,5.5136982251384805e-05
image_15449,0.0021327400465534084
image_1545,0.00019848578395525933
image_15450,3.991769266970849e-06
image_15451,0.00035375790936147995
image_15452,0.0005886208385011626
image_15453,9.074077816112557e-06
image_15454,0.0006179148871891056
image_15455,0.00021378062606144574
image_15456,0.00044112993350428517
image_15457,0.9981562155418293
image_15458,0.0005839213329548961
image_15459,6.1673732387288635e-06
image_1546,0.0013028126371328883
image_15460,0.00014918475451904922
image_15461,0.8273781294387804
image_15462,1.5292823421390543e-05
image_15463,0.00012889739558602717
image_15464,0.0001804383080197365
image_15465,0.00011987000620290043
image_15466,0.7970163037949533
image_15467,0.0005184155747947586
image_15468,0.00029719623460167853
image_15469,0.001450667410430433
image_1547,0.009155257617728556
image_15470,0.00010568580407831973
image_15471,0.00012341379336263905
image_15472,0.0004908631549592777
image_15473,0.0017283827250837377
image_15474,0.00018327168308912282
image_15475,0.002729078950092266
image_15476,0.0044011847572293945
image_15477,0.0003905558332062286
image_15478,9.273570178897947e-05
image_15479,0.00028670249617830657
image_1548,0.0013949317048915842
image_15480,0.0007968119220211466
image_15481,0.00013881862819326566
image_15482,0.0024248347908534832
image_15483,0.0003496952472027292
image_15484,0.0009167607222704668
image_15485,0.000291121561283771
image_15486,9.995248367151807e-05
image_15487,0.00746373906425981
image_15488,0.9998549872160807
image_15489,0.006431895414232933
image_1549,0.00046286067931887475
image_15490,0.0010583845614885123
image_15491,0.7979830458016112
image_15492,0.001971973900821381
image_15493,0.00041548219712157373
image_15494,6.817696927003598e-05
image_15495,9.126044850510067e-05
image_15496,0.0006190068871884807
image_15497,0.0001404147050080799
image_15498,0.016208360965004998
image_15499,6.2840588409773815e-06
image_155,0.0007545849150437502
image_1550,4.8420397960682685e-05
image_15500,0.797542722063732
image_15501,0.01941118228051206
image_15502,0.00027918543704815785
image_15503,3.850348441827521e-05
image_15504,0.0001467393760074602
image_15505,0.004807353835538118
image_15506,6.509770715532692e-05
image_15507,0.0017024003116199726
image_15508,0.0008391094967516658
image_15509,8.695150994211345e-05
image_1551,0.0565921220391836
image_15510,1.3905416399534433e-05
image_15511,6.782168043529519e-05
image_15512,1.1144787728797573e-05
image_15513,4.9981562637754144e-05
image_15514,9.194716144663228e-06
image_15515,0.9877274580865103
image_15516,0.0021243176207662237
image_15517,0.0003420285378686017
image_15518,0.9062849751008881
image_15519,0.00040026286516543525
image_1552,0.0001922961782751355
image_15520,0.8010437656839912
image_15521,5.7478389643015545e-06
image_15522,0.001521935454522454
image_15523,4.628612852753291e-06
image_15524,0.9864672751051357
image_15525,8.536073473971938e-05
image_15526,1.507259283703107e-05
image_15527,0.019981282157111355
image_15528,0.0013575295587019735
image_15529,1.0275486610134676e-05
image_1553,0.00010325113603111445
image_15530,4.041940262124397e-05
image_15531,1.4299246792274086e-05
image_15532,8.729553761509022e-05
image_15533,6.241995487062062e-05
image_15534,0.8070486076869827
image_15535,0.9981121420275411
image_15536,0.0009823621457855905
image_15537,0.004172768220667876
image_15538,0.0035845861507402257
image_15539,0.0006892388333186403
image_1554,0.0003776343380289958
image_15540,0.00018808645279379138
image_15541,0.0001226365557286152
image_15542,4.05707419715189e-05
image_15543,3.9969019077920345e-05
image_15544,0.001631252715979675
image_15545,0.00019562801633929224
image_15546,0.00011419793591909383
image_15547,0.00033824997471904354
image_15548,0.9965092509103453
image_15549,0.0001972886211281584
image_1555,0.9889760573364994
image_15550,5.47536632578746e-05
image_15551,0.8738562325793902
image_15552,0.0011594762334576239
image_15553,0.0007052339495773361
image_15554,0.0003280331266293202
image_15555,4.467805019427788e-05
image_15556,0.004856897188812945
image_15557,7.313253745470267e-05
image_15558,3.673643823689413e-05
image_15559,8.412730340021338e-05
image_1556,3.322231575358284e-05
image_15560,0.002239511012941848
image_15561,7.093723006977199e-05
image_15562,0.00019904917819663038
image_15563,0.0004228458296640236
image_15564,0.003705541897100183
image_15565,0.0003768701553493529
image_15566,0.005241921587825095
image_15567,0.9994288562984656
image_15568,0.0003993099016016001
image_15569,0.00034874785779879646
image_1557,0.0007545146459463462
image_15570,1.8181241581651603e-05
image_15571,0.9987480083018514
image_15572,0.0002830850882535326
image_15573,6.212974889111382e-05
image_15574,0.0008850926400084695
image_15575,0.0005341995219345282
image_15576,0.0006501630040111662
image_15577,0.0006263219925840968
image_15578,0.0018762697602549398
image_15579,0.0015619063344501864
image_1558,0.9839830434628523
image_15580,0.004322204476774728
image_15581,0.00012307327071640108
image_15582,0.002735765667121481
image_15583,0.005222668249845577
image_15584,0.0021390118697827082
image_15585,0.9981042715796397
image_15586,0.0005063819886258665
image_15587,0.9958681958567898
image_15588,0.9994341517287317
image_15589,0.00020055945781050538
image_1559,0.8112758336618521
image_15590,7.169833807459214e-05
image_15591,0.07188970267731802
image_15592,7.193504064750913e-05
image_15593,0.9833802245386888
image_15594,0.0013925493241984965
image_15595,2.742886735595258e-05
image_15596,5.049107688335126e-05
image_15597,0.002232543226644227
image_15598,0.00019973063089794002
image_15599,0.0008686019550826791
image_156,0.00021068198858036454
image_1560,0.00011732382633349184
image_15600,0.0008732103452052172
image_15601,0.000716744702575021
image_15602,8.906622519744434e-05
image_15603,0.0003124575036034553
image_15604,0.014854411118219835
image_15605,1.9952424555593943e-05
image_15606,8.862878710280743e-05
image_15607,0.00010304537757172063
image_15608,5.7980556837521565e-05
image_15609,0.0001457826923193638
image_1561,0.00014285124049237254
image_15610,0.0001397403637451135
image_15611,9.715337433479536e-06
image_15612,0.0013779229732357224
image_15613,4.622954230648714e-05
image_15614,0.00025590580914459937
image_15615,0.0004875463704041152
image_15616,0.00015830880210937302
image_15617,0.00020370882136036905
image_15618,0.797903388867726
image_15619,0.0013186788392750809
image_1562,0.0002056063823151051
image_15620,0.00022284117069431121
image_15621,0.9664571537588763
image_15622,3.67825482065492e-05
image_15623,0.9582230890563241
image_15624,0.0003515159482906496
image_15625,0.7953297113077881
image_15626,0.0006182275119548319
image_15627,7.906322622979966e-05
image_15628,0.037698967849225676
image_15629,3.570568849873676e-05
image_1563,3.633269178827059e-05
image_15630,0.8307754917135238
image_15631,0.0011122270368634068
image_15632,0.00022107277414851434
image_15633,0.0002069274404857669
image_15634,8.454383625446113e-06
image_15635,0.004250687287949296
image_15636,0.7932610133143216
image_15637,0.0010420753564732194
image_15638,0.7972752900352071
image_15639,0.004449745693557277
image_1564,0.9980803292073267
image_15640,0.00398226303777009
image_15641,0.006105617641630618
image_15642,0.16855192285824633
image_15643,0.00024404764411622396
image_15644,1.8412296626616457e-05
image_15645,0.002533531605885307
image_15646,0.0003252825261223668
image_15647,0.010330796026614944
image_15648,0.001794736428813192
image_15649,0.997663369401226
image_1565,0.0004576096518038055
image_15650,0.8227511519199029
image_15651,0.0003383479460397637
image_15652,3.3358084183092966e-05
image_15653,0.00016837972588405395
image_15654,0.006571790265864133
image_15655,0.0005042360022140705
image_15656,6.488825999054107e-05
image_15657,3.5745768518727244e-05
image_15658,0.9059135282806849
image_15659,0.0004016404498658111
image_1566,3.7121317237959825e-05
image_15660,3.524505957562201e-05
image_15661,0.0030371511585714226
image_15662,0.00012682831304293467
image_15663,8.529598930800354e-05
image_15664,0.00011404691627336754
image_15665,0.9147292419722943
image_15666,0.00403557741354003
image_15667,0.001815162170118126
image_15668,0.00014782018519610466
image_15669,0.03650682304494949
image_1567,0.9396839207652935
image_15670,0.9599081589451052
image_15671,0.9353359685433229
image_15672,0.00010305837154935885
image_15673,0.9837963774048323
image_15674,0.0001083511233621678
image_15675,0.00021281432076929833
image_15676,0.0014003176841317355
image_15677,2.8441977370773413e-05
image_15678,0.00019074235272764276
image_15679,1.3793890353637224e-05
image_1568,0.8902807646994237
image_15680,5.325822811092999e-05
image_15681,0.00011798481356165293
image_15682,7.41830699678291e-05
image_15683,5.770281635739551e-05
image_15684,3.7724947386305846e-05
image_15685,0.0003142410731677013
image_15686,0.00014873766775365738
image_15687,0.0006138009498662069
image_15688,0.00036298764306343036
image_15689,0.000315791136211151
image_1569,2.370117466753669e-05
image_15690,0.0004297591214371386
image_15691,5.616081391767681e-06
image_15692,0.0003458737748030085
image_15693,0.0009146636338445214
image_15694,0.0015708657238487907
image_15695,0.001098552037334023
image_15696,3.252953543245693e-05
image_15697,0.029905999020988422
image_15698,0.0010354234078039574
image_15699,6.197478117939011e-05
image_157,9.80348435198459e-06
image_1570,1.1377335746406007e-05
image_15700,3.4495152955095544e-05
image_15701,0.00153944625970006
image_15702,3.4782065414250026e-05
image_15703,2.8912102071537092e-05
image_15704,0.8850930970911393
image_15705,5.647124212818291e-05
image_15706,0.8714706663531127
image_15707,1.4999685588554557e-05
image_15708,0.0005442429726068357
image_15709,0.00034729070074313365
image_1571,0.00015835796145370612
image_15710,0.9991658288952683
image_15711,0.004565644609889534
image_15712,5.836366966104731e-05
image_15713,0.013797757077825778
image_15714,0.00036064819205698325
image_15715,0.8112694995242075
image_15716,9.11438290653365e-05
image_15717,3.4054151613757745e-05
image_15718,9.913194567280943e-05
image_15719,0.00011418244791539245
image_1572,0.945297406296497
image_15720,0.0004117198640063619
image_15721,0.00011346602412946319
image_15722,9.406295249145553e-06
image_15723,0.8368845579281899
image_15724,0.0003206342919670157
image_15725,0.0007272996562598116
image_15726,0.9846930703260034
image_15727,0.0009029120358061517
image_15728,5.917378215008909e-05
image_15729,0.009863251030983568
image_1573,0.00016731531303687918
image_15730,0.0009191494918502692
image_15731,0.0015173223288597428
image_15732,0.0006389636872363546
image_15733,2.4313989006395432e-05
image_15734,2.2869300940598227e-05
image_15735,9.462413475926329e-06
image_15736,0.00012687374911218703
image_15737,0.00030291839296575727
image_15738,0.00014182976936597956
image_15739,0.041185677355982164
image_1574,1.3103894323774152e-05
image_15740,0.000663557839809457
image_15741,0.7983225264835208
image_15742,0.03907678846933602
image_15743,0.0012358701693641154
image_15744,0.7944055070692289
image_15745,6.791389289692072e-05
image_15746,0.00023696581451513078
image_15747,0.9958045619722042
image_15748,0.0019185165393185654
image_15749,0.00013374328101467317
image_1575,0.00033797744546890774
image_15750,0.9061642050257948
image_15751,2.791291181889607e-05
image_15752,0.0003860517205085463
image_15753,2.7876272701403472e-06
image_15754,4.570637100599453e-06
image_15755,0.0008089591675354208
image_15756,0.00043636135482837384
image_15757,0.0001518615609387022
image_15758,0.009062720564184815
image_15759,0.00016848785858031943
image_1576,0.0007594237517389421
image_15760,0.014560298053964605
image_15761,0.00040707804579128684
image_15762,0.00019915396249611242
image_15763,0.0003477969318720398
image_15764,0.0006953263727080268
image_15765,0.00010241388957270121
image_15766,0.16026701794518955
image_15767,6.40012995047437e-05
image_15768,0.004095319604459039
image_15769,1.0837342333257947e-05
image_1577,0.0005794487810434611
image_15770,3.458539041655901e-06
image_15771,0.00031096763417869864
image_15772,6.783370176586966e-05
image_15773,5.875971237289428e-05
image_15774,0.0006214040161267168
image_15775,0.06178581251608099
image_15776,0.9071511841794144
image_15777,0.0008812743008134568
image_15778,0.0009401401127781823
image_15779,0.7942723407873262
image_1578,0.0002405511306793616
image_15780,0.00032151014886076226
image_15781,0.0010272723928399508
image_15782,3.5128247452542086e-05
image_15783,1.2464942213170349e-05
image_15784,0.00038603270890604315
image_15785,2.0164658073148046e-05
image_15786,3.980630343376686e-05
image_15787,7.706500416428199e-06
image_15788,0.03138492162942625
image_15789,0.0005527063283614157
image_1579,7.526641100829158e-05
image_15790,0.0018971406131525804
image_15791,0.05263471440178039
image_15792,1.4628243803985668e-05
image_15793,0.0004279480465088859
image_15794,8.524284476143038e-05
image_15795,4.387388884200572e-05
image_15796,0.0010296121547923548
image_15797,6.4110158653770275e-06
image_15798,2.3308666731687e-05
image_15799,0.000606342760341881
image_158,0.0005940493879601267
image_1580,2.2111458819947356e-05
image_15800,0.0005234667874325247
image_15801,0.0014381711644840607
image_15802,9.519590554190138e-05
image_15803,0.0003750072386659187
image_15804,6.276317804586021e-05
image_15805,0.012945568221343356
image_15806,0.9432055923991488
image_15807,0.9918811526846323
image_15808,0.00010881895828065977
image_15809,5.698894362651649e-05
image_1581,4.577653490412138e-05
image_15810,0.006486605955275565
image_15811,0.00020043113324045596
image_15812,0.95696457954857
image_15813,0.0008196392458744075
image_15814,0.0010030980333318007
image_15815,0.0008919413172375797
image_15816,0.009108860794859846
image_15817,8.673063932885177e-05
image_15818,4.671157519670636e-05
image_15819,0.0009648889442024899
image_1582,2.308193168567947e-05
image_15820,0.0005258223614906019
image_15821,0.9988092051181289
image_15822,0.0019330014875029086
image_15823,0.0008017330311141418
image_15824,0.00021827523578370135
image_15825,0.000218416867337634
image_15826,4.7129917641394704e-05
image_15827,4.0339777034964565e-05
image_15828,0.0008131550911262975
image_15829,0.05053173263069072
image_1583,3.34320557135929e-05
image_15830,0.00011430961361961133
image_15831,1.9759562224349208e-05
image_15832,0.0005902442638915713
image_15833,0.9979167736170641
image_15834,7.801238850637668e-05
image_15835,0.00013746961643764814
image_15836,0.8147394784502303
image_15837,0.0333169596001828
image_15838,0.0005058828027177098
image_15839,0.00012100299588772072
image_1584,0.007737290020822576
image_15840,0.7963728483259286
image_15841,0.7973692243139732
image_15842,0.00013381970597646538
image_15843,0.8412207954140485
image_15844,4.341541616494565e-05
image_15845,0.00015342943524091342
image_15846,0.00010938718348880671
image_15847,0.0002812149506535136
image_15848,0.002443051808074105
image_15849,8.239130388164472e-05
image_1585,0.0007206883507642661
image_15850,0.0001066981696051676
image_15851,9.335614000776774e-06
image_15852,0.009111187146363591
image_15853,0.0026285447007159675
image_15854,0.00020176698167113436
image_15855,0.9785914244697098
image_15856,0.002361641989501077
image_15857,3.783765038117635e-05
image_15858,1.3005503798546451e-05
image_15859,0.0001927006116670465
image_1586,0.0013723975924491223
image_15860,0.0008587054557156063
image_15861,0.0009582405800153216
image_15862,0.00019293597811042608
image_15863,0.0001809835527224378
image_15864,0.00010373526087383363
image_15865,0.011004590557882167
image_15866,6.945165796506712e-05
image_15867,0.00016047538656177351
image_15868,0.00011615110151172288
image_15869,0.00023627936867195803
image_1587,0.001401932212966577
image_15870,0.00018312199079389767
image_15871,9.393411374029833e-05
image_15872,4.30672084711568e-06
image_15873,0.00020650356551532172
image_15874,0.0003673991038655205
image_15875,0.00233821808861608
image_15876,0.0011115216198927858
image_15877,6.238875426135281e-05
image_15878,0.7991595981186338
image_15879,7.499467786605186e-06
image_1588,0.00016973884586625479
image_15880,0.00015155134392872145
image_15881,8.130479764363835e-05
image_15882,0.0006571417858097578
image_15883,0.00023691691877980866
image_15884,0.0002123817611779467
image_15885,0.00028160928348735685
image_15886,0.0009134878408497175
image_15887,0.9026951915405055
image_15888,0.0009912357481590525
image_15889,0.007691852864429848
image_1589,8.480611396332775e-05
image_15890,0.0008946466978320907
image_15891,0.0002396716541418058
image_15892,0.0008932278024103891
image_15893,0.001149082605158743
image_15894,0.0003607554020087003
image_15895,2.7188343958591943e-05
image_15896,0.00026467232267172775
image_15897,0.9829587232923895
image_15898,0.81475717589387
image_15899,0.9563817331155924
image_159,0.9754911160213533
image_1590,0.8185457069117762
image_15900,4.109060678198012e-05
image_15901,3.9351212233499394e-05
image_15902,0.0005540700574961576
image_15903,3.066843141950048e-05
image_15904,6.781072932237637e-05
image_15905,0.14563541398764213
image_15906,0.000864146964100429
image_15907,0.00014090723987399858
image_15908,0.7950291829634375
image_15909,0.0002738650174670016
image_1591,3.0636282387777735e-05
image_15910,0.0009568604606668845
image_15911,0.00033274539206083
image_15912,0.00010862999506528351
image_15913,6.866727618382582e-05
image_15914,0.11779077910026692
image_15915,0.00013653753145329944
image_15916,2.593115811981749e-05
image_15917,3.541992838596642e-05
image_15918,0.0016851803544609668
image_15919,0.0006209486605420218
image_1592,0.0016183438575440357
image_15920,8.070198018414937e-06
image_15921,0.0005544863588126806
image_15922,0.7908516243410549
image_15923,0.00019528303602094654
image_15924,0.0006442635860542818
image_15925,0.00022517215604378758
image_15926,0.000893055982032106
image_15927,0.7951187534958383
image_15928,0.8236540868819544
image_15929,0.0009992431788886317
image_1593,5.233408855347085e-05
image_15930,0.00021810328979566255
image_15931,0.9581220084813301
image_15932,0.802839753231248
image_15933,0.0001839745711493497
image_15934,0.9982154068470829
image_15935,0.0003556304036621085
image_15936,0.8420674369562544
image_15937,0.00071843265830539
image_15938,0.00016704521096340551
image_15939,0.0001205605461654526
image_1594,0.016908632910375757
image_15940,0.007155479922821929
image_15941,2.8482656751052443e-05
image_15942,0.0001864217436630111
image_15943,0.0008633119402751104
image_15944,0.0004122834408809853
image_15945,0.00011041207072102628
image_15946,0.8866747900686043
image_15947,0.0001571688256429543
image_15948,0.000566011251643802
image_15949,1.8086383982385743e-05
image_1595,8.391102091733614e-05
image_15950,0.016442070670947707
image_15951,0.000107641315441063
image_15952,0.7943508540674511
image_15953,5.666773847001491e-05
image_15954,0.0006539260005144393
image_15955,0.014326937423370678
image_15956,0.0003325553668716794
image_15957,0.00013558939118387095
image_15958,0.9929537696417494
image_15959,0.029773836076587328
image_1596,0.00019146619854470512
image_15960,4.982478538502985e-06
image_15961,9.128958600035315e-05
image_15962,2.023940997863247e-05
image_15963,0.0002573771779979142
image_15964,0.000177002829845511
image_15965,0.00020377135068178732
image_15966,1.8476687231933006e-05
image_15967,0.0001850411366231226
image_15968,0.00010341155158096191
image_15969,4.939643979148975e-05
image_1597,0.0003700053895318367
image_15970,0.8087538279103118
image_15971,0.00018747530416618634
image_15972,0.9915124068677252
image_15973,0.0011672448672399175
image_15974,0.00010706608382802657
image_15975,0.8792273580815422
image_15976,9.260957150013207e-05
image_15977,0.001269902156288541
image_15978,0.000102906944159966
image_15979,5.293786485519072e-05
image_1598,4.879638809308546e-05
image_15980,6.180684991434944e-05
image_15981,0.08296648062236577
image_15982,0.0006364049600593808
image_15983,0.0002425105084672866
image_15984,0.00033746736967590993
image_15985,0.000298407425024173
image_15986,0.00025143103496994533
image_15987,0.0007955240683305274
image_15988,0.00025194925215968995
image_15989,1.627638506339756e-05
image_1599,2.9004144746474303e-05
image_15990,0.0007242201038849974
image_15991,0.00037521858445112863
image_15992,2.1632989843852773e-05
image_15993,0.9976468578324017
image_15994,0.9775756669908369
image_15995,0.961981004658301
image_15996,0.0013645693690622592
image_15997,0.8830888378329886
image_15998,1.549219537702814e-05
image_15999,4.7005690107997265e-05
image_16,0.0068969189119243764
image_160,0.0016291845370853919
image_1600,0.0005116505648020281
image_16000,4.052558748508368e-05
image_16001,0.8206589813763827
image_16002,0.8167706105129205
image_16003,0.010342927038958885
image_16004,0.0001381475180761926
image_16005,0.020295687103230806
image_16006,5.798141463034236e-05
image_16007,0.00012070820169107527
image_16008,3.734835973771711e-05
image_16009,0.0001406809065232694
image_1601,1.2636893646604088e-05
image_16010,0.004278944361096737
image_16011,0.0001911146463165407
image_16012,0.00029788542812559824
image_16013,5.724607117485753e-05
image_16014,0.0003468334481592265
image_16015,2.960465905639044e-05
image_16016,0.00012363198761403943
image_16017,1.4924468860341348e-05
image_16018,0.00045034368522593087
image_16019,3.224209723975354e-05
image_1602,0.9753249392803539
image_16020,0.00032249515248031934
image_16021,0.0005168572109141864
image_16022,0.0006051553128565325
image_16023,0.0005299382774653361
image_16024,0.006583244391594104
image_16025,0.844749492681812
image_16026,0.0011722538242574473
image_16027,0.0013441682807095335
image_16028,0.00014972670837353416
image_16029,3.0755058944950727e-05
image_1603,0.0048153836029358205
image_16030,0.0003581782183627153
image_16031,0.004124013694836173
image_16032,0.0009649939954962669
image_16033,0.0004931943338513098
image_16034,4.623370258237705e-05
image_16035,0.9181111768825886
image_16036,0.0003692418807498501
image_16037,0.0001593567271835577
image_16038,5.001954100067638e-06
image_16039,0.0005064293694258645
image_1604,0.00013264523926268494
image_16040,0.0002320843243918103
image_16041,0.9966325533436965
image_16042,0.004931574312650602
image_16043,0.0004505605918866083
image_16044,0.001876846219170772
image_16045,5.782378727571978e-05
image_16046,0.8022920198786749
image_16047,0.009727593293491208
image_16048,0.000279926059209013
image_16049,0.00010737253249271033
image_1605,9.821527536041995e-05
image_16050,8.175661057347461e-05
image_16051,0.0008175154911938631
image_16052,0.00011545002963757453
image_16053,0.0003608402715166414
image_16054,0.9981190658703687
image_16055,0.0008212581835775971
image_16056,5.894884988702538e-05
image_16057,0.0029482767213648126
image_16058,7.187002988193046e-06
image_16059,5.449014476459444e-06
image_1606,0.9964956953781068
image_16060,0.00017521165933997922
image_16061,0.795794914900293
image_16062,0.00021005713139642294
image_16063,0.021079547253350102
image_16064,0.0001382355256071922
image_16065,0.00031643252785108235
image_16066,0.0005783388135033043
image_16067,0.9423787642490277
image_16068,0.0015747245079405566
image_16069,0.0008630441983767066
image_1607,0.012563341652018592
image_16070,0.00011430286920665386
image_16071,0.00015878352447254776
image_16072,7.762957057129262e-05
image_16073,0.9196763094005329
image_16074,0.0007170881113496986
image_16075,2.171626273740992e-05
image_16076,0.0011320496166572678
image_16077,0.0007328206258353214
image_16078,0.0009171078010666411
image_16079,0.0009483279873776892
image_1608,6.415130312508081e-05
image_16080,0.0018066392617604927
image_16081,0.0004892242297679303
image_16082,0.0004381130834983513
image_16083,0.0016699832408533857
image_16084,0.007206687659472211
image_16085,0.001635522661748799
image_16086,0.00012077780198222434
image_16087,3.741462622393556e-05
image_16088,0.0010693567664440003
image_16089,0.0001966848671539676
image_1609,0.816674115854035
image_16090,0.000548076558168841
image_16091,0.002856149610058293
image_16092,0.9272093367915215
image_16093,4.475565594384243e-05
image_16094,0.8207399633075753
image_16095,0.0005514345711800921
image_16096,0.0013388552706074576
image_16097,0.0014006038803869283
image_16098,8.798533572784781e-06
image_16099,0.0002442544597770116
image_161,0.000869598242908906
image_1610,9.67578957215761e-05
image_16100,0.0009737117185912496
image_16101,4.618962346439208e-06
image_16102,0.00021707841119149228
image_16103,3.3377377600639344e-05
image_16104,0.0055313451411544605
image_16105,2.2879517466173273e-05
image_16106,0.9798824753594941
image_16107,0.000136139511910328
image_16108,0.0012233361205757293
image_16109,0.0007592429059514992
image_1611,0.00030805416975936763
image_16110,0.9988301511699168
image_16111,0.0002726606938485617
image_16112,0.0001279291807298195
image_16113,0.026988815700139557
image_16114,0.00022086604378302008
image_16115,4.212957618479388e-06
image_16116,0.0001164761579718294
image_16117,0.0011747094109824017
image_16118,4.148861385871291e-05
image_16119,0.00042369709631973263
image_1612,0.0017578870868611173
image_16120,0.00034115238733689384
image_16121,0.0015073145097940215
image_16122,0.8043824309881016
image_16123,9.167177039018684e-06
image_16124,0.9782005657310483
image_16125,0.03669618229036588
image_16126,0.00018809409477217387
image_16127,2.6920931065081885e-05
image_16128,6.995034410265321e-06
image_16129,0.0011851134831639785
image_1613,0.006138425784836879
image_16130,0.006808793697955108
image_16131,0.0003110100593587138
image_16132,5.3035081989858475e-05
image_16133,0.9892253653886535
image_16134,0.00038394315971205595
image_16135,0.00032876606836344075
image_16136,0.004332241359423633
image_16137,6.791967135780328e-05
image_16138,0.9565138713075203
image_16139,0.989895731922014
image_1614,6.773921201799638e-05
image_16140,0.0005498897993400698
image_16141,0.00041300393219641034
image_16142,0.14444131802467758
image_16143,0.0016654235534969153
image_16144,2.2796302714144763e-05
image_16145,9.297187453752855e-05
image_16146,0.0017685129410277122
image_16147,0.9950706793430033
image_16148,0.0007120305407244067
image_16149,0.0040129495234527785
image_1615,9.1674173140904e-06
image_16150,6.172094704018477e-05
image_16151,0.00015098733805958908
image_16152,0.0019049638011739214
image_16153,0.0001492420396698316
image_16154,0.00663998036104081
image_16155,2.787765015833005e-05
image_16156,3.209991121572583e-05
image_16157,0.0002723209426237094
image_16158,0.0027599491730707715
image_16159,0.0001624738133559655
image_1616,1.0801116952574917e-05
image_16160,0.891396521783518
image_16161,0.013051107053005037
image_16162,0.0001357154003332744
image_16163,0.0010175902686530153
image_16164,2.534128514923244e-05
image_16165,0.9238439342533041
image_16166,0.0008521356867781854
image_16167,0.001061771517349098
image_16168,7.033043370078084e-05
image_16169,0.006970383049471045
image_1617,0.0004742458224683878
image_16170,0.00037046708114617233
image_16171,0.9868230483715272
image_16172,0.0007095139100885894
image_16173,0.00016798647676000215
image_16174,0.007602373142897687
image_16175,0.0033299599576964664
image_16176,0.0001327721078565017
image_16177,0.00033830363069378076
image_16178,0.0003392382063760251
image_16179,0.7946569329299523
image_1618,0.0001737735038405029
image_16180,9.223733855852403e-05
image_16181,1.1358119677964794e-05
image_16182,5.590353941332481e-05
image_16183,0.7932153570930414
image_16184,0.0021440247866798545
image_16185,0.00023268176857984638
image_16186,0.0006364488808220381
image_16187,0.7896107801701062
image_16188,0.001450979858733149
image_16189,0.00014120385487877254
image_1619,0.00017804770354068857
image_16190,0.00040109291148511615
image_16191,9.442069548962732e-05
image_16192,1.3228100848009639e-05
image_16193,0.0003651306814785264
image_16194,0.00010796369166036078
image_16195,5.140239510757351e-06
image_16196,0.0010463383982799294
image_16197,0.0010685183211794687
image_16198,3.599115494313792e-05
image_16199,0.0002511739890314419
image_162,0.0013660769288083203
image_1620,5.331569465919599e-06
image_16200,4.9011385361868415e-05
image_16201,8.175202617537629e-05
image_16202,7.218351438021687e-05
image_16203,0.7967167456603556
image_16204,8.233508386308594e-05
image_16205,0.001252385181849274
image_16206,4.611844851268684e-05
image_16207,0.00020240200335548995
image_16208,0.0003669461672735536
image_16209,1.7054492527580504e-05
image_1621,2.8345982297608275e-05
image_16210,0.9980785458161359
image_16211,0.0001677962394143714
image_16212,0.0002843452987330763
image_16213,0.002179640535823806
image_16214,0.0001746759416021294
image_16215,0.0003044209302465688
image_16216,4.1437577495370206e-05
image_16217,0.9005566099703712
image_16218,0.0001274699214849703
image_16219,0.9948022732518463
image_1622,2.223120282046118e-05
image_16220,0.011941610217694618
image_16221,5.234330665158085e-06
image_16222,3.9953955212572196e-05
image_16223,4.568056452190157e-05
image_16224,0.0009234464211731175
image_16225,0.0038722044618559404
image_16226,0.8108743912096227
image_16227,3.66002468802201e-05
image_16228,0.012047124027726605
image_16229,0.003023820766357023
image_1623,0.00027400088596732174
image_16230,0.0016723091184056827
image_16231,2.1847185357305652e-05
image_16232,0.0001291301517642502
image_16233,7.032774211544588e-05
image_16234,0.9781702308714004
image_16235,0.0007512866691482928
image_16236,0.00030536740081237024
image_16237,0.00017746894839510175
image_16238,6.504812056754986e-05
image_16239,0.0021800249163509266
image_1624,0.00043037226180919427
image_16240,0.0005698838936348789
image_16241,1.1518593448524477e-05
image_16242,8.9378015683544e-05
image_16243,0.8633630403560109
image_16244,0.00375929552671036
image_16245,3.404013902403211e-05
image_16246,2.924049433535291e-06
image_16247,0.00045745873919677746
image_16248,0.796836463950271
image_16249,0.8008455396015952
image_1625,7.775271492076694e-05
image_16250,0.0012575040701223567
image_16251,0.0008561759741033933
image_16252,0.00035182339398710127
image_16253,0.7944745735138934
image_16254,0.002276095021272539
image_16255,0.8967046845922093
image_16256,0.19258483938563867
image_16257,0.00010381427198170946
image_16258,5.434738391731198e-05
image_16259,0.0009510950999667512
image_1626,0.995240370139278
image_16260,3.850012994071828e-05
image_16261,3.258856840770262e-06
image_16262,8.738975525612777e-06
image_16263,0.0006583053362271207
image_16264,0.0003866409295979009
image_16265,0.00012370695521920594
image_16266,0.00018354229473852344
image_16267,0.8521036270761033
image_16268,0.10255499704016706
image_16269,2.6941916250734913e-05
image_1627,2.599592427011631e-05
image_16270,0.002247058311010447
image_16271,0.0017447316092860856
image_16272,4.0216043386753164e-05
image_16273,0.0007292482417026252
image_16274,9.389576680537723e-05
image_16275,2.4824953602198655e-05
image_16276,6.302318255733222e-05
image_16277,0.005935124484236703
image_16278,2.307759534225357e-05
image_16279,0.0015262877860564737
image_1628,8.171063218846227e-05
image_16280,0.9981917475525031
image_16281,0.003452842532225272
image_16282,0.04897237993957397
image_16283,0.0018083322181666416
image_16284,0.0007349403375611267
image_16285,0.0011408111257346044
image_16286,0.001083998099497458
image_16287,0.9678432463456048
image_16288,0.001868966155923546
image_16289,0.004472251657413597
image_1629,7.310048680163054e-05
image_16290,0.001125930772128776
image_16291,4.618399817860881e-05
image_16292,0.9104552956381713
image_16293,0.8026099652056546
image_16294,0.00519496865834322
image_16295,0.00012146032954030712
image_16296,0.0004230076726815187
image_16297,0.0001782169522441401
image_16298,0.9414896432647396
image_16299,6.440003655991823e-05
image_163,4.834192523087686e-05
image_1630,0.01663879234905437
image_16300,1.548254402707971e-05
image_16301,1.3140751071270617e-05
image_16302,3.7083709352594856e-05
image_16303,0.0026217673879378443
image_16304,0.0020932616594606427
image_16305,5.187437075234002e-05
image_16306,0.0002070484621249556
image_16307,0.17941537559831167
image_16308,0.0004049813594471219
image_16309,1.714946578836789e-05
image_1631,9.656410036466012e-05
image_16310,9.890090560194977e-05
image_16311,0.799874623751563
image_16312,0.002288810273371209
image_16313,0.0007127244518676287
image_16314,0.0003047177298819476
image_16315,2.2772583828618708e-05
image_16316,0.7967230902873959
image_16317,0.03405623248755269
image_16318,0.0005744043249336663
image_16319,9.53748637350555e-06
image_1632,0.002685069735403588
image_16320,8.690093552113217e-05
image_16321,0.0003575170229937026
image_16322,0.0004003784041796776
image_16323,2.7114825503824564e-05
image_16324,0.0006593421828341324
image_16325,0.007366980545274082
image_16326,0.00012592742061076796
image_16327,3.5825131483693396e-05
image_16328,0.0001096561956080454
image_16329,0.0002441116130174617
image_1633,0.0013975452884202148
image_16330,0.11247328749367742
image_16331,0.00027111407080136746
image_16332,2.6044107767083184e-05
image_16333,4.7022415401436415e-06
image_16334,6.503637050814244e-05
image_16335,3.8474053544995746e-05
image_16336,0.9766542129748685
image_16337,2.4028455902826563e-05
image_16338,0.0037174992894700304
image_16339,0.9786432826021783
image_1634,0.00022154544948207316
image_16340,0.000248633679220612
image_16341,0.0006431491400253703
image_16342,0.0006784076205575664
image_16343,5.5372372785979736e-05
image_16344,0.0009825603852071116
image_16345,8.176636390046051e-05
image_16346,0.00016029250052330515
image_16347,0.0003766644536936242
image_16348,0.0004176161527884409
image_16349,0.0020193639777947
image_1635,0.7969624061443521
image_16350,0.0009733633397056996
image_16351,0.0007560903043403501
image_16352,0.8010823579353529
image_16353,1.9092527068562832e-05
image_16354,0.998473202423018
image_16355,0.0010917769679997093
image_16356,7.955678786272125e-05
image_16357,4.829998792702997e-05
image_16358,0.0003101944805792696
image_16359,0.0006156061355303709
image_1636,0.0014614531525590276
image_16360,0.0017937474212037958
image_16361,0.0003054044618951001
image_16362,0.003476152652705144
image_16363,0.0005827242243358841
image_16364,5.9485535943135626e-05
image_16365,2.744855175284364e-05
image_16366,8.38843268685188e-06
image_16367,0.00021229699655610188
image_16368,0.8514144314540288
image_16369,4.851784939453816e-05
image_1637,7.132217894013947e-05
image_16370,0.99872505376963
image_16371,0.011873750572821657
image_16372,0.0006857921103356631
image_16373,9.361661972157544e-05
image_16374,0.00034327630249302986
image_16375,2.0279333959064958e-05
image_16376,8.2708149743636e-05
image_16377,1.1640030234449695e-05
image_16378,0.00014289278700044234
image_16379,0.00018969555591817326
image_1638,1.456753869592645e-05
image_16380,2.0179800318259883e-05
image_16381,0.0019720619692145413
image_16382,0.003373888280389961
image_16383,6.281022588181169e-05
image_16384,0.0007226301156903604
image_16385,0.002285197173338501
image_16386,0.8021972766767729
image_16387,0.9994239137726174
image_16388,0.00014801637466892222
image_16389,8.060845243347335e-05
image_1639,0.005520570372805981
image_16390,0.0006353676235567798
image_16391,0.0005782389679342586
image_16392,0.0004328493095003165
image_16393,0.0017677582347250757
image_16394,1.419252604275813e-05
image_16395,8.783292843019391e-05
image_16396,0.0017218529256339487
image_16397,1.592559018220615e-05
image_16398,0.0004154769570762335
image_16399,0.002754587077491669
image_164,0.00012854614989111563
image_1640,2.4926423228354355e-05
image_16400,0.00030642266886010867
image_16401,7.853500456863763e-05
image_16402,0.015764410054516335
image_16403,0.00010670064066892926
image_16404,0.9996289631267338
image_16405,9.887312550915662e-06
image_16406,0.020788498078608487
image_16407,0.0007817471468831539
image_16408,0.005726567251680055
image_16409,9.22050457154304e-05
image_1641,0.00025045247628281263
image_16410,7.306800117853654e-05
image_16411,1.2366744637367968e-05
image_16412,0.00018856092197562787
image_16413,0.00010982086758460163
image_16414,0.003293103539894917
image_16415,0.015135244880849361
image_16416,0.00015801756733621126
image_16417,9.483841905380374e-05
image_16418,0.005613925858914022
image_16419,0.0002051578636058338
image_1642,0.001272009744475329
image_16420,0.7964389376730758
image_16421,1.157147163784028e-05
image_16422,0.00010446052619600472
image_16423,0.0033584108756946987
image_16424,0.0001382284524477797
image_16425,0.9984286046994525
image_16426,0.00043898482665477665
image_16427,0.019065270583800094
image_16428,0.0014907902737171562
image_16429,0.002934297214414255
image_1643,0.00048727042286426746
image_16430,0.00016185942813816103
image_16431,2.253107554477933e-05
image_16432,0.0009071225756033318
image_16433,0.7964103136885197
image_16434,8.965229939571872e-05
image_16435,0.15114145940493243
image_16436,7.0338724123103656e-06
image_16437,0.8833644989489713
image_16438,0.0008156999979599759
image_16439,0.0004177541362109546
image_1644,2.5637857197287014e-05
image_16440,0.005694664242282124
image_16441,0.0005147473791986349
image_16442,0.00011052109761525362
image_16443,0.0004116548572945211
image_16444,0.0005714360166046934
image_16445,2.1362897036395532e-05
image_16446,0.0006675092262319754
image_16447,0.9840682857653134
image_16448,0.012395789060565822
image_16449,0.7962012457178569
image_1645,0.0013941163392711554
image_16450,0.09360769814267042
image_16451,0.0002607356363101381
image_16452,5.7376436374726326e-05
image_16453,0.00025342984030456725
image_16454,0.0018986263831191521
image_16455,0.000885283018242316
image_16456,0.004694165319132007
image_16457,0.00011429616875106648
image_16458,0.02199967795210292
image_16459,0.9943289022749315
image_1646,7.606370883464852e-05
image_16460,0.00013075742211422146
image_16461,3.4145159125087875e-05
image_16462,6.420350626911979e-05
image_16463,3.6025205469965384e-05
image_16464,0.00016873792967561706
image_16465,0.0002859367281952241
image_16466,0.002851717290508786
image_16467,0.0026506716398205865
image_16468,0.0030921206654824
image_16469,0.005024947440044727
image_1647,0.999082977149973
image_16470,3.132670481886152e-05
image_16471,0.00019953440153487443
image_16472,0.7962990597892432
image_16473,0.0013320654567215867
image_16474,0.006744660431606274
image_16475,0.000946518139646064
image_16476,0.9700468529579067
image_16477,0.9794599554924786
image_16478,0.7953408782840903
image_16479,0.00022549657060748186
image_1648,0.00015678692276375382
image_16480,0.9996792080190057
image_16481,0.9776736331092788
image_16482,5.515731756731167e-05
image_16483,3.7563976451903505e-05
image_16484,1.253032401934636e-05
image_16485,0.010465557295496461
image_16486,1.4636906929037187e-06
image_16487,0.0001923582875988234
image_16488,0.00035196033702987407
image_16489,0.005364848626640253
image_1649,1.283196061939529e-05
image_16490,0.00015496812876956338
image_16491,0.00038787062278910296
image_16492,0.00035293287757651805
image_16493,0.0004161269656202973
image_16494,4.349605600699963e-05
image_16495,1.827007230539385e-05
image_16496,0.9025786906445706
image_16497,0.006215278460021126
image_16498,0.02460462815897118
image_16499,0.9991999509990925
image_165,0.0001290749006918259
image_1650,1.7713293182531497e-06
image_16500,0.0009867323097928061
image_16501,3.6093902582607505e-05
image_16502,0.0016647576307629547
image_16503,0.004769794363594952
image_16504,0.0013819388413957845
image_16505,4.7106057609566544e-05
image_16506,0.00019275806637180647
image_16507,4.6875437893779655e-05
image_16508,9.586527924262882e-05
image_16509,0.00024322346080872612
image_1651,7.129323597052735e-05
image_16510,0.847612043650978
image_16511,0.0007832260864809902
image_16512,0.003894855858553864
image_16513,0.7961182767687159
image_16514,0.7958720615319367
image_16515,0.0005937002035230817
image_16516,0.9738682070491427
image_16517,0.000767711656552801
image_16518,0.0005770297606773631
image_16519,3.6991433815246e-05
image_1652,0.07579054974308205
image_16520,0.797052239083365
image_16521,0.0023742611171380925
image_16522,0.0008252373785246007
image_16523,1.3188505317239332e-05
image_16524,0.00018386462771229024
image_16525,0.0008353484974246617
image_16526,0.00029619738401715954
image_16527,0.000889001770094762
image_16528,0.001861165886542615
image_16529,0.0001512977020594463
image_1653,0.03728965630431709
image_16530,0.0009692084505704202
image_16531,0.01964025952771788
image_16532,0.0006001631074888265
image_16533,0.861212487270069
image_16534,0.0010291362329639636
image_16535,0.00037012046120104755
image_16536,0.0005953438073467996
image_16537,2.47027714357658e-05
image_16538,0.006417850114816359
image_16539,0.0006929752551302281
image_1654,0.0003020578075950493
image_16540,0.00032223288274637284
image_16541,0.0010664152627850615
image_16542,0.003858265448301974
image_16543,6.086661432512049e-05
image_16544,0.0005802530151463212
image_16545,3.0002191903292528e-05
image_16546,9.169808216766856e-05
image_16547,0.0006600112997485576
image_16548,4.9151156586509375e-05
image_16549,0.0010599175217982089
image_1655,0.16777579793687042
image_16550,6.836706936952686e-05
image_16551,0.00019673072238246314
image_16552,0.0001697943164110904
image_16553,0.00012170505384751941
image_16554,0.8762304229830604
image_16555,0.9001852686363776
image_16556,1.2634278392411913e-05
image_16557,2.0320882935026763e-05
image_16558,0.00011221693428434662
image_16559,6.858256562923837e-05
image_1656,0.0007007445131234326
image_16560,1.697980939969917e-05
image_16561,3.929593935675344e-05
image_16562,9.456998828799147e-06
image_16563,0.00036905768716223244
image_16564,0.00014760501123578916
image_16565,6.99164726398339e-05
image_16566,1.514966689176548e-05
image_16567,0.9979406787130316
image_16568,9.760663968528059e-05
image_16569,0.00037971848609972235
image_1657,0.0015478988142379648
image_16570,0.7962015630250254
image_16571,7.911840624971768e-07
image_16572,0.9929666237960133
image_16573,9.228382903164203e-06
image_16574,0.005676990795768397
image_16575,0.005861803134975078
image_16576,0.0059702653057746415
image_16577,0.000625802881704942
image_1658,0.00011561056085221348
image_1659,0.001232436754197046
image_166,7.34425476648072e-05
image_1660,0.00024282794009501666
image_1661,0.002219321063448218
image_1662,6.119523496601186e-05
image_1663,9.885237563173517e-05
image_1664,2.2723553853786736e-05
image_1665,0.0006187335405347915
image_1666,8.835533602006818e-05
image_1667,0.00012717999560294253
image_1668,0.0014022104455471366
image_1669,4.095081737481813e-05
image_167,0.00010234064737104304
image_1670,0.000820604841915683
image_1671,0.001321877570322885
image_1672,0.00014354602737060837
image_1673,0.793954685192722
image_1674,0.0005673466872163885
image_1675,0.0010046431230789441
image_1676,0.0013470772709707431
image_1677,0.051038560811677756
image_1678,0.8164684959720295
image_1679,0.00012638951585231992
image_168,0.003714533220030411
image_1680,0.14260184329967418
image_1681,0.0006345113811559154
image_1682,9.810427330319179e-05
image_1683,1.4073901123314492e-05
image_1684,0.0028496980719628973
image_1685,0.0034775611793463356
image_1686,0.0006104317047638957
image_1687,0.015209318201892395
image_1688,0.0006321219427987277
image_1689,0.0007134323222587428
image_169,0.0001390593294367281
image_1690,0.01253562242474648
image_1691,0.0014057195392870394
image_1692,0.9700181401916973
image_1693,0.009929887831279204
image_1694,0.0003846757650346461
image_1695,2.7941326724557893e-05
image_1696,0.20161213700816555
image_1697,0.0008926703485742998
image_1698,0.0008144497664134956
image_1699,0.00012163028015739414
image_17,0.9479709372680821
image_170,0.00019699299571055993
image_1700,9.356170310745914e-06
image_1701,0.0005660950883591319
image_1702,0.001766893934829264
image_1703,0.0010230197807096708
image_1704,0.00018770951008610951
image_1705,0.0008224853541943268
image_1706,0.0005803371366635891
image_1707,0.0005119440846118598
image_1708,0.0029372749383057583
image_1709,0.9926243801953456
image_171,3.760150243393343e-05
image_1710,0.065262275292707
image_1711,0.0004036180876883545
image_1712,4.369923475652767e-05
image_1713,0.00128008593495492
image_1714,2.4093649474946847e-05
image_1715,5.956554610077291e-05
image_1716,8.972517332239613e-06
image_1717,0.9969134396743129
image_1718,0.00038308613886119146
image_1719,0.1328204557577627
image_172,0.9972841808275217
image_1720,0.00045840243755448294
image_1721,5.8933722745196644e-05
image_1722,0.012347827178563767
image_1723,0.9983328759397969
image_1724,0.00011180023491136051
image_1725,0.0008554931695840111
image_1726,0.9588755198853718
image_1727,0.0002502498202455101
image_1728,0.0006585254250347597
image_1729,9.88007200251544e-05
image_173,0.00036170163150385244
image_1730,0.0017759161367952498
image_1731,0.000220753469396335
image_1732,0.0005483489216179399
image_1733,0.0006584843584198151
image_1734,4.516591677920843e-05
image_1735,0.0003919032545264047
image_1736,0.8758982320895937
image_1737,0.9986357094517071
image_1738,8.403396018404089e-06
image_1739,0.0002464282570559135
image_174,0.00022657496194618742
image_1740,0.00044490510025480825
image_1741,0.0005544706253945572
image_1742,0.9859025451927238
image_1743,0.790973894632881
image_1744,7.05068931290556e-05
image_1745,0.001567576533220171
image_1746,0.0012751419774049326
image_1747,0.0002858481982000805
image_1748,0.00036765221539812484
image_1749,0.00043841076483736003
image_175,0.0014575321269430345
image_1750,0.0004535574988825038
image_1751,0.0008328289437539492
image_1752,0.0016073565632297286
image_1753,0.7919192272216281
image_1754,2.4133177144936358e-05
image_1755,0.8007773916648911
image_1756,0.793547161893955
image_1757,4.044447259031142e-05
image_1758,0.00018021420732317574
image_1759,0.00020356213435450947
image_176,0.000542840959343952
image_1760,1.2333982478859263e-05
image_1761,0.00039468924606472316
image_1762,0.00011417628291917829
image_1763,0.00036475237969753457
image_1764,0.00043543812984650043
image_1765,0.0002506703100699368
image_1766,0.0005748059536387071
image_1767,0.00044981355890931783
image_1768,0.0002758081023637259
image_1769,0.0030396967514565625
image_177,5.731483130515911e-06
image_1770,0.0004284448190364491
image_1771,0.00038820159085384075
image_1772,0.0037384348482740275
image_1773,3.067462613905353e-05
image_1774,8.310779123612376e-05
image_1775,0.0012981992787337083
image_1776,7.86239640383768e-05
image_1777,0.9964880112711363
image_1778,0.004095507310705343
image_1779,0.0025530888033846455
image_178,0.0008473678383578429
image_1780,0.00016194511316720524
image_1781,4.1361800854073134e-05
image_1782,0.0001006944879717304
image_1783,7.614191254154357e-05
image_1784,0.795149826178883
image_1785,0.00043451319692114197
image_1786,0.000149881462183946
image_1787,6.133628890972624e-05
image_1788,0.0008272493125811535
image_1789,8.08392291474478e-05
image_179,0.00019267667701640265
image_1790,0.0009236307461391714
image_1791,0.9951959628060034
image_1792,9.717803547878732e-05
image_1793,0.0001382407853961646
image_1794,2.889042884689884e-05
image_1795,0.00014544859942725084
image_1796,3.9907033979347286e-05
image_1797,0.0010357120882179293
image_1798,0.00020998945362089697
image_1799,0.00011847423918633578
image_18,0.0004569960808423317
image_180,0.0026600904353780413
image_1800,0.002097069738988805
image_1801,0.006349663747382513
image_1802,3.36749835599788e-05
image_1803,0.00039627352147704475
image_1804,0.03944102741051624
image_1805,0.00043023873437069376
image_1806,0.001035637209017942
image_1807,0.0008457742032531356
image_1808,1.3790362897113257e-05
image_1809,0.0008275715616083961
image_181,4.095920521302887e-05
image_1810,0.00012226624057582656
image_1811,0.0006444755038817502
image_1812,0.0031414309165425035
image_1813,3.536192289456344e-05
image_1814,0.00011019290818265685
image_1815,1.0755599943436946e-05
image_1816,0.00017121515537853697
image_1817,0.8237679401000093
image_1818,0.9958223869667056
image_1819,0.005331011261170326
image_182,0.000341003149832393
image_1820,1.7062081539458542e-05
image_1821,1.8383294269488317e-05
image_1822,0.7979043410361006
image_1823,0.0002728612904925045
image_1824,0.0005963351147095919
image_1825,0.0001027412973471784
image_1826,0.00011756378907991953
image_1827,0.0003403236338775847
image_1828,0.01507747098243925
image_1829,5.310291478408417e-06
image_183,2.7580086787078412e-05
image_1830,0.0010899940329298671
image_1831,0.9941175143565509
image_1832,0.004167387660456061
image_1833,5.510229536172508e-05
image_1834,0.9752498935314
image_1835,0.00018888056717581065
image_1836,0.00024861111121113013
image_1837,0.0017103666143376787
image_1838,9.761431616302247e-05
image_1839,0.004297055571198996
image_184,1.1978214187098932e-05
image_1840,0.0001392562684915179
image_1841,5.2643901929558455e-05
image_1842,0.0009441978468336078
image_1843,0.0009252532465457545
image_1844,5.2266862271897124e-05
image_1845,0.03255229678917798
image_1846,0.00015756908194643535
image_1847,0.00047649419205438796
image_1848,0.00023721094207729328
image_1849,9.725862968713168e-06
image_185,0.00013285294209902692
image_1850,0.0006372164313361949
image_1851,0.0018005337283755307
image_1852,0.0002922131497268294
image_1853,0.00029087939072755244
image_1854,1.368482653482198e-05
image_1855,0.040555986614207354
image_1856,2.8081406795291975e-05
image_1857,1.6826265391441887e-05
image_1858,6.957776686178604e-05
image_1859,0.0006083261641569961
image_186,0.036609731103571914
image_1860,0.0003066520292915858
image_1861,9.833293246474354e-05
image_1862,0.000486942620726182
image_1863,0.00030752106776026414
image_1864,0.0010872849694171858
image_1865,0.0006343832673442987
image_1866,0.00010266890033503771
image_1867,0.0001759755332474894
image_1868,0.9841937056493817
image_1869,6.521688332693464e-05
image_187,0.00010798198396939484
image_1870,0.0005310881577367272
image_1871,0.7964798112843516
image_1872,0.0007651358821576277
image_1873,0.001277557427813246
image_1874,5.108882136120303e-06
image_1875,4.369438685066975e-05
image_1876,0.00018675916627432476
image_1877,8.337058557929125e-06
image_1878,6.13957080643016e-05
image_1879,4.302242691556455e-05
image_188,0.00015363623739006026
image_1880,1.8271755934515916e-05
image_1881,0.01101426576997985
image_1882,0.000180367834629321
image_1883,1.9616885160015434e-05
image_1884,5.226346144828558e-05
image_1885,0.0004189547034383546
image_1886,0.0019889722549474406
image_1887,0.0008628096241988702
image_1888,0.0002138581840311596
image_1889,3.5456034282964265e-05
image_189,0.9546426700179131
image_1890,0.8022710884844602
image_1891,0.014671568266635071
image_1892,0.00183399919960987
image_1893,0.17411229057834213
image_1894,8.398121552826722e-05
image_1895,0.017938425996951425
image_1896,0.8009300532889266
image_1897,0.005140847779005508
image_1898,0.0008932018938452733
image_1899,0.00040724279505459734
image_19,0.8101874982356945
image_190,0.000826253360534077
image_1900,0.00032663277278407077
image_1901,0.005926011007991198
image_1902,0.0006607646033799846
image_1903,0.00010728666903530754
image_1904,0.00010808909052849386
image_1905,0.9617044527208787
image_1906,2.88787411172927e-05
image_1907,0.0032062874770788672
image_1908,3.52691260798715e-05
image_1909,0.7975193053313795
image_191,0.0005136705704361403
image_1910,0.002428927752954623
image_1911,0.004596443194132582
image_1912,4.370390395414506e-05
image_1913,2.2573297622601364e-05
image_1914,0.00031534570259783687
image_1915,0.7926064555195816
image_1916,0.00020928352276430406
image_1917,7.95792564825805e-05
image_1918,0.0009525952682273526
image_1919,0.001162665855266733
image_192,0.001685865717717667
image_1920,8.399061337737517e-06
image_1921,7.543984785080704e-05
image_1922,0.0009923866596591008
image_1923,0.99840129751672
image_1924,0.00041945853656790485
image_1925,0.9989821128728005
image_1926,0.9842020755968168
image_1927,0.0001197457124686548
image_1928,0.0002058565118710733
image_1929,0.9243724582422793
image_193,0.00014248870978928867
image_1930,0.0001416493502897681
image_1931,0.7937873700786324
image_1932,0.00010799667800956809
image_1933,0.794113981672842
image_1934,0.0001456912915085001
image_1935,6.975657470672083e-05
image_1936,0.0019618639465402024
image_1937,0.00021396173728804022
image_1938,4.2512230194749664e-05
image_1939,1.5784612926375348e-05
image_194,7.661252317162378e-05
image_1940,0.00015379692450593496
image_1941,0.001320133744077683
image_1942,0.7991738619275506
image_1943,1.3824946741434027e-05
image_1944,0.8145068341770489
image_1945,0.00010570663419178763
image_1946,2.9652888736879757e-05
image_1947,2.995282861016256e-05
image_1948,0.0026337319069270546
image_1949,0.0008174020011956823
image_195,0.0004979672476247613
image_1950,9.285415863539605e-06
image_1951,3.8767908012164e-05
image_1952,7.515280483375562e-05
image_1953,0.7967109699050238
image_1954,1.8553117433290326e-05
image_1955,0.9958911195262251
image_1956,0.0012213813883097241
image_1957,0.9910359893841075
image_1958,0.188372544357853
image_1959,5.3437294564875906e-05
image_196,5.960704132882007e-05
image_1960,0.0008352999392833148
image_1961,0.00013946307123477181
image_1962,0.7980024237500272
image_1963,0.0007561036196315842
image_1964,0.00024874038658474887
image_1965,0.006859627507873047
image_1966,0.00019301199418642355
image_1967,0.8032443113608798
image_1968,5.6745861411671146e-05
image_1969,0.011018803451486328
image_197,0.056111075128972364
image_1970,0.013192198635941812
image_1971,1.292924125052836e-05
image_1972,1.2102597790116431e-05
image_1973,0.00014933134227959746
image_1974,0.0004888790639926777
image_1975,0.00047263953919046795
image_1976,0.0002273292386014365
image_1977,0.0013179802050435508
image_1978,0.00028065987145969526
image_1979,1.788354824457713e-05
image_198,5.030370619797163e-05
image_1980,0.00042887080331926113
image_1981,6.554499870730543e-05
image_1982,0.0013611235094996555
image_1983,0.8008328772596844
image_1984,0.00012309674828702273
image_1985,0.00027187160699013006
image_1986,0.00022848822559830853
image_1987,0.0007009630414435755
image_1988,8.955403558339821e-05
image_1989,1.4515576939933212e-05
image_199,0.000583997702126533
image_1990,0.9068834546519844
image_1991,5.1857303908664105e-05
image_1992,0.0001083771102667014
image_1993,0.09704359361101132
image_1994,0.9508596851798259
image_1995,5.331060857665862e-05
image_1996,0.0001239220672861425
image_1997,0.0010918461586579404
image_1998,0.0026824758256207655
image_1999,0.0008655782003177441
image_2,0.0002661645742973905
image_20,0.0006753086083733161
image_200,0.00016079785067741025
image_2000,0.00010742218786276823
image_2001,0.0008683710110248694
image_2002,0.0007180045923446685
image_2003,0.0014960872206050088
image_2004,0.000560677898585205
image_2005,0.00019105740965821616
image_2006,2.862393366402441e-05
image_2007,0.00014412977555289716
image_2008,0.0024923203971985077
image_2009,7.509328907544947e-05
image_201,5.148292738087978e-05
image_2010,0.0001854613505559676
image_2011,0.00010275769161611925
image_2012,0.00012278711428640831
image_2013,0.00048306560181243
image_2014,3.729468690045792e-05
image_2015,0.004416820462701491
image_2016,0.0006216681585246689
image_2017,0.00024515888676289574
image_2018,0.00015248104781645573
image_2019,0.001083363542904088
image_202,0.0005060555488233699
image_2020,0.00010590105632045737
image_2021,0.002508394080689473
image_2022,0.005652688248234247
image_2023,0.0010908957929969747
image_2024,0.00022269987899848931
image_2025,0.005230076107684568
image_2026,5.045896495877826e-05
image_2027,0.04112856763525319
image_2028,0.17641838920972433
image_2029,0.0003594796246430468
image_203,0.9225385009647485
image_2030,3.958190397870531e-05
image_2031,0.10576100040088451
image_2032,0.000293881958596138
image_2033,0.002600490322449556
image_2034,0.0004499840393698071
image_2035,0.0017047592134529631
image_2036,0.006542898166058684
image_2037,0.00028347136614469837
image_2038,5.315008336193111e-05
image_2039,0.00026142339342003857
image_204,0.0006521918206585477
image_2040,3.2620237194673465e-05
image_2041,0.00012257031976384424
image_2042,0.0005789012916379059
image_2043,0.0016158593534910525
image_2044,0.0005472160651814634
image_2045,0.9814929926173835
image_2046,0.0003876340574898276
image_2047,0.7952683866347803
image_2048,0.0006309894134709242
image_2049,0.0013473055297853471
image_205,0.00262116476163457
image_2050,0.0012486515428531955
image_2051,0.0028193211050367498
image_2052,0.0028252730118062484
image_2053,0.004337568704483269
image_2054,2.8060386341736996e-05
image_2055,3.9068878743705994e-05
image_2056,0.8071076826130698
image_2057,0.00010057445117719146
image_2058,0.0002338099553865789
image_2059,0.8323340592193318
image_206,0.0005615861379462591
image_2060,0.0002760754787254047
image_2061,0.002203976616792194
image_2062,4.8806125012270385e-05
image_2063,0.0007378321417115764
image_2064,5.733867497542688e-05
image_2065,0.9278253262587277
image_2066,0.0011944349893015553
image_2067,0.013308583404152391
image_2068,0.00020999450136031478
image_2069,0.0010790034441723819
image_207,0.007866456029313875
image_2070,0.07028862849525434
image_2071,0.00010331176046816807
image_2072,0.0009623586642067649
image_2073,8.699063072766583e-05
image_2074,0.002293657112471377
image_2075,0.00010399218823977387
image_2076,0.002246544084056148
image_2077,1.0421003601951335e-05
image_2078,6.853257082782846e-05
image_2079,0.000977249486216652
image_208,0.0003007404002932083
image_2080,0.004706015470503894
image_2081,9.348941444706136e-05
image_2082,0.0007228042453323268
image_2083,0.0006869496624054658
image_2084,0.00024376150533157544
image_2085,3.291573357286878e-05
image_2086,3.35989302629662e-06
image_2087,0.008195589497863814
image_2088,0.008167903553515531
image_2089,0.00046150765906111097
image_209,0.0010925858425158675
image_2090,0.9511343494619678
image_2091,0.9633214265603389
image_2092,0.0009042273312209255
image_2093,0.0005527910940809157
image_2094,1.946508555701012e-05
image_2095,0.0003905512601807693
image_2096,0.0005269214066439453
image_2097,7.386733575819147e-06
image_2098,0.006110426152381075
image_2099,0.000629968678253531
image_21,0.00018751450607041678
image_210,7.471620948061492e-05
image_2100,0.00019307308898635467
image_2101,0.12478868435855425
image_2102,7.993871195328609e-05
image_2103,0.0008419919487696565
image_2104,0.0013685502742049132
image_2105,0.00015335150704055053
image_2106,3.0593331655911e-06
image_2107,1.632709861843078e-05
image_2108,0.00017594434430828233
image_2109,0.0001242596924567382
image_211,1.5056776104037552e-05
image_2110,3.711910849801444e-05
image_2111,0.0010601189317080036
image_2112,0.001430183981659167
image_2113,6.16820460322322e-05
image_2114,2.062411994621706e-05
image_2115,0.0013787151242894908
image_2116,1.7919120347725426e-05
image_2117,0.9961232232236729
image_2118,0.9990492774310276
image_2119,0.904122160250334
image_212,3.9323953505875496e-05
image_2120,0.0009099111066877552
image_2121,0.001324177520936456
image_2122,1.0125586831871725e-05
image_2123,0.9885731612757297
image_2124,0.9985378301327981
image_2125,0.00045945304962074807
image_2126,0.004018252835767041
image_2127,5.5333226215323167e-05
image_2128,0.0011707690869333966
image_2129,0.0006574912570030604
image_213,0.9602166102200578
image_2130,9.081237030406573e-05
image_2131,0.00011522226890586806
image_2132,0.0001454156951998525
image_2133,0.0001232677115817113
image_2134,0.00030106110941233833
image_2135,3.986553407829028e-05
image_2136,0.8717101521301011
image_2137,7.185217891465454e-06
image_2138,4.607260355028574e-05
image_2139,0.004523035287379886
image_214,0.0015415416984613023
image_2140,0.7933055667825275
image_2141,0.00029592381609530377
image_2142,0.9662559159885937
image_2143,0.00044284817298161674
image_2144,0.7948033038130147
image_2145,8.47019393698498e-05
image_2146,9.08142797895392e-06
image_2147,0.0004474159015142927
image_2148,0.0008305817428717263
image_2149,0.0005915914010098625
image_215,0.8635186705250095
image_2150,0.00022199627644624358
image_2151,0.009831458897645548
image_2152,0.00012195109429674936
image_2153,0.0030202993448660872
image_2154,8.701191030455058e-05
image_2155,0.9805502849787497
image_2156,3.466360603650344e-05
image_2157,3.697476554988457e-05
image_2158,0.0001312078591048447
image_2159,0.0003251337455509329
image_216,0.00014587993338157872
image_2160,0.0010291509253560426
image_2161,2.1419183166602368e-05
image_2162,0.0010865269756436117
image_2163,0.0008961378993672987
image_2164,0.0012074223999461108
image_2165,0.0004909435089517931
image_2166,0.7963105085765556
image_2167,0.00016739043748788864
image_2168,0.0011218897772639284
image_2169,0.00029900583676427357
image_217,0.0010434745666334214
image_2170,7.626114689267053e-05
image_2171,0.9984786803637078
image_2172,3.973051609294347e-05
image_2173,5.328116733216186e-05
image_2174,2.3151535754058307e-05
image_2175,9.395622737094505e-06
image_2176,0.00013169503686731867
image_2177,0.19925455374159437
image_2178,0.007788461040656458
image_2179,0.0010183496359903602
image_218,0.8058761102588937
image_2180,0.0007909017388477693
image_2181,0.0027104938609918403
image_2182,0.0010420683152109304
image_2183,0.0003544131498701791
image_2184,0.009847119343385332
image_2185,0.0003132912064200551
image_2186,0.00012780025438768072
image_2187,0.001784425503653321
image_2188,0.00039620374443092497
image_2189,0.000221629767749228
image_219,0.0015480554853968987
image_2190,0.00951562006007534
image_2191,0.9965641537500763
image_2192,0.0003595211833079365
image_2193,0.005204670891389584
image_2194,0.00018032494621699442
image_2195,0.0017185730586606392
image_2196,2.1627460321528177e-05
image_2197,0.0034583374740475396
image_2198,4.214245226134691e-05
image_2199,0.9855897832598192
image_22,0.09072867045236338
image_220,0.000186328812975385
image_2200,0.7931978496268758
image_2201,0.9059557770874204
image_2202,6.349087952861028e-05
image_2203,0.0004156543447697739
image_2204,1.0856535091187948e-05
image_2205,0.0007946181112949123
image_2206,0.0015631412355801995
image_2207,0.000905535259810519
image_2208,2.600434505143329e-05
image_2209,7.075143932416192e-05
image_221,0.00013918877579915663
image_2210,0.9029212324744943
image_2211,0.797030572797653
image_2212,7.389521122208954e-05
image_2213,1.69975167359638e-05
image_2214,0.0010805352737231202
image_2215,5.472678078189345e-05
image_2216,2.109529629716228e-05
image_2217,0.0024860327577421308
image_2218,0.00038803760112831193
image_2219,0.0003661090039647397
image_222,0.00012470656832583145
image_2220,0.9903515286878946
image_2221,0.7928886913338637
image_2222,0.9921938951952523
image_2223,0.00071477568347661
image_2224,0.001366743278159094
image_2225,0.0009839663115757344
image_2226,0.006789975001531108
image_2227,8.031742489083097e-05
image_2228,5.3842990125430325e-06
image_2229,0.008226068673724288
image_223,0.0012921048412199178
image_2230,0.002920766416784044
image_2231,2.7668855915221978e-05
image_2232,8.051506017222581e-05
image_2233,0.0006047087393316064
image_2234,0.011261709375707855
image_2235,0.0006107522743774154
image_2236,5.079983853944509e-05
image_2237,0.0006818642842111353
image_2238,0.0017093372453679835
image_2239,0.00010886218795323884
image_224,0.004273933178039025
image_2240,3.100569523491443e-05
image_2241,0.9883260524182568
image_2242,0.0005834021591308079
image_2243,5.342638530412285e-05
image_2244,0.00014976780357148431
image_2245,0.004475933588679475
image_2246,0.0005032520153585248
image_2247,0.00036924487593506587
image_2248,0.9903764683420777
image_2249,0.9975187998167412
image_225,3.358078424974569e-05
image_2250,0.0004849253229449596
image_2251,0.005370954852179312
image_2252,9.868733858215567e-05
image_2253,0.20085154477365874
image_2254,0.0002318888485954053
image_2255,0.0010297250475430429
image_2256,0.0021505573159693826
image_2257,5.2085411525187625e-05
image_2258,0.002759640119561511
image_2259,0.8172233248127926
image_226,0.9827408234417969
image_2260,0.00021488512865335376
image_2261,4.969282605577385e-06
image_2262,5.645010922575193e-05
image_2263,0.8225791278015707
image_2264,7.924360977148859e-05
image_2265,0.00028737063889036716
image_2266,3.082991836258805e-05
image_2267,0.9966472238435375
image_2268,0.000227156290015831
image_2269,9.648901494294394e-05
image_227,0.7932388435358327
image_2270,0.0005587229077904409
image_2271,0.7965668995964867
image_2272,0.0014659119234040347
image_2273,0.0006651206463703117
image_2274,0.00016310836911204038
image_2275,0.004495779369320413
image_2276,0.0002498129365040235
image_2277,2.575822036454134e-05
image_2278,7.374857960598357e-05
image_2279,0.00014241077911544578
image_228,5.520765100466722e-05
image_2280,2.8581822963498055e-05
image_2281,0.009553480893298341
image_2282,0.0005413109691930508
image_2283,0.0001409527394334094
image_2284,0.7991417989046262
image_2285,0.7986824819717916
image_2286,0.02363315665713278
image_2287,0.0007235063117912918
image_2288,0.9912060031316472
image_2289,0.006978568832660714
image_229,0.9929933981806114
image_2290,0.0002515544168752413
image_2291,0.7960629745001631
image_2292,0.9987464406788206
image_2293,0.0011700049053866093
image_2294,9.031728311073277e-05
image_2295,0.0006879853574896198
image_2296,0.8003776231028432
image_2297,0.0003418773116110496
image_2298,0.032980023065587186
image_2299,1.6664113952843318e-05
image_23,0.00014743508467909326
image_230,0.0003233524404973419
image_2300,0.07815982309356062
image_2301,0.0002106203121378859
image_2302,0.970877440879609
image_2303,0.00015836051769508474
image_2304,0.0004598888253830492
image_2305,0.0020754489639342637
image_2306,0.12893847188630322
image_2307,0.0018024939300742271
image_2308,4.465920402582666e-05
image_2309,0.9827270158085465
image_231,0.0686130957482892
image_2310,9.153594956004826e-05
image_2311,5.360404660394882e-06
image_2312,0.016924638256046967
image_2313,0.010699478288507978
image_2314,0.00011408300148224004
image_2315,2.4976522827323907e-05
image_2316,1.937328280214642e-05
image_2317,0.11413132563678144
image_2318,0.00013509209041331509
image_2319,0.0002352626609511686
image_232,0.0017996901703339814
image_2320,0.0001924326392729045
image_2321,0.00012654350666496883
image_2322,0.9989530335048501
image_2323,4.715239887048865e-05
image_2324,0.000716924236784121
image_2325,0.0010521167745053252
image_2326,0.0017315532727615493
image_2327,0.991368202579312
image_2328,2.8151312844398353e-06
image_2329,0.00024717001152185043
image_233,0.0003776648377495511
image_2330,0.000907189717040384
image_2331,6.935733399966828e-05
image_2332,4.8181039483905225e-05
image_2333,0.002087800588179386
image_2334,0.005809018744765622
image_2335,0.001571999800443541
image_2336,8.247177978541143e-05
image_2337,0.0024365726238339915
image_2338,6.591199698962944e-05
image_2339,0.00031740961442315195
image_234,0.0006638188652374641
image_2340,0.00018141669957058557
image_2341,0.003208490392975104
image_2342,0.0005325787702023973
image_2343,7.023146095376137e-05
image_2344,2.4836724068274943e-05
image_2345,0.8229085231878379
image_2346,5.47840357668555e-06
image_2347,0.0007698395572645343
image_2348,0.00039159876602277456
image_2349,3.4149956772471066e-05
image_235,0.00012520432999566988
image_2350,1.5923766666873497e-05
image_2351,0.00012811892761805483
image_2352,4.196307929239333e-05
image_2353,0.0016345075706488104
image_2354,1.7780020743162311e-06
image_2355,0.00160597005532403
image_2356,2.4475484184367857e-05
image_2357,0.00032852477121603533
image_2358,0.999482765758058
image_2359,2.632728945422913e-05
image_236,0.0015545210854494339
image_2360,0.13526957747938614
image_2361,0.000869177737738555
image_2362,6.237268994268747e-06
image_2363,0.9172968054801218
image_2364,0.0011130900922957146
image_2365,0.7915671555513656
image_2366,4.8090325811408e-06
image_2367,9.704269027826075e-05
image_2368,0.0006302658096656392
image_2369,0.7982825845990723
image_237,0.0005293730301434127
image_2370,4.806697715352894e-05
image_2371,0.00015874320360496233
image_2372,0.004778275506912872
image_2373,3.665818145766953e-05
image_2374,0.000803552745022164
image_2375,0.0002114407569038816
image_2376,0.00015520283870593886
image_2377,0.00047073796848407407
image_2378,0.0002269655592905869
image_2379,0.01584714606492018
image_238,0.005323600411608039
image_2380,3.041962648873717e-05
image_2381,0.0018253421180065292
image_2382,0.042136728576471924
image_2383,0.013656643505544002
image_2384,0.7978098847444208
image_2385,6.443982538849737e-05
image_2386,0.9354745798258375
image_2387,0.0003635522978755565
image_2388,5.5042182114955704e-05
image_2389,9.308945452306171e-05
image_239,0.801589083370537
image_2390,0.0002805661840068309
image_2391,0.0003936083578842711
image_2392,0.00022225715743844028
image_2393,0.00016369015807454504
image_2394,5.822058420785631e-05
image_2395,0.0003449614710606104
image_2396,0.8700625054421078
image_2397,0.7963040424871074
image_2398,0.001966283907062602
image_2399,0.7949182985979901
image_24,0.9647457677913337
image_240,0.0004243433674507503
image_2400,0.00020030184105878762
image_2401,1.595959505699566e-05
image_2402,0.0028843055539170765
image_2403,0.01720424371947929
image_2404,1.3352485029339477e-05
image_2405,0.8851592335461944
image_2406,0.7976269719919987
image_2407,0.9899410822163631
image_2408,0.05465462838699546
image_2409,0.0003170800629077015
image_241,0.00026582821585417716
image_2410,0.0014964478196644294
image_2411,0.0002999101057357365
image_2412,1.726510276500037e-05
image_2413,7.294138787520913e-05
image_2414,0.000577152789769722
image_2415,9.742500398106756e-05
image_2416,0.0016241485323453021
image_2417,0.9921519842682225
image_2418,9.5798123826003e-05
image_2419,0.997228038163769
image_242,0.9980975011708638
image_2420,0.00014786607018478599
image_2421,0.791962022236006
image_2422,9.385033101960303e-06
image_2423,0.00852413851884153
image_2424,0.8620082988256119
image_2425,0.000651168207680365
image_2426,0.00041680750910239777
image_2427,0.00019822867852780932
image_2428,0.8578895814180127
image_2429,0.0003497386008592698
image_243,1.190596692166179e-05
image_2430,0.0002826054949298361
image_2431,0.9982732842292907
image_2432,0.005634750055007713
image_2433,0.00010254937959601373
image_2434,0.0013874796130049374
image_2435,4.6255214579143527e-05
image_2436,0.0002327259487684051
image_2437,0.00035086753196443326
image_2438,0.0003324354740791742
image_2439,0.00016605306996480743
image_244,0.0001139876622097158
image_2440,6.230698470306194e-06
image_2441,5.4496380879472325e-05
image_2442,0.00093126150125496
image_2443,3.1060748756271765e-05
image_2444,3.8603797555259794e-05
image_2445,0.0011241336602853297
image_2446,0.0027546424016630343
image_2447,0.05798797030090301
image_2448,5.313450293834359e-05
image_2449,1.2454663579769033e-05
image_245,0.8103937743366506
image_2450,0.0011076884559536398
image_2451,3.8955093812266666e-05
image_2452,4.589467686043244e-05
image_2453,3.0353528977874116e-05
image_2454,0.8171999352246347
image_2455,5.6021571372863984e-05
image_2456,0.0010182004407287598
image_2457,7.65712103860634e-05
image_2458,0.7939243482104171
image_2459,0.003418135937743359
image_246,3.331758829076079e-05
image_2460,0.7991843862549357
image_2461,0.00033238743300569387
image_2462,5.498396460382132e-05
image_2463,0.00013325263006796676
image_2464,0.0001412563190877697
image_2465,0.804796073181544
image_2466,4.633638420523083e-05
image_2467,0.0003056090818230813
image_2468,6.282210522001483e-05
image_2469,3.393488297655261e-06
image_247,0.1915506833125769
image_2470,0.00024157228247702578
image_2471,0.0007295970094884777
image_2472,0.00010684269941679044
image_2473,0.7934530232273376
image_2474,0.00017604330854417683
image_2475,1.3800794234569263e-05
image_2476,0.01287766660382779
image_2477,0.00025888642823056863
image_2478,0.0012807110521141443
image_2479,2.8214748591103386e-05
image_248,0.001880324670805859
image_2480,0.7951119046117693
image_2481,0.0005244492293226398
image_2482,2.2641257275950106e-05
image_2483,3.078371895652022e-05
image_2484,7.359287201964155e-05
image_2485,0.0017414462894659356
image_2486,0.0007008534850554251
image_2487,4.1130886367044385e-05
image_2488,7.452880054096775e-05
image_2489,0.0013113237803067846
image_249,3.802137348468722e-05
image_2490,0.003286661585534729
image_2491,0.041385785816123996
image_2492,0.00399050110685457
image_2493,9.364269609073765e-06
image_2494,6.458503229535506e-05
image_2495,3.858919186604689e-05
image_2496,1.6096309262552944e-06
image_2497,0.0003313621988428804
image_2498,5.740802695275378e-05
image_2499,0.999478647322228
image_25,0.021541638222340908
image_250,3.130504299183089e-05
image_2500,3.663507090247195e-05
image_2501,1.3075569032141977e-05
image_2502,0.00037038771496395167
image_2503,0.0011777380009315413
image_2504,5.555309793923882e-05
image_2505,0.001986861411018057
image_2506,0.0005352160378135819
image_2507,3.5107009150912885e-05
image_2508,0.9761640212954876
image_2509,0.0001982721208699874
image_251,0.001626880442492401
image_2510,0.00020071402650380968
image_2511,0.014882665194410134
image_2512,0.0012754064343045261
image_2513,3.813054140688241e-05
image_2514,0.0006724682730305484
image_2515,1.7371420086459718e-05
image_2516,0.0005549118829787347
image_2517,0.7959101063343021
image_2518,0.00019601216881360187
image_2519,3.20677033505225e-06
image_252,0.0006785551068126863
image_2520,3.93518232346561e-05
image_2521,0.000391219489879829
image_2522,0.0011929092996384983
image_2523,1.3020842832951054e-05
image_2524,0.00024109587970244854
image_2525,3.887481948317632e-05
image_2526,1.951018795352781e-05
image_2527,0.0003866448105972615
image_2528,0.02041893508518785
image_2529,6.0809831130755195e-05
image_253,0.7981954676129159
image_2530,1.047095648913249e-05
image_2531,3.704732409689631e-05
image_2532,0.0004182513338081352
image_2533,7.118214945629875e-06
image_2534,0.8576204116904107
image_2535,0.9984668039260723
image_2536,7.119492060019244e-05
image_2537,0.00019644340930138584
image_2538,0.0004035103249134692
image_2539,4.664513897531791e-06
image_254,0.004391654145292011
image_2540,0.00232397408177603
image_2541,0.000469219587344226
image_2542,0.00026061035881276844
image_2543,0.7934084077514454
image_2544,0.7972165888395187
image_2545,0.0012371209292777918
image_2546,0.8201395997987282
image_2547,0.0003328985119609876
image_2548,0.9993467114289729
image_2549,4.8166405064876036e-05
image_255,0.0006697390553914771
image_2550,0.0007656738901554777
image_2551,0.00032178077636652134
image_2552,0.0029237441819456107
image_2553,0.00018284431046784966
image_2554,0.7949428528129038
image_2555,0.0007684789813044976
image_2556,1.1463946776889944e-05
image_2557,0.00024851936112999613
image_2558,0.8969171211187243
image_2559,0.00015966544510635037
image_256,0.9994329746245636
image_2560,0.003388111194614042
image_2561,1.3293472360740447e-05
image_2562,0.013189031057997227
image_2563,0.9749546901964121
image_2564,0.980070380805131
image_2565,0.004265632971703937
image_2566,0.00010409327131256608
image_2567,0.9904273250738627
image_2568,0.0012804667205275106
image_2569,0.9973689909146526
image_257,0.7966823370519405
image_2570,0.00036826832111301497
image_2571,0.013646097523308722
image_2572,0.0281596315046282
image_2573,0.012027739786199804
image_2574,0.0014624099055444927
image_2575,2.0272027464171154e-05
image_2576,0.0008494819383432068
image_2577,0.0003525350882428448
image_2578,9.282899755562387e-06
image_2579,0.00010922531290420064
image_258,0.0009149965188139642
image_2580,0.0002978322515701902
image_2581,7.706840395208791e-05
image_2582,4.187163774971356e-05
image_2583,0.000270898497512655
image_2584,0.0003702784910865199
image_2585,0.7944258949787316
image_2586,0.00017648169572585513
image_2587,0.7977610325331422
image_2588,0.020532013837852643
image_2589,5.668114070702677e-05
image_259,0.0005762198090392614
image_2590,0.07057385348989823
image_2591,0.0001817062602571961
image_2592,0.014919373452135945
image_2593,0.0008402408370877676
image_2594,0.0010933264545841999
image_2595,6.116114197006134e-05
image_2596,0.006728394896024998
image_2597,0.0005302705300815871
image_2598,0.0004225813346856422
image_2599,5.3153236819941306e-05
image_26,0.0005789399042528457
image_260,0.0019317966369020456
image_2600,0.001271144551109108
image_2601,5.692377682012795e-05
image_2602,0.00020701040595819624
image_2603,0.7968620726963669
image_2604,0.0005877466887996205
image_2605,0.9975392417440899
image_2606,1.898372283901898e-06
image_2607,0.005022042891199995
image_2608,0.00013453744720927455
image_2609,0.01675059193677047
image_261,0.0006144086442341724
image_2610,4.845068343452511e-05
image_2611,2.574045190831092e-05
image_2612,0.002055508039752108
image_2613,0.0005131265799055133
image_2614,0.0074224065541425716
image_2615,0.0008289794492220207
image_2616,0.00010184954575374349
image_2617,0.0008744167078971162
image_2618,0.7956292382407627
image_2619,0.0003348877269644513
image_262,0.00025195031984103107
image_2620,8.334189264444202e-05
image_2621,0.0001246060389928742
image_2622,7.376726315818354e-05
image_2623,0.0028999619684689022
image_2624,0.9904697571491852
image_2625,0.9993605099686296
image_2626,0.0010055319230762216
image_2627,0.00020708336586931368
image_2628,0.8565390970095287
image_2629,4.4123573427123606e-05
image_263,0.0005585101517865173
image_2630,9.193434868719682e-05
image_2631,0.0013849802645707432
image_2632,0.1123050076744914
image_2633,0.1816817807353204
image_2634,8.718852938749197e-05
image_2635,1.5202714012865559e-05
image_2636,0.002890006340230391
image_2637,1.5225452524206149e-05
image_2638,9.395634784950635e-05
image_2639,0.00167154941399738
image_264,0.00040988869037295706
image_2640,0.001684334386839323
image_2641,0.9523006805979944
image_2642,0.00046013030379883104
image_2643,7.994357688951546e-05
image_2644,4.050958245425028e-05
image_2645,1.7579820335714663e-05
image_2646,0.001580850685523417
image_2647,0.011490811845087604
image_2648,0.00035433035326882926
image_2649,0.001250972221683736
image_265,0.0001218397556509319
image_2650,0.008473023339666373
image_2651,0.00011322510274845197
image_2652,0.0019772453691189796
image_2653,0.004650465176087093
image_2654,7.926095124258839e-06
image_2655,0.0004280406345298341
image_2656,0.0021623820393755063
image_2657,0.0006415127183483935
image_2658,0.00507386965132935
image_2659,0.9938242019319506
image_266,0.00013975965665621637
image_2660,0.00010701429784370131
image_2661,0.00014564060948471047
image_2662,2.621843103078509e-05
image_2663,0.027784966994684118
image_2664,0.0005626482860030926
image_2665,0.00026280027697068683
image_2666,0.009893844067569551
image_2667,8.604234564602223e-05
image_2668,0.000265678897423906
image_2669,0.0007673969252976438
image_267,0.0012507049839013066
image_2670,0.0001890304404429058
image_2671,0.003252010918504432
image_2672,0.7908059441003095
image_2673,3.684317305932388e-05
image_2674,0.0002680149906995557
image_2675,0.00010390468325107743
image_2676,4.6941600591627256e-05
image_2677,5.067686646429404e-05
image_2678,0.0014453956224357231
image_2679,8.824385758474402e-05
image_268,0.0012111390805620665
image_2680,7.729506383664689e-05
image_2681,0.00045540118785606195
image_2682,0.0027106394602620194
image_2683,1.1076645894197078e-06
image_2684,3.357607910995422e-05
image_2685,0.7988493043888801
image_2686,0.00020672519054949144
image_2687,4.143218594697622e-05
image_2688,0.0020157293782955845
image_2689,0.0008640770348034441
image_269,0.9992011736763036
image_2690,0.0017868533270628568
image_2691,0.7981542200426499
image_2692,0.00021596509968588334
image_2693,0.00025639596267474155
image_2694,9.771019461822397e-06
image_2695,6.980809393706267e-05
image_2696,9.602413198253393e-06
image_2697,0.9991238254731778
image_2698,0.00070619792593941
image_2699,0.0002633541281934535
image_27,0.00011535788773892348
image_270,0.0022259014337246636
image_2700,0.00024428660456742057
image_2701,0.00023763019165568195
image_2702,0.00022657834984779468
image_2703,4.045717791745506e-05
image_2704,0.013078827548662597
image_2705,0.00015847134892542797
image_2706,0.0027003963021546137
image_2707,0.9986641898384289
image_2708,0.0008371585665110832
image_2709,0.001328776956679213
image_271,0.005723222190128189
image_2710,0.00015229124884620643
image_2711,0.00011841646652684622
image_2712,0.0015799870273136077
image_2713,9.143174710055151e-05
image_2714,0.1169767109686454
image_2715,0.00037065497351998586
image_2716,0.00043564381688130526
image_2717,0.013920984687465282
image_2718,0.9754387169242916
image_2719,2.6838369810586226e-05
image_272,0.9978198968189508
image_2720,0.0001762920862908213
image_2721,9.766559070145033e-05
image_2722,0.0011457074084646325
image_2723,0.0004152029459652485
image_2724,4.895793421570603e-05
image_2725,0.9736522120688867
image_2726,0.0008330214682413101
image_2727,0.00045822420860715284
image_2728,0.00014466202455214167
image_2729,0.003989654444615151
image_273,0.9822881815974744
image_2730,0.004253380565477125
image_2731,0.00010834341445022119
image_2732,0.00040337253191682595
image_2733,6.173811862464729e-06
image_2734,0.00068221023527406
image_2735,3.4900680034159566e-05
image_2736,1.4369354633845516e-05
image_2737,0.00011194488331568542
image_2738,0.034651675164739416
image_2739,0.004329568231845339
image_274,2.297471427881251e-05
image_2740,0.0006910373494170817
image_2741,2.6817683341304675e-05
image_2742,2.569059554906342e-05
image_2743,0.00011814333525658546
image_2744,0.00033315881596598007
image_2745,0.0013970371953557087
image_2746,0.0007155128381155857
image_2747,0.0002646978422280537
image_2748,0.00019737547806258703
image_2749,0.0003435669442209187
image_275,7.097371298794052e-05
image_2750,0.7975288507982717
image_2751,0.0010350561496507264
image_2752,0.00015846828980546233
image_2753,3.426657762712773e-05
image_2754,0.002425043777556795
image_2755,2.959579076327173e-05
image_2756,0.7973349367179463
image_2757,6.876169423196052e-06
image_2758,0.0004240633968275803
image_2759,0.00032602507061824115
image_276,0.008799595230574947
image_2760,0.9841596092433308
image_2761,1.4171271475607177e-05
image_2762,0.00013454032616453163
image_2763,0.0012522280171812599
image_2764,5.241321585330862e-05
image_2765,0.0008730344727404021
image_2766,0.00031354360139015274
image_2767,0.00012839331551900125
image_2768,0.00040410837699599863
image_2769,1.9340809075870843e-05
image_277,0.0005049361814795479
image_2770,0.0009281303671262242
image_2771,0.0008529511922588433
image_2772,2.219235906188658e-05
image_2773,0.00027416935955815863
image_2774,4.6787208706234584e-05
image_2775,0.00026935142307999235
image_2776,0.00016433240371906688
image_2777,0.00035926555305185615
image_2778,0.00019255670673221014
image_2779,0.910853576234612
image_278,0.0016161331837944944
image_2780,0.9165866813383807
image_2781,0.7959039992440852
image_2782,0.8035863121627524
image_2783,0.0001685977357919588
image_2784,0.00012871167685228052
image_2785,0.054638720123481296
image_2786,0.000160934928227518
image_2787,0.00038921469604170873
image_2788,0.00025151445785700084
image_2789,2.025889904724033e-06
image_279,0.000546571017092626
image_2790,0.0003241868715357927
image_2791,7.5276192968447445e-06
image_2792,0.00030887875913717115
image_2793,4.895372538018484e-05
image_2794,0.9923757597360489
image_2795,6.400668931151928e-05
image_2796,3.865402358179614e-05
image_2797,0.006460381587744576
image_2798,0.0036361110812739876
image_2799,0.007023381910729943
image_28,0.0009532733459402152
image_280,0.0001870877164223077
image_2800,0.8276055074147598
image_2801,0.9920351231367525
image_2802,0.00018218491804867224
image_2803,1.6964118002290138e-05
image_2804,6.834670993267532e-05
image_2805,0.00012416764483496625
image_2806,0.0008166367962716949
image_2807,3.791387725333745e-06
image_2808,0.0004371565142936154
image_2809,0.7940965951862623
image_281,0.0007803425216164341
image_2810,2.6989265797950376e-05
image_2811,0.00017714822080933706
image_2812,0.9982585857697897
image_2813,0.9512635278834196
image_2814,0.0033063928411835148
image_2815,0.0008913921046679301
image_2816,0.0004939508335781948
image_2817,0.00025790109683877923
image_2818,0.7922460143323029
image_2819,0.0002407429233708601
image_282,0.9836622236052334
image_2820,1.3304057896614081e-05
image_2821,0.0009074205761620019
image_2822,0.9228132116721076
image_2823,0.0013086122797384713
image_2824,0.0026541179047615444
image_2825,9.998256122112725e-05
image_2826,0.0002615838847961478
image_2827,1.2545164806755903e-05
image_2828,0.0008770771578135207
image_2829,2.4373210718254066e-05
image_283,2.1807009867020242e-05
image_2830,0.0002949289352412532
image_2831,0.0025891988003536215
image_2832,0.004357493882135834
image_2833,0.0006212222456673232
image_2834,2.8831781751375635e-05
image_2835,8.605368251421327e-06
image_2836,0.0006133710308588018
image_2837,0.00010049186918595639
image_2838,3.234488179768373e-05
image_2839,0.00048636850036131015
image_284,0.0011696389042821081
image_2840,0.001440424513324132
image_2841,9.780949500857124e-05
image_2842,3.9140158537049296e-06
image_2843,0.7963681354301155
image_2844,0.00039354198912536307
image_2845,0.0007680981661564734
image_2846,0.0032722859546022443
image_2847,0.9798479336880511
image_2848,0.001163823128277591
image_2849,0.03882951241607339
image_285,0.00047619814418807164
image_2850,0.0005701114367921758
image_2851,9.801989318285332e-05
image_2852,0.7955545399079083
image_2853,0.0005370348749612987
image_2854,0.001457150346935705
image_2855,0.0019280029658954628
image_2856,0.00038006337782042754
image_2857,0.7951333747669483
image_2858,0.9538902557924329
image_2859,0.00020739172776855253
image_286,0.0002910783166284655
image_2860,6.650214003790524e-05
image_2861,0.0030826937912106205
image_2862,7.90171828552071e-05
image_2863,0.002015307023185844
image_2864,5.58495536488872e-05
image_2865,0.0007777318528041204
image_2866,0.0008339983922913555
image_2867,1.0228684876491773e-05
image_2868,6.147957353408055e-05
image_2869,0.00018177851119315305
image_287,2.7624543680596825e-05
image_2870,0.8124352540620515
image_2871,0.000221889887097047
image_2872,0.9925250483927478
image_2873,0.9956558763559284
image_2874,4.256971725093017e-05
image_2875,5.940470740153657e-05
image_2876,0.0004795215480507847
image_2877,0.0001695973247605157
image_2878,0.001122581692553693
image_2879,0.003907251644815086
image_288,0.0005673879225494528
image_2880,0.9818017853946195
image_2881,1.378088716636313e-05
image_2882,0.0012026354708930592
image_2883,0.00020931449174907516
image_2884,0.0007540405708961154
image_2885,0.00023744659917752296
image_2886,4.1719766144441215e-05
image_2887,0.7984016073308212
image_2888,0.8167975252100688
image_2889,0.8018394754334761
image_289,1.2180883537413037e-05
image_2890,0.0019390976604045883
image_2891,3.147083252532741e-05
image_2892,0.00045902008612335853
image_2893,0.00032880387340382904
image_2894,0.00020086004376520476
image_2895,0.00015893441970586797
image_2896,2.213816942142102e-06
image_2897,0.8147336914134611
image_2898,0.04426145942416732
image_2899,0.0005375162103519156
image_29,0.0024256211276396
image_290,0.0003894345379663543
image_2900,0.00017614770712663617
image_2901,0.0009038426624714656
image_2902,0.00013215257779669072
image_2903,0.005572695348179708
image_2904,0.0009230485421989017
image_2905,0.013470264667537599
image_2906,0.0001662936985860492
image_2907,0.9556548535343866
image_2908,1.2639322991682739e-05
image_2909,0.987801370956961
image_291,0.982799034358103
image_2910,0.00029744332702544074
image_2911,0.044814522935568486
image_2912,0.0004885028766055609
image_2913,0.0001249077314176992
image_2914,0.00026474728702532144
image_2915,0.00010242951769621523
image_2916,3.58872827723437e-06
image_2917,1.6322253205102824e-05
image_2918,0.0014961226182801473
image_2919,0.0007136108429338876
image_292,3.742004020664591e-05
image_2920,3.4049202915041254e-06
image_2921,0.0009690470310892846
image_2922,0.00018464634210782065
image_2923,0.9896354825779141
image_2924,0.0007043487143814431
image_2925,0.0007807145248074979
image_2926,0.00011817649791896955
image_2927,0.0010152107805733225
image_2928,0.0010413621378492347
image_2929,3.3653803084197766e-05
image_293,0.01964111024238106
image_2930,0.8505134783279757
image_2931,0.00037684068980430783
image_2932,2.961387089457382e-05
image_2933,0.00485748056380128
image_2934,1.063689367455421e-05
image_2935,7.511439690091334e-05
image_2936,0.997659946874693
image_2937,0.0013931029857719673
image_2938,0.000417411705742028
image_2939,0.02960991052775503
image_294,0.0002667008839416968
image_2940,0.00014658266587775138
image_2941,0.0001680295956818896
image_2942,7.924651468814667e-05
image_2943,6.639831320678947e-05
image_2944,0.00011976931953380718
image_2945,0.0014449182329116694
image_2946,0.0007511444005701589
image_2947,2.9954501513154344e-05
image_2948,6.306227601289825e-05
image_2949,1.445489216885382e-05
image_295,0.0022361279728905655
image_2950,0.00035625759891344083
image_2951,0.0001981372560333347
image_2952,0.00024043345911043144
image_2953,0.8652084552826211
image_2954,0.8132214023187115
image_2955,0.0020306593243624863
image_2956,0.00014082391384659198
image_2957,0.0012196131478330089
image_2958,3.8132687981376194e-05
image_2959,0.021192401405345604
image_296,0.028886695964281534
image_2960,0.00043993230949019907
image_2961,0.00023108331611356695
image_2962,0.9711038789810887
image_2963,2.664516413367465e-05
image_2964,0.00023201203572379044
image_2965,1.0648971726370568e-05
image_2966,0.012322656748402192
image_2967,5.44648451065111e-05
image_2968,0.0002237790339851829
image_2969,1.7033155392506287e-05
image_297,0.00042204992307950446
image_2970,0.000143057954504209
image_2971,0.005157940800267701
image_2972,0.007061712189152536
image_2973,0.7925933922691097
image_2974,0.00016685898695200854
image_2975,0.9944652451823975
image_2976,0.7957807096937046
image_2977,0.00045056188791972563
image_2978,0.00014338686056051034
image_2979,6.038890352609201e-05
image_298,2.836887212130772e-05
image_2980,0.0006404587132908985
image_2981,0.0008103921778069435
image_2982,1.4965818164800883e-05
image_2983,0.0007754584906287656
image_2984,0.8282815670534566
image_2985,0.0037963038919210613
image_2986,7.743728838473708e-05
image_2987,2.969399664721957e-05
image_2988,0.9949541625148806
image_2989,0.00020126155902364882
image_299,0.955163067620331
image_2990,1.2677749187210127e-05
image_2991,4.237602082863983e-05
image_2992,0.006520244238765538
image_2993,2.820114661712824e-05
image_2994,0.0005124917916815633
image_2995,0.8018645645032587
image_2996,3.087581090207816e-05
image_2997,1.4277276412241581e-05
image_2998,0.0044912196044430775
image_2999,1.0693736571130615e-05
image_3,0.996582668383545
image_30,0.0003613173931038264
image_300,0.00011766792115104319
image_3000,0.7939136152586967
image_3001,0.0002827488706764476
image_3002,0.0001877978821379325
image_3003,0.00032480268292257186
image_3004,0.00014149074509801056
image_3005,0.0005916498047696267
image_3006,0.0002855192565312105
image_3007,2.0382263977999982e-06
image_3008,0.9462335470572117
image_3009,0.0109076360729469
image_301,0.00011705218550830592
image_3010,0.0011854595772777207
image_3011,0.7949733422826926
image_3012,6.573625771536642e-05
image_3013,0.0023896488526843986
image_3014,4.196448534623227e-05
image_3015,0.00011181989452819744
image_3016,0.0004053481882572896
image_3017,0.00022500188673990428
image_3018,0.0002543290061609503
image_3019,0.0011188977145158313
image_302,0.818088262647349
image_3020,0.8035517254752464
image_3021,0.00024436129516257007
image_3022,0.14272629087295022
image_3023,0.7956742956395084
image_3024,0.0002365064374208441
image_3025,3.0905645630323756e-05
image_3026,0.002623869024393083
image_3027,0.0001618538158497421
image_3028,0.7930724774865722
image_3029,1.2931121439543594e-05
image_303,2.82128957461329e-05
image_3030,0.0022504621105965484
image_3031,0.00012761923428145815
image_3032,0.0024678549124257207
image_3033,8.154775004772588e-05
image_3034,0.0005975386744788417
image_3035,0.9348565970329838
image_3036,0.0004825517845724662
image_3037,0.8567507197421509
image_3038,0.00022583696742017168
image_3039,6.521686224692223e-05
image_304,0.00012546622305172728
image_3040,0.0001401059315918705
image_3041,0.00042424706111081096
image_3042,0.013992599360427871
image_3043,4.146725875360439e-05
image_3044,0.00026856176848903923
image_3045,0.00010287240937895307
image_3046,0.0001953649912471821
image_3047,0.0009555414755575727
image_3048,0.0003479467502702649
image_3049,6.934967180145484e-05
image_305,0.00013370413934768395
image_3050,0.0003983166275575395
image_3051,0.002765119869456764
image_3052,0.9965056549310422
image_3053,6.266404391554432e-05
image_3054,0.0002575098311975349
image_3055,0.0009420159142991419
image_3056,0.0005843067761081332
image_3057,0.00020387284092116407
image_3058,0.0014989955565026646
image_3059,0.0002896526879981906
image_306,0.00019213521174479557
image_3060,0.00013150349708855483
image_3061,0.0004699760537918622
image_3062,0.08099723294363648
image_3063,0.00011179207081686748
image_3064,0.0006145955294715873
image_3065,0.00034699412261131703
image_3066,0.00025682278805560144
image_3067,7.477153539319341e-05
image_3068,0.0018249449792543092
image_3069,8.449873380514183e-07
image_307,5.4415730243321094e-05
image_3070,0.9944244888380057
image_3071,0.0015594502275635858
image_3072,0.002150208071577049
image_3073,0.9948772691167027
image_3074,0.0009877594591129741
image_3075,3.2129784765007024e-05
image_3076,0.0021851728403317118
image_3077,2.3555708546046848e-05
image_3078,0.8823927314212849
image_3079,0.0009223614416577618
image_308,1.0224665523698372e-05
image_3080,0.0011820646977620745
image_3081,0.0005088470262187885
image_3082,1.8097704018306278e-05
image_3083,0.0033187328711546957
image_3084,5.557573016665329e-05
image_3085,0.005806985139554396
image_3086,0.001411877726243227
image_3087,0.0002006716791241587
image_3088,0.0007747541280313169
image_3089,0.0013201382805286624
image_309,0.03139680734097065
image_3090,5.2701227311220935e-05
image_3091,0.0020352152029258176
image_3092,0.00023750730945028544
image_3093,0.005622908610711184
image_3094,0.1462916362446524
image_3095,0.0022669581003999335
image_3096,0.0003200731841537629
image_3097,0.0005450360660113334
image_3098,4.827762649360725e-05
image_3099,0.00015802262675228414
image_31,0.0007560932068548506
image_310,0.1396725989478071
image_3100,8.07110187398378e-05
image_3101,3.296794866678766e-05
image_3102,1.016549050705705e-05
image_3103,0.00017814032741732272
image_3104,0.0003909143789235601
image_3105,4.576122972647035e-05
image_3106,0.00017727996462327814
image_3107,0.005823592528983772
image_3108,8.521380217380348e-05
image_3109,1.6879650473047945e-05
image_311,0.0007799148264940062
image_3110,2.6165854510572078e-05
image_3111,8.672069475321416e-05
image_3112,0.0021783663340382126
image_3113,3.6083996068385826e-05
image_3114,4.460423174517333e-05
image_3115,0.9183904224562628
image_3116,0.0023857242452400345
image_3117,0.9894866289341371
image_3118,0.004060116418418075
image_3119,0.0004166458809910209
image_312,0.00034602924710006174
image_3120,0.00030067959883092233
image_3121,7.100699008958438e-05
image_3122,0.0001984959511265596
image_3123,0.0004273527166479744
image_3124,0.0009415687915260313
image_3125,0.7965492422321871
image_3126,0.002916904029566742
image_3127,2.1545291180650817e-05
image_3128,0.9423032351787987
image_3129,0.0003932096393701861
image_313,8.706229745419713e-05
image_3130,0.003622244335428766
image_3131,0.00013914184833456082
image_3132,9.789151861231983e-06
image_3133,0.0002490458102481779
image_3134,6.692038187744875e-05
image_3135,0.0027045119502288246
image_3136,9.918604529043252e-05
image_3137,2.4185322562849596e-06
image_3138,0.0004978976784434931
image_3139,0.08769410336291747
image_314,0.0002714819079602016
image_3140,2.252359473522908e-05
image_3141,0.9948698372710763
image_3142,0.003869637146143765
image_3143,0.0013721387106024898
image_3144,4.101259669705543e-06
image_3145,0.00031222230754056785
image_3146,0.00015724430034851037
image_3147,0.0068199021547474935
image_3148,0.00027904457592244135
image_3149,0.000385291009360323
image_315,0.00011519573679548007
image_3150,0.004400865736631653
image_3151,8.441813715308059e-05
image_3152,0.0030361490899826586
image_3153,0.0012252688178032993
image_3154,0.006042923177964434
image_3155,0.17930709726296593
image_3156,0.0034311134611409097
image_3157,0.0035195240304518745
image_3158,0.0005425598526682567
image_3159,5.3910580461335814e-05
image_316,0.00010979676930141915
image_3160,0.00038020188260345315
image_3161,2.7101348916325967e-05
image_3162,1.8732516549258922e-06
image_3163,0.00019167841398006784
image_3164,5.027399804635922e-06
image_3165,0.018712892016008745
image_3166,5.059580926057232e-05
image_3167,8.176561156871498e-05
image_3168,0.9354986891912274
image_3169,0.00026244982624158507
image_317,0.0003502366903315281
image_3170,0.9937996577316145
image_3171,1.7432549831933975e-05
image_3172,3.681252540755561e-05
image_3173,6.871233728740915e-06
image_3174,4.381118235042784e-06
image_3175,2.700044827354605e-05
image_3176,0.002760828053658316
image_3177,0.00012146146660269543
image_3178,5.81146674020958e-05
image_3179,1.8512480942910404e-05
image_318,0.00022907704617854946
image_3180,1.8777935741508394e-05
image_3181,0.004480565837934056
image_3182,0.00014302633341425991
image_3183,0.00014369388511459758
image_3184,0.00012790909468013667
image_3185,6.092365896048969e-05
image_3186,0.00026642572370695367
image_3187,2.3405928451530644e-05
image_3188,0.00010869331038403946
image_3189,0.004236672166444287
image_319,0.00021797182028951125
image_3190,2.2861180051856705e-05
image_3191,0.003313356805388692
image_3192,0.0060118326132066035
image_3193,0.0060396897259726206
image_3194,7.118592952984923e-05
image_3195,0.0004711146387344909
image_3196,7.894322960446074e-05
image_3197,0.001864835085692304
image_3198,2.0808467232760475e-05
image_3199,6.132948933535955e-05
image_32,4.5537327301960174e-05
image_320,0.00010782650922115235
image_3200,0.0002070550627363972
image_3201,0.00012012060453577502
image_3202,0.9283585216330777
image_3203,0.000776784733180479
image_3204,0.000552658221601766
image_3205,0.00010497833463297805
image_3206,0.0025116365983936942
image_3207,0.0011064393768565836
image_3208,3.8124912107252095e-05
image_3209,0.7932645715516436
image_321,0.00016936947022760045
image_3210,5.2425035978392365e-05
image_3211,0.00038654123355256456
image_3212,1.6972701716450195e-05
image_3213,0.8121879597694249
image_3214,0.005912189676738098
image_3215,9.758521593503707e-05
image_3216,0.8269861307969085
image_3217,0.00028331280154049937
image_3218,0.004365422125933263
image_3219,0.00029680821875358975
image_322,3.596243582915287e-05
image_3220,0.00014405448918113068
image_3221,2.087047109143314e-05
image_3222,0.0006053801223546865
image_3223,0.04642833086841228
image_3224,9.390463233409044e-05
image_3225,0.00796147140991513
image_3226,0.006179712245277057
image_3227,0.00025237010884148695
image_3228,0.0003708871245018422
image_3229,0.00010860527036947341
image_323,6.789883232910018e-06
image_3230,0.03117907098299058
image_3231,0.00019662032587073317
image_3232,0.00010302607993364862
image_3233,0.8370396198403711
image_3234,0.7961848260389285
image_3235,0.00042694111800796984
image_3236,1.8173775124638083e-05
image_3237,6.628347959071367e-05
image_3238,0.015556362746134183
image_3239,0.00010066193860928839
image_324,0.0003471454098049538
image_3240,0.0018448588762244905
image_3241,4.5316128379688185e-05
image_3242,0.0006639025031553728
image_3243,2.9383323047031523e-06
image_3244,0.0008403160315918777
image_3245,0.000130023409167539
image_3246,2.7851299456143986e-05
image_3247,0.00319537029436694
image_3248,0.0007298294303727558
image_3249,0.00023339283344303964
image_325,5.0106877036885314e-05
image_3250,7.952673669933382e-05
image_3251,2.4246085274989653e-05
image_3252,0.0009671128308457625
image_3253,0.00011305229228924198
image_3254,0.8580046513958453
image_3255,5.54516573839246e-05
image_3256,0.00029321320798031153
image_3257,7.710557945990133e-05
image_3258,0.0009201597309583811
image_3259,0.0007231336237361484
image_326,7.76713413634718e-05
image_3260,0.003829552229050599
image_3261,6.836568307132751e-05
image_3262,0.00018130807424379596
image_3263,0.0039230386887435485
image_3264,0.0033168485889420603
image_3265,0.0010309653389867185
image_3266,0.7921279154470747
image_3267,0.00033371445460929155
image_3268,5.433270820026271e-06
image_3269,0.0016740916551721858
image_327,0.00037234564299125415
image_3270,0.0007279949257017488
image_3271,0.0001457568387145739
image_3272,0.0024433521068529165
image_3273,0.023206584004723616
image_3274,0.0011199751856460903
image_3275,0.00235740749883177
image_3276,0.00462843718499829
image_3277,1.1582471845226306e-06
image_3278,5.480430545199118e-05
image_3279,0.8080721018609752
image_328,1.669270230717707e-05
image_3280,0.003657898456047426
image_3281,0.7943271705611028
image_3282,0.0008797052311232716
image_3283,0.00019494350334815533
image_3284,0.000750675727766511
image_3285,7.818800244285397e-06
image_3286,0.0024710897701613783
image_3287,0.0002744547397138126
image_3288,0.0006066439119357075
image_3289,0.005058712736168617
image_329,0.00020949229867368093
image_3290,0.00307713957573894
image_3291,3.845825181032459e-05
image_3292,0.8170449126013002
image_3293,0.0012509050650495526
image_3294,0.8725125682860068
image_3295,4.4959588009501476e-05
image_3296,7.410592537321658e-05
image_3297,0.0008836735123069978
image_3298,5.221255318123255e-05
image_3299,0.00022768265655446064
image_33,1.2877049460724413e-05
image_330,7.796858670712446e-06
image_3300,0.97045886946417
image_3301,0.0002313605783325534
image_3302,0.0006080605866369645
image_3303,0.00028412324413779847
image_3304,0.0009208633451412999
image_3305,0.008849222224762171
image_3306,0.004601072708502986
image_3307,5.2641329178356116e-05
image_3308,0.00035858032048572124
image_3309,0.0024425327184941035
image_331,0.00011337596473613999
image_3310,0.00025144392021360384
image_3311,4.6772882022853326e-05
image_3312,5.2561958889590574e-05
image_3313,0.0007906341673432578
image_3314,0.004113798236779505
image_3315,2.7775896853535252e-05
image_3316,0.7959631566628885
image_3317,6.253932925180229e-05
image_3318,0.0012743838033468801
image_3319,0.006166767180334489
image_332,0.0006055166192207079
image_3320,0.0003878881355517605
image_3321,0.00030543805856033085
image_3322,0.0010376030603264524
image_3323,0.00038409027334053203
image_3324,0.0002372016683882911
image_3325,0.0001549256922813364
image_3326,0.001569860124533576
image_3327,0.0001075864948343674
image_3328,0.0003153252587537876
image_3329,0.00012195276408719145
image_333,0.0004074995555857445
image_3330,3.825098541266809e-05
image_3331,0.00022705365543720406
image_3332,0.0024984553345696924
image_3333,8.529095782394852e-05
image_3334,0.8013187425519444
image_3335,0.0001537941605704864
image_3336,0.0006840277356563086
image_3337,0.9815477278533089
image_3338,0.0018913880141880036
image_3339,0.00012253793021059823
image_334,0.00011894470358840042
image_3340,7.211910587231176e-05
image_3341,0.00010536340727249046
image_3342,5.7314464060196236e-05
image_3343,0.0004774537536090531
image_3344,6.793197340000619e-06
image_3345,0.8046183742980508
image_3346,0.000811008402487067
image_3347,7.455839524375838e-05
image_3348,0.00032821883775474196
image_3349,0.0006178835926318636
image_335,0.00012120307010080026
image_3350,0.000791787434234332
image_3351,3.0804996904871504e-05
image_3352,0.9989055493812744
image_3353,0.00021862707441769745
image_3354,6.582547179838511e-05
image_3355,0.0002861131324860929
image_3356,0.0020387436097929843
image_3357,0.0003665755515811686
image_3358,0.13703531409773217
image_3359,7.795088870872992e-05
image_336,2.6009138649472567e-05
image_3360,0.8833662218414464
image_3361,0.000269872956804534
image_3362,0.00028402334331617806
image_3363,0.0013021384003141228
image_3364,6.456260642831832e-05
image_3365,0.8028255285454154
image_3366,1.2434767216897084e-05
image_3367,0.0004479778988851201
image_3368,0.00019481130951670643
image_3369,0.00023003212750723252
image_337,0.0008521392683193038
image_3370,0.014084384432270291
image_3371,0.8063938231673614
image_3372,0.00048379580669114197
image_3373,0.000349384887498276
image_3374,0.0012354239088063158
image_3375,0.00023037011658991763
image_3376,0.000531158778413312
image_3377,0.7943419457609451
image_3378,1.8554733887719345e-05
image_3379,0.0004392824565363215
image_338,0.0002344762450576745
image_3380,1.6128847355143465e-05
image_3381,1.036287916946355e-05
image_3382,0.012015874035750046
image_3383,0.00046158898988128477
image_3384,0.0001393226755983576
image_3385,0.00016165229064802163
image_3386,0.00013143066335528968
image_3387,0.9987393733988592
image_3388,0.00024365983939458836
image_3389,4.314342461157949e-05
image_339,0.7979693422721064
image_3390,0.9948286267908528
image_3391,4.330120319237381e-05
image_3392,0.8055530047081529
image_3393,5.5647174486252606e-05
image_3394,6.331834940832586e-05
image_3395,0.0003388545684435927
image_3396,0.00013130542678818703
image_3397,0.001197660705406453
image_3398,4.274757046895237e-05
image_3399,0.00028707779685873915
image_34,0.0011663476880360087
image_340,0.0013578616867328103
image_3400,3.980193233244957e-05
image_3401,0.04035626612747166
image_3402,0.047564329157541343
image_3403,0.00022106061703199828
image_3404,3.7026687683765206e-05
image_3405,1.9705021289055895e-05
image_3406,3.728872051449369e-05
image_3407,0.0006229712070889821
image_3408,0.794321558762231
image_3409,0.006403046666662941
image_341,0.01510087334656009
image_3410,7.19734245476777e-05
image_3411,6.205141314606047e-05
image_3412,0.7934805452845362
image_3413,1.2786549543769047e-06
image_3414,0.9992278816120507
image_3415,0.0004989089263503152
image_3416,8.097004280289623e-06
image_3417,0.000306440890349064
image_3418,0.015178854158560712
image_3419,0.9496826595144647
image_342,0.0003431819154132615
image_3420,0.0018970580854967267
image_3421,0.001185221723458826
image_3422,2.502965662506089e-05
image_3423,3.03117182108902e-06
image_3424,0.0009217743915140795
image_3425,2.890598766458094e-05
image_3426,3.224832233964318e-05
image_3427,0.00016114352934202934
image_3428,0.7983179475791653
image_3429,0.8337367180347245
image_343,3.278510141346237e-05
image_3430,0.00024170636590951618
image_3431,0.0013887151842364308
image_3432,0.9464858616973476
image_3433,0.00031267492982500506
image_3434,0.000999525191018215
image_3435,9.345012841807944e-05
image_3436,0.0002465381676892078
image_3437,0.0008335751611885029
image_3438,0.0001511776344700193
image_3439,9.489546259719122e-05
image_344,0.9196521226990478
image_3440,0.00010621856154636135
image_3441,0.0004311709139756106
image_3442,0.00010263325071002195
image_3443,4.0745259692933834e-05
image_3444,4.212457885771656e-05
image_3445,0.0002207168157131443
image_3446,0.00018973303880148512
image_3447,0.0007830379011144386
image_3448,0.9957251210963992
image_3449,0.05697940039002651
image_345,0.8020025465943224
image_3450,0.002306069305863523
image_3451,0.00023213817521027308
image_3452,0.0012981192961385901
image_3453,0.0019145756069461211
image_3454,0.02331027420492134
image_3455,0.0013154563309344127
image_3456,0.009014002986734267
image_3457,8.872800700922662e-06
image_3458,0.0020320829486550366
image_3459,7.744518054111842e-05
image_346,0.0009647102895090444
image_3460,4.30484306175381e-05
image_3461,1.309825732833105e-05
image_3462,0.7961513781637162
image_3463,0.1879224288171738
image_3464,0.006935166890907607
image_3465,6.402185951763625e-05
image_3466,0.8156118069736236
image_3467,1.9350013586860155e-05
image_3468,0.9532180975334368
image_3469,4.2930407011759444e-05
image_347,0.00012580268021221552
image_3470,0.8319870570733727
image_3471,8.654783175554587e-06
image_3472,0.8015305121430407
image_3473,9.343555224137061e-06
image_3474,0.00027208361966674777
image_3475,2.2242170034825502e-05
image_3476,4.4954803629358396e-05
image_3477,6.846002181261499e-05
image_3478,0.012287066811154037
image_3479,0.00097986024214711
image_348,0.00027218613844174515
image_3480,0.0011825832657868067
image_3481,0.8271756987548479
image_3482,8.700687793457706e-05
image_3483,0.002038530315205551
image_3484,1.4427588469079732e-05
image_3485,0.0016499552701014553
image_3486,0.0002952763278642645
image_3487,4.5456209867790945e-05
image_3488,2.3167798579837807e-05
image_3489,0.001697254476573437
image_349,3.1394228249615854e-05
image_3490,2.369106148476599e-05
image_3491,0.8337852357985076
image_3492,0.8618132516070242
image_3493,1.5526251440209765e-05
image_3494,0.8501541779674436
image_3495,0.0020915333464802963
image_3496,0.0015158748767566438
image_3497,0.0021280586765047497
image_3498,4.003758195798452e-05
image_3499,0.8048774661047424
image_35,0.9172389731867432
image_350,9.237213366125755e-05
image_3500,4.5172543930025445e-05
image_3501,0.0002040663724563666
image_3502,0.00036518964409504843
image_3503,0.00023031675970412122
image_3504,0.03156654348114918
image_3505,9.39447811885014e-05
image_3506,4.917190414752479e-05
image_3507,0.0012205622752402496
image_3508,7.963443204620181e-05
image_3509,0.00022086048903713465
image_351,0.00024241277923352103
image_3510,0.0008924352634352331
image_3511,0.00029209571663026086
image_3512,4.144675337312557e-05
image_3513,6.182027959278384e-05
image_3514,0.0001400541898691098
image_3515,4.0701846284198375e-05
image_3516,0.163145372253385
image_3517,5.293183218521059e-05
image_3518,0.0004297140244453156
image_3519,0.9816594700651834
image_352,0.8639212840157781
image_3520,1.3709758178451914e-05
image_3521,0.9649119428037565
image_3522,4.7556479994402443e-05
image_3523,0.0041698676710276664
image_3524,0.0011485947247913118
image_3525,1.9429887784041573e-05
image_3526,9.765282819722215e-05
image_3527,0.795284495843088
image_3528,3.890706062011915e-05
image_3529,7.693031669506463e-05
image_353,0.0009360682655687392
image_3530,0.0007780426284065214
image_3531,0.0019954246613633694
image_3532,5.523447015468865e-05
image_3533,0.00028798846460398157
image_3534,0.0001123258955435236
image_3535,0.00024277141706940006
image_3536,8.998060410107395e-05
image_3537,0.0009703592550862211
image_3538,0.0019194015185942173
image_3539,0.8614203706699082
image_354,0.00014845912334904485
image_3540,0.7961747379766703
image_3541,0.7923060303244922
image_3542,1.5935555065583404e-05
image_3543,0.9925563506386638
image_3544,0.00013711427780996034
image_3545,0.0010937558757291097
image_3546,0.005783780974260956
image_3547,0.00018513747940845032
image_3548,0.043219447398261404
image_3549,8.155164781198218e-05
image_355,1.5770233839410993e-05
image_3550,0.8591506426055245
image_3551,0.0002604611478193514
image_3552,0.00036720597347822084
image_3553,0.7934909817270123
image_3554,0.00013401940197998254
image_3555,0.0014963765441928535
image_3556,0.7949992957006623
image_3557,7.808809211236651e-05
image_3558,3.368396187687334e-05
image_3559,0.0008107715403107155
image_356,0.7985822029143432
image_3560,0.00658466280184204
image_3561,0.003318417660919704
image_3562,4.451565771302515e-05
image_3563,9.920583117106979e-06
image_3564,3.163238311880639e-05
image_3565,0.9993063039335534
image_3566,0.00021652743568003306
image_3567,0.00017709603383551028
image_3568,0.9994594902150903
image_3569,0.01939675966588375
image_357,2.6005996472296075e-05
image_3570,5.5286924662964224e-05
image_3571,0.0003670997967610046
image_3572,0.001527045338804415
image_3573,0.7973480884190177
image_3574,3.586887712107722e-05
image_3575,0.003264307317444852
image_3576,0.9032003623866014
image_3577,0.9991037959657181
image_3578,0.8383365735688079
image_3579,6.120281925762756e-05
image_358,2.1481133027009896e-05
image_3580,0.7949194511546999
image_3581,1.7497552108036852e-05
image_3582,0.0003281629213291619
image_3583,0.00013526906815898763
image_3584,0.002080526926106779
image_3585,0.00031660714904139863
image_3586,0.19290662088598096
image_3587,0.0050337342795048895
image_3588,0.00019470132815461286
image_3589,4.744347078854697e-05
image_359,0.794367477460891
image_3590,5.468304027712273e-05
image_3591,0.0006216455678882171
image_3592,0.00046704623111751145
image_3593,0.0008886819110219754
image_3594,2.9591542193930353e-05
image_3595,0.0001626543048573
image_3596,0.004746346931564635
image_3597,0.0004610101949920422
image_3598,0.0003216164986406745
image_3599,0.002276887681218648
image_36,0.00018865840519068813
image_360,0.001332347929000709
image_3600,1.1499503067029617e-05
image_3601,0.0006031783172870114
image_3602,0.00016606503958907604
image_3603,0.0016000651046405735
image_3604,0.0016383646590546878
image_3605,0.0014004218493955153
image_3606,4.920050647784788e-05
image_3607,0.00036198000980214176
image_3608,1.0047850100911283e-05
image_3609,2.9407217684384852e-05
image_361,0.001980305993173619
image_3610,0.00013560786332586727
image_3611,0.013364330651948508
image_3612,0.8143413451239974
image_3613,0.0018848576089576842
image_3614,0.004137546754009023
image_3615,0.0006770898150719465
image_3616,2.2469400478626455e-05
image_3617,0.00011131368707099805
image_3618,0.0015339571396739463
image_3619,3.3305317352965474e-05
image_362,0.0002787415823626052
image_3620,0.0013153082379931643
image_3621,0.00021371092999530563
image_3622,0.0007152029396148837
image_3623,4.65995687812108e-05
image_3624,5.4112227261959725e-05
image_3625,0.00010971029409708106
image_3626,0.00018432428755892313
image_3627,2.7932247912817858e-05
image_3628,0.00030605955697464524
image_3629,0.9881953677543953
image_363,1.523434038219315e-05
image_3630,0.0005056202638533487
image_3631,0.00011699110158150438
image_3632,0.8307088651454496
image_3633,6.031791065335737e-06
image_3634,3.220153668872688e-05
image_3635,1.4409139428291518e-05
image_3636,6.372831366930831e-05
image_3637,0.998522709601928
image_3638,4.8535952892558826e-05
image_3639,6.468887975212414e-05
image_364,3.858209091916055e-06
image_3640,0.000118897074316397
image_3641,5.686780998420449e-05
image_3642,0.000377968719714609
image_3643,0.00205920292052014
image_3644,0.0013748556022385315
image_3645,8.765255543547931e-05
image_3646,9.891715366502418e-06
image_3647,0.0005451639802846723
image_3648,8.577821153994823e-05
image_3649,0.8796253135422403
image_365,0.8006682854625907
image_3650,0.9612901825386778
image_3651,0.0008339273212991064
image_3652,0.9963538730657749
image_3653,0.00036970588042872256
image_3654,0.00590830491610667
image_3655,0.0008004448629949215
image_3656,6.341714781918996e-05
image_3657,0.034216366163540055
image_3658,0.060490952341386815
image_3659,6.034163072527535e-06
image_366,0.02620404782191007
image_3660,0.0011504236924793328
image_3661,0.0003899463592657946
image_3662,0.9923134419123036
image_3663,4.3127560373797206e-05
image_3664,0.0004038832010836757
image_3665,0.8277802808833877
image_3666,0.006952533200618482
image_3667,7.498786014442969e-06
image_3668,0.8024250167829556
image_3669,1.0774205812818655e-05
image_367,0.9895338048647279
image_3670,0.000219275161576495
image_3671,0.00016188783479807275
image_3672,7.069443390686245e-05
image_3673,0.00014235270029944581
image_3674,0.0020755670139110376
image_3675,2.381874610555247e-05
image_3676,0.0013992267868285693
image_3677,0.9216166195004529
image_3678,0.0002749549400840398
image_3679,0.0011536301889076203
image_368,0.0001571813836539063
image_3680,0.0006998245362446281
image_3681,2.8460510284140233e-06
image_3682,4.6076299446452407e-05
image_3683,0.00021568956487563696
image_3684,0.046239712548312176
image_3685,0.0008097354595219622
image_3686,2.231031479583101e-06
image_3687,2.556875215255776e-05
image_3688,4.265774413681913e-05
image_3689,0.00023252131917375526
image_369,0.8238896099142222
image_3690,0.9998933509746759
image_3691,8.397896073534347e-05
image_3692,0.003445781673286018
image_3693,0.0007730283814891059
image_3694,5.852074345559125e-06
image_3695,2.6137958370811032e-05
image_3696,0.0001627573264489167
image_3697,6.360912733574772e-05
image_3698,0.0019546461923607913
image_3699,0.0010278453577846315
image_37,0.0015895980763686597
image_370,0.0011500969999062242
image_3700,0.0004004780404118015
image_3701,3.4397539483672785e-05
image_3702,0.00391103418820188
image_3703,3.1793435030649612e-06
image_3704,0.9993441234075465
image_3705,2.3626236979169036e-05
image_3706,0.8854712201206117
image_3707,0.00023113412225820863
image_3708,0.015782276579115406
image_3709,8.229529521687452e-05
image_371,8.113400437634107e-05
image_3710,0.9964714425614989
image_3711,5.806938817863451e-05
image_3712,0.992950980944641
image_3713,2.1773944273274606e-05
image_3714,0.00010009192692447825
image_3715,0.0011804388725321275
image_3716,0.0018512695600339094
image_3717,9.255505998928768e-05
image_3718,0.000600491142550741
image_3719,0.00181984454227627
image_372,0.9780783378476879
image_3720,0.0017479138353034738
image_3721,0.7916344123857015
image_3722,1.0264439390396938e-05
image_3723,0.9985905165793911
image_3724,9.96840226692552e-06
image_3725,0.9021913916696622
image_3726,0.003254719656060769
image_3727,0.950780100764473
image_3728,0.0003202227096585149
image_3729,0.00017091289847448094
image_373,0.00035758077112150804
image_3730,0.7935855934312698
image_3731,0.00016458594952644643
image_3732,0.025739050815294456
image_3733,0.0002834405273547141
image_3734,0.9337933262466956
image_3735,0.0001402228549214414
image_3736,0.00011564685857811999
image_3737,0.00015562499855238356
image_3738,4.074800017629499e-05
image_3739,2.298676912594429e-05
image_374,8.188962071709975e-05
image_3740,0.1875913337661337
image_3741,0.9981260738954514
image_3742,0.00035315089820044674
image_3743,9.894599705841068e-05
image_3744,0.00044001052714183995
image_3745,8.238622441549506e-05
image_3746,6.0052667747203396e-06
image_3747,0.0006403985007071627
image_3748,0.0001932601997036963
image_3749,0.00014010373313230756
image_375,0.7951314877729302
image_3750,0.8022042580106211
image_3751,0.0019500416452648411
image_3752,0.00795826372573459
image_3753,0.004288636656758567
image_3754,0.0067044887351501384
image_3755,0.0006650131072640818
image_3756,0.0018718935357432624
image_3757,0.0022998034294840846
image_3758,4.036969850979679e-05
image_3759,0.000728341683250358
image_376,0.00020609131640526675
image_3760,0.004194958431089928
image_3761,0.002863018318949977
image_3762,0.0005987390729908224
image_3763,0.0006932979798305748
image_3764,0.00015465465708954985
image_3765,0.0005536090667554331
image_3766,0.0005954141901857308
image_3767,0.007484260974699772
image_3768,0.0001946797627957048
image_3769,6.259974789248225e-05
image_377,3.719332861699442e-05
image_3770,0.00425496492385023
image_3771,2.4788323107093273e-05
image_3772,0.009600472343257265
image_3773,5.778235732084555e-05
image_3774,0.0011212626746044687
image_3775,0.000448960329444039
image_3776,8.025021171238276e-05
image_3777,0.005332682577191774
image_3778,4.18136352518704e-06
image_3779,0.0021014789600991603
image_378,0.00022538584707474185
image_3780,0.9979376079966764
image_3781,0.00016482812434844043
image_3782,0.00017070078984710802
image_3783,2.162796647840199e-05
image_3784,0.00017411862131721669
image_3785,0.0019941730458526577
image_3786,0.0005864910618642695
image_3787,0.9874629964384356
image_3788,4.401507712417774e-05
image_3789,0.887335922186319
image_379,0.8221585536814621
image_3790,0.00023149840315410996
image_3791,9.698602818076178e-06
image_3792,5.2662461506130185e-06
image_3793,0.00011908390928861731
image_3794,2.6773854675159763e-05
image_3795,0.015182463608248029
image_3796,0.001986137149160761
image_3797,0.00020735188603852734
image_3798,0.0002546785010222955
image_3799,0.000116713419851762
image_38,0.0005666014576696538
image_380,0.00010457452936171396
image_3800,7.440296318804977e-06
image_3801,6.819935999338483e-06
image_3802,0.00041565514154234123
image_3803,0.0032256648074734814
image_3804,0.00020685655615920945
image_3805,0.10361941556049939
image_3806,0.00013683003749822973
image_3807,0.0028589862627022653
image_3808,0.0002697512516532497
image_3809,0.8080698907221239
image_381,0.9438269756252892
image_3810,7.3894814214475e-06
image_3811,6.601997560210086e-06
image_3812,7.706882132084921e-05
image_3813,9.60630705580568e-05
image_3814,0.00040981340185367824
image_3815,0.00015296588149295913
image_3816,5.024129152583305e-05
image_3817,0.8090126493462251
image_3818,1.0679588777208412e-05
image_3819,0.7947881403726474
image_382,5.9368047285390337e-05
image_3820,3.1840524482753947e-05
image_3821,0.0005598268487525348
image_3822,0.00043896574690007183
image_3823,0.0006465786372938894
image_3824,0.00038270624190575315
image_3825,3.676886284246194e-05
image_3826,7.520551998443028e-05
image_3827,1.0644848909147037e-05
image_3828,0.0011025451432680306
image_3829,0.0002521764774786162
image_383,0.7978897418122243
image_3830,0.00012718237336339683
image_3831,0.0001464145916899333
image_3832,0.0013727660847545032
image_3833,0.9441039317291267
image_3834,0.00724426217591137
image_3835,0.00026097929085065275
image_3836,0.0002676544513552727
image_3837,0.0012359286611202925
image_3838,0.16423446279654536
image_3839,0.00660272705469251
image_384,0.00019937203447014596
image_3840,0.002375991818646869
image_3841,0.00031173350468492375
image_3842,9.575598718724164e-05
image_3843,8.330760656634897e-05
image_3844,0.0003185866838008308
image_3845,0.00032582583549054374
image_3846,0.9914321703561374
image_3847,7.748817735840814e-05
image_3848,0.00040764262466813265
image_3849,0.8892544825265404
image_385,0.000889075250947681
image_3850,0.9661509125796399
image_3851,0.000570751320973582
image_3852,0.9741856252736696
image_3853,5.2813039693781076e-05
image_3854,1.5960101128259354e-05
image_3855,0.0006013100279600885
image_3856,6.0143540659421974e-05
image_3857,0.0001481973986627265
image_3858,0.002031887433157588
image_3859,0.7946572047658985
image_386,0.00021039208896401232
image_3860,0.000727912727831699
image_3861,2.8620451813542702e-05
image_3862,0.00020106833608696438
image_3863,0.00039780649512959705
image_3864,0.00027743558454885336
image_3865,0.00022418319309635198
image_3866,1.731283450253174e-05
image_3867,0.00036842782698542594
image_3868,0.9975582104209666
image_3869,0.004055806586099912
image_387,0.9516679105319217
image_3870,0.0002077421474611919
image_3871,0.0009604808464028506
image_3872,0.00012883956855557014
image_3873,1.1968037532823523e-05
image_3874,0.0008270179771168544
image_3875,0.0001524264827302781
image_3876,0.8018639954483033
image_3877,0.0009355225629555231
image_3878,0.0002224684912439284
image_3879,0.00020932042020820667
image_388,0.00020779625631419887
image_3880,3.722861702548683e-05
image_3881,5.4914708694227905e-06
image_3882,0.0002472753202154467
image_3883,0.7938279902164016
image_3884,2.8816977303778635e-05
image_3885,0.00026902266656001687
image_3886,0.0012264644660393061
image_3887,0.0025634402508258815
image_3888,0.0005078258682889184
image_3889,0.00029760832809816825
image_389,0.00014363141382439475
image_3890,9.86450832957724e-05
image_3891,0.845255313731534
image_3892,0.7955267834881583
image_3893,0.0027286419932406295
image_3894,0.0009709950074716301
image_3895,0.005158690559959671
image_3896,0.0034525142305202247
image_3897,0.004618068403696615
image_3898,2.030916778861931e-05
image_3899,0.00023054145417239876
image_39,0.8543857247988523
image_390,1.8876057274023547e-05
image_3900,7.995185624402133e-06
image_3901,6.055977846269099e-05
image_3902,0.0273257782903829
image_3903,6.715498030292636e-05
image_3904,0.00013876463550018323
image_3905,0.062177165627844755
image_3906,2.3839779309639553e-07
image_3907,1.0926381963543265e-05
image_3908,0.00028514124286330215
image_3909,6.079779710261265e-06
image_391,0.002833443497328303
image_3910,0.0011392903705947186
image_3911,0.013592481838216253
image_3912,0.9997119354525124
image_3913,0.8350438726543645
image_3914,0.0014994499396938064
image_3915,0.0006787329225577934
image_3916,0.8211527984691858
image_3917,0.9879536967671896
image_3918,0.00037655983790104656
image_3919,0.000384940868311926
image_392,0.001354727568603912
image_3920,0.0001007081619811584
image_3921,0.0020902667011901666
image_3922,4.529649756976071e-05
image_3923,0.00024344944111746983
image_3924,3.648120324893557e-05
image_3925,3.918100000655255e-06
image_3926,2.428934893937372e-05
image_3927,0.0018904841363906136
image_3928,0.008916362807933795
image_3929,0.0010422475101485346
image_393,0.00023343422446647842
image_3930,4.263474045438846e-05
image_3931,0.026757747980029428
image_3932,0.0002149600841469622
image_3933,8.37383545788834e-06
image_3934,0.0003634428651478977
image_3935,7.478282978185555e-05
image_3936,0.0007463350590224142
image_3937,5.4644653719699555e-05
image_3938,0.0007091905328995294
image_3939,0.0005646948298810457
image_394,8.9238337465277e-05
image_3940,1.2852788636824093e-05
image_3941,5.427708556201751e-05
image_3942,0.013012865308276458
image_3943,0.00018629731552867863
image_3944,0.0010176387447457795
image_3945,0.0004412127240239136
image_3946,0.00014008191917036817
image_3947,0.0004263991135666486
image_3948,8.392206745582944e-05
image_3949,5.313805589861883e-05
image_395,0.0020072951743683224
image_3950,0.0003130486063354864
image_3951,0.00013713873568869632
image_3952,0.00015640144398706364
image_3953,0.9984530660187814
image_3954,5.6804445137197786e-05
image_3955,5.09653222290359e-05
image_3956,0.0002510975876714265
image_3957,0.0006756751013688659
image_3958,0.00014270842399098118
image_3959,0.00048077561445124034
image_396,1.6506190606211608e-05
image_3960,4.059496620125402e-06
image_3961,9.506840575887762e-05
image_3962,0.018169336452489172
image_3963,0.0006616323945236342
image_3964,0.00015623394821771315
image_3965,8.958624400755783e-05
image_3966,0.00046063672587943517
image_3967,9.450576738652153e-06
image_3968,0.0001479746140361579
image_3969,0.0014667488435266295
image_397,0.0005794358029651382
image_3970,0.00022593315097959397
image_3971,0.0004433446402881356
image_3972,6.644988711533353e-05
image_3973,0.0006662613703918784
image_3974,0.000999437850803782
image_3975,0.0021037886944106337
image_3976,0.09178020239304675
image_3977,2.0304491000963917e-05
image_3978,0.00010541142160437944
image_3979,0.00041696248349691134
image_398,8.508474180260989e-05
image_3980,0.0001837668224909894
image_3981,0.001252112568738702
image_3982,0.00017548609735439053
image_3983,6.173840271229484e-05
image_3984,0.0032981046328170007
image_3985,0.0010661519095236471
image_3986,0.016031526501214192
image_3987,0.005786063813144361
image_3988,0.7969332903334139
image_3989,0.0016727552693038851
image_399,0.0010217103364050714
image_3990,0.04379572553890206
image_3991,6.80961874603156e-05
image_3992,0.7941036182114758
image_3993,1.66402117519448e-05
image_3994,0.00014837473787339026
image_3995,0.00019482598355497375
image_3996,0.0007001717948318646
image_3997,3.7312876669375655e-05
image_3998,0.00021804825276962067
image_3999,0.8195509235403952
image_4,0.00013938917298458184
image_40,5.626716742064637e-05
image_400,0.00011201778967917805
image_4000,1.8251656674171168e-05
image_4001,0.9977279235781218
image_4002,0.00011438737605862959
image_4003,0.00045472207318659927
image_4004,0.8373592883691512
image_4005,0.037092568212137196
image_4006,0.8122891199502209
image_4007,0.0032531482104380823
image_4008,0.0035266054269049753
image_4009,0.0009486717733989518
image_401,0.0001101603091846386
image_4010,4.101945973529845e-05
image_4011,0.0004440847359161451
image_4012,4.067182279024477e-06
image_4013,2.788285498263311e-05
image_4014,0.00014109839439475024
image_4015,0.9416351333375383
image_4016,0.0004416371277977103
image_4017,4.747291123581215e-05
image_4018,0.9543172766953631
image_4019,0.00022447921546328605
image_402,4.7045591374212025e-05
image_4020,0.001906010865610555
image_4021,8.842504490699706e-05
image_4022,0.002100340717358277
image_4023,0.9949524537965739
image_4024,0.1139624023110863
image_4025,0.00013416657986988872
image_4026,0.0009144905174760899
image_4027,0.922490793514825
image_4028,0.0006787771561807954
image_4029,9.832618480516228e-06
image_403,0.0005925254109499433
image_4030,0.0006153821488278773
image_4031,0.0007785993736035151
image_4032,0.002625640556772912
image_4033,0.0015056405261239664
image_4034,0.001134212122868434
image_4035,2.219028633376705e-05
image_4036,6.085458375261468e-05
image_4037,0.0005087744489733312
image_4038,0.0001057291975807631
image_4039,0.8010254038768518
image_404,4.921547553541106e-05
image_4040,0.001893185922781166
image_4041,0.00103460835137894
image_4042,0.0007826600342042767
image_4043,0.0005800165379050648
image_4044,3.897886005334857e-05
image_4045,1.305756594296284e-05
image_4046,9.803051285587672e-06
image_4047,9.218562738311093e-05
image_4048,0.00022629758248960156
image_4049,7.236446436427697e-05
image_405,9.705428171712242e-05
image_4050,0.002582795855108258
image_4051,0.0004973268937172484
image_4052,0.02438547853003075
image_4053,0.08608764292507867
image_4054,0.005380408491037008
image_4055,0.0002684246959827573
image_4056,0.011727403772133629
image_4057,7.897849842497809e-05
image_4058,0.00020718601524836213
image_4059,0.00022988039152727156
image_406,6.349296933488491e-06
image_4060,9.154244033542533e-06
image_4061,0.035607987010903494
image_4062,0.9644645444030469
image_4063,0.0004497646621195457
image_4064,4.350890805008708e-05
image_4065,4.800561584395992e-05
image_4066,3.509712690858102e-06
image_4067,0.039520398725687154
image_4068,0.008155046438666491
image_4069,8.843618086774749e-05
image_407,0.002117758551414417
image_4070,0.010645845993660363
image_4071,4.924708413692768e-05
image_4072,3.738578521761204e-05
image_4073,5.209801765373286e-05
image_4074,1.3036966266730183e-05
image_4075,0.002131696249975539
image_4076,0.05977143806759071
image_4077,0.0011407465126380203
image_4078,0.0007000252972575856
image_4079,0.00010217129603308727
image_408,2.372103768423062e-05
image_4080,0.999508343976902
image_4081,4.834431075129919e-05
image_4082,0.00011854801179368618
image_4083,0.8440907842302225
image_4084,0.04391633201763982
image_4085,0.0001975889423555408
image_4086,0.006039714423545497
image_4087,0.7955537072065277
image_4088,0.0005296493685796274
image_4089,0.0006064575596043655
image_409,0.0004844393178738271
image_4090,0.007934308480750867
image_4091,0.997776539308376
image_4092,0.00012713444172624878
image_4093,0.0003811226168707409
image_4094,0.0003244828666940544
image_4095,0.8208860103686586
image_4096,0.0003633353961646767
image_4097,0.0007110228891240626
image_4098,3.860556766813096e-05
image_4099,9.113982827983386e-05
image_41,0.0022007597132991793
image_410,0.00010756905580475327
image_4100,0.0013005482568166694
image_4101,0.00018775502909111201
image_4102,0.7961478014705116
image_4103,0.0010398236551609258
image_4104,0.0015259277914750373
image_4105,0.00010778465631860023
image_4106,5.228666937361685e-05
image_4107,0.0011958135339829126
image_4108,0.9329439944944511
image_4109,0.00046033831327379744
image_411,0.001264188226529223
image_4110,0.0012058579047990296
image_4111,0.00033050390255285445
image_4112,0.0001214681954465849
image_4113,1.4879945069570615e-05
image_4114,0.00010196880261635754
image_4115,1.2002580236103759e-05
image_4116,0.00012632905155488097
image_4117,0.00030764466393323726
image_4118,0.005224747232833062
image_4119,0.0033175466660878895
image_412,0.00011597326644925063
image_4120,0.0031105774556040235
image_4121,0.00014884230162349029
image_4122,4.766835674967886e-05
image_4123,0.0006607527202715598
image_4124,0.0005660216321508217
image_4125,0.0014521075460400404
image_4126,0.7951310337393562
image_4127,0.00012157743354464926
image_4128,1.5271965443740456e-05
image_4129,0.14180777535457603
image_413,0.7972372617237126
image_4130,5.5285902600464446e-05
image_4131,5.153334157370444e-05
image_4132,9.65813131633524e-05
image_4133,0.00017974832091802062
image_4134,0.0016465239984786175
image_4135,7.936210601731471e-05
image_4136,0.998539037686391
image_4137,0.9911462498096458
image_4138,0.9978554805586203
image_4139,0.0015815001297734502
image_414,1.593007169998876e-05
image_4140,0.00019146433607698752
image_4141,0.8008486497862244
image_4142,9.59873089533644e-05
image_4143,0.0003093324031922148
image_4144,0.11373187289535165
image_4145,0.7943126266199197
image_4146,1.5111771157596111e-05
image_4147,4.15554902454229e-06
image_4148,6.2990335036419e-05
image_4149,4.8938036635273406e-05
image_415,0.0015687975994955622
image_4150,6.0397448950256736e-05
image_4151,2.759192915057133e-05
image_4152,0.0004379548285139887
image_4153,0.0014705056064125868
image_4154,0.00011944683316497665
image_4155,0.0013391943161611005
image_4156,0.0001486212527155888
image_4157,0.00020494193639193544
image_4158,0.0001786445642360315
image_4159,0.04316693958223704
image_416,1.766545701817562e-05
image_4160,0.00022068032329504143
image_4161,0.9996339420908399
image_4162,3.513420093501364e-05
image_4163,0.0009688050002548786
image_4164,0.0003850004387110736
image_4165,0.8608535835109287
image_4166,0.7978659332599605
image_4167,2.0204901236546805e-05
image_4168,1.8819605554318654e-05
image_4169,0.0026685636151650527
image_417,0.0004596293959232436
image_4170,0.0002434785239793328
image_4171,0.002354797416855098
image_4172,1.2158763951547723e-05
image_4173,0.827643482379705
image_4174,7.539789713182366e-05
image_4175,0.11655498738357736
image_4176,0.009425282803743436
image_4177,0.0007614031946470217
image_4178,0.0005881907356747434
image_4179,0.9969850169684831
image_418,9.713208585819615e-05
image_4180,9.390968751284848e-05
image_4181,5.3934538713893016e-05
image_4182,0.0011256885289537388
image_4183,6.070351924866326e-06
image_4184,0.01751368939521032
image_4185,0.010637728626107906
image_4186,9.035606681666345e-05
image_4187,0.0007875102629322957
image_4188,5.467470288171724e-05
image_4189,0.0012703183413419492
image_419,0.994974769116328
image_4190,0.9930335879017568
image_4191,1.1850844014918397e-05
image_4192,2.0714826340717263e-05
image_4193,0.0005781717935142456
image_4194,8.873341166084555e-05
image_4195,0.00013285558958737515
image_4196,4.675443635634339e-06
image_4197,0.0003677304172861826
image_4198,0.00021814281088356169
image_4199,0.0639426975742857
image_42,3.739806966675061e-05
image_420,0.000129261392031335
image_4200,0.00011707712151148545
image_4201,0.022844285615635986
image_4202,0.0012288863749768766
image_4203,0.11747417422636217
image_4204,8.543759512159526e-05
image_4205,0.0005884791066214893
image_4206,0.001449882066446868
image_4207,0.00036496952145037147
image_4208,0.00010843587170622599
image_4209,3.486090249025796e-05
image_421,0.0013853845049795845
image_4210,8.430901688020204e-05
image_4211,0.0006666756521603282
image_4212,0.00018526622511956254
image_4213,0.0002659834933914037
image_4214,0.0014106533745706002
image_4215,0.11928192024433044
image_4216,0.0027236553594396683
image_4217,0.000191012736386686
image_4218,6.672033131054906e-05
image_4219,0.00011486456992252643
image_422,0.00017271474235989318
image_4220,0.003711492848144096
image_4221,0.0032510943940444238
image_4222,0.008170218578556477
image_4223,0.029155135404658417
image_4224,4.899685726575239e-05
image_4225,0.00011797332147856082
image_4226,0.1495449132177724
image_4227,0.00035861585007951216
image_4228,0.0002282026177374954
image_4229,0.0005615992142266085
image_423,0.00012029647979642125
image_4230,0.0002588377553430578
image_4231,0.8015918161853144
image_4232,0.9992316627852269
image_4233,0.001568366670855232
image_4234,0.001731441095281645
image_4235,7.558680738365688e-05
image_4236,0.9983936669137916
image_4237,0.8685047497643188
image_4238,0.001000748423046934
image_4239,6.255943990393962e-06
image_424,0.00019704632992235366
image_4240,0.0026555221478193982
image_4241,0.00045208790142024487
image_4242,0.9890477395202912
image_4243,0.0001306898249224974
image_4244,0.00011936924775063987
image_4245,3.1717713638025404e-05
image_4246,0.0002764690349301619
image_4247,3.979358969562528e-06
image_4248,0.9905471473321882
image_4249,0.00014389503194123989
image_425,0.0001255320063550999
image_4250,0.0021523127730211622
image_4251,4.491604132707642e-06
image_4252,0.8976172909032714
image_4253,0.9962180253933349
image_4254,4.3538598450683935e-05
image_4255,0.020316734781318443
image_4256,0.0002768621113233848
image_4257,0.00043480257786552185
image_4258,0.00011540688497552237
image_4259,8.262901206976844e-05
image_426,0.00039378264964072594
image_4260,0.00114594695813632
image_4261,2.58347584750758e-05
image_4262,0.0002597997576563903
image_4263,0.0006789851445353196
image_4264,1.223272324505715e-05
image_4265,0.00016820972803988722
image_4266,5.3161204030573105e-05
image_4267,0.000261753385703348
image_4268,0.0008718964001953645
image_4269,0.8468990706399955
image_427,0.00013233396818593745
image_4270,0.0041920254386016344
image_4271,0.00011448254997671631
image_4272,0.9116715919888095
image_4273,8.236793075008843e-05
image_4274,0.9792145471448072
image_4275,1.963357700962832e-05
image_4276,0.07368525529337952
image_4277,0.10451065273310164
image_4278,9.261859928284577e-05
image_4279,0.00011669185357040403
image_428,4.781226697954086e-05
image_4280,0.00019359918008804092
image_4281,0.0001661516451071146
image_4282,0.001300978269430987
image_4283,0.0009983182111830578
image_4284,3.245829302277144e-05
image_4285,0.0011857339614788263
image_4286,7.667577793612281e-05
image_4287,0.0011589456736814329
image_4288,0.0005754148190644691
image_4289,9.789276171875752e-05
image_429,6.790906896884897e-05
image_4290,0.007542853025593388
image_4291,5.892014918801793e-05
image_4292,0.8163224513430659
image_4293,0.00012287123152005333
image_4294,0.054273820909380724
image_4295,0.14425722573491728
image_4296,7.150351406999057e-05
image_4297,0.9912053581760402
image_4298,2.539876824924162e-05
image_4299,0.0004100089849266231
image_43,0.01807491723222567
image_430,5.4405501125987256e-05
image_4300,3.0501667110593917e-05
image_4301,0.0007183419344677552
image_4302,1.8183645281677506e-05
image_4303,0.0003961381998959758
image_4304,0.9944368313861212
image_4305,0.0005905712195411995
image_4306,0.9926784398047145
image_4307,5.550100395987333e-05
image_4308,0.00011190499820255886
image_4309,5.346909193251737e-05
image_431,0.00046427885206037206
image_4310,0.00046240566524818964
image_4311,0.00031161011198249406
image_4312,0.0011381700445729534
image_4313,0.000927370720780719
image_4314,0.0006573389456745368
image_4315,0.8403120789556562
image_4316,0.05335797325006464
image_4317,0.0010369357590729596
image_4318,0.797352476265012
image_4319,0.000945313246325004
image_432,2.5393190384461938e-05
image_4320,0.8044626620874858
image_4321,6.706506599347755e-06
image_4322,0.0003300518070659454
image_4323,8.261280488803642e-05
image_4324,6.118714493653688e-06
image_4325,0.00014290281203168566
image_4326,5.174592088159556e-05
image_4327,0.0006667317133626836
image_4328,0.802067814238596
image_4329,3.0558735573311174e-06
image_433,0.0006713745205929897
image_4330,9.736525612044822e-06
image_4331,0.002519239519952181
image_4332,0.00011062516562999974
image_4333,0.0003690890961036683
image_4334,0.0008478966031477367
image_4335,0.00027442574285687884
image_4336,6.013619289281374e-05
image_4337,0.000370122270026746
image_4338,4.207426263284675e-06
image_4339,6.328579362084932e-06
image_434,0.0015721967183065012
image_4340,3.6970950505023654e-05
image_4341,3.2015560763595367e-05
image_4342,0.07829763916104374
image_4343,2.2647836276477933e-05
image_4344,0.00013010262344240422
image_4345,0.9163098673259722
image_4346,0.8207592431453309
image_4347,0.007830517817670125
image_4348,0.7966709004019509
image_4349,5.263788119332805e-05
image_435,0.0001628283237897755
image_4350,2.2179936853162565e-05
image_4351,5.844109571487932e-05
image_4352,0.0003416051130467653
image_4353,0.9992092789974366
image_4354,0.8355256234620393
image_4355,0.0008575890801648543
image_4356,0.00015677562895372317
image_4357,0.0011877814658226137
image_4358,0.002876867328023175
image_4359,0.00011780830713514264
image_436,0.036957671528679556
image_4360,0.002249842239837422
image_4361,1.5568020485753465e-05
image_4362,3.642404900782418e-05
image_4363,0.0001840974773243107
image_4364,0.00012398752875577868
image_4365,0.0008513178127543972
image_4366,0.0006062567271824489
image_4367,0.00017066983901014798
image_4368,0.018947234018656067
image_4369,0.00827083297292042
image_437,7.954405187527703e-05
image_4370,0.0010460024964470804
image_4371,7.037444290221298e-05
image_4372,4.0263372763487995e-05
image_4373,0.001992558766463167
image_4374,0.001798394734404998
image_4375,0.9959722928281668
image_4376,0.0010247279970004492
image_4377,7.430715831401514e-05
image_4378,0.0005799519350147572
image_4379,0.797889465380907
image_438,2.5043817419246932e-05
image_4380,0.004027865536151539
image_4381,0.00254499323820732
image_4382,0.7952999456447144
image_4383,0.03390243573077245
image_4384,0.000455887977395459
image_4385,0.8081243249982739
image_4386,0.00014241411281271175
image_4387,0.000450808633087747
image_4388,0.00080746257463532
image_4389,4.263863014317742e-05
image_439,0.0012912544642371675
image_4390,0.0014338092181250253
image_4391,0.797791278817252
image_4392,0.0002793085330277193
image_4393,0.00045634798720449595
image_4394,0.001769621561117925
image_4395,1.1405336358920846e-05
image_4396,0.0015798906108006497
image_4397,0.9987968396034063
image_4398,0.812933124466537
image_4399,0.7940718835933155
image_44,0.00020200252977996256
image_440,0.0015097299167469449
image_4400,0.0005546719294734047
image_4401,1.754682631978262e-05
image_4402,0.00012071952298664234
image_4403,0.004990343385077868
image_4404,0.0004419737635066717
image_4405,0.7981816381709945
image_4406,0.00033035690955492743
image_4407,0.9193375952186592
image_4408,0.00017323397145665642
image_4409,7.549652601723003e-05
image_441,0.00030926342420028606
image_4410,0.00020597162489794702
image_4411,0.00035754740894428414
image_4412,1.654157878510768e-05
image_4413,0.00012026699255309638
image_4414,0.00043166689091145673
image_4415,3.48913897034316e-05
image_4416,0.001066568860147879
image_4417,0.8134149043062491
image_4418,0.0002953952409143768
image_4419,9.874241830134843e-05
image_442,0.00013491846697065202
image_4420,8.465985548897553e-05
image_4421,0.9985681383322097
image_4422,0.0011015496750245363
image_4423,0.004931652170498261
image_4424,1.5688532041641324e-05
image_4425,5.4449216263543904e-05
image_4426,5.839018936029963e-06
image_4427,0.00012026962577477057
image_4428,0.000933516002085209
image_4429,0.0006528131750218387
image_443,0.8943458181040842
image_4430,0.00047184173099881115
image_4431,0.0026945703962735425
image_4432,0.0020815462493556777
image_4433,0.00046367350477990175
image_4434,3.9006586619777736e-05
image_4435,0.0756476171407791
image_4436,0.003117791475504675
image_4437,0.02667172078016029
image_4438,0.0004382005692758535
image_4439,0.0003241471591328664
image_444,0.009642432991486443
image_4440,0.0004143265111833218
image_4441,9.70934325271602e-06
image_4442,0.9907106527389817
image_4443,0.0009228537674348947
image_4444,0.8461681410492569
image_4445,0.00011589355084552625
image_4446,0.00010428622964885073
image_4447,0.0001629646986670574
image_4448,0.0003632050905683962
image_4449,1.3252124840648606e-05
image_445,0.8277934530318513
image_4450,0.00018222638764451692
image_4451,0.7945839421546828
image_4452,8.737603682414928e-05
image_4453,0.7961734101317934
image_4454,0.00027574937067489507
image_4455,0.0006539114167727405
image_4456,0.798806632650547
image_4457,0.0005090676327944662
image_4458,0.00027964945935612213
image_4459,0.00014184475490010726
image_446,0.00048733487614317957
image_4460,0.000815877783391249
image_4461,1.652148582415073e-05
image_4462,0.0006516584558063092
image_4463,7.249710918499569e-05
image_4464,1.805684942244155e-05
image_4465,0.00013815301960672547
image_4466,8.810700365712674e-05
image_4467,1.7354282278655654e-05
image_4468,0.00041188960707378656
image_4469,1.118884300180682e-05
image_447,0.007746978940125488
image_4470,0.0017156778317817787
image_4471,0.9774955967160054
image_4472,3.64364054025094e-06
image_4473,0.0008910451025347006
image_4474,0.00019283156279356387
image_4475,3.0714706088018855e-05
image_4476,0.016451934977441983
image_4477,0.0006732806541923776
image_4478,0.0002415744176533477
image_4479,0.18829471561389804
image_448,0.00012700341593149957
image_4480,0.00438851878411461
image_4481,2.0039918317188228e-05
image_4482,7.5236069048053825e-06
image_4483,0.0011365787530655167
image_4484,0.0678421936284595
image_4485,5.127894983446887e-05
image_4486,0.8777829772713872
image_4487,0.0002690233215517713
image_4488,0.000610817837333432
image_4489,0.0028674656437425133
image_449,0.0007353916113722863
image_4490,0.003361621134014365
image_4491,0.0003444881417827753
image_4492,0.0019593594014382354
image_4493,0.016704642757859427
image_4494,0.10363335800857813
image_4495,0.0001396029612027745
image_4496,0.0011861845220441417
image_4497,8.152515451389905e-05
image_4498,0.7954893289251415
image_4499,0.9953838389046863
image_45,0.00026713165722061646
image_450,4.779337095641155e-05
image_4500,4.2851229344997787e-05
image_4501,7.372698870647927e-06
image_4502,0.0003759197705568015
image_4503,0.00245976574951086
image_4504,8.112904279902047e-05
image_4505,0.0014813173789258022
image_4506,0.9645800498022133
image_4507,6.146438131161217e-05
image_4508,0.7933199644073888
image_4509,0.001184389447789594
image_451,0.005856841257318965
image_4510,0.00010323461332793246
image_4511,0.0014516858074834428
image_4512,0.0010380023273490187
image_4513,0.00418963272736099
image_4514,4.136369268820864e-06
image_4515,0.005740767698554256
image_4516,5.378434387437755e-05
image_4517,0.0012192715086310263
image_4518,0.0009215360002495981
image_4519,0.009319929580184341
image_452,1.478223527048544e-05
image_4520,8.342359894654902e-05
image_4521,0.0002625404385672823
image_4522,0.001564696709060432
image_4523,1.1462028420498226e-05
image_4524,0.0002314619272079892
image_4525,0.001290585550866406
image_4526,1.7312002110043388e-05
image_4527,0.0005961746882586496
image_4528,0.0008710742315540534
image_4529,0.006011055055211713
image_453,0.00010861918149348478
image_4530,1.2342267100578906e-05
image_4531,1.179480741889671e-06
image_4532,0.0008873733913579339
image_4533,1.1737918623107112e-05
image_4534,9.785535816887923e-05
image_4535,1.4566987116176758e-05
image_4536,0.003185455060285683
image_4537,8.10200484154359e-05
image_4538,0.05174910525145336
image_4539,0.021474980915795295
image_454,0.8233294134862066
image_4540,0.00029713617434394676
image_4541,6.140013388586212e-05
image_4542,0.00028796408395154204
image_4543,0.0003202173983679068
image_4544,0.20248804457988734
image_4545,8.878200396989476e-05
image_4546,0.00027639439725185577
image_4547,7.472300940819346e-06
image_4548,3.716026699816332e-05
image_4549,9.072022341858146e-06
image_455,0.0025299092904992994
image_4550,0.00013981799510506685
image_4551,0.0031579229943786797
image_4552,5.572856338260165e-06
image_4553,0.9877535413178414
image_4554,9.541256668929899e-05
image_4555,0.797051943166447
image_4556,2.2796995898668947e-06
image_4557,0.0008254434007251437
image_4558,0.00010800859890288299
image_4559,0.00014586155143815632
image_456,0.0001768824904484581
image_4560,0.00010608428451644538
image_4561,0.0004890126244304631
image_4562,4.631610772633453e-05
image_4563,0.0011233273463337502
image_4564,0.8036878569599676
image_4565,1.3965182442336743e-05
image_4566,0.0001881929909871085
image_4567,5.191633886210386e-05
image_4568,1.2004922551422465e-05
image_4569,4.213200682011698e-05
image_457,0.0006059149775627558
image_4570,0.9759899579598684
image_4571,0.9838329924354843
image_4572,0.00018017939930374777
image_4573,0.0002544518104292589
image_4574,0.0007222854290900245
image_4575,0.8356859097561685
image_4576,0.00013795383302596942
image_4577,0.8860742855883059
image_4578,0.0018040738638986475
image_4579,0.0008791997946892546
image_458,0.8181772255018794
image_4580,0.0004215489167143288
image_4581,2.491683199960523e-05
image_4582,0.0016188683908595566
image_4583,0.0008765109868298992
image_4584,7.329520574772992e-05
image_4585,5.291763385823203e-05
image_4586,0.9981872631453728
image_4587,0.0002510516544267828
image_4588,6.310714171999136e-05
image_4589,4.3001374418539064e-05
image_459,0.00018824161193362317
image_4590,3.7700037027991155e-05
image_4591,1.0730277041051743e-05
image_4592,0.006249423305061981
image_4593,0.003835316857805364
image_4594,0.9994880417498363
image_4595,0.0002607178031024455
image_4596,0.00038180817010800714
image_4597,0.0014803506056250508
image_4598,0.00023901491613557125
image_4599,3.684089478299378e-05
image_46,0.001140824890077903
image_460,0.0004185533370083019
image_4600,0.9979020554972567
image_4601,0.0009087095977749791
image_4602,7.344532242936771e-06
image_4603,0.0032433991737975607
image_4604,0.000183301152890805
image_4605,0.0007620293451405635
image_4606,0.0001223376817416225
image_4607,0.9611400048235511
image_4608,4.41086617753464e-05
image_4609,6.603559788339321e-05
image_461,0.0003987871030955312
image_4610,0.0006113186816483487
image_4611,5.8834219960899585e-05
image_4612,0.060723003460462964
image_4613,0.0018491023872096678
image_4614,4.2382618408611456e-06
image_4615,0.0029812379209214297
image_4616,7.743725736968912e-06
image_4617,0.001986049165227832
image_4618,2.9392562415828718e-05
image_4619,0.00012315186423525953
image_462,0.0002329977202879581
image_4620,0.0009299453393931667
image_4621,8.249834332575772e-05
image_4622,0.001588972610310943
image_4623,0.00048560485466895165
image_4624,0.0007392842262146833
image_4625,0.00092660134780684
image_4626,0.07189338355439003
image_4627,4.184333452564297e-05
image_4628,0.0003701881307221427
image_4629,0.0002762197215867001
image_463,0.0014229663638462712
image_4630,0.0006756381978679311
image_4631,3.435710032045196e-05
image_4632,0.8384624438237178
image_4633,0.7987567222460704
image_4634,0.9275019613626452
image_4635,0.9401558976472874
image_4636,0.8145260350810446
image_4637,0.0006244241431879085
image_4638,4.319028294868088e-05
image_4639,3.361518088544487e-05
image_464,0.0002980979570079016
image_4640,0.007604424625889073
image_4641,8.039892660728146e-05
image_4642,0.9988178239344485
image_4643,1.6423537495425692e-05
image_4644,7.185692920185001e-05
image_4645,9.659273759627575e-05
image_4646,0.00156477879156619
image_4647,3.9322845928673024e-05
image_4648,0.0002406374794568475
image_4649,0.0014212189304386388
image_465,0.0013280085066536052
image_4650,0.8168551903830122
image_4651,0.0007896868911509951
image_4652,0.8850326369817421
image_4653,5.21656594071813e-06
image_4654,0.00393778830818683
image_4655,2.6342992178818675e-06
image_4656,0.02051083557654889
image_4657,0.0005474609864001731
image_4658,3.642228717684332e-05
image_4659,1.21273340048856e-06
image_466,0.00022064086710599885
image_4660,1.8201893388181468e-06
image_4661,0.9966447291622476
image_4662,0.00027083390805362795
image_4663,1.9508534542886704e-05
image_4664,0.0013829007752903775
image_4665,0.006061035961990225
image_4666,0.0008764909990013776
image_4667,0.0002489915295647912
image_4668,7.033809052343001e-05
image_4669,9.156021076971488e-05
image_467,0.03158796572790152
image_4670,8.146604775528959e-05
image_4671,4.2998656952242976e-05
image_4672,0.0002625583860076357
image_4673,3.20334195080512e-05
image_4674,0.0001981091032473176
image_4675,0.004696960054036395
image_4676,0.05475110679724332
image_4677,0.0006316143202176741
image_4678,0.7960052312665735
image_4679,6.774609845922122e-05
image_468,0.006487289029037327
image_4680,0.0003818694383041845
image_4681,6.132080753956784e-05
image_4682,0.00011184923321534072
image_4683,1.9605836363993954e-05
image_4684,0.9868925986058159
image_4685,0.00040345001329551293
image_4686,0.024856914396558707
image_4687,0.0001013101064334576
image_4688,0.9063089903001382
image_4689,7.818340092425547e-05
image_469,0.09671443409519075
image_4690,3.061509979396675e-05
image_4691,0.1966635584853443
image_4692,0.00021764488681069567
image_4693,0.0011906120458895788
image_4694,0.0014630394022443196
image_4695,3.561226750240007e-05
image_4696,0.000423823523602539
image_4697,0.00010363741408133775
image_4698,6.973783853179576e-05
image_4699,0.0006002818796480873
image_47,0.012444564640033729
image_470,0.0006772287756116764
image_4700,0.9988941247542155
image_4701,0.0001010776610821131
image_4702,0.010156553142040881
image_4703,5.044467758999278e-05
image_4704,0.002709693055241225
image_4705,0.00015919079716162875
image_4706,0.0005137775944615046
image_4707,0.9990726790344576
image_4708,0.9757767876120595
image_4709,2.3279510313321404e-05
image_471,0.00023406339818123406
image_4710,0.00022117845847292812
image_4711,0.001681632603812718
image_4712,6.172066453101902e-05
image_4713,0.00030423862829611443
image_4714,4.2875343435912926e-05
image_4715,0.00018500488550122273
image_4716,0.8749746319059554
image_4717,0.0005248469923731308
image_4718,3.354491208095649e-05
image_4719,0.0007028460899381691
image_472,0.00018266767878092992
image_4720,0.00022456256775987507
image_4721,0.0009294305165452471
image_4722,4.2728861036072555e-05
image_4723,0.011602245442259896
image_4724,0.0002857394162176518
image_4725,0.0008661018501379307
image_4726,0.00017659012681726265
image_4727,0.013955572454554185
image_4728,0.0003374229378281296
image_4729,0.00012983282017787725
image_473,0.001682889276668796
image_4730,5.977823150174891e-05
image_4731,0.0005430162190686099
image_4732,0.0009603586347444383
image_4733,0.00015642327610299622
image_4734,0.9788004106216516
image_4735,6.99318737525385e-06
image_4736,0.9989491358745965
image_4737,0.014543655196058264
image_4738,0.0005663338667393556
image_4739,0.00013718054441180658
image_474,0.0002784405085147359
image_4740,0.00019996289637730507
image_4741,0.0029181599717506192
image_4742,0.00045576959406930966
image_4743,0.001240457624411774
image_4744,0.0385630251089264
image_4745,0.0031744257490245757
image_4746,1.247178114657389e-05
image_4747,9.850393255377756e-06
image_4748,7.205473756347988e-05
image_4749,0.0008328216319588059
image_475,0.0010208389087426103
image_4750,0.00013344489665808673
image_4751,5.437690448728454e-05
image_4752,0.0023292609633772414
image_4753,0.00021807513429255416
image_4754,0.00013842990920052967
image_4755,0.0003608778974380234
image_4756,0.851488448714905
image_4757,1.8217673837829944e-05
image_4758,0.08471916169126004
image_4759,0.0007877442452123278
image_476,6.0817021708177875e-05
image_4760,0.00014277316531800035
image_4761,0.0022035731308884345
image_4762,0.0002998105707564382
image_4763,0.013955784522378634
image_4764,0.000674392447325426
image_4765,0.0004924624943007689
image_4766,1.1617484149622558e-05
image_4767,2.917716658301727e-06
image_4768,8.724510354928511e-06
image_4769,3.428485747532919e-05
image_477,0.0013769205311163918
image_4770,0.7957678037338665
image_4771,0.0005605218983487755
image_4772,5.9402686998570294e-05
image_4773,0.00015063684462418347
image_4774,0.8457756510769571
image_4775,0.0006987848306437546
image_4776,0.0038057483414563062
image_4777,7.234822672689359e-05
image_4778,0.008003849192537967
image_4779,6.181340053663192e-06
image_478,0.0012518071466299818
image_4780,6.944166419315345e-05
image_4781,0.004418432858732627
image_4782,0.0023577702769506503
image_4783,0.0001969526644495792
image_4784,0.0006340279468597562
image_4785,7.856229062567282e-05
image_4786,0.9147765267511023
image_4787,0.00015019685511973463
image_4788,0.000806798575466537
image_4789,0.9991392083145462
image_479,0.0018197434276987362
image_4790,0.0007406047670484927
image_4791,0.8080437256660025
image_4792,0.0006128425895596363
image_4793,0.001863239865169584
image_4794,0.0009093139775128945
image_4795,0.0004117174126189452
image_4796,0.8183584880914031
image_4797,0.0005390488252942555
image_4798,0.8004004358358918
image_4799,1.4826094906446564e-06
image_48,0.009856515142345576
image_480,0.00016927437023071964
image_4800,0.0008047895593767673
image_4801,4.497414192859916e-05
image_4802,0.00010425769123048388
image_4803,0.0007453888831395314
image_4804,0.0004576809751431531
image_4805,0.0006589770315392437
image_4806,9.274691084813578e-05
image_4807,0.8893290877450232
image_4808,0.00023876056004887197
image_4809,0.004429833628640146
image_481,0.005785189877442811
image_4810,0.0026861534131117104
image_4811,0.0008813180834632504
image_4812,0.9485606130945838
image_4813,0.0001217007991894988
image_4814,0.00048571446271600884
image_4815,0.16325032528921557
image_4816,0.9989098349426252
image_4817,8.410583598714989e-05
image_4818,0.001128200896307006
image_4819,0.9293944392108733
image_482,4.040945672100488e-05
image_4820,0.0008303120399927611
image_4821,0.0016183489427507116
image_4822,1.1543587299694899e-05
image_4823,0.0008471170915404266
image_4824,2.725205133588645e-05
image_4825,0.0003882268862331824
image_4826,0.00021401514345246927
image_4827,0.002224765804447569
image_4828,0.00024493741716500965
image_4829,0.002609540824071753
image_483,0.0003162387490277621
image_4830,0.0003024862111085138
image_4831,2.103933567967501e-05
image_4832,0.0027340261792654997
image_4833,5.4445787543158696e-05
image_4834,0.0005133920629636462
image_4835,0.003589724667010882
image_4836,8.958269943348042e-05
image_4837,0.9751145933310328
image_4838,6.110109178921972e-05
image_4839,1.636389584574251e-05
image_484,0.9926415729580043
image_4840,7.69214777802078e-05
image_4841,0.0005719874956131189
image_4842,0.9995361255284603
image_4843,0.003493990197680967
image_4844,0.925441373568496
image_4845,1.901112660339265e-05
image_4846,0.0007362734133916695
image_4847,0.00040358206239479125
image_4848,0.00028067466671938686
image_4849,0.7920376347511372
image_485,0.0015609047707913722
image_4850,0.00012182624700092648
image_4851,0.001508785921913835
image_4852,0.00036885941103696334
image_4853,0.8230518329815423
image_4854,0.00040299783991823315
image_4855,0.0003048095094144037
image_4856,0.0003724838106987173
image_4857,0.0008201756963152644
image_4858,0.04932508564893891
image_4859,0.00634423679837314
image_486,0.0019620126665067334
image_4860,0.00031326793622271464
image_4861,4.149776591513762e-05
image_4862,1.4730862262616573e-05
image_4863,0.0002334846428518465
image_4864,2.983009620857566e-05
image_4865,3.9240713793213505e-05
image_4866,0.9769416055449126
image_4867,0.002705753693072475
image_4868,0.012353344913446843
image_4869,0.9460858388317801
image_487,0.0003446278852647839
image_4870,0.20224542405806223
image_4871,0.9937691362235949
image_4872,0.9008087121886689
image_4873,0.09742036077190691
image_4874,0.0007578548060776326
image_4875,0.0003588071480681807
image_4876,2.308407697557532e-05
image_4877,0.005383022440402613
image_4878,0.0005017127721063568
image_4879,0.9510596175892048
image_488,4.278359720863618e-06
image_4880,0.0074613290502495485
image_4881,0.0001567482223178307
image_4882,8.978375267341814e-05
image_4883,0.00013002845752588198
image_4884,0.00031048679953716923
image_4885,0.996722535974782
image_4886,0.00014834596476780474
image_4887,0.0005828704223157829
image_4888,0.00012762148224130222
image_4889,0.0006176413583185072
image_489,0.0004673915384251064
image_4890,0.0004974790379334152
image_4891,0.0008651224090875671
image_4892,0.0014536368904576782
image_4893,0.0015747441946496678
image_4894,0.00015586259990337946
image_4895,0.0003590501792904969
image_4896,0.0004205754818487493
image_4897,0.0005070103564583165
image_4898,0.00017610015979427845
image_4899,3.091799582891757e-05
image_49,0.0007135072717442761
image_490,5.4928760040570634e-05
image_4900,0.0014229439539788509
image_4901,7.904012208520421e-05
image_4902,2.1706569013211266e-05
image_4903,0.0016890969354796267
image_4904,0.007573207201674197
image_4905,9.47441820781885e-05
image_4906,0.0032720490051076348
image_4907,0.09629665515266458
image_4908,0.00099059155087558
image_4909,0.002567184738397254
image_491,8.31115881400661e-05
image_4910,0.0005559995663141484
image_4911,0.0001396744817252744
image_4912,0.00011669337095151404
image_4913,5.0022174373606005e-05
image_4914,6.232689660371675e-05
image_4915,0.0006896265675327932
image_4916,0.20456740486476854
image_4917,0.8185105985198182
image_4918,0.0008853434094197702
image_4919,5.9835731581526335e-05
image_492,9.324621529636925e-06
image_4920,0.00022864034585771763
image_4921,4.328150570117538e-05
image_4922,0.0015971602162515388
image_4923,0.0011026087760648519
image_4924,3.553597299223574e-05
image_4925,0.8350796639454027
image_4926,0.00034806129132915084
image_4927,0.0023232654785235013
image_4928,0.025608362613944842
image_4929,9.588911288339433e-05
image_493,0.00025700168340191153
image_4930,3.705752749268376e-06
image_4931,5.767497397610609e-05
image_4932,9.8350427706162e-05
image_4933,0.0005507449042331353
image_4934,0.7957805373223563
image_4935,0.8081725386191912
image_4936,0.0012419270289647886
image_4937,7.443155549942515e-05
image_4938,0.000538058000967889
image_4939,0.9040210561384013
image_494,1.1172501975161529e-05
image_4940,0.0002476396025855171
image_4941,0.9991874737792091
image_4942,0.0002056498055637694
image_4943,8.418279981315367e-05
image_4944,0.007885074195778989
image_4945,0.005609042935445931
image_4946,4.49772556221763e-06
image_4947,0.8951471904610793
image_4948,0.00026129870699733977
image_4949,0.0016442106851830417
image_495,8.338688210321535e-05
image_4950,4.942538838011746e-05
image_4951,0.7934556422638684
image_4952,0.0015590731740256114
image_4953,4.74916310767715e-05
image_4954,0.0024888133216716527
image_4955,0.0017797210560861984
image_4956,0.0004379133451695389
image_4957,0.9572037542411793
image_4958,0.026498997755228654
image_4959,0.0009114017191366255
image_496,0.7948489719304452
image_4960,0.010595193105392642
image_4961,4.3674929510914265e-05
image_4962,0.00076357715449451
image_4963,0.00020143351800105985
image_4964,8.399459740027287e-05
image_4965,2.8593951647625796e-05
image_4966,4.3178426734260225e-05
image_4967,0.0008193883661889512
image_4968,1.5925792097503058e-05
image_4969,2.1023354702139522e-05
image_497,0.0001273005707819433
image_4970,0.8214363613656278
image_4971,0.0002615670172893302
image_4972,0.02280449627305613
image_4973,0.0016128139816458207
image_4974,6.755058407241789e-05
image_4975,0.2061663474040663
image_4976,2.2336021328298168e-05
image_4977,7.886061390705259e-06
image_4978,0.006412944284813704
image_4979,0.00023544350577430943
image_498,1.4424212967966126e-05
image_4980,7.944210281834543e-05
image_4981,0.00025573010495441275
image_4982,0.0034352073551967522
image_4983,0.0002073975268815034
image_4984,0.00031071512906173735
image_4985,7.778794577627355e-05
image_4986,8.771109910072437e-05
image_4987,0.000890409437281217
image_4988,0.0002688100107583532
image_4989,0.0009881449205999847
image_499,0.004998674548217742
image_4990,0.00021233025372666565
image_4991,2.8562470240019824e-05
image_4992,0.8066867252117971
image_4993,1.2530924982213806e-05
image_4994,0.12713180558982204
image_4995,4.7381995047152875e-05
image_4996,0.9268804300809318
image_4997,0.001112675470829431
image_4998,0.0017303764564685516
image_4999,0.0011903381303662317
image_5,0.0001529334774144846
image_50,2.4829262364925747e-05
image_500,0.0005936626186006653
image_5000,0.003411073250096272
image_5001,0.9859651077146399
image_5002,0.9971325955216148
image_5003,0.00041784952428046114
image_5004,0.00763761679335963
image_5005,0.9792649626255665
image_5006,0.00018372501120854744
image_5007,0.00011252547753218987
image_5008,0.00016845180133082875
image_5009,0.0009375076200540504
image_501,0.00023436718900959365
image_5010,0.00020136701949718456
image_5011,0.007862078552384502
image_5012,0.00031157812659840235
image_5013,0.012344541859379221
image_5014,0.0004564880828490183
image_5015,0.0018580666328898467
image_5016,0.0020679007122689774
image_5017,7.782719875901561e-06
image_5018,0.8160688304459519
image_5019,0.9973125222546756
image_502,0.0008858429799928197
image_5020,0.9615481253138449
image_5021,0.00026996477546737345
image_5022,0.0002545751611617466
image_5023,0.006940375203989031
image_5024,0.0002588678692056038
image_5025,0.000538400033344047
image_5026,0.7953514502869261
image_5027,0.2025771153138681
image_5028,0.999175106933359
image_5029,1.1811095784163198e-05
image_503,0.00022456291029308885
image_5030,0.0001885960611973778
image_5031,0.0006169918568875476
image_5032,3.1476620967252195e-05
image_5033,0.0005465544926688082
image_5034,0.0004903607455786701
image_5035,0.808284480003084
image_5036,0.0017704748036630898
image_5037,5.192647286559342e-05
image_5038,0.0002452307413588946
image_5039,0.00014244926837993381
image_504,0.7919473513873333
image_5040,0.004002621603882352
image_5041,0.0012107292232106316
image_5042,4.640785811129546e-05
image_5043,0.00010776037255590492
image_5044,4.1741682873801016e-05
image_5045,0.8082814666011778
image_5046,0.0002714808022243094
image_5047,0.0007800866988130767
image_5048,1.3703467739543065e-05
image_5049,0.038464259527991006
image_505,8.097704635652594e-06
image_5050,0.00023315349356321666
image_5051,0.000106235096251946
image_5052,0.0002992301877046697
image_5053,4.036246026263166e-05
image_5054,0.9050808062159881
image_5055,0.0001610555830131703
image_5056,0.00038478111766624464
image_5057,0.00012150539406764514
image_5058,0.0001517016280622717
image_5059,0.0005977522989548242
image_506,0.00011478052734518587
image_5060,0.001363112919901059
image_5061,0.0003232997486795622
image_5062,0.8067727059953558
image_5063,5.780710773653211e-05
image_5064,8.235329842819194e-05
image_5065,0.908098595803881
image_5066,0.0014425737925852836
image_5067,0.0035557082865478574
image_5068,4.096927429082674e-05
image_5069,1.9503277909902976e-05
image_507,0.021811865155134603
image_5070,0.00022269347749168992
image_5071,0.0006469885973227407
image_5072,0.00011771308882234117
image_5073,0.0005139303528355454
image_5074,0.0019267602636534188
image_5075,0.0007030633642741766
image_5076,0.9398063538486132
image_5077,0.0030569586028534254
image_5078,0.0014911157214765923
image_5079,0.9382577954876288
image_508,4.831910544159533e-06
image_5080,0.0001375971192961494
image_5081,0.0002907046987651291
image_5082,0.00012089045803178287
image_5083,3.795301882952145e-05
image_5084,0.0019102415615560083
image_5085,0.00020886271791978732
image_5086,0.004380700849354991
image_5087,0.00011279870066061434
image_5088,0.18945720752413603
image_5089,6.063136011906712e-05
image_509,0.0021233318597685567
image_5090,0.0001540635431569033
image_5091,6.390777804982629e-05
image_5092,0.00908492083019245
image_5093,1.8158034257981995e-05
image_5094,0.0004939370287737454
image_5095,0.0001536723245411993
image_5096,6.358493137788219e-05
image_5097,0.0010924380808220668
image_5098,0.0003695844267690206
image_5099,0.7882666824396127
image_51,0.00039713900186613834
image_510,3.6202498071160606e-05
image_5100,0.00012292187395790709
image_5101,0.0018174203137784433
image_5102,7.113001849603225e-05
image_5103,0.0005630412853242172
image_5104,8.578466727282734e-06
image_5105,0.006302647223419828
image_5106,0.07193881442132492
image_5107,5.0630081004266806e-05
image_5108,2.230861210967014e-06
image_5109,0.2100617681104469
image_511,1.860418069149595e-05
image_5110,0.00012039764542458447
image_5111,0.800966611054033
image_5112,2.080020196732745e-05
image_5113,0.001115912009444896
image_5114,0.0028563787150027546
image_5115,9.071229330119259e-05
image_5116,0.0003353917486490642
image_5117,3.538529178124811e-05
image_5118,0.0021488176225648555
image_5119,0.9984836435466796
image_512,0.002049291349135435
image_5120,0.9554055757172266
image_5121,0.9880774467767495
image_5122,0.9834812044408462
image_5123,0.0002054791401866095
image_5124,3.253073678349683e-06
image_5125,0.023895456547239877
image_5126,0.981425778347021
image_5127,0.20485121771059048
image_5128,9.603207624313127e-06
image_5129,0.0003222493872913401
image_513,1.3840971449239193e-05
image_5130,0.8323601892748258
image_5131,0.0001520610894621155
image_5132,0.004492004013755768
image_5133,0.9573984349253306
image_5134,3.830502285831291e-05
image_5135,0.0007368388621239119
image_5136,0.9967641917230123
image_5137,0.0009564707138904303
image_5138,1.9944181270588215e-05
image_5139,6.570683522114688e-05
image_514,0.997069979313815
image_5140,0.9930857302950444
image_5141,0.0018520345096469906
image_5142,0.00010385930313995786
image_5143,4.262814418127629e-05
image_5144,0.0023149065848202333
image_5145,0.00026013294848849965
image_5146,0.8582111605738962
image_5147,0.06241603731769761
image_5148,8.114186515762475e-05
image_5149,2.0796825494724164e-05
image_515,0.7939902207414725
image_5150,0.0009949718979226983
image_5151,0.0003502963775438698
image_5152,0.0002966350462466383
image_5153,0.8303530315437524
image_5154,1.8781863985108306e-05
image_5155,0.00017349321834396437
image_5156,0.0007933715675422035
image_5157,4.614929435306718e-05
image_5158,0.0002300761112043242
image_5159,0.00015003502343308243
image_516,5.288071274606172e-06
image_5160,0.00041479217611506614
image_5161,0.012616923213533481
image_5162,6.918531029419524e-05
image_5163,0.015116733673687942
image_5164,0.8161459822560999
image_5165,0.7934904027908039
image_5166,6.363266868880335e-05
image_5167,0.8618251488423961
image_5168,0.15488015323742582
image_5169,2.1747294249479722e-05
image_517,0.0007069330931022827
image_5170,0.001013075269655421
image_5171,2.405703886602454e-05
image_5172,8.164752085991309e-05
image_5173,0.0029887604580044066
image_5174,3.812229301076272e-05
image_5175,0.00025308520253815433
image_5176,0.00436636108045199
image_5177,9.720476472508293e-05
image_5178,4.6153150207494206e-05
image_5179,3.1668255392940834e-05
image_518,0.817002808202418
image_5180,0.015257888686076176
image_5181,0.05705226696636685
image_5182,0.9794254395438522
image_5183,0.0006253973301982727
image_5184,2.0603976821703896e-05
image_5185,7.031133978846787e-05
image_5186,1.8272194685222788e-05
image_5187,8.500555372337117e-05
image_5188,7.014529286839333e-05
image_5189,0.0034501558130587834
image_519,2.2503602257163063e-05
image_5190,0.000512642514477522
image_5191,0.00010216122482658298
image_5192,0.0004346342440359091
image_5193,0.9575078496512062
image_5194,3.3601042530993395e-05
image_5195,7.565193974631145e-05
image_5196,0.006353599238014396
image_5197,0.8184406673638641
image_5198,0.0018006401060928657
image_5199,0.00012482027132864238
image_52,0.8902168416265903
image_520,8.144759046302546e-06
image_5200,2.2595963705829818e-05
image_5201,0.0011164971636539287
image_5202,0.00044275153981314445
image_5203,3.9555334060385945e-05
image_5204,0.004257841024510045
image_5205,0.0006240960477001114
image_5206,0.0003431086918050455
image_5207,0.0012578822608634358
image_5208,0.9024157685059186
image_5209,0.00036343751075270617
image_521,4.834830993088954e-05
image_5210,0.00035024120684257074
image_5211,0.019373064802964832
image_5212,0.014335990907471511
image_5213,0.0012813342019046023
image_5214,0.00022114574516678
image_5215,5.105917738588943e-05
image_5216,0.8530886879858695
image_5217,0.00064576920779369
image_5218,2.9348415583228886e-05
image_5219,0.00019831635884761845
image_522,2.1606140383900095e-05
image_5220,0.0004783909491471133
image_5221,0.000716881990503141
image_5222,0.8633250001990728
image_5223,1.508925807379028e-05
image_5224,0.9642873079156165
image_5225,7.30728273722451e-06
image_5226,6.978015420610997e-05
image_5227,0.0001940002938161759
image_5228,0.0011042026156963315
image_5229,4.7381708603145296e-05
image_523,6.541647409450249e-05
image_5230,0.7995140086156518
image_5231,6.847889070926076e-05
image_5232,7.561467894660749e-06
image_5233,0.00012005132805328889
image_5234,0.00037164764052690237
image_5235,4.475803659881614e-05
image_5236,0.00010763199117592653
image_5237,0.0021535859459428973
image_5238,0.00011040323988283642
image_5239,0.0140297899650022
image_524,1.7406641493103343e-05
image_5240,0.0013714337641441599
image_5241,6.263840507793821e-05
image_5242,0.9936972730079411
image_5243,0.000492110897301527
image_5244,8.67399608741183e-06
image_5245,0.7934588873872295
image_5246,3.4072819278956926e-06
image_5247,0.00019821404984138652
image_5248,4.8755626665863715e-05
image_5249,0.9549626127861703
image_525,0.00014651494282863367
image_5250,0.0007723727134473799
image_5251,3.155093521368301e-05
image_5252,0.026050095661081803
image_5253,0.0001821121014485161
image_5254,0.00021414914439782037
image_5255,0.001308225219344351
image_5256,0.00030973932130188485
image_5257,0.8400600696935132
image_5258,9.849494285362457e-05
image_5259,0.0015423366380610546
image_526,0.00016268750762265881
image_5260,0.0008712024292236758
image_5261,0.003234622493899274
image_5262,0.0002821472774215206
image_5263,0.022338128992933547
image_5264,0.9926468111283612
image_5265,0.0004606167508658471
image_5266,0.00025064700741171957
image_5267,0.0007363071785528902
image_5268,0.9233331757176559
image_5269,9.441473310386001e-05
image_527,8.505566918616067e-05
image_5270,0.00018675224313902052
image_5271,0.0008771472505395809
image_5272,0.9993990772975874
image_5273,0.00025819843707967834
image_5274,0.0001627578831376102
image_5275,1.1629230055645307e-05
image_5276,0.09400353303215257
image_5277,0.00017052181879626682
image_5278,4.5550992067277756e-05
image_5279,0.000125594817034462
image_528,0.003232631805345723
image_5280,4.119059041308449e-05
image_5281,0.0010918761264063707
image_5282,0.0023129446065320467
image_5283,0.9986209278128773
image_5284,1.0063694591498442e-05
image_5285,0.0014882031625730295
image_5286,0.00021977725374293153
image_5287,2.832735840548395e-05
image_5288,0.0010130918823392798
image_5289,0.0005375302381263918
image_529,0.00014630821988983198
image_5290,0.7967777053287919
image_5291,0.0007670483970103066
image_5292,0.001088020562731061
image_5293,7.532626733514918e-05
image_5294,4.577570245815909e-05
image_5295,0.013207376232010163
image_5296,0.0008733295304620351
image_5297,7.13228351150829e-06
image_5298,0.8654255613402084
image_5299,0.00012597280137850432
image_53,0.00043280970934692986
image_530,0.0002073854250551583
image_5300,0.9317980065991248
image_5301,0.00024296522975631902
image_5302,0.003338380972425959
image_5303,0.0072521950889942455
image_5304,0.00479188753674092
image_5305,2.4931746422980562e-05
image_5306,0.005067487262729169
image_5307,0.8818725929775331
image_5308,0.002172812322090805
image_5309,0.0006786163596495654
image_531,0.00023222321510483262
image_5310,0.0009365008832035425
image_5311,7.010866175742163e-05
image_5312,0.002198367869899037
image_5313,0.986674135386816
image_5314,0.00035986646560132526
image_5315,0.0005185798224079472
image_5316,0.00016222322511140559
image_5317,0.0008686266477481708
image_5318,0.0003533433402014322
image_5319,0.9553391999244809
image_532,9.702010363174597e-06
image_5320,2.83186732256314e-05
image_5321,0.00018130379132859394
image_5322,0.0017612319679621894
image_5323,5.785250106455441e-06
image_5324,0.797964858547128
image_5325,0.0024918628969391324
image_5326,6.0109751024453886e-05
image_5327,0.0004353386794089322
image_5328,5.9186827500207177e-05
image_5329,0.8188021969654846
image_533,7.477302548035376e-05
image_5330,0.9984802865388461
image_5331,4.429215789002086e-05
image_5332,0.008183259075235072
image_5333,0.002501893875440533
image_5334,0.002186004778248385
image_5335,0.0030391257889157506
image_5336,1.657866296499587e-05
image_5337,0.01066415459135661
image_5338,0.0016434168450524124
image_5339,0.002076345191309581
image_534,0.03405386833096562
image_5340,0.0006200204864679896
image_5341,0.00019713532055707148
image_5342,0.0005971311428866192
image_5343,0.0006612642354382586
image_5344,0.01060177009593288
image_5345,9.055873129688622e-05
image_5346,8.27446970074192e-05
image_5347,0.00010358134644932104
image_5348,3.909432004234013e-05
image_5349,0.0006559216291954371
image_535,0.00020027333765927895
image_5350,9.496165744333094e-05
image_5351,9.602805668238036e-05
image_5352,9.322094838365753e-05
image_5353,0.000176348744961502
image_5354,0.9917047947358995
image_5355,0.8589432017527345
image_5356,0.0002034617835773904
image_5357,0.00046760814504561067
image_5358,6.431976582597136e-05
image_5359,0.00016306808306399003
image_536,0.00010192958332283317
image_5360,0.004897721836059736
image_5361,0.006961402469360722
image_5362,0.0006206114807792524
image_5363,0.0004834373797878955
image_5364,5.835914149815678e-05
image_5365,0.021077195692481857
image_5366,7.524255012194592e-05
image_5367,0.00035853343965533733
image_5368,2.283810285651932e-05
image_5369,0.798073210944002
image_537,1.923477279626956e-05
image_5370,0.0004223822861154954
image_5371,0.0008961133692505184
image_5372,0.013126111384271544
image_5373,0.00010061717751898712
image_5374,0.0001495099567000729
image_5375,8.560077340140125e-05
image_5376,0.0003715848370066113
image_5377,0.00037274102163797776
image_5378,2.0617854419808833e-05
image_5379,0.00033855869452828686
image_538,0.00023170176197521365
image_5380,0.00018125523575877514
image_5381,0.0015243561045743448
image_5382,1.2320204313413595e-05
image_5383,8.06697027422334e-05
image_5384,0.031621276566958845
image_5385,0.0003174123440783639
image_5386,0.00014808109801511428
image_5387,0.001238345887388109
image_5388,6.335281852462372e-05
image_5389,2.819856099577163e-05
image_539,0.8219936555452136
image_5390,0.008502100052073415
image_5391,0.017166348973795355
image_5392,0.009105381198653171
image_5393,0.00034221850278245866
image_5394,6.162114072741455e-06
image_5395,0.0013262743926805622
image_5396,0.0002100861390995086
image_5397,6.0597069826524e-06
image_5398,0.00019940080839887052
image_5399,0.003134706021684798
image_54,0.000741366823611098
image_540,0.9896785831072978
image_5400,0.00010834079473454931
image_5401,0.000598882310622647
image_5402,5.0794185328571624e-05
image_5403,6.995660441817415e-06
image_5404,0.0005189895728516507
image_5405,0.0012138199560589793
image_5406,0.00014280704829249685
image_5407,0.0003118801623640629
image_5408,0.00033652886276580455
image_5409,4.25654162265667e-05
image_541,0.005899192293091979
image_5410,0.9941559855623439
image_5411,0.9997714174718834
image_5412,0.001639613085702423
image_5413,8.207587477523931e-05
image_5414,0.00017014092428540634
image_5415,0.0008433480273959022
image_5416,0.00022301920207419174
image_5417,0.0005131595392535094
image_5418,0.0017693379165347033
image_5419,5.9623649598964475e-06
image_542,0.0013511273614317352
image_5420,0.0008562485089313631
image_5421,0.06977979206797921
image_5422,0.0009111939923071917
image_5423,0.0016086640024944939
image_5424,0.0010894866447216372
image_5425,1.0157388994955324e-05
image_5426,0.0002360368239105335
image_5427,0.9043661561200927
image_5428,0.017505052323731
image_5429,0.000219869291111338
image_543,0.00020227784433378017
image_5430,9.636686232915529e-05
image_5431,6.6652842021545806e-06
image_5432,6.242141599580837e-06
image_5433,0.00021722726974021957
image_5434,7.419717536441809e-05
image_5435,2.5787919102890986e-05
image_5436,0.0005848556843140504
image_5437,0.7984786462076385
image_5438,0.00031817365193625654
image_5439,0.0009477688472001115
image_544,3.612376437512127e-06
image_5440,0.01419426466407965
image_5441,0.0001563844665007137
image_5442,7.341164345339235e-05
image_5443,0.13125525735016047
image_5444,0.0004928383552397066
image_5445,0.0001056963764570519
image_5446,0.0002442358002227564
image_5447,0.0002720873080754675
image_5448,0.0002472505550364805
image_5449,0.00030400352242181464
image_545,9.045160376546118e-05
image_5450,0.06196834872619924
image_5451,0.000670770677829487
image_5452,0.0011416522870044603
image_5453,0.0006669540088291055
image_5454,0.0010986956674284652
image_5455,0.00016090528239307684
image_5456,1.936486353939253e-06
image_5457,0.0007226181826062712
image_5458,0.9411644945784496
image_5459,0.00012615106015673007
image_546,0.00030513273811884
image_5460,0.00013181706487711234
image_5461,0.0004513646322858877
image_5462,0.17624172143274724
image_5463,6.637076923031778e-05
image_5464,0.0007630214893431086
image_5465,0.00032244493677687354
image_5466,0.00018226015670626757
image_5467,0.0005040560905262826
image_5468,0.008649661824240717
image_5469,0.8873466280362681
image_547,0.0007131382090176037
image_5470,0.8419776215972936
image_5471,0.002007049650062985
image_5472,0.8216238620713268
image_5473,0.004378183429645799
image_5474,0.0002484179932786677
image_5475,0.015151557731348011
image_5476,0.00019155609806957382
image_5477,0.00014747000866013223
image_5478,0.0009641900206390868
image_5479,0.00023283847045569078
image_548,3.6961978800833076e-05
image_5480,5.104912375884134e-05
image_5481,0.8308185198945226
image_5482,0.9529000771720593
image_5483,0.00029953834552305734
image_5484,0.0005218624034014762
image_5485,1.2483716759878667e-05
image_5486,5.0401210819476985e-06
image_5487,0.0002778445350184866
image_5488,3.957794566829408e-05
image_5489,6.774593659937108e-05
image_549,0.009005190386200899
image_5490,8.013277804484728e-05
image_5491,0.00017311793012848197
image_5492,0.998936277945947
image_5493,0.0003992205128306975
image_5494,0.0004121238210852116
image_5495,2.2670890537791148e-05
image_5496,0.0007928863407266786
image_5497,4.706340597454063e-05
image_5498,4.453247972481459e-05
image_5499,0.00032137435620252947
image_55,5.97018331532266e-05
image_550,0.00025814900511183256
image_5500,0.02739173736869837
image_5501,0.00021228928090720765
image_5502,2.0066373631879776e-05
image_5503,0.00011260029111958888
image_5504,0.00016483611839657563
image_5505,0.004750160040975249
image_5506,0.00010987610089183441
image_5507,0.0001854220229292815
image_5508,9.159141440189005e-05
image_5509,0.0008680472570264447
image_551,0.000530272855516138
image_5510,2.2690607207668096e-05
image_5511,0.8076830144325606
image_5512,0.00016841944853299764
image_5513,0.00015366986455827894
image_5514,0.029425228753818762
image_5515,0.001966455661273805
image_5516,2.726570873841146e-05
image_5517,0.0005041332769247893
image_5518,5.067658705428578e-05
image_5519,2.214657220787329e-05
image_552,0.002136685996361668
image_5520,0.0002920739066954121
image_5521,8.277545720597166e-05
image_5522,0.01205750873113862
image_5523,1.625892387878522e-05
image_5524,0.7922451599940116
image_5525,0.00013774225851089322
image_5526,0.0006823335986143842
image_5527,0.2039818093504951
image_5528,0.00020396189277911066
image_5529,0.003132297814679078
image_553,0.00019890106152615478
image_5530,0.0065998927580378204
image_5531,0.00024393392811995518
image_5532,0.0001279750382282766
image_5533,0.0001317937382441099
image_5534,0.00010489556745529737
image_5535,0.0001810891336399123
image_5536,0.00011142070017878129
image_5537,0.004985678368380412
image_5538,0.8368661746942729
image_5539,8.928556050285341e-05
image_554,0.0014081429369711897
image_5540,0.0016248576236723342
image_5541,0.09649682088192044
image_5542,0.009612781781692068
image_5543,0.0013658480960672113
image_5544,0.9749561450826125
image_5545,0.0006852939619430336
image_5546,0.0006641210721834907
image_5547,6.667125965015651e-06
image_5548,2.3417557085022365e-05
image_5549,0.9995349705293591
image_555,0.00010744964931887607
image_5550,7.097702586712551e-05
image_5551,0.0002105025073346492
image_5552,0.0005106436791940861
image_5553,0.00016120000900569535
image_5554,0.00015648023283774517
image_5555,0.8071357157405246
image_5556,0.7923036202270071
image_5557,0.00011469674353969078
image_5558,0.00011472188141792132
image_5559,0.00011351067429735306
image_556,0.000586967885738596
image_5560,9.345891681493748e-06
image_5561,0.009518893286029607
image_5562,0.0016682924435671529
image_5563,0.817878245934794
image_5564,0.00020354851533514962
image_5565,0.8029518088592257
image_5566,0.9604973442021167
image_5567,0.0005789631992539875
image_5568,0.9946487206569504
image_5569,6.571903929646823e-05
image_557,0.006057434116526234
image_5570,0.0036603753507460216
image_5571,0.00018325168593728028
image_5572,0.00014761959264248344
image_5573,0.000282082416664589
image_5574,0.0003323082156551741
image_5575,0.00010074725904860886
image_5576,0.9844595326354911
image_5577,0.0004746025365646491
image_5578,0.0037697342315039933
image_5579,0.2024071967124895
image_558,0.0005339168942751663
image_5580,7.133635632059951e-05
image_5581,1.3636247754922909e-05
image_5582,0.1863721965446264
image_5583,3.207778426609738e-05
image_5584,3.452897280792724e-05
image_5585,0.0001078142641654389
image_5586,0.0030917498554385693
image_5587,0.9983433296505122
image_5588,0.01157266226271007
image_5589,0.00010669165179386024
image_559,0.0004280603246055923
image_5590,0.005640611650736075
image_5591,4.576685423245528e-05
image_5592,4.932100358461675e-05
image_5593,0.00026766893941021237
image_5594,0.9827415965199456
image_5595,0.981595901654517
image_5596,0.9371855127156807
image_5597,0.0007238499304370088
image_5598,0.0003623417835580204
image_5599,9.886703572837214e-05
image_56,6.032985458074803e-05
image_560,9.238609552058568e-05
image_5600,0.0006851627592229818
image_5601,0.002283756078037493
image_5602,0.001460792641910937
image_5603,0.006726736143920978
image_5604,0.04928483991473817
image_5605,8.667618682805789e-05
image_5606,8.61265747776299e-06
image_5607,0.9686308284591497
image_5608,0.00010799630006115564
image_5609,2.21798172069809e-05
image_561,3.522479269184467e-05
image_5610,0.7928810181441033
image_5611,0.0005085365497696685
image_5612,0.00019342544810742492
image_5613,5.493773960852092e-06
image_5614,0.8071640940141702
image_5615,5.5099028346631685e-05
image_5616,0.14835938398241896
image_5617,0.00015155064658894037
image_5618,0.0005973367549449822
image_5619,1.168362551071484e-06
image_562,0.0001568844428814424
image_5620,0.019469555098123915
image_5621,0.003860680415041029
image_5622,0.0003407543293077986
image_5623,0.000952879833123426
image_5624,8.201122439053778e-05
image_5625,0.0038343924867588718
image_5626,0.12985091737747004
image_5627,0.0010123379236660675
image_5628,0.0002941922057132515
image_5629,0.0011980256329195142
image_563,0.9979686876699873
image_5630,0.0015452815282267177
image_5631,0.005180895135084636
image_5632,0.00011664483998237989
image_5633,0.999027694451839
image_5634,0.9536087461194711
image_5635,9.254303053563714e-05
image_5636,0.0002260195929724719
image_5637,0.00016779945651251992
image_5638,0.9624687121112245
image_5639,1.710257365866627e-05
image_564,8.421509655723694e-05
image_5640,6.275031195272635e-06
image_5641,0.0022741522578717263
image_5642,0.0005144889499288612
image_5643,0.001872649259455597
image_5644,0.796453942983565
image_5645,0.000895739220740684
image_5646,0.00041876687702319706
image_5647,0.0002954435022041784
image_5648,9.491732691128647e-05
image_5649,0.0036124666731965896
image_565,0.08792666452039008
image_5650,0.00020312480701358357
image_5651,0.0010026401723006366
image_5652,5.260526358784847e-05
image_5653,8.462043075542695e-05
image_5654,0.0002251991760385961
image_5655,0.800115789764592
image_5656,0.00012160628087320997
image_5657,4.5555841067846953e-05
image_5658,6.478057682891163e-05
image_5659,0.9728824523711269
image_566,0.0019775337290217137
image_5660,7.506029982634033e-05
image_5661,0.8533870978033203
image_5662,0.8007231111933585
image_5663,0.7954176511895283
image_5664,0.02426955199978936
image_5665,0.7992408415527843
image_5666,1.884233036097098e-05
image_5667,6.2490101915629e-05
image_5668,5.212232527761245e-05
image_5669,0.0015943477197347716
image_567,0.00024844488749207463
image_5670,1.2493961486414646e-05
image_5671,0.002310274367588002
image_5672,2.675478135013958e-05
image_5673,0.00012754971914618593
image_5674,2.2556038182545798e-05
image_5675,0.0004328263838338838
image_5676,0.0012355196192507668
image_5677,5.624887021283977e-06
image_5678,0.045874697311482256
image_5679,0.003525453742215708
image_568,0.8637706118049863
image_5680,0.00015018261472018356
image_5681,0.00026404452157292424
image_5682,2.0618301405146614e-06
image_5683,1.9259478648493917e-05
image_5684,1.6730012265772224e-05
image_5685,0.00033759187370885693
image_5686,0.00020219775329996726
image_5687,0.0004012168451834901
image_5688,0.00038796873736381045
image_5689,0.0004257102653565414
image_569,0.00048687055441249945
image_5690,0.00010015998748959618
image_5691,0.0005636640254191653
image_5692,0.045424998619484694
image_5693,0.0009704211956939306
image_5694,0.0023649608283784654
image_5695,7.55075884247507e-05
image_5696,0.0004860376010696209
image_5697,1.9899974987341554e-05
image_5698,2.7446464468171522e-05
image_5699,3.914641583806981e-06
image_57,0.0002895913206445094
image_570,0.0002187705925919818
image_5700,5.947323173021888e-05
image_5701,0.001414294307369115
image_5702,2.1615179338743375e-05
image_5703,0.00016929165539163494
image_5704,0.0002703828698870377
image_5705,0.0001559626937474864
image_5706,0.0004664208490391008
image_5707,0.999361827540613
image_5708,0.7944490710659692
image_5709,0.00012117833307699892
image_571,0.0014167284257116206
image_5710,1.0835489145670844e-05
image_5711,0.0005573169961682395
image_5712,0.00018227609052556002
image_5713,0.00010380643294673675
image_5714,0.00021791675463128912
image_5715,8.247989324548155e-05
image_5716,0.00019473268842886462
image_5717,9.200658317417123e-05
image_5718,0.8329470063568106
image_5719,0.0011856251990299308
image_572,0.019132553553987443
image_5720,3.710478099239626e-05
image_5721,0.00017033443392002015
image_5722,0.004283214392100153
image_5723,5.306931689087041e-06
image_5724,6.189243665478486e-05
image_5725,0.002561947328678205
image_5726,0.00010510710588623193
image_5727,0.0003234956253664894
image_5728,7.172092285713302e-05
image_5729,2.555031333364529e-05
image_573,0.0008189948367938831
image_5730,0.00012604854023416613
image_5731,0.0021867280101834606
image_5732,0.00020419832842320074
image_5733,0.7964926650782995
image_5734,1.2243623217580733e-05
image_5735,0.0004754587752780569
image_5736,0.0002039160967683665
image_5737,6.892692946965344e-06
image_5738,9.754967743993038e-05
image_5739,0.0003839797806585832
image_574,0.0020557069996110637
image_5740,0.0005347036840357939
image_5741,0.00014650943120195626
image_5742,2.2380361016282982e-05
image_5743,2.4965952682614772e-05
image_5744,0.00011399404195503385
image_5745,0.0026778257899383205
image_5746,3.351057696915052e-05
image_5747,2.5771089844075147e-05
image_5748,0.00033983201258403015
image_5749,0.0004893203184598667
image_575,0.00032720317212590075
image_5750,0.0036763350127798173
image_5751,0.00036810155321758504
image_5752,0.8420757212766088
image_5753,5.007291220137542e-05
image_5754,1.1146932989287974e-05
image_5755,0.797694665443332
image_5756,0.0015916570198648828
image_5757,0.10944042207031264
image_5758,9.276320467121221e-05
image_5759,6.8132901843313614e-06
image_576,0.00038595011940578846
image_5760,0.00014469590694409588
image_5761,0.0009294264427560735
image_5762,0.0009459874550918131
image_5763,8.694997651148175e-05
image_5764,0.0005653675148635422
image_5765,0.0007366850247389623
image_5766,0.00031730173532021664
image_5767,0.0005519051895702493
image_5768,7.009928390166794e-05
image_5769,0.0009218229497365095
image_577,0.00029010893578287997
image_5770,0.8084792696304183
image_5771,0.002231249554891469
image_5772,3.937904790759017e-05
image_5773,8.240471002518492e-05
image_5774,1.058342220934353e-05
image_5775,8.619705839299162e-05
image_5776,0.0011293246507375243
image_5777,0.8401252311227125
image_5778,0.0034141064718995274
image_5779,0.010902100691310543
image_578,0.0019880953807200003
image_5780,0.000590393515470458
image_5781,0.00013285058394173335
image_5782,0.0002166987964427573
image_5783,0.00037865576338252905
image_5784,0.8994178382235543
image_5785,2.116216720276514e-05
image_5786,0.01175874763829533
image_5787,7.904616485103036e-05
image_5788,2.866222573572125e-05
image_5789,0.02761817342637914
image_579,0.004376096849419862
image_5790,1.4882405115272223e-05
image_5791,0.0019601441415999826
image_5792,4.649192718198113e-05
image_5793,0.00033698081823619745
image_5794,0.7958843024436747
image_5795,0.001972539028589727
image_5796,0.0011438498136757222
image_5797,0.0003191498689910995
image_5798,0.002710176827753985
image_5799,1.9452380255795604e-05
image_58,0.00045276332443832946
image_580,7.125431643809482e-05
image_5800,0.00029203376861745064
image_5801,0.8755225124717378
image_5802,0.002949043515629844
image_5803,0.005859392748822923
image_5804,0.002016689196970276
image_5805,0.0018016555246187504
image_5806,0.00047860978753622803
image_5807,6.680126713317786e-05
image_5808,0.00022648364360857348
image_5809,0.8540952011898966
image_581,7.729126656016985e-05
image_5810,0.9693094595083753
image_5811,0.0009281772958859704
image_5812,3.910480646754091e-06
image_5813,0.05838305595835856
image_5814,0.0007691784409544435
image_5815,0.00021769525994673678
image_5816,0.11177444029688581
image_5817,0.0002263890651556536
image_5818,2.4557966882647013e-06
image_5819,0.0003343383782392284
image_582,0.00010638037903542323
image_5820,0.0003452898974268256
image_5821,0.0011350117111911333
image_5822,0.00021321556167228244
image_5823,0.0007761630130466718
image_5824,4.6727457375541454e-05
image_5825,0.0004539468964914077
image_5826,0.0002372481522984864
image_5827,8.149282636645383e-06
image_5828,0.0002093391004792812
image_5829,0.00019569924852034067
image_583,3.0590048223398226e-05
image_5830,6.373386290518429e-05
image_5831,0.8232561024662933
image_5832,0.00014365506758942068
image_5833,0.00034494385199082246
image_5834,0.00023655905406610458
image_5835,0.0008763168460040034
image_5836,0.7986030616370721
image_5837,7.743365946511795e-05
image_5838,0.0062873345200641665
image_5839,0.0013995374847536688
image_584,0.00020975502646200487
image_5840,0.0011418362225682193
image_5841,0.00014582011946966196
image_5842,0.0001353446021693867
image_5843,0.003309883571228526
image_5844,7.0555919633149425e-06
image_5845,4.13942856697494e-05
image_5846,9.691099168820869e-05
image_5847,0.7951844299449864
image_5848,5.1824807385239175e-05
image_5849,0.7994347593240003
image_585,1.6795018412956328e-05
image_5850,0.0001091805075421757
image_5851,0.0009943045813305626
image_5852,0.9941920953561107
image_5853,7.4786864544255e-05
image_5854,0.0007098885886113584
image_5855,0.002179028071463256
image_5856,7.080436454930641e-05
image_5857,0.9576211275654369
image_5858,0.004423168509191059
image_5859,0.00180190540284393
image_586,4.636417470912082e-05
image_5860,0.00011507262611558163
image_5861,0.0007378535349858986
image_5862,6.587719216557438e-05
image_5863,0.0013724829089828729
image_5864,2.2802921499749957e-06
image_5865,0.0009422552743447301
image_5866,6.701808769922867e-05
image_5867,5.026283212196975e-05
image_5868,0.0004756110219648906
image_5869,0.0010283629947902128
image_587,0.0010145746278176486
image_5870,0.0003321354976220799
image_5871,0.0026736198618314286
image_5872,0.00024151684026944525
image_5873,2.6374466268073815e-05
image_5874,8.314397292811055e-05
image_5875,0.00027404001814454427
image_5876,1.5419038326225046e-05
image_5877,1.4229836018093871e-05
image_5878,0.0020889612269886317
image_5879,0.0021283780612191875
image_588,0.0005250180604436859
image_5880,0.00024245990601038208
image_5881,0.0002214847386668865
image_5882,5.182248513007717e-06
image_5883,0.0009048135828949751
image_5884,0.002357744838978223
image_5885,0.00010780733942363347
image_5886,0.0003251988312296013
image_5887,0.0009180690813248967
image_5888,0.000708857233199634
image_5889,0.00014682091840399154
image_589,0.0013302692908869643
image_5890,0.002340593795287695
image_5891,0.003968026856610028
image_5892,3.140989124865176e-05
image_5893,0.0002681297510822718
image_5894,0.0004217514369074157
image_5895,0.0003608174415960866
image_5896,5.09692538191086e-06
image_5897,0.00010557024888361872
image_5898,7.991620052360785e-06
image_5899,4.282849559305456e-05
image_59,3.437338627697166e-05
image_590,0.04277103970169213
image_5900,0.9815656540115485
image_5901,0.00466752929031914
image_5902,0.00025149738108432387
image_5903,0.0009631077360541522
image_5904,0.0007712251042017298
image_5905,6.201646135663367e-05
image_5906,9.11186104523068e-05
image_5907,0.791736523140097
image_5908,8.072297894075729e-05
image_5909,2.710021992553787e-05
image_591,0.00010949469941773811
image_5910,0.0006385676303268901
image_5911,0.000599869365783546
image_5912,0.8252040232858405
image_5913,0.0002995745030944437
image_5914,0.001191869887521626
image_5915,3.607766487269654e-05
image_5916,0.00016536476632917266
image_5917,6.627447835431972e-05
image_5918,0.00011922784118016593
image_5919,0.9198016490268481
image_592,4.241910180119778e-05
image_5920,1.2307090900376426e-05
image_5921,0.0002631219623008454
image_5922,0.00037341421724507374
image_5923,0.00015079590464555672
image_5924,0.0001725924842098412
image_5925,0.184967690143338
image_5926,0.0005963656642113171
image_5927,2.9459384968333324e-05
image_5928,0.00030032858981507573
image_5929,0.00011668622253989226
image_593,0.0003308325363489489
image_5930,9.60830221809676e-05
image_5931,9.769669043767194e-05
image_5932,9.057385132034984e-06
image_5933,0.00011024192616477187
image_5934,4.3695869665022235e-05
image_5935,3.3232376437939586e-05
image_5936,0.9982809192549242
image_5937,0.0009497743058979553
image_5938,0.8029168425565505
image_5939,0.9854542386574208
image_594,5.06031165180353e-05
image_5940,0.0005672868935733754
image_5941,2.641927040856085e-05
image_5942,0.0024014686096740503
image_5943,0.9986002795331176
image_5944,0.00016176924858428283
image_5945,0.9922755494082465
image_5946,0.0013061156854580944
image_5947,0.0009711072744063934
image_5948,5.345176843278878e-05
image_5949,0.005990288289805313
image_595,0.9933478840662662
image_5950,1.9562595565541538e-05
image_5951,0.00025052264242702584
image_5952,0.0005300294212794097
image_5953,2.078067568278108e-05
image_5954,1.6562562774576457e-05
image_5955,3.49321378179273e-05
image_5956,0.00027510140831964386
image_5957,0.0009918200622803684
image_5958,0.8019237579277005
image_5959,0.00015950075575204095
image_596,0.9994896538809371
image_5960,0.9113157342709817
image_5961,0.00013927210570704998
image_5962,5.2294829874423166e-05
image_5963,0.8999219885778329
image_5964,0.0003372769281048883
image_5965,0.866402934616815
image_5966,0.0014763775854728974
image_5967,3.428067983443423e-05
image_5968,0.0004264519001218236
image_5969,5.689413862158868e-05
image_597,0.10794431701341063
image_5970,0.0002395865846749192
image_5971,0.00010086887424353702
image_5972,0.0007381830777449014
image_5973,7.991807665097871e-05
image_5974,0.00014855477879029957
image_5975,0.00011568991159012885
image_5976,0.0006472666049094914
image_5977,5.341761875440966e-05
image_5978,0.001285537158687539
image_5979,0.793589818435852
image_598,0.00028648011406880977
image_5980,0.0005790716430113897
image_5981,0.00036790289290471233
image_5982,1.0027561185332749e-05
image_5983,0.0013008182768513288
image_5984,5.6022799764689775e-06
image_5985,0.0046240289992694
image_5986,0.002669346725500218
image_5987,0.9002337300170021
image_5988,8.401057853572795e-05
image_5989,0.004794492465948831
image_599,0.0006730568136413867
image_5990,0.0016954270993273807
image_5991,0.00021687736591195607
image_5992,0.00036822834210792994
image_5993,0.0003291272775852224
image_5994,5.1162840663343824e-05
image_5995,0.9006472480196935
image_5996,0.7981971979620652
image_5997,0.0004331549689296039
image_5998,0.022087519298074166
image_5999,9.296053364511302e-05
image_6,0.0001048301045237561
image_60,0.0012551410687378299
image_600,9.898956113775647e-05
image_6000,0.00022700472645244678
image_6001,0.002547151950202054
image_6002,0.0001749944497921372
image_6003,0.8148042364624608
image_6004,2.7699104975156538e-05
image_6005,0.9981589340564682
image_6006,0.0002604280551973796
image_6007,0.002436816542324219
image_6008,7.718744490671976e-05
image_6009,0.0007847417260779964
image_601,0.0008503684594176008
image_6010,2.205608992074513e-05
image_6011,0.8917103603787098
image_6012,0.0008151033567809713
image_6013,2.7545256199912767e-05
image_6014,5.0590125140712464e-05
image_6015,0.000493549986129914
image_6016,0.00015159925323928104
image_6017,0.00027719849612595655
image_6018,0.00010159781421889772
image_6019,0.002018849440438986
image_602,0.00035209229577953214
image_6020,5.711308142179074e-05
image_6021,0.0016511304834116048
image_6022,0.0009411390856130311
image_6023,0.00016803656586724595
image_6024,0.9441399273773354
image_6025,0.003506013798437528
image_6026,0.9261841980380492
image_6027,1.7904601250504303e-05
image_6028,0.0008400519905176354
image_6029,7.176416794788871e-05
image_603,0.025564206911999503
image_6030,0.0005127676174005215
image_6031,3.7498136631103024e-05
image_6032,0.99556875591433
image_6033,0.00019868451280037085
image_6034,6.480697049518079e-05
image_6035,0.0007353805699232151
image_6036,0.0018277103281989157
image_6037,0.00010370974136041339
image_6038,0.011694090094309814
image_6039,0.001607831901383507
image_604,1.6530456435265522e-05
image_6040,0.00011406284208307106
image_6041,0.0009028512347608725
image_6042,0.0025289359432967605
image_6043,0.00027580800654014505
image_6044,0.9484944122643391
image_6045,0.014494900826765586
image_6046,0.0006229422585206361
image_6047,0.004385973574421852
image_6048,0.007494056608106997
image_6049,5.4594942991925566e-05
image_605,0.00037427878465900874
image_6050,7.007186283284478e-05
image_6051,0.00018923323229730457
image_6052,0.00104867895735949
image_6053,0.0025303111004483145
image_6054,0.0007533732517698421
image_6055,0.0008088163720947085
image_6056,0.0006071818930052772
image_6057,0.001328839035565151
image_6058,0.0016889174891363556
image_6059,0.008749151304103238
image_606,0.000366533848579993
image_6060,0.002108882793143153
image_6061,4.546407302082998e-06
image_6062,3.972610750127758e-05
image_6063,0.003453679860325909
image_6064,0.9980739900436693
image_6065,0.002977267770286624
image_6066,0.9986969902375931
image_6067,0.12080147126611256
image_6068,0.7945730676202578
image_6069,0.0004904187578009203
image_607,0.9554003441298887
image_6070,0.0003566556305978919
image_6071,0.00023635484086504373
image_6072,0.000582801249300592
image_6073,0.9975324782012802
image_6074,0.00042690787012055685
image_6075,0.000325021041288326
image_6076,0.00036477919572546695
image_6077,1.2198261586068477e-05
image_6078,0.0015228443398336998
image_6079,0.00010102068784736322
image_608,0.8907136037043406
image_6080,0.0001583623106679038
image_6081,0.00013547628257362584
image_6082,9.198096965260918e-06
image_6083,0.8368227272976165
image_6084,0.003856746369785524
image_6085,0.005039666888170262
image_6086,0.0007203081817298301
image_6087,1.3255982881568492e-05
image_6088,0.0014519943879321012
image_6089,6.332776299169267e-05
image_609,8.178857076223245e-05
image_6090,0.0016200837372362773
image_6091,5.27465807083392e-05
image_6092,0.8431539362140423
image_6093,0.001336422296939883
image_6094,0.7930869417277483
image_6095,0.0009823111612349675
image_6096,0.00010838632740996714
image_6097,0.034188973466482024
image_6098,5.464235790564148e-06
image_6099,4.10150877753054e-05
image_61,0.0002105172454283644
image_610,0.00010474285337388903
image_6100,0.0001373721800383928
image_6101,0.002580196846409383
image_6102,0.0021694796826990928
image_6103,0.934152603019427
image_6104,0.00026062175820932583
image_6105,3.994493005511967e-05
image_6106,0.0024432875909674973
image_6107,0.0004491506199003738
image_6108,0.13544584612820343
image_6109,0.001996819940087441
image_611,4.452185403822546e-06
image_6110,0.0002913944844549347
image_6111,0.00015167373870904414
image_6112,9.348365659494543e-05
image_6113,1.4169892716868794e-05
image_6114,0.8570760669252732
image_6115,6.950884105407389e-06
image_6116,6.625363893225596e-06
image_6117,0.0005353159057931624
image_6118,0.0006486213392772855
image_6119,0.981392566191176
image_612,2.9803851827237242e-05
image_6120,0.0010538120823970585
image_6121,0.001555288853867534
image_6122,0.0013340715138251999
image_6123,8.831410481349242e-05
image_6124,0.0006935476980902969
image_6125,0.0004680870003166658
image_6126,9.708532194842485e-05
image_6127,0.0012921483177232658
image_6128,0.0002934044186222235
image_6129,0.0014053962579521153
image_613,0.005718190315686852
image_6130,2.3335224811087314e-05
image_6131,0.0003511800919585555
image_6132,0.9881282856693904
image_6133,0.04227934680844394
image_6134,2.8676643073775403e-06
image_6135,0.00018642070927229166
image_6136,0.0015381896190935066
image_6137,0.0001636795402137399
image_6138,0.9630146166944715
image_6139,0.0001931613482043146
image_614,7.315015493154106e-05
image_6140,0.014884711047207183
image_6141,2.2656852540827716e-05
image_6142,0.9969558500812811
image_6143,0.003039727853499726
image_6144,0.0026515369556793776
image_6145,0.10622355215792138
image_6146,7.406179272596681e-05
image_6147,0.08938364192324989
image_6148,0.0012882692247122782
image_6149,1.118414949827918e-05
image_615,0.01285088285612839
image_6150,0.0004910876194245186
image_6151,0.9951801293817633
image_6152,4.092361241443776e-05
image_6153,2.1943806153462815e-05
image_6154,0.8071861502359281
image_6155,0.00026122777889715353
image_6156,0.0053290793444026666
image_6157,0.0002190653331517422
image_6158,0.00014629657360542878
image_6159,4.435494751432045e-05
image_616,0.0007612538923129667
image_6160,0.0006183842631839428
image_6161,2.4828391504689955e-05
image_6162,2.4822013938979566e-05
image_6163,0.00027657722527126726
image_6164,0.0005920077365986923
image_6165,8.304143230911555e-05
image_6166,1.1634080321058599e-05
image_6167,2.653163124537716e-06
image_6168,0.0013089128646417976
image_6169,0.00017367564763416223
image_617,7.381675439778406e-05
image_6170,0.000354294973461228
image_6171,0.0001901683898415264
image_6172,0.002331721561963695
image_6173,0.0020786747471429334
image_6174,0.00044263691214452126
image_6175,0.0013917188810709795
image_6176,0.0016868184189581148
image_6177,1.1474506338276744e-05
image_6178,0.00023318525180302495
image_6179,0.9985428827698174
image_618,0.0001108301884904324
image_6180,0.0009636954553873377
image_6181,0.00014222898181632742
image_6182,0.00011623151871725928
image_6183,0.0004491290102164763
image_6184,6.924888026237425e-06
image_6185,0.006844999274864068
image_6186,0.031308703286488944
image_6187,0.0017082873973727133
image_6188,0.0001336461585622059
image_6189,0.15884957825281448
image_619,5.144249346170747e-05
image_6190,0.7972306358838993
image_6191,0.0025440771205065596
image_6192,2.7208493400903717e-06
image_6193,0.7944202894506268
image_6194,0.00034498201615519423
image_6195,5.691779668685037e-05
image_6196,0.0002747686747719928
image_6197,0.001186251221248063
image_6198,6.517079311204178e-05
image_6199,4.742322365497146e-05
image_62,0.003461767154870718
image_620,0.003481180806821145
image_6200,0.8027516707491568
image_6201,9.83868621803889e-05
image_6202,8.878669685626577e-05
image_6203,0.006674222164672151
image_6204,0.00010610256370972237
image_6205,0.0003669328866142916
image_6206,0.00031909174420538744
image_6207,2.5217959996156322e-05
image_6208,3.757740867374927e-05
image_6209,0.007873323800300126
image_621,0.0003490437028744949
image_6210,4.288557259291628e-05
image_6211,0.0007004258443747194
image_6212,0.00013569101016422738
image_6213,0.001342066971038639
image_6214,0.00035192278291232715
image_6215,0.0004425757671828102
image_6216,3.878641495712644e-05
image_6217,0.0001751991615251203
image_6218,0.000507439109848713
image_6219,0.0001422661102870218
image_622,0.0016582324741894275
image_6220,3.865412790818653e-06
image_6221,0.9571395374704756
image_6222,0.790311332565379
image_6223,1.950349847485533e-05
image_6224,0.9991866080704922
image_6225,0.0001572716503738843
image_6226,0.002114741628405141
image_6227,4.718600099224492e-06
image_6228,0.007996087337198806
image_6229,2.3677107387824887e-05
image_623,0.000392318089900944
image_6230,0.00010024191095807768
image_6231,5.139360039069016e-05
image_6232,0.00029275194150148957
image_6233,1.5995841438241507e-05
image_6234,0.000578992699040927
image_6235,3.0578920512672405e-05
image_6236,0.0015690823581063513
image_6237,0.0004158297176105572
image_6238,0.868432240596665
image_6239,0.0005421076723274721
image_624,0.0001503131262326094
image_6240,0.00010708868105794209
image_6241,0.0001391092421378427
image_6242,3.928777964173633e-05
image_6243,0.7951535302536223
image_6244,0.14853020585944773
image_6245,0.7944321926450955
image_6246,0.0005898494450410477
image_6247,0.0001305959177968641
image_6248,0.989607365395708
image_6249,3.782828852458269e-05
image_625,8.664715396404068e-06
image_6250,0.0006973057864766635
image_6251,0.00039046679987561817
image_6252,0.000551508703442676
image_6253,0.0002758543988164384
image_6254,0.7939702423480972
image_6255,0.8041600570723263
image_6256,0.0003097188565157699
image_6257,1.0627749965730917e-05
image_6258,0.0006350411825118127
image_6259,0.9985240687583911
image_626,0.00023861898877777587
image_6260,0.0008390634378034533
image_6261,0.0015354347847220881
image_6262,2.910852303170913e-05
image_6263,5.953546347253008e-05
image_6264,0.0001437019676487602
image_6265,0.00029748172413599893
image_6266,0.0011327513734156868
image_6267,0.0008141294236959854
image_6268,5.270106633935359e-05
image_6269,0.0006716668992770115
image_627,0.0007314467039300976
image_6270,0.00016845293929391194
image_6271,4.3232171950411045e-05
image_6272,0.0002292732434722001
image_6273,0.019421470732477124
image_6274,0.8732243324271576
image_6275,5.474563350298258e-05
image_6276,0.0003905317814541866
image_6277,0.00048766838224070693
image_6278,0.0004475078430540841
image_6279,1.1364818655625815e-05
image_628,0.0005645125534075014
image_6280,0.00034654567518866097
image_6281,0.0005173896222939892
image_6282,0.9999694999491625
image_6283,5.063028443138992e-05
image_6284,0.018014979773864636
image_6285,0.005719130822400738
image_6286,0.002405160772329032
image_6287,0.0007799857441326329
image_6288,0.00040833362046100265
image_6289,0.800639371800254
image_629,0.0012513989601191052
image_6290,0.0002350945294958409
image_6291,0.7983850554239582
image_6292,1.274311554029873e-05
image_6293,0.001118157066400108
image_6294,0.00011242155761183405
image_6295,0.19875110021811931
image_6296,8.314922070207729e-05
image_6297,0.00019829494486308888
image_6298,0.8114460195693974
image_6299,0.00019863766458776415
image_63,0.00025587459107255143
image_630,1.8741578738653584e-05
image_6300,0.00024145052807088285
image_6301,0.791461804622851
image_6302,0.957459300629045
image_6303,0.9536098607545119
image_6304,0.0007402810371869796
image_6305,5.3359155810560074e-05
image_6306,0.0011306891794691865
image_6307,0.0006644972341846185
image_6308,0.00017397781906450003
image_6309,0.004562727730512937
image_631,0.852414253223506
image_6310,0.12780622741587996
image_6311,4.342233513962639e-06
image_6312,8.192032534892232e-05
image_6313,0.011349241141354102
image_6314,0.00014431781992382768
image_6315,0.0016727403322189358
image_6316,0.0008029070514681697
image_6317,0.0001132430117817695
image_6318,0.0005103488128717254
image_6319,9.100047074493617e-05
image_632,1.9291541775571357e-06
image_6320,0.0003285570198724775
image_6321,0.8020352959480084
image_6322,0.0010786333655140921
image_6323,7.917566711638476e-05
image_6324,0.000500423712174954
image_6325,0.00027058138660481494
image_6326,0.0011604620214026424
image_6327,0.007177373490869082
image_6328,2.6298290038861195e-05
image_6329,0.00016087081766889513
image_633,0.0008037656339055973
image_6330,0.8676247618469073
image_6331,0.00014513022271267132
image_6332,6.031080503203417e-06
image_6333,0.012759476941000793
image_6334,0.0007240162511992099
image_6335,3.069854198721125e-05
image_6336,0.9961408626309097
image_6337,0.0004204114939828159
image_6338,0.8431155217037005
image_6339,7.523118302524164e-05
image_634,0.0029226113281523533
image_6340,0.0007321967894070632
image_6341,0.05851389269124989
image_6342,0.00012688320350153967
image_6343,0.00010475669920951736
image_6344,0.03009068550317139
image_6345,0.0010634347564248436
image_6346,0.9978434001286178
image_6347,5.2552071147317205e-05
image_6348,0.0027042717231071335
image_6349,5.2034427285718645e-05
image_635,6.68262860606795e-05
image_6350,8.508034705410829e-05
image_6351,0.0032241010499846645
image_6352,0.0001862111984077072
image_6353,0.0005987346956261495
image_6354,6.932589357533622e-05
image_6355,6.402784396233382e-05
image_6356,0.0011761826310534508
image_6357,0.7963640990669134
image_6358,4.3753916500477005e-05
image_6359,0.0008338673585242481
image_636,0.9903102767269223
image_6360,0.00012959814386961062
image_6361,0.009735012227409193
image_6362,4.1003477480456514e-05
image_6363,6.648538447822131e-05
image_6364,0.054991428341613136
image_6365,0.0009825376999971908
image_6366,0.0019844703331258215
image_6367,0.03781278192652002
image_6368,8.237187439239089e-05
image_6369,0.0002488381249263672
image_637,0.0019706534694118104
image_6370,0.0016124412184391583
image_6371,0.7902794865545493
image_6372,0.0007043590427954655
image_6373,1.5683004438178448e-05
image_6374,2.2160661561443483e-05
image_6375,7.563378714163052e-05
image_6376,0.9998918566757323
image_6377,0.00037739577782589645
image_6378,0.0007886239266397005
image_6379,5.1739786833223116e-05
image_638,0.0006834515144430561
image_6380,0.00034908091220908755
image_6381,0.8081866777736597
image_6382,0.002607062222374823
image_6383,0.7931285582374485
image_6384,0.004523843131249695
image_6385,2.1545087194777418e-05
image_6386,0.0017512746351300772
image_6387,0.0011968842879682847
image_6388,0.008488334603729813
image_6389,0.004981459980734306
image_639,2.8506341301533298e-05
image_6390,5.694925052553818e-05
image_6391,0.0005693380357659388
image_6392,0.0017866350530277662
image_6393,0.0012243920481160818
image_6394,0.00037200311632657775
image_6395,0.0007556573302254512
image_6396,1.280922061243626e-05
image_6397,0.0006142863173264634
image_6398,3.0123920644797664e-05
image_6399,0.00018552639456359332
image_64,0.00026608098001698453
image_640,0.00010085173169174764
image_6400,0.0017513169524387077
image_6401,3.341844940526921e-05
image_6402,0.0015895817933779164
image_6403,0.0002226793955487688
image_6404,0.024554535073521008
image_6405,0.9986048996636734
image_6406,0.00013888894499118368
image_6407,2.661239750316998e-05
image_6408,0.007924817705954197
image_6409,6.230486110839438e-05
image_641,0.005066093673584236
image_6410,7.910823414195776e-05
image_6411,0.0010084009783202243
image_6412,0.0795203644892895
image_6413,0.0005996194558819409
image_6414,0.0009085596185679898
image_6415,0.8951191048224288
image_6416,0.0005787542290905882
image_6417,2.107236617009553e-05
image_6418,0.0005038602872732644
image_6419,6.244482004747227e-05
image_642,0.8853935751007601
image_6420,1.2031629043455898e-05
image_6421,0.00022148085434047301
image_6422,0.051239806175456
image_6423,0.0004469451897017061
image_6424,0.00012190207694747918
image_6425,0.025002074192516648
image_6426,9.887693645260686e-05
image_6427,0.00031530935443866445
image_6428,0.00010579259710413124
image_6429,0.0004274212409041323
image_643,0.00043457024219286966
image_6430,3.3958312897292747e-06
image_6431,0.00026084402211634845
image_6432,0.11878915706860589
image_6433,0.0003418752189479078
image_6434,6.380512019546642e-06
image_6435,6.751252615853382e-05
image_6436,0.9982809192549242
image_6437,0.997745691339292
image_6438,0.0031066130937792476
image_6439,0.0012956883989216489
image_644,0.00014030907851215568
image_6440,0.0016479177689153128
image_6441,0.005386370670370399
image_6442,0.0001957669655667261
image_6443,0.0002564816523976315
image_6444,0.02416279768257453
image_6445,0.9486741891369981
image_6446,0.00258700230891996
image_6447,0.014608814589099137
image_6448,2.665158577426001e-05
image_6449,1.921564196292707e-05
image_645,0.0007044061874742968
image_6450,0.004669772362555146
image_6451,0.8027993121015081
image_6452,0.00040398015632643863
image_6453,1.76974815620688e-05
image_6454,7.747182781403865e-05
image_6455,3.575139237048283e-05
image_6456,5.8353742979725536e-05
image_6457,0.004541750423733356
image_6458,0.0009829628512688865
image_6459,0.9994899577664034
image_646,7.169886255101061e-05
image_6460,0.0009843128854037885
image_6461,0.0007133128497198952
image_6462,0.0015904618011462399
image_6463,0.0007861944163090256
image_6464,0.0001989751336138301
image_6465,8.229894447684269e-05
image_6466,0.9712538669366475
image_6467,0.0002852254719084199
image_6468,3.291167403507026e-05
image_6469,0.0038043322389760526
image_647,0.01543523641639459
image_6470,0.00038872879103988396
image_6471,0.00010904412514079727
image_6472,0.9320755572537014
image_6473,4.943612563668452e-05
image_6474,0.0001637477611621263
image_6475,1.5844623502461866e-05
image_6476,0.00047409039623101754
image_6477,0.0005200555932275734
image_6478,0.0004920450751463338
image_6479,0.00158123204181203
image_648,0.0004157851001936188
image_6480,0.0037049121912539665
image_6481,0.012502514618803872
image_6482,0.0015353398340704142
image_6483,0.0004243394420633781
image_6484,7.663250423020515e-05
image_6485,0.002930408729946289
image_6486,0.9953606170373108
image_6487,0.00018200266961827105
image_6488,0.0005840911066880216
image_6489,1.4023027646753614e-06
image_649,0.009007246326541676
image_6490,0.000795770452842498
image_6491,0.0005139985867829518
image_6492,0.0006047275642641648
image_6493,1.0348664080029336e-05
image_6494,9.044332771272676e-05
image_6495,0.00012913724654040987
image_6496,0.00131767520524134
image_6497,3.2905605443145635e-05
image_6498,0.0004626846858220026
image_6499,0.00018120118451856064
image_65,1.4614816420442428e-05
image_650,2.9510148393312754e-05
image_6500,0.00020166192290073755
image_6501,0.0006052243867954229
image_6502,0.8146475518377029
image_6503,5.306361687519557e-05
image_6504,0.005659722629297594
image_6505,0.0021763041468090983
image_6506,0.0001678372733151085
image_6507,0.000997993197799899
image_6508,0.9895888493706975
image_6509,3.162446099589433e-05
image_651,0.00012179124111348977
image_6510,0.004922321456059363
image_6511,0.7995666599529687
image_6512,8.88640524140286e-05
image_6513,9.7647723042763e-05
image_6514,4.3110717909497216e-05
image_6515,0.0009013731496964869
image_6516,0.0007610296279741511
image_6517,8.656910343137081e-05
image_6518,0.8181009754819708
image_6519,0.0004360646482018722
image_652,0.0002424122605979914
image_6520,0.00010527149010911821
image_6521,0.012912026889699859
image_6522,0.0023195846082772267
image_6523,0.9590760964622473
image_6524,1.2618641075799866e-05
image_6525,0.0001258085081782795
image_6526,0.0008098074404235191
image_6527,0.00023605948544830414
image_6528,2.4199744105844063e-05
image_6529,0.0003551821628533363
image_653,4.543838128106349e-06
image_6530,0.8016622356682259
image_6531,1.4117686364937236e-05
image_6532,1.8201718969882372e-05
image_6533,0.0001238823079378303
image_6534,2.630475919326781e-06
image_6535,1.0943883889216754e-05
image_6536,0.000878766760184858
image_6537,0.007009650197442438
image_6538,0.006091411877981811
image_6539,3.414104858331692e-05
image_654,0.00012136243764988394
image_6540,0.0001269265692974243
image_6541,8.806447596911734e-05
image_6542,4.088080861575601e-05
image_6543,0.0033911106193057405
image_6544,0.00442692710515211
image_6545,2.1264328864122544e-05
image_6546,0.012578337542511397
image_6547,0.00027968844855616795
image_6548,0.0004023641197398528
image_6549,2.215004655122227e-05
image_655,0.005693528593996697
image_6550,0.0006835672599471803
image_6551,0.00014448154173410778
image_6552,1.1406323912818719e-05
image_6553,1.0224892308253823e-05
image_6554,0.037239232606140864
image_6555,0.8019279959598189
image_6556,0.00021141830097636165
image_6557,6.854672588594718e-05
image_6558,0.00010098242250715015
image_6559,0.0012075112464126996
image_656,0.9245310608843532
image_6560,2.5961469367887846e-05
image_6561,0.8926441487655745
image_6562,5.070307571724902e-05
image_6563,0.0006171858744970298
image_6564,3.939581143840407e-05
image_6565,0.0005353839198360784
image_6566,0.00434215310738475
image_6567,0.00040068066158264
image_6568,0.0007462506916276342
image_6569,1.0861203287228691e-05
image_657,0.00016769036750577076
image_6570,0.7933906935080669
image_6571,0.03548158731213808
image_6572,0.0012490780806184087
image_6573,0.0026811642569995833
image_6574,0.8035950967639899
image_6575,1.13295512936381e-05
image_6576,0.973843266344254
image_6577,0.794235277206236
image_6578,0.0032304876395271636
image_6579,0.00024464185256087875
image_658,0.00075096582326429
image_6580,6.0864954683202344e-05
image_6581,0.8082862518365964
image_6582,0.8118368504643817
image_6583,1.1840679509060202e-05
image_6584,0.00017248956152578622
image_6585,3.440861953206716e-05
image_6586,0.0012372529383512499
image_6587,0.0007347530230280508
image_6588,0.00027986357225750314
image_6589,3.7614500660765575e-05
image_659,0.1496052055073723
image_6590,0.0007041903488523009
image_6591,5.329322744549933e-05
image_6592,0.001089960506218697
image_6593,0.0009295035702466478
image_6594,0.0016027880164872145
image_6595,0.00013500090362791233
image_6596,8.58485916860632e-05
image_6597,0.0008878974181380013
image_6598,2.7761843537888446e-05
image_6599,0.004601807800220277
image_66,5.7876862801392736e-05
image_660,0.0018695416016316548
image_6600,0.00029081769728298544
image_6601,0.0021714421656283027
image_6602,1.490472698666946e-05
image_6603,0.00021569090282278028
image_6604,0.001398605480256204
image_6605,6.747437204971493e-05
image_6606,5.723463419312043e-05
image_6607,0.0006817335794302968
image_6608,0.0006885510497573587
image_6609,2.0745877529254267e-05
image_661,5.210559231156509e-05
image_6610,0.0005073220947614859
image_6611,1.2627404741246667e-05
image_6612,1.4508838871538437e-05
image_6613,0.008171686065512364
image_6614,7.363646661591897e-05
image_6615,0.00021264705811888758
image_6616,0.0017971202490910938
image_6617,0.7961409229924413
image_6618,0.0001694611922705441
image_6619,4.1736239148437586e-05
image_662,0.00037728291136569536
image_6620,0.0003838229774063149
image_6621,7.827187624272601e-05
image_6622,0.00460376090615244
image_6623,0.8805593454772728
image_6624,2.745357726257585e-05
image_6625,0.8320990020736516
image_6626,6.193220582730428e-07
image_6627,0.00020948543470315257
image_6628,0.0008212758921743056
image_6629,4.901543033798291e-05
image_663,0.9650896972648187
image_6630,0.0018321665126297814
image_6631,0.7944806719304196
image_6632,0.0015048931889456562
image_6633,0.0003736358847849585
image_6634,0.00035119575727357436
image_6635,9.849321846168638e-05
image_6636,3.141669493994714e-05
image_6637,0.0004470099195450747
image_6638,0.00015051074371031167
image_6639,0.00012684843128265528
image_664,0.0005333395258602141
image_6640,9.58630993489216e-05
image_6641,0.02242490767650259
image_6642,9.895099201651899e-06
image_6643,0.00042408955867002853
image_6644,0.00018699483527841241
image_6645,6.116956724824993e-05
image_6646,6.775373544344791e-05
image_6647,0.003275373698372373
image_6648,0.0006763449581585363
image_6649,0.998343823002848
image_665,3.5396164231890096e-05
image_6650,0.0001619797329072152
image_6651,0.0006663053664860311
image_6652,0.0002974696340664169
image_6653,0.00023487391813114059
image_6654,0.0028674073899308617
image_6655,0.0002214738133903096
image_6656,0.9989903617290441
image_6657,1.3225760049801128e-05
image_6658,0.00039698469897943257
image_6659,3.2298429059859015e-06
image_666,0.00022968184022804415
image_6660,2.4970307055352546e-05
image_6661,0.0001283104196642516
image_6662,0.0004257205348290859
image_6663,0.005486952954011607
image_6664,4.7974773183208307e-05
image_6665,1.790965216314875e-05
image_6666,0.00020253779124014348
image_6667,0.00011321349255306518
image_6668,0.004417319818588521
image_6669,0.000490353029239534
image_667,7.88695867235041e-05
image_6670,0.0007113094327230389
image_6671,0.9937954764592651
image_6672,8.931220173021615e-05
image_6673,6.225956631470687e-06
image_6674,1.387907737958112e-05
image_6675,3.556077565242422e-05
image_6676,0.0003096341845021303
image_6677,0.00745891531802616
image_6678,0.0007460295655515737
image_6679,3.0320996707495188e-05
image_668,0.037163033571685405
image_6680,0.0001146914389831854
image_6681,0.0005846072732259203
image_6682,0.9949221808384326
image_6683,0.0006051080484200185
image_6684,0.0012835538661967205
image_6685,1.811407053954075e-05
image_6686,0.0002515819659054887
image_6687,2.3140389164109702e-05
image_6688,0.9757734187457885
image_6689,0.8906970804463169
image_669,0.0003496526097578589
image_6690,0.00016618423617135666
image_6691,0.0003306063324830165
image_6692,0.8014734007081126
image_6693,1.896712430320311e-05
image_6694,0.0008088639415042851
image_6695,0.0015135732141627427
image_6696,9.843206017204921e-05
image_6697,0.011037531466315368
image_6698,0.7961062122580503
image_6699,0.00046840974733151507
image_67,0.00035377929738869757
image_670,0.0002539489485435638
image_6700,0.00048554512694670324
image_6701,0.001144927370992952
image_6702,7.051249831132499e-06
image_6703,0.00044305659186358835
image_6704,0.00032912021420241727
image_6705,5.9544779045750894e-05
image_6706,0.0005820469897723521
image_6707,0.9976254893643051
image_6708,1.3476720937882346e-05
image_6709,3.79575901300867e-05
image_671,0.00010146116412054689
image_6710,0.9798791014273952
image_6711,0.0002493343570046991
image_6712,6.70656311434764e-05
image_6713,0.0008043832713668901
image_6714,0.0008704987033786203
image_6715,0.0011145374933370985
image_6716,8.583267076439563e-05
image_6717,0.0014622078309594392
image_6718,4.064061667125109e-05
image_6719,0.9933067049009889
image_672,6.242974718872228e-06
image_6720,0.7920934751933237
image_6721,1.5339330106002527e-05
image_6722,0.005016048948050226
image_6723,0.00033226225367359336
image_6724,0.0010311266662007793
image_6725,0.0009773186448098978
image_6726,0.9918721132258037
image_6727,0.0003184392633789236
image_6728,0.00010871448159179581
image_6729,0.0011657368693192846
image_673,0.00035572291925331783
image_6730,0.0001846040834986902
image_6731,0.001028388101571983
image_6732,0.060736931046365475
image_6733,0.0015395177854094482
image_6734,2.9844699515344474e-05
image_6735,0.00015313343922656106
image_6736,0.015736083147588214
image_6737,0.9883364898572002
image_6738,6.618620633096502e-05
image_6739,0.00013888729557566532
image_674,0.00010254221848824034
image_6740,0.9182309973033265
image_6741,0.7934672556776974
image_6742,0.8010620336960235
image_6743,0.0015696285352514894
image_6744,2.178171232483918e-05
image_6745,0.0009532824049167151
image_6746,0.002860706585458666
image_6747,0.00016835095503495766
image_6748,3.771180873365312e-05
image_6749,0.000174670565045408
image_675,0.0004764924997569261
image_6750,0.00010481617601167123
image_6751,0.9580900501485902
image_6752,7.78233023923206e-05
image_6753,0.823289232160884
image_6754,9.357853325218502e-05
image_6755,0.9432454872578913
image_6756,5.2381982565306365e-05
image_6757,0.9788796212587834
image_6758,2.4439045237429014e-05
image_6759,0.8763557520839569
image_676,0.00014154234463280616
image_6760,0.798394948968617
image_6761,0.8058070931440428
image_6762,0.9213474218315343
image_6763,0.0002810426818536377
image_6764,1.023506390944347e-05
image_6765,0.0001330099236402555
image_6766,0.04504667315449413
image_6767,4.293979671092726e-05
image_6768,2.3966079954383372e-05
image_6769,0.00015363289086505076
image_677,0.0529061983582154
image_6770,0.8068093281736092
image_6771,4.826932434029643e-05
image_6772,0.00026611878091362703
image_6773,0.0001693161332212846
image_6774,9.801890713278353e-05
image_6775,2.4192853781669368e-05
image_6776,6.682315153086025e-05
image_6777,0.0006441105921506174
image_6778,1.2805510781819618e-05
image_6779,0.00016776195712179883
image_678,0.0001261118158684282
image_6780,0.0008433425790363611
image_6781,0.0005696951960011383
image_6782,0.00038962708635130813
image_6783,0.7908500970610367
image_6784,1.858867510673367e-05
image_6785,0.00015873744396430775
image_6786,0.0006525322505172833
image_6787,0.00021237037632628594
image_6788,0.0007847600968383609
image_6789,0.99138641444045
image_679,0.0030001225014267795
image_6790,4.938083379791183e-05
image_6791,0.0007737745865160548
image_6792,0.0007230220892144848
image_6793,5.829975404407672e-05
image_6794,0.00013443282302991034
image_6795,2.946465910877442e-05
image_6796,0.7987156791808462
image_6797,0.0006085096122586284
image_6798,0.0004883982549431306
image_6799,0.0008389934846921628
image_68,0.0009456125797458719
image_680,0.0002815879156494032
image_6800,0.0007367707650954699
image_6801,0.0025726069253864036
image_6802,1.151768866034283e-05
image_6803,6.03210670796211e-06
image_6804,5.879210918938979e-05
image_6805,0.0003518537202512553
image_6806,0.0066923923741335125
image_6807,0.0009057693859008085
image_6808,6.902258214891903e-05
image_6809,9.276568344866422e-05
image_681,5.400767989467961e-05
image_6810,3.3826690991961184e-05
image_6811,0.9943832768417368
image_6812,0.00023002835535360913
image_6813,0.00015323210349344943
image_6814,0.011573843434144738
image_6815,0.00018048304313396659
image_6816,0.003239327831856831
image_6817,0.0002111517980347344
image_6818,0.0002949508592925409
image_6819,0.0004460319894068523
image_682,0.00812289027679299
image_6820,0.00032350993741689127
image_6821,1.5591726318755316e-05
image_6822,5.579623926355046e-05
image_6823,0.0018251766225820913
image_6824,0.009518609259850073
image_6825,0.9959589452942161
image_6826,3.20764762551333e-05
image_6827,0.0025073860011785363
image_6828,0.00733966859469827
image_6829,4.678687049279694e-05
image_683,0.0095177048640132
image_6830,0.01010509221021634
image_6831,0.17282228006744246
image_6832,4.7703828919200993e-05
image_6833,5.09567208101775e-05
image_6834,0.0003674413680305957
image_6835,0.0006452749366936793
image_6836,0.00033915144285613923
image_6837,0.8204114124499826
image_6838,0.9502649143978348
image_6839,0.8564437858030407
image_684,0.00017429269915881685
image_6840,0.0007030877591666591
image_6841,2.651346074669773e-05
image_6842,0.0008799347658010789
image_6843,0.0005322860295898148
image_6844,0.002487577024449885
image_6845,0.0033253484527000373
image_6846,6.0767549199943934e-05
image_6847,0.0002885458204029096
image_6848,0.0008098313331737599
image_6849,0.0005361282130666609
image_685,0.0002933364940650975
image_6850,0.00016079711475394825
image_6851,0.0047442887017872006
image_6852,3.599936062434734e-05
image_6853,0.00028018130966750405
image_6854,2.5520949134918073e-05
image_6855,0.004170450985012992
image_6856,0.0019470746708582383
image_6857,8.60344356397442e-05
image_6858,0.00031891564316185105
image_6859,0.882961230525364
image_686,0.015704659874093443
image_6860,0.0007984531381436708
image_6861,0.00025569805053162387
image_6862,0.0003220694298178131
image_6863,3.9304308414580524e-05
image_6864,5.7550536217842206e-05
image_6865,5.898714055323184e-05
image_6866,0.00033458622643259267
image_6867,5.489263026694521e-06
image_6868,0.8214937889534573
image_6869,0.0010916414173422011
image_687,0.0015560844059180927
image_6870,0.0002913472489814318
image_6871,0.00015477868064234327
image_6872,0.00015697029313367758
image_6873,0.00028611092508176977
image_6874,9.529882595673921e-05
image_6875,0.8153193780400088
image_6876,0.00014013602133921993
image_6877,0.0002496407131061352
image_6878,0.00012271304016427386
image_6879,4.6476913000888786e-05
image_688,9.90563425685412e-05
image_6880,0.0002993711491460384
image_6881,0.01088932257945546
image_6882,0.01763893527933189
image_6883,0.00032308474429508613
image_6884,0.0006299823357061779
image_6885,0.0007723876501731592
image_6886,0.9977756377416357
image_6887,0.14986505228663768
image_6888,0.003014337264008124
image_6889,0.00048478585468252414
image_689,0.06802958033578296
image_6890,8.25156179059161e-06
image_6891,0.0017170070240139531
image_6892,0.00029346477442812504
image_6893,0.0056935738921328905
image_6894,0.00029700856473381936
image_6895,0.00046630245021422065
image_6896,0.7973704659873959
image_6897,0.8528555015321263
image_6898,0.0005900508246161119
image_6899,0.00018205092066757913
image_69,7.255381265704534e-05
image_690,0.0008494012805887064
image_6900,0.9959921819670416
image_6901,0.00021680839337576735
image_6902,0.0007013560137722093
image_6903,0.0012710276461860132
image_6904,0.0010237622838284372
image_6905,0.7970524143984384
image_6906,0.005796697713635388
image_6907,0.04724127936911786
image_6908,0.0009188908922016587
image_6909,0.9298105351263347
image_691,5.7546223510132814e-05
image_6910,3.265099336894075e-05
image_6911,0.004443585663286627
image_6912,0.12361768080397054
image_6913,0.00022502715680989332
image_6914,1.5407418131170154e-05
image_6915,0.0015216763022336227
image_6916,0.000190536937253736
image_6917,0.0002530778776778225
image_6918,0.0002988429767020929
image_6919,0.0006070472917384896
image_692,0.00028700579470065544
image_6920,0.0005051074672876308
image_6921,1.1005964024629537e-05
image_6922,0.8776197901539883
image_6923,0.0006773273778610391
image_6924,0.0015524663272548146
image_6925,0.00017289747306237864
image_6926,0.0018413071388089044
image_6927,0.0001264372927490633
image_6928,0.002818597197771775
image_6929,0.0010907398208573876
image_693,2.5640132929339785e-05
image_6930,1.4206947602711723e-05
image_6931,0.9723350584677324
image_6932,0.0002627240762615413
image_6933,0.00012824582410533926
image_6934,0.7967988462280492
image_6935,0.0006697403982203949
image_6936,0.0017750619008223476
image_6937,0.003141389626371781
image_6938,0.0007233768938590836
image_6939,0.0002511220147004386
image_694,0.015092593105004276
image_6940,1.7018381117909474e-05
image_6941,0.8508593974937838
image_6942,0.0006061339815160185
image_6943,0.0012472618772519572
image_6944,0.0005512235620339211
image_6945,0.0007796654392656248
image_6946,0.00019877922756415882
image_6947,0.0006066837858632806
image_6948,0.00022740594638863296
image_6949,0.0031824792324362215
image_695,3.1827698143143894e-05
image_6950,0.0007820467487100189
image_6951,0.0029638730622342092
image_6952,0.00016287540992059206
image_6953,0.004911056148811249
image_6954,0.0001834452534432179
image_6955,0.00015330064732428184
image_6956,0.00014269747849732413
image_6957,0.8329760003118013
image_6958,0.0005599581608716119
image_6959,1.6197361410315762e-05
image_696,4.2351595994991533e-05
image_6960,0.020219760362710205
image_6961,4.468852587714091e-06
image_6962,0.000435027829644333
image_6963,0.001866669858993487
image_6964,0.0009007375212599153
image_6965,0.999403692269983
image_6966,8.150500162427838e-05
image_6967,5.745973295878384e-05
image_6968,0.000466998983079122
image_6969,0.8136687153394767
image_697,0.0002595192192031637
image_6970,0.8036453842452076
image_6971,0.00022613244564502764
image_6972,5.613628179524136e-05
image_6973,4.199906480075378e-05
image_6974,4.251402666024841e-05
image_6975,6.628370135020562e-05
image_6976,0.000348206753889892
image_6977,1.2271542976579588e-05
image_6978,0.0019341819570836416
image_6979,1.559746088224914e-05
image_698,6.891190383427704e-05
image_6980,0.8813849349587375
image_6981,4.514579053635432e-05
image_6982,0.0005448137813609704
image_6983,0.0006243171206138235
image_6984,2.655954474152737e-05
image_6985,0.0009215567891694145
image_6986,7.084878574525487e-06
image_6987,0.8002521041073045
image_6988,4.286153739348955e-05
image_6989,0.0004373176380448694
image_699,0.0011953997389034597
image_6990,1.0376193463199291e-06
image_6991,2.1767808582639755e-05
image_6992,0.000435864887863399
image_6993,0.9200819832312167
image_6994,0.00031499411146173353
image_6995,0.8187394162942041
image_6996,0.904870031095169
image_6997,0.0001410503529567496
image_6998,3.3578685346428447e-06
image_6999,5.9875085866443674e-05
image_7,0.0002000744260657742
image_70,0.7928863053421005
image_700,0.002447334593711753
image_7000,0.9964324469799013
image_7001,0.00023505939426926508
image_7002,0.00017139661191020147
image_7003,7.10201064244366e-05
image_7004,0.00025793444300381394
image_7005,0.00026988119553327824
image_7006,0.001118507451591442
image_7007,2.844747424092149e-05
image_7008,0.0005936735871204769
image_7009,0.00014637406428196056
image_701,0.007684573267252579
image_7010,1.0923699412560378e-05
image_7011,1.518449438891903e-05
image_7012,0.9977258699175795
image_7013,6.939491463641765e-05
image_7014,0.00023672419203019964
image_7015,0.00031008669375901123
image_7016,2.739247223733969e-05
image_7017,1.2015248313936547e-05
image_7018,9.803327586641858e-05
image_7019,7.620698433325745e-05
image_702,0.0034080966834412743
image_7020,0.00012926108869880628
image_7021,1.350817571479335e-05
image_7022,0.8385694573601785
image_7023,0.008333480661132226
image_7024,0.00028448308336472835
image_7025,0.8517360625321271
image_7026,0.0004995901210996316
image_7027,0.00046934628518045763
image_7028,0.9994387428720465
image_7029,0.0004068217125144082
image_703,0.00035338870085811346
image_7030,0.20605538041715646
image_7031,0.0033553656978487514
image_7032,5.673868977128182e-05
image_7033,0.0019496970698132548
image_7034,0.001097009699697556
image_7035,0.000208164767651283
image_7036,0.857924233148071
image_7037,0.0004330722224716257
image_7038,0.0004234040671335434
image_7039,0.7981737727428901
image_704,0.0008650462150010913
image_7040,0.9965694692321236
image_7041,0.8048864152083084
image_7042,5.203612872048005e-05
image_7043,0.8108662552099194
image_7044,0.9191939748956168
image_7045,0.0029527270398750625
image_7046,7.654090382479304e-06
image_7047,0.0008355733629974882
image_7048,0.0005071127090119586
image_7049,0.8147249800740909
image_705,0.00021456574175726952
image_7050,0.0005421815050331679
image_7051,0.000247987372557129
image_7052,0.0013492536092670176
image_7053,9.441674069332799e-05
image_7054,2.5318426331441095e-05
image_7055,1.7559724842851152e-05
image_7056,0.08518285271892465
image_7057,0.9938380825960831
image_7058,0.00043398270039276925
image_7059,0.002765840250866013
image_706,6.214196338973641e-05
image_7060,0.0009406052722903945
image_7061,0.000507337324370781
image_7062,7.352879549093586e-05
image_7063,0.00034451285032025935
image_7064,0.0006363208596023474
image_7065,0.8738553845528141
image_7066,0.00015521571076698005
image_7067,0.1795483920832846
image_7068,0.00045133084418802363
image_7069,0.00012753060105690417
image_707,0.7938849692271586
image_7070,3.06645311837244e-05
image_7071,0.8160376377109705
image_7072,0.08808337020974814
image_7073,6.038913145906854e-05
image_7074,0.0002120868211671723
image_7075,0.9789232597167867
image_7076,0.0017622784183490285
image_7077,0.0009098837970142083
image_7078,0.00014359312556855302
image_7079,1.909936211723302e-05
image_708,0.9300254663743628
image_7080,0.0005812787200904529
image_7081,0.7988879161206375
image_7082,0.0007462151136381479
image_7083,0.0019692738561450825
image_7084,0.0006275937881732782
image_7085,2.6452892501514314e-05
image_7086,0.0005615893479752935
image_7087,4.137894543015819e-06
image_7088,0.0005283418188494332
image_7089,0.00030020765606707256
image_709,4.9890996088070365e-06
image_7090,0.000802089671856298
image_7091,6.01150319490426e-05
image_7092,5.4512657070664604e-05
image_7093,0.002730661313300883
image_7094,0.8480299812366935
image_7095,0.8708346077097712
image_7096,0.9951043190387461
image_7097,0.00018785068769577246
image_7098,0.007284682465222504
image_7099,0.0005566652098075242
image_71,0.0022058474480783226
image_710,0.0012574814727651109
image_7100,0.9965968643480622
image_7101,1.6732659096473005e-05
image_7102,2.6926320294902125e-05
image_7103,0.00098318774721453
image_7104,0.0034230995014335893
image_7105,3.7547166706718645e-05
image_7106,8.161853201989143e-05
image_7107,1.7371591617485328e-05
image_7108,4.1034649587626995e-05
image_7109,0.0014380495345563894
image_711,0.0017230002015822556
image_7110,0.00017050946168985305
image_7111,0.00035080288099081675
image_7112,0.0006986384119285602
image_7113,0.0004559654544317399
image_7114,0.00018316383786294403
image_7115,0.7997477496741844
image_7116,0.9505491843682421
image_7117,0.0002741005905343886
image_7118,0.9738467101481622
image_7119,0.00024272996664683814
image_712,0.00011472063865827569
image_7120,0.00014920096861259366
image_7121,0.0005228895057130303
image_7122,0.0008058581912785655
image_7123,0.0016137886624899831
image_7124,1.2059205310520854e-05
image_7125,0.000550575529223402
image_7126,1.9540487561520294e-05
image_7127,8.579607931835085e-05
image_7128,3.609562461181151e-05
image_7129,0.0029966683043850303
image_713,0.0004434508542333883
image_7130,0.0006125446357740417
image_7131,0.0003646708034617652
image_7132,0.00045945395633216116
image_7133,0.9864582454052089
image_7134,0.0002013510413591429
image_7135,1.8903204619157293e-05
image_7136,0.0011487799442943167
image_7137,0.0004728372873217611
image_7138,0.0005958469251769563
image_7139,0.7957250271396298
image_714,0.0002247014220184206
image_7140,4.389119832075727e-05
image_7141,0.7979355678126938
image_7142,0.0007170610776256874
image_7143,0.006722050514638489
image_7144,1.5233544699587767e-05
image_7145,0.9359081104358686
image_7146,0.00018660400076588336
image_7147,0.0008117631587395261
image_7148,0.06880088721026197
image_7149,6.737635337747596e-05
image_715,0.0007511538401491286
image_7150,0.04251994599899061
image_7151,1.8736668852353153e-05
image_7152,0.00022347192779678129
image_7153,0.0004979476090568244
image_7154,0.8995603084890128
image_7155,0.00013354013541647404
image_7156,2.8363887978773092e-05
image_7157,8.481228487850821e-05
image_7158,2.0312339122992957e-05
image_7159,3.8096871989455546e-05
image_716,1.7340395156630355e-05
image_7160,0.8073252249399969
image_7161,0.00016850263357462506
image_7162,1.153352282643921e-05
image_7163,0.00037064963732230715
image_7164,0.9973161828081093
image_7165,0.00022471282712292675
image_7166,0.09839075287472794
image_7167,0.0003979885209950362
image_7168,0.0003262718642856789
image_7169,0.00011199911853058454
image_717,0.836519014025918
image_7170,0.00014356581728064023
image_7171,0.0006958990638478845
image_7172,0.00013063552539499453
image_7173,0.7977030125361029
image_7174,0.7961724686489654
image_7175,0.00014881356088997165
image_7176,1.0777249870615767e-05
image_7177,0.8640410041564305
image_7178,0.00038625903926780175
image_7179,0.00035874185236428873
image_718,0.00015411164070073668
image_7180,8.638448743393257e-06
image_7181,5.559134923989953e-05
image_7182,0.00029325974766791026
image_7183,0.004897807688575562
image_7184,0.0002507277769238206
image_7185,1.921350701416793e-05
image_7186,0.8962161099259992
image_7187,0.0009850060708370084
image_7188,0.0005038026122700566
image_7189,0.00040176130141694776
image_719,2.9217023462461413e-05
image_7190,0.00011572971510881255
image_7191,0.00010360113044989652
image_7192,9.019071843882797e-06
image_7193,0.005465181906906983
image_7194,0.000457149357155346
image_7195,0.00039497732725233983
image_7196,0.001513025029262182
image_7197,9.39006313243437e-05
image_7198,0.0024230685857781985
image_7199,4.5170106268031555e-05
image_72,0.9992172951121929
image_720,0.00025686630829295845
image_7200,0.001608957830715727
image_7201,3.543159301811907e-05
image_7202,0.00015024818855324833
image_7203,0.0008042100655976736
image_7204,0.7940524742121846
image_7205,0.0003193430106741414
image_7206,0.0011346293060053186
image_7207,1.221553106997801e-05
image_7208,0.005812120857137035
image_7209,0.00022817321521412994
image_721,4.702190833154601e-06
image_7210,0.9993147949067562
image_7211,0.000569628978224266
image_7212,0.0005812836862133491
image_7213,0.9970367837330116
image_7214,4.521582649926742e-05
image_7215,9.591133048675942e-06
image_7216,0.0006495107563357671
image_7217,8.643300959697338e-05
image_7218,0.00037901697176695047
image_7219,0.7937051348596829
image_722,0.0014730799451656365
image_7220,0.00010708492163037913
image_7221,0.019028214555467805
image_7222,0.00013365545273285662
image_7223,0.10261059094531252
image_7224,0.19866190962588007
image_7225,0.0002928998582601335
image_7226,4.399072405924611e-05
image_7227,0.000534637848778017
image_7228,4.193693527078688e-05
image_7229,6.305706808464775e-05
image_723,7.202265577763336e-05
image_7230,0.0016148966633555023
image_7231,2.3525900392101012e-05
image_7232,0.00015813995370182903
image_7233,0.0015001029697936732
image_7234,0.0020792339882078157
image_7235,0.0007789357452134794
image_7236,0.005096930385245166
image_7237,0.9553997085358812
image_7238,0.8007423171282511
image_7239,0.00028421818141505283
image_724,0.0016076325935895984
image_7240,3.117003536865623e-05
image_7241,0.04727544090999923
image_7242,9.273275268249654e-05
image_7243,0.7985409609267162
image_7244,3.3991343402760214e-05
image_7245,0.0002655520454603741
image_7246,0.002266174898090034
image_7247,0.002899683242607393
image_7248,0.0007467847888316143
image_7249,7.042774555715743e-05
image_725,9.199147070310579e-05
image_7250,0.0014862533098633202
image_7251,5.878253677797198e-05
image_7252,0.0013282359404319859
image_7253,0.802087974365274
image_7254,0.9031085155332663
image_7255,0.010640666292186074
image_7256,0.0009440621167492016
image_7257,1.7220206145747283e-05
image_7258,0.9289122673403266
image_7259,0.020488626865330824
image_726,0.00022282955379298585
image_7260,0.9737603942714556
image_7261,0.8064706393750705
image_7262,3.657382239880195e-05
image_7263,0.0003206339441183515
image_7264,0.8631312132188442
image_7265,0.8196410748905096
image_7266,0.000142136423047681
image_7267,4.350178497690888e-05
image_7268,0.7965467722284397
image_7269,1.559787751071028e-05
image_727,0.9714332902010148
image_7270,0.008511063573618634
image_7271,2.391597596295907e-05
image_7272,3.8270232973057713e-05
image_7273,3.064414462834931e-05
image_7274,3.173326181374579e-06
image_7275,0.0003686068622795786
image_7276,0.0002714388884835157
image_7277,0.1299159015049344
image_7278,0.9207429369240463
image_7279,0.0012387075052631756
image_728,0.0001326490653518165
image_7280,0.00015454208314369774
image_7281,0.8494578272935716
image_7282,0.0020247966449742126
image_7283,0.0012568055303911964
image_7284,6.8167022153084695e-06
image_7285,0.9686043814438081
image_7286,0.00020228514424641106
image_7287,0.002023481656034613
image_7288,0.0022927298612009823
image_7289,0.9914174106345912
image_729,0.003940615901363795
image_7290,0.00025420440940035016
image_7291,3.913147704849071e-05
image_7292,2.294000966832781e-05
image_7293,2.7470235458650495e-05
image_7294,0.9369727486144495
image_7295,0.00400245876090975
image_7296,6.10538345626739e-05
image_7297,0.8054228819458651
image_7298,0.16380475274920558
image_7299,0.00014388060944156176
image_73,1.1455092388658352e-05
image_730,0.12927256220612557
image_7300,0.00233792200529826
image_7301,0.004555118798432926
image_7302,0.8659496804224011
image_7303,0.7958780283497512
image_7304,0.00015741910520449565
image_7305,0.0001277661211021545
image_7306,0.1889973765813549
image_7307,0.0024015786233435982
image_7308,4.007393395114926e-05
image_7309,0.00023040788435223043
image_731,6.117763748463969e-05
image_7310,0.00025415616303373583
image_7311,0.00010754439297483228
image_7312,0.0031235907396928017
image_7313,3.0328918229390132e-05
image_7314,0.00014594590950539328
image_7315,0.007723382473953365
image_7316,0.0009758896174504154
image_7317,2.4941429506692704e-05
image_7318,0.7968166818033657
image_7319,0.7953900323016474
image_732,0.00012681732100984838
image_7320,0.014035337965246673
image_7321,0.00045399600681421127
image_7322,8.784742142280379e-05
image_7323,0.015776871516925434
image_7324,8.677398108980195e-06
image_7325,0.00043445654663633115
image_7326,0.0006666102078141359
image_7327,0.00012406443984935768
image_7328,0.1695724189470788
image_7329,0.9994009602539823
image_733,4.093144587912432e-05
image_7330,0.9367543984681992
image_7331,5.569929391698443e-05
image_7332,0.0017890731985824714
image_7333,4.209991934044216e-06
image_7334,4.6729083307731305e-05
image_7335,0.0004386738913089667
image_7336,0.0008565743509141806
image_7337,0.0006491295135371436
image_7338,0.0013606399842797622
image_7339,0.14235041454292435
image_734,0.8915920713118425
image_7340,0.002299941240797538
image_7341,0.00011012853977214504
image_7342,0.0006679045824918978
image_7343,0.0004949151631719288
image_7344,6.239905004223718e-05
image_7345,0.00010451751249459379
image_7346,4.0448094913967774e-05
image_7347,0.0001574249818611462
image_7348,0.0003850412204029896
image_7349,8.122866582069312e-05
image_735,0.8504562145124197
image_7350,0.0008152385008941823
image_7351,0.926206487131185
image_7352,8.474403517327471e-05
image_7353,0.00013357131699937686
image_7354,0.0016981339393169269
image_7355,0.0021446179656598677
image_7356,0.00011766957183269983
image_7357,0.0010611121089143202
image_7358,0.0005868299140732855
image_7359,6.582202489160253e-05
image_736,0.00039925456669870986
image_7360,0.0013966873725428704
image_7361,0.001192350866696206
image_7362,0.0007271723508754322
image_7363,0.7995743534601389
image_7364,0.7981703682000297
image_7365,8.72837289764697e-06
image_7366,2.0963054966013738e-05
image_7367,0.00020093245435118538
image_7368,0.00033247766256253904
image_7369,0.022133543825039743
image_737,0.0002892322968942122
image_7370,0.000360608544774099
image_7371,5.434122512811767e-05
image_7372,0.00016394524625562259
image_7373,0.7931293459148088
image_7374,0.0018150732393075971
image_7375,0.8263241434213953
image_7376,0.00014891087794636321
image_7377,0.7962754032341459
image_7378,0.8070699272389696
image_7379,0.996765876008834
image_738,0.9991279816341587
image_7380,0.0007849873535175862
image_7381,0.0002475035010156538
image_7382,0.9982430984187738
image_7383,6.026081174370205e-05
image_7384,1.0217185534864741e-05
image_7385,2.7972355887507123e-05
image_7386,0.0015098456564799872
image_7387,7.873426666213795e-05
image_7388,2.7094197939597074e-05
image_7389,0.0004043542465772286
image_739,0.0003511763200970426
image_7390,0.00026556244355396927
image_7391,1.698509040641317e-05
image_7392,6.665758395292524e-05
image_7393,0.0003204791650870211
image_7394,0.00016761359354958448
image_7395,1.5282125972537374e-05
image_7396,0.0002466870462872095
image_7397,0.0003006106728383214
image_7398,0.0003008853930356531
image_7399,0.0004740823966840088
image_74,0.0004901306760518282
image_740,2.293015864661186e-05
image_7400,0.7984342787778047
image_7401,8.472548312565794e-05
image_7402,2.6395242148156202e-05
image_7403,2.0671607883966063e-05
image_7404,1.5532798844725317e-05
image_7405,0.00024687835653214036
image_7406,0.002784265981391426
image_7407,0.0003604538170187925
image_7408,0.0006616213295155188
image_7409,6.267515554337958e-06
image_741,0.0006247470728586738
image_7410,0.0002934271399265724
image_7411,0.0010734501119450738
image_7412,0.009744380477800893
image_7413,0.0006444331051555592
image_7414,0.79777486863849
image_7415,0.2043860041629332
image_7416,5.056371174550046e-06
image_7417,0.0011499416239457096
image_7418,2.2417552611634155e-05
image_7419,0.0021744747098581597
image_742,2.6072963800072327e-05
image_7420,3.766399607842801e-05
image_7421,0.0015053667184151966
image_7422,8.929659648819013e-05
image_7423,4.247878139791821e-05
image_7424,0.00011850065658930806
image_7425,0.026831476781372543
image_7426,0.003352662160137178
image_7427,3.405537963547233e-05
image_7428,0.0017306192466992171
image_7429,0.00016313465197804162
image_743,0.7953200026091842
image_7430,2.782578004103029e-05
image_7431,6.30044120465501e-05
image_7432,0.7948873630014055
image_7433,0.0005018882979298245
image_7434,0.00022584805704037067
image_7435,0.9750163334361183
image_7436,0.00011263206632822396
image_7437,0.0006540771950078213
image_7438,8.12989625238195e-06
image_7439,0.00035504229803560343
image_744,1.596835152985625e-05
image_7440,5.626818644644765e-05
image_7441,0.0009777401448442919
image_7442,0.00034702053847763707
image_7443,0.0009452937623788667
image_7444,0.9415471649635379
image_7445,0.7957107942824324
image_7446,0.00035363676305926557
image_7447,0.0008210358595514671
image_7448,0.0001743474704584358
image_7449,2.628440183452331e-05
image_745,0.00012792639561203393
image_7450,0.0007438793793281299
image_7451,9.380420063883356e-05
image_7452,0.0007254296842896409
image_7453,4.359909174560756e-05
image_7454,0.0009846592900865547
image_7455,3.487383228444902e-05
image_7456,0.001752442264868076
image_7457,9.125015134599059e-05
image_7458,3.407408808166389e-06
image_7459,0.001971713600414357
image_746,0.000583500966402448
image_7460,0.00022734935936135774
image_7461,0.0006915056533211268
image_7462,0.9191105439100692
image_7463,0.8015930962077823
image_7464,4.739722966589658e-05
image_7465,2.1802280430665084e-05
image_7466,0.0032852966596849118
image_7467,0.0004635558028284768
image_7468,0.00049173828984112
image_7469,0.0009283586280409634
image_747,4.519800812270997e-05
image_7470,0.0005128208252648408
image_7471,0.0031473316506865677
image_7472,0.8126245433070445
image_7473,9.176165981901875e-05
image_7474,0.9998907643181167
image_7475,8.637591194982204e-05
image_7476,1.9186003990956527e-05
image_7477,5.848259129791245e-05
image_7478,9.630851908849273e-05
image_7479,0.0010636095648169708
image_748,4.296688572187362e-05
image_7480,0.000602670661961727
image_7481,0.0003207388247607429
image_7482,0.000340948413940263
image_7483,0.00021859452769479605
image_7484,0.00046339829208695153
image_7485,0.8162840063653005
image_7486,0.00011061036809252886
image_7487,0.00011025212604246667
image_7488,0.01743802404238965
image_7489,7.981999665949418e-05
image_749,0.9566742274779981
image_7490,7.628859889123481e-05
image_7491,0.8420463925828436
image_7492,5.140885187447235e-05
image_7493,0.023562809117603806
image_7494,0.0007606016128093883
image_7495,0.000391461302323517
image_7496,0.0015899221608903474
image_7497,7.533213425755285e-05
image_7498,0.0012939219901427486
image_7499,8.304608830279473e-05
image_75,0.0001324443568821511
image_750,7.624696536398887e-06
image_7500,0.00060825684663434
image_7501,0.0003775165462164597
image_7502,0.9912774198174426
image_7503,0.0019645067141015795
image_7504,0.9955257587048554
image_7505,4.473771016921332e-05
image_7506,2.6574633085601775e-05
image_7507,0.0021985340614728297
image_7508,0.0001521193786824621
image_7509,0.0010662510930581409
image_751,4.380046476360877e-05
image_7510,0.0013304015462208734
image_7511,7.14505582065922e-05
image_7512,0.022581569639115735
image_7513,0.9478349765639225
image_7514,0.9981982334300394
image_7515,0.8450773879630283
image_7516,1.60440454160547e-06
image_7517,7.566531929683435e-05
image_7518,1.0779502232258148e-05
image_7519,0.0008809326090245741
image_752,2.9177746652910834e-06
image_7520,3.413455867722248e-05
image_7521,2.3254901585488258e-06
image_7522,0.8107248544361443
image_7523,0.8320905119050167
image_7524,0.00036403287664273434
image_7525,0.0018953899671791004
image_7526,3.9980117103255214e-05
image_7527,0.01124594581351014
image_7528,9.971250136955889e-05
image_7529,0.003689530297752381
image_753,0.042686704796374264
image_7530,0.0003289363544155059
image_7531,0.0005873281896730178
image_7532,0.00010021342610985249
image_7533,3.821135499378462e-05
image_7534,5.167664355378842e-06
image_7535,0.0002353713940120886
image_7536,7.050712982873706e-05
image_7537,0.0010789172077563026
image_7538,0.001358313803501506
image_7539,0.00031737123589108514
image_754,0.7999138086529864
image_7540,0.00027133884814461843
image_7541,0.009053020507877409
image_7542,0.9395607368537255
image_7543,0.7929099389730639
image_7544,0.8001900448423342
image_7545,0.9420024060174601
image_7546,2.5062116251130174e-05
image_7547,0.0006574307282202009
image_7548,0.0019314899113027078
image_7549,0.0013966528860575808
image_755,0.0003972571159139705
image_7550,1.9572086230789173e-05
image_7551,0.989779618176874
image_7552,2.6053482228616254e-05
image_7553,5.166647823209523e-05
image_7554,0.9170872322530388
image_7555,2.4098142410433966e-05
image_7556,0.0006695072442514117
image_7557,0.0005941599895564473
image_7558,3.0453499761978682e-05
image_7559,0.0007628122927290251
image_756,0.0007841876866957583
image_7560,0.0005915651841788894
image_7561,0.0006307758054746862
image_7562,0.00026578212664145145
image_7563,0.0032495296006091337
image_7564,0.00036475997080881396
image_7565,0.8474136629902771
image_7566,0.00022505599349087035
image_7567,4.830218701120611e-05
image_7568,0.0001126823431692961
image_7569,0.0004111179479180844
image_757,9.425197138920865e-06
image_7570,0.0012666271186932954
image_7571,0.0002924329978553907
image_7572,2.5681415522125788e-05
image_7573,0.000583659823349444
image_7574,6.969192557238537e-06
image_7575,3.0144479689090066e-05
image_7576,0.0007641613528188287
image_7577,3.019064742215071e-05
image_7578,2.5336393887793475e-05
image_7579,0.00035106735836788316
image_758,9.284874651774674e-05
image_7580,0.8936788482548026
image_7581,0.0048811382039907975
image_7582,4.7818465919064325e-05
image_7583,0.00021902527131299515
image_7584,1.0370897779869527e-05
image_7585,0.8338753638030287
image_7586,0.0006344789131593533
image_7587,0.9151828164300998
image_7588,0.000374296568934552
image_7589,0.0009164744800330361
image_759,0.0026073116472962073
image_7590,0.8312063982779332
image_7591,0.0011887536188954883
image_7592,0.00010891943965419134
image_7593,0.0002516793859666284
image_7594,7.1172708468619e-05
image_7595,0.0005197807963173895
image_7596,2.481292911362687e-06
image_7597,0.009834739204239443
image_7598,0.0012953746331967383
image_7599,0.0017086743267520031
image_76,0.0014493438859085853
image_760,0.0010405511186876485
image_7600,0.0047353779503337525
image_7601,2.130404090185226e-06
image_7602,0.0016489564264388756
image_7603,0.0001489339035301608
image_7604,0.0007782083542237845
image_7605,0.8260244224848445
image_7606,0.00024581011972458843
image_7607,7.62203307713045e-05
image_7608,1.2145679983405442e-05
image_7609,0.00030558861437764205
image_761,0.001163743368471252
image_7610,1.3220341950509452e-05
image_7611,0.0013507662651835659
image_7612,0.002128945080937376
image_7613,0.00011174708844616684
image_7614,0.00010740221573147866
image_7615,9.870939609573068e-05
image_7616,0.00031146209140654605
image_7617,0.000368592490744818
image_7618,0.0014727151463048858
image_7619,0.0002881254373183558
image_762,0.00011578150291590953
image_7620,0.0030764291533056593
image_7621,6.648171322185173e-05
image_7622,0.0007243589010628215
image_7623,0.0011079270544590743
image_7624,1.8394165045572526e-05
image_7625,9.543656136561498e-05
image_7626,0.0001003113229511151
image_7627,0.00024018441226059535
image_7628,5.228993385398229e-05
image_7629,0.8883337630988143
image_763,0.0022449972208283425
image_7630,2.5253032734800178e-05
image_7631,6.718515326128681e-05
image_7632,1.5493842631721687e-05
image_7633,8.537024076465353e-05
image_7634,0.0007331020002648017
image_7635,3.040305303321666e-05
image_7636,0.04764850757124561
image_7637,4.858358039921229e-05
image_7638,0.9988148838719931
image_7639,0.0008002391508263363
image_764,0.9880788668306408
image_7640,0.0002916205445970939
image_7641,0.8221752094199634
image_7642,0.9974942175019936
image_7643,9.477910743376788e-05
image_7644,0.0003768213336828548
image_7645,4.959738992497507e-05
image_7646,0.0006602664942014819
image_7647,4.347036449661234e-06
image_7648,2.2746366064603606e-05
image_7649,0.0001879988349395107
image_765,0.9989484634902752
image_7650,6.738963323537409e-05
image_7651,0.9984595713232333
image_7652,0.0030116696178521954
image_7653,0.0004955513923663197
image_7654,0.00031011143930314997
image_7655,0.0005303968755557577
image_7656,0.0012209789508700265
image_7657,0.0008033196429298988
image_7658,0.7967027129342212
image_7659,0.00014027039260930662
image_766,5.75921866665141e-06
image_7660,1.4288815339807259e-05
image_7661,0.010120080896028921
image_7662,0.00010381532532337109
image_7663,0.7957664812729067
image_7664,4.174242648650669e-05
image_7665,8.676931913208565e-05
image_7666,0.003129104684225183
image_7667,0.00689737288702377
image_7668,0.00032039931066432426
image_7669,1.0594844321716796e-05
image_767,0.0035091182728272364
image_7670,5.030882303452128e-05
image_7671,0.0004794530648707467
image_7672,0.0013772996980881964
image_7673,0.00016618461056809036
image_7674,4.1842343583311674e-05
image_7675,0.0011700564395684412
image_7676,0.00038485293611184275
image_7677,0.94893668310941
image_7678,0.012171008652704709
image_7679,7.994977630382182e-05
image_768,0.00013697996249828096
image_7680,1.789317203345525e-05
image_7681,7.915887243672215e-05
image_7682,0.00021641271466418737
image_7683,0.0005850460684929056
image_7684,0.00033614033755017473
image_7685,5.371760533788216e-06
image_7686,2.9714998574246932e-05
image_7687,0.791925597878621
image_7688,0.8059293448605038
image_7689,0.024876139109463354
image_769,0.15349445491497463
image_7690,6.246966343976883e-05
image_7691,0.0004142959975070467
image_7692,8.008883273658848e-05
image_7693,1.8375046865412243e-05
image_7694,9.903421362289393e-06
image_7695,0.001924685461591078
image_7696,0.0375261434760175
image_7697,0.0001433124608995828
image_7698,5.9645293801419034e-05
image_7699,0.0007466936077473967
image_77,0.004252878294702665
image_770,6.482207477806893e-05
image_7700,0.0027808645588655546
image_7701,0.0004961183724805283
image_7702,8.431832197014919e-05
image_7703,2.147380530635624e-05
image_7704,1.957891244999536e-05
image_7705,0.00021191705220620756
image_7706,0.0003739816225914694
image_7707,9.448620339585353e-05
image_7708,0.0008680885341968384
image_7709,0.00013118895287578462
image_771,0.0005502073182979233
image_7710,1.7126832414439165e-05
image_7711,0.0002909096708542319
image_7712,0.00022522862158977589
image_7713,0.0003829389774164853
image_7714,0.0013391854183103366
image_7715,0.00011584060281759048
image_7716,0.00017674495926192044
image_7717,3.071910226223102e-05
image_7718,3.125774768537043e-05
image_7719,0.9923815207610772
image_772,5.07567755409796e-06
image_7720,0.0028097792947389196
image_7721,0.7984719412403793
image_7722,0.7986647494118972
image_7723,0.0001679411967129961
image_7724,0.00019356704875610659
image_7725,0.012996504224006894
image_7726,7.470437591920611e-06
image_7727,0.0004255622758857477
image_7728,0.0008239207689969164
image_7729,7.131651404915442e-05
image_773,0.9979049258232366
image_7730,0.0015594208171260569
image_7731,2.2436585988133725e-05
image_7732,0.00036921589408069966
image_7733,3.133426711486117e-05
image_7734,9.796486346611501e-05
image_7735,6.994461587116088e-05
image_7736,0.19889893057515406
image_7737,0.00010162981482727366
image_7738,0.0009667316507461002
image_7739,0.9996329439265637
image_774,9.616058303781625e-06
image_7740,5.732859450857277e-05
image_7741,0.0004794759022218959
image_7742,0.0010695552986438458
image_7743,0.00015480339789421385
image_7744,0.0005257188099215881
image_7745,3.190155982545747e-05
image_7746,0.000818451333006626
image_7747,9.862262708798266e-05
image_7748,5.824468296167361e-05
image_7749,8.064039085361929e-05
image_775,0.00011650014586726693
image_7750,2.457245516110924e-06
image_7751,2.04170722066304e-05
image_7752,0.00012124911251717421
image_7753,2.5040794780818064e-05
image_7754,0.005787201414545289
image_7755,0.9964577837075466
image_7756,3.4709937749571296e-05
image_7757,0.001051246379489297
image_7758,7.375907474638498e-05
image_7759,0.9987722386857758
image_776,0.00010793429830778678
image_7760,0.0005701774303137538
image_7761,1.3339883194208847e-05
image_7762,0.9509673960888548
image_7763,3.283589939339093e-05
image_7764,0.00023200660831978738
image_7765,1.5082046330724161e-05
image_7766,0.8223342425576684
image_7767,0.0010246732009029469
image_7768,2.619463207899523e-05
image_7769,1.5216272407100355e-05
image_777,0.0002724733393539991
image_7770,0.20183895198723115
image_7771,0.00032572251661317034
image_7772,0.00356595743748894
image_7773,0.0002704262960552538
image_7774,5.300103413093114e-05
image_7775,0.0006348563816302887
image_7776,0.00380248108665817
image_7777,0.00014632494754673
image_7778,6.379718835619293e-05
image_7779,1.843484853438746e-05
image_778,5.403421479479961e-05
image_7780,0.796553772306879
image_7781,0.0008019219486994498
image_7782,9.378329189135408e-05
image_7783,0.7958942619101717
image_7784,0.796242834633976
image_7785,0.00021973791913428294
image_7786,0.00023151993324452988
image_7787,6.445946074316902e-06
image_7788,0.00012904334412653143
image_7789,7.897451918465292e-05
image_779,8.223271392382107e-05
image_7790,0.00035150637955161157
image_7791,0.004060509480116539
image_7792,0.0004235540898421276
image_7793,0.05346766039419296
image_7794,0.0002337615959696556
image_7795,0.01328222075007035
image_7796,6.561006682273844e-05
image_7797,0.9930920105651191
image_7798,0.00017845249211093886
image_7799,0.0034613817126115283
image_78,0.0002887739503067988
image_780,0.0005015436943549256
image_7800,7.483516165572544e-05
image_7801,0.031307306146068296
image_7802,0.00021437302405692433
image_7803,8.819338972070411e-05
image_7804,0.001009791262624906
image_7805,7.798672401283247e-05
image_7806,3.3496287034415414e-05
image_7807,0.0010323839499638673
image_7808,0.004607775512872406
image_7809,0.0003038731189152335
image_781,0.00283419787294448
image_7810,0.00014495963242971331
image_7811,9.707339971877861e-05
image_7812,0.9992841371181577
image_7813,0.00042323883892169713
image_7814,0.0004247606221471212
image_7815,0.00089550737889254
image_7816,0.00013274272622709854
image_7817,3.661171609596844e-05
image_7818,0.0004883275903502088
image_7819,6.491886287619788e-05
image_782,0.0015649511955893064
image_7820,0.04754133847663572
image_7821,0.00037022044868177597
image_7822,0.0013419897294368148
image_7823,0.00013460524721880268
image_7824,0.0005136006306921912
image_7825,0.0009615093437022923
image_7826,2.0590899092576578e-05
image_7827,0.00012184196455210395
image_7828,0.00014758525280192495
image_7829,6.439855160960579e-05
image_783,1.004151471604227e-05
image_7830,0.002891040430404641
image_7831,0.00011975984455102348
image_7832,0.002145250143512455
image_7833,7.67602318375038e-05
image_7834,0.04114861022666301
image_7835,0.7975300943490887
image_7836,0.00010839726310332516
image_7837,9.39864601830904e-05
image_7838,0.00019034572810849049
image_7839,0.8186019611578566
image_784,0.0028346610129487233
image_7840,3.490095041532727e-05
image_7841,3.7115788709587447e-06
image_7842,0.001620526047035518
image_7843,0.0003658128280768343
image_7844,5.956610923630585e-05
image_7845,0.00021980512910836414
image_7846,0.0015696816913742429
image_7847,0.0009575133602812245
image_7848,0.00026095325041678667
image_7849,0.8300708584318987
image_785,0.837542576526314
image_7850,0.0007144613948149551
image_7851,0.0002684340345908554
image_7852,0.03206545613384183
image_7853,0.0008104688181869586
image_7854,0.0005457531743017832
image_7855,0.0009795548863077352
image_7856,0.9918859903709837
image_7857,0.9994937510914731
image_7858,6.0605246698886817e-05
image_7859,5.58828923248426e-05
image_786,0.999866612656154
image_7860,0.7981317352352585
image_7861,0.00045215861477415555
image_7862,0.0020822098038417148
image_7863,0.0038514422095881676
image_7864,0.0027195052701999415
image_7865,0.00013824059355590056
image_7866,8.332185843716014e-05
image_7867,6.174430949489187e-05
image_7868,6.124266665143022e-06
image_7869,4.2496192045528115e-05
image_787,0.0014175996860597033
image_7870,1.8786055061277673e-05
image_7871,1.738035753689297e-05
image_7872,0.00028284051986226415
image_7873,0.0025389646344656713
image_7874,7.147806593582273e-05
image_7875,2.7489678572114494e-05
image_7876,9.57041219431211e-05
image_7877,0.0002722836350089489
image_7878,0.00037731709559756703
image_7879,0.0010732202294705848
image_788,0.00020317236504768893
image_7880,0.00016196901071581065
image_7881,8.436824635840396e-06
image_7882,0.00028095775888258706
image_7883,0.0002481650215543778
image_7884,0.0011744577622777108
image_7885,0.002489460485525366
image_7886,5.550261560186152e-05
image_7887,0.000213811955826765
image_7888,3.575893779338375e-05
image_7889,0.00257266172095405
image_789,0.0002743590900769818
image_7890,0.00010438934136878229
image_7891,0.0004705086176731184
image_7892,0.015042416643090898
image_7893,0.0001826177435113678
image_7894,1.2800079081978852e-06
image_7895,4.286922021161644e-05
image_7896,0.042789363921439054
image_7897,5.0826082760090316e-05
image_7898,0.000662378444930985
image_7899,0.0006339118946448275
image_79,0.0001548131067759892
image_790,0.00027861460898709735
image_7900,0.00046886557707492154
image_7901,0.00010166771806686912
image_7902,0.7976159311975801
image_7903,7.580940733777826e-06
image_7904,9.942913461795243e-05
image_7905,0.0006388325870788718
image_7906,0.00047067256300614485
image_7907,8.687711744555497e-05
image_7908,6.219653497288062e-05
image_7909,9.230374437653669e-05
image_791,2.4993127161055224e-05
image_7910,5.560193445077862e-06
image_7911,0.001539942866690462
image_7912,0.004562795833181943
image_7913,4.963071661434448e-05
image_7914,0.8497678236123483
image_7915,0.00012417156268829907
image_7916,0.002319262225347735
image_7917,0.9989417942317023
image_7918,0.00028438210607976966
image_7919,1.4460803282832508e-05
image_792,1.0878213192192415e-06
image_7920,2.9359713037972994e-05
image_7921,0.0001735981656269718
image_7922,8.325926498172585e-05
image_7923,0.00036920999497981946
image_7924,0.00023742323394317614
image_7925,0.0022489098427135243
image_7926,6.651407917530685e-05
image_7927,0.00037534198066712396
image_7928,5.795929533620427e-05
image_7929,0.0021730959171580963
image_793,3.854630133523567e-05
image_7930,0.00011332837404841655
image_7931,2.3869939590669772e-05
image_7932,0.000168958950945771
image_7933,0.00035430312396054857
image_7934,0.002382861365688217
image_7935,0.7990574344562328
image_7936,8.828541565529013e-05
image_7937,0.00042271190157073754
image_7938,0.0002692902324109321
image_7939,1.647220280168733e-05
image_794,0.0004978324360728956
image_7940,9.830312645881469e-05
image_7941,0.7922849731536845
image_7942,0.0015833698770547169
image_7943,0.0002422143982683949
image_7944,0.0002665555829238398
image_7945,0.00028235462584033037
image_7946,0.0018544240739545275
image_7947,0.00187049338414657
image_7948,0.0003455869991973063
image_7949,0.0016651391423003579
image_795,0.0008417371718391183
image_7950,0.00016735897070932238
image_7951,0.0012675349790110865
image_7952,0.007064351330050319
image_7953,0.0010044692595511605
image_7954,2.1627267628648865e-05
image_7955,2.6997737008479605e-05
image_7956,0.002216348917492313
image_7957,7.833262978497803e-05
image_7958,0.7995195225907927
image_7959,0.005114180805691741
image_796,0.00010271083199100725
image_7960,0.0007552400553423539
image_7961,0.004143303573063197
image_7962,1.1537857208417909e-05
image_7963,0.00023487022668681684
image_7964,0.9166607556588954
image_7965,5.021446641318035e-05
image_7966,1.917111645408823e-05
image_7967,0.0006273882666418769
image_7968,0.00015716272255779072
image_7969,0.018647052425518455
image_797,0.00010056483769430748
image_7970,7.870373177253612e-05
image_7971,6.24286153653193e-05
image_7972,0.0017843230655884752
image_7973,0.0002309382266596544
image_7974,0.00024133557851756298
image_7975,0.7966541096499417
image_7976,1.048551183694143e-05
image_7977,0.0188461725091996
image_7978,0.0001926864099667278
image_7979,0.00020436794690236354
image_798,0.0011197021098928316
image_7980,0.7960590731329241
image_7981,0.00021653361858499555
image_7982,0.0005446461877256957
image_7983,0.0017331510205657742
image_7984,7.579455351095888e-06
image_7985,0.00011494688779901293
image_7986,0.8476180270167202
image_7987,0.00037269408428169373
image_7988,0.0003499441942162535
image_7989,0.8576304341385128
image_799,1.0356675417874582e-05
image_7990,0.9596276188043614
image_7991,3.173046310155901e-06
image_7992,0.003958203442935415
image_7993,0.005872330542898279
image_7994,3.332202991767524e-05
image_7995,2.827454868065851e-06
image_7996,2.409654383110974e-05
image_7997,0.001309453521761
image_7998,1.2869415176028676e-05
image_7999,0.00023411648109305204
image_8,0.016545313107623784
image_80,0.9966189284045935
image_800,0.0010618947296719965
image_8000,8.674448601121707e-05
image_8001,0.0002805693681242814
image_8002,0.012327835086345055
image_8003,0.00011462060971267122
image_8004,0.0003691482837564905
image_8005,0.7923531138750743
image_8006,6.796651610112469e-06
image_8007,0.0017459440711222053
image_8008,0.0007903216831764298
image_8009,0.0021421325358140344
image_801,0.0009207138711595514
image_8010,0.0013233523802570178
image_8011,0.0001416176286348967
image_8012,0.8052417453598182
image_8013,0.00027917367064718033
image_8014,0.0001634913028248814
image_8015,6.595572756299275e-05
image_8016,0.00022762392488194792
image_8017,0.00012645639155451418
image_8018,0.000989309497635931
image_8019,3.782392418729059e-05
image_802,0.0001658059194332575
image_8020,0.8510594013672368
image_8021,0.0020326706984306994
image_8022,1.3163202867080664e-05
image_8023,0.7904372136097837
image_8024,0.009505166516457574
image_8025,0.00023651138735460592
image_8026,9.7786677790267e-05
image_8027,0.10096960040574599
image_8028,0.00040065090232721404
image_8029,0.0004068593392400734
image_803,0.9959968448890988
image_8030,0.0009415575439795686
image_8031,1.4001325598821959e-05
image_8032,0.0007628285780979842
image_8033,0.001703636585820966
image_8034,0.0011235578854865863
image_8035,0.00023545306842155103
image_8036,0.18432095594707762
image_8037,0.9795675126326586
image_8038,0.00014690743321970002
image_8039,0.00017190126540899846
image_804,8.11747858892944e-05
image_8040,0.9957506673441519
image_8041,1.1452031193245388e-05
image_8042,0.00010311930382258277
image_8043,0.005031799586300511
image_8044,0.9971480678272743
image_8045,9.615218361828197e-05
image_8046,0.032284101851444945
image_8047,0.00046116268400375065
image_8048,0.8669092749886665
image_8049,0.006546368641384972
image_805,0.0012228972592535554
image_8050,3.6568643983162145e-05
image_8051,0.003537204411034321
image_8052,0.0006434639955809867
image_8053,1.8188399849167986e-05
image_8054,9.522797320140525e-06
image_8055,0.0006532411497362594
image_8056,0.00013737157816625146
image_8057,0.00010405587533216217
image_8058,0.0009527973234124189
image_8059,0.00517657320982319
image_806,4.7964336033327734e-05
image_8060,0.7972914085731647
image_8061,0.0003661163179614524
image_8062,0.00032728325777190375
image_8063,6.744968010019854e-05
image_8064,0.00011290573684564951
image_8065,5.584968893569146e-05
image_8066,0.00017571280405481176
image_8067,0.00036560545442281055
image_8068,6.844279969958327e-06
image_8069,0.05384421239373451
image_807,0.0038297084624790306
image_8070,0.0016424900362138936
image_8071,7.376013376672128e-05
image_8072,4.052473163486137e-05
image_8073,0.0021203666061912394
image_8074,0.000429537562317988
image_8075,0.0001951510570743012
image_8076,0.0012245498155795311
image_8077,0.00043844074181601504
image_8078,0.0740005487752692
image_8079,0.9916958049519937
image_808,0.0001319082178565081
image_8080,7.612658682299109e-05
image_8081,0.00016359441625038616
image_8082,0.00017222127543267397
image_8083,0.00043357294072722985
image_8084,0.00041095082850901334
image_8085,0.01234881333179249
image_8086,0.014013265425779558
image_8087,0.00021311839357470108
image_8088,2.04175731687611e-05
image_8089,0.00013942981837334898
image_809,0.9997119163185528
image_8090,6.637435724204702e-05
image_8091,0.0001224400962880474
image_8092,9.097080666333382e-05
image_8093,0.0003236751153018482
image_8094,0.0018435264545059002
image_8095,7.292812174161033e-05
image_8096,0.0011259913363065677
image_8097,0.0002719781875286595
image_8098,4.941623481159777e-05
image_8099,0.0011781562336296216
image_81,0.00020279150364658133
image_810,0.7937884031510799
image_8100,0.000621904408486452
image_8101,1.9618059506854835e-05
image_8102,0.002528016548185707
image_8103,0.7940963054323225
image_8104,0.01066036482384756
image_8105,0.000257344981441241
image_8106,0.0006032351067162086
image_8107,0.0009046081220104394
image_8108,0.0012746401451167164
image_8109,0.0006671746823898284
image_811,1.0899342488807863e-05
image_8110,3.1532176497160226e-05
image_8111,0.00012505289246192457
image_8112,3.424487701543941e-05
image_8113,2.6835783700610392e-05
image_8114,0.8125412804521023
image_8115,5.265620543950257e-06
image_8116,0.0014156942057330893
image_8117,1.2413186857065722e-05
image_8118,0.00016149696144904154
image_8119,0.0004064046767915422
image_812,7.280695586567015e-05
image_8120,0.000628003926272713
image_8121,2.4430698632570423e-05
image_8122,4.99368650791857e-05
image_8123,0.00018826939985002478
image_8124,0.00013295259713026443
image_8125,0.00022734254866601226
image_8126,0.000473213407074796
image_8127,0.0005310179129963168
image_8128,8.509090544766356e-05
image_8129,0.0022262049621484003
image_813,0.00018588157863775006
image_8130,0.00014635136460343137
image_8131,0.0008396717110361734
image_8132,0.0020526238160418486
image_8133,0.00537459121914435
image_8134,0.0003933824318101525
image_8135,0.00011732495476087265
image_8136,0.003111503675503
image_8137,0.0024652448941386807
image_8138,0.00019582976872214295
image_8139,0.9248677890177011
image_814,0.0009744560842410265
image_8140,2.5021482142544937e-05
image_8141,1.945432085645661e-05
image_8142,0.0014756087306734928
image_8143,0.0003907364285880135
image_8144,1.8376372984166693e-05
image_8145,0.0007113811604749457
image_8146,0.0006210920819822813
image_8147,0.0014826084317852248
image_8148,6.395188892184105e-05
image_8149,0.0005277336197181159
image_815,2.3005655341653988e-05
image_8150,0.0005218331170385619
image_8151,4.0547028525505305e-05
image_8152,0.001389397312090175
image_8153,0.00012422995522002288
image_8154,0.0005819148569229939
image_8155,5.129693756824307e-05
image_8156,3.583345493831996e-05
image_8157,0.7954317730563536
image_8158,4.482287577991732e-06
image_8159,3.13213952065044e-05
image_816,0.000173078318559649
image_8160,0.00044230986618032695
image_8161,0.0030265849893502837
image_8162,0.20535766580685788
image_8163,4.484172125888802e-05
image_8164,0.00016234139209232991
image_8165,0.9942614024285703
image_8166,0.8060472401131251
image_8167,3.331154597142913e-06
image_8168,0.012772853999730405
image_8169,4.847811969311872e-05
image_817,0.00035274103263875016
image_8170,0.0007196176041205559
image_8171,1.742649569032939e-05
image_8172,0.0008028525142466153
image_8173,0.001198908097648577
image_8174,0.0002909078146963771
image_8175,0.0006108498695243708
image_8176,0.00026577802548536234
image_8177,0.0018803136214930107
image_8178,0.00021500105530333218
image_8179,0.000353388820924554
image_818,0.000439899582758261
image_8180,0.8106420824331899
image_8181,0.0014966180434371145
image_8182,0.000780513895740393
image_8183,0.00011282766261872879
image_8184,0.8588737192305512
image_8185,0.793551604658559
image_8186,2.3153834918245136e-05
image_8187,0.00030011858820398307
image_8188,9.708977469617726e-06
image_8189,0.89239336339259
image_819,3.315690333000251e-05
image_8190,0.00024594508624083193
image_8191,0.00010214765889653206
image_8192,0.00013188928641344033
image_8193,0.8599926012286154
image_8194,0.0005214230353905517
image_8195,0.00036750165114684467
image_8196,0.7992583246919157
image_8197,0.0002748121622751106
image_8198,0.0007588959242002732
image_8199,0.0004382089850919599
image_82,2.0718953808066593e-05
image_820,2.6188466561096514e-05
image_8200,0.004034546133576284
image_8201,0.0003349063779474947
image_8202,0.00378253313486563
image_8203,0.0001745938923087665
image_8204,0.00032207681503698595
image_8205,0.00016166071794524177
image_8206,0.0006862034451329723
image_8207,1.0503356642705119e-05
image_8208,0.0001497555014412168
image_8209,0.003974759021738175
image_821,0.0064921427205608395
image_8210,0.0001746343504438825
image_8211,0.00020526558054643693
image_8212,2.6616426086216732e-05
image_8213,6.21254520525997e-05
image_8214,0.9076952948621309
image_8215,0.00013930746439751052
image_8216,0.00038052366857420193
image_8217,0.0001313717944978561
image_8218,0.00020578480325611162
image_8219,0.0002499645004615427
image_822,0.0010365524308514995
image_8220,0.8440471135746943
image_8221,0.00028412395538400146
image_8222,0.9994816033266929
image_8223,8.008650864040208e-06
image_8224,0.00023875263432744081
image_8225,0.00014490861713189088
image_8226,0.8105162813867792
image_8227,0.00013512459418752934
image_8228,0.00016627623135305846
image_8229,7.350325679773126e-05
image_823,0.0022036383939380774
image_8230,0.00022808551859075811
image_8231,9.020322469037095e-05
image_8232,0.0004766351336591877
image_8233,0.7987423382028523
image_8234,0.0005164636344671354
image_8235,0.0014891387304456453
image_8236,3.91510613751995e-05
image_8237,0.0003356672372382357
image_8238,0.000989350521220202
image_8239,0.00012732721067404442
image_824,0.14981487445658812
image_8240,3.847899669561903e-05
image_8241,0.00011039903797433605
image_8242,2.558944395532418e-05
image_8243,0.8524484244134183
image_8244,0.79859709521463
image_8245,0.0015616505777001524
image_8246,0.8054353534185639
image_8247,0.017183405397323527
image_8248,7.498998843393084e-05
image_8249,0.0004703999412571763
image_825,0.8249710877620293
image_8250,0.0004384102993011383
image_8251,0.005653281523091511
image_8252,0.7946420047733287
image_8253,0.004243606536626827
image_8254,0.7960141613231568
image_8255,0.0013548860246482472
image_8256,0.000648967579534595
image_8257,0.0003000004282015851
image_8258,0.00032100467683546154
image_8259,0.0001847239258319895
image_826,0.006054499388786072
image_8260,0.001516295956888527
image_8261,0.0012321262232524385
image_8262,0.000124356218679866
image_8263,0.0031162552084786255
image_8264,0.00015925996818072244
image_8265,0.9955078479040192
image_8266,0.00016070805380737763
image_8267,0.00015534611883105066
image_8268,0.0001770853978291518
image_8269,0.001405797725501877
image_827,8.58731033677177e-05
image_8270,0.9995124638834036
image_8271,0.012561755435619359
image_8272,0.00012622188387579562
image_8273,0.1091212222493189
image_8274,0.000808589596811741
image_8275,1.9028429465180935e-05
image_8276,5.7133416637464556e-05
image_8277,5.852403074041679e-05
image_8278,0.0051834057501367135
image_8279,3.2857771691596394e-05
image_828,7.79371933843906e-05
image_8280,0.9494149084073482
image_8281,0.0004144114537421854
image_8282,0.00011062748057792035
image_8283,0.00033455854159236963
image_8284,0.0005180164803301349
image_8285,0.7959899459815049
image_8286,0.0005196557616870063
image_8287,0.0012162833307851788
image_8288,8.177660603268295e-05
image_8289,0.0011139732476629582
image_829,0.00022543875915084668
image_8290,0.7957402344311338
image_8291,0.0010443707720419755
image_8292,0.0008263873600759242
image_8293,0.00015148410701428173
image_8294,0.029413683101106213
image_8295,0.00012833379809061113
image_8296,0.0003384927852451953
image_8297,0.0011494074148638807
image_8298,6.668311342105571e-05
image_8299,0.0028430983113655293
image_83,0.028139380739520693
image_830,0.001333913080113752
image_8300,0.0010966986645062557
image_8301,4.5338454968617073e-05
image_8302,5.514909893364965e-05
image_8303,0.00010702506755683349
image_8304,4.481544499543961e-06
image_8305,6.32820765116818e-05
image_8306,0.001984022965881162
image_8307,0.000187750570298462
image_8308,0.00022592664285239354
image_8309,0.010831084071573406
image_831,0.00012593746388405976
image_8310,0.00016018734285207863
image_8311,0.0005795301525100694
image_8312,0.0161557327151332
image_8313,8.571811755297078e-05
image_8314,0.00012247896463038458
image_8315,8.51155253305426e-05
image_8316,0.0013688628085316017
image_8317,0.0004770862622017117
image_8318,7.239792475152215e-05
image_8319,7.737170706692326e-06
image_832,6.242006030994501e-06
image_8320,0.004555565161607483
image_8321,3.6714728134026776e-06
image_8322,0.00019812806084236698
image_8323,0.00017734782151427483
image_8324,0.7968526461178316
image_8325,0.019653119628400353
image_8326,0.00019901082122661986
image_8327,0.049788138925237514
image_8328,8.130042388259162e-05
image_8329,7.401909345755723e-05
image_833,0.0005635817946290914
image_8330,0.0014991832075243363
image_8331,0.0023486077654572687
image_8332,0.003110920430007342
image_8333,0.0001689551330641506
image_8334,8.105302558452025e-06
image_8335,1.8369492867326968e-05
image_8336,3.4337727328417e-05
image_8337,0.0009854432012332925
image_8338,0.0005485902472600719
image_8339,1.857142587050602e-05
image_834,0.9806326535083448
image_8340,0.0017724781213752875
image_8341,3.4086007629719304e-06
image_8342,0.00014812110361272108
image_8343,0.0018068362841126562
image_8344,0.002818297211424573
image_8345,0.19599147066799003
image_8346,9.818706019898852e-05
image_8347,4.38460087581284e-06
image_8348,0.008821043756194465
image_8349,1.0857281355366988e-05
image_835,0.007727406496069943
image_8350,0.00030791570247583707
image_8351,0.7932145201627306
image_8352,1.2724824149640392e-05
image_8353,0.794457327054619
image_8354,0.00019591791806310206
image_8355,0.0002836708724309416
image_8356,0.0018086341504768763
image_8357,4.2204334983071736e-05
image_8358,3.197548035906869e-05
image_8359,4.6341493442501536e-05
image_836,7.560294272513886e-05
image_8360,1.7906898955325558e-05
image_8361,9.885107272118347e-06
image_8362,1.037874934023979e-05
image_8363,0.00026520849094897024
image_8364,0.8448331286485752
image_8365,0.0012971675671376482
image_8366,0.00035205432706972506
image_8367,0.0018965768486804949
image_8368,7.214838067541239e-06
image_8369,0.0011795225281395522
image_837,0.00014171153343919477
image_8370,0.00018239682906721395
image_8371,2.18577398039573e-05
image_8372,0.00014351125408954387
image_8373,8.290895515761887e-06
image_8374,0.0002175837513954421
image_8375,0.0002314094028068177
image_8376,0.053942821617099054
image_8377,0.00012094943366694633
image_8378,0.0056283757605942505
image_8379,0.0003485523423865823
image_838,0.0001274841756094203
image_8380,1.5392435828943377e-05
image_8381,0.0007160609747374265
image_8382,0.09530697792551898
image_8383,0.8039381517179989
image_8384,0.00024856134025701956
image_8385,0.0009938381139849403
image_8386,3.146470932040256e-05
image_8387,0.9498176711385817
image_8388,1.6697400805472375e-05
image_8389,0.0001711902302022289
image_839,0.0049271499090337316
image_8390,0.004537575246413551
image_8391,0.0015273556713442733
image_8392,0.00016043361916754978
image_8393,0.0002586222892716663
image_8394,0.00035180554367777387
image_8395,0.00022554649285042266
image_8396,0.0002125522860316302
image_8397,0.8556379448626761
image_8398,5.6738407669612645e-05
image_8399,6.604101701307227e-06
image_84,0.00015211590442297616
image_840,7.04350159292104e-05
image_8400,0.000444314852114671
image_8401,5.1654569849219234e-05
image_8402,0.00032761978270618754
image_8403,9.958841528335818e-05
image_8404,0.002952938971493289
image_8405,0.029796879711064116
image_8406,0.002205337938668623
image_8407,0.0005008588022928238
image_8408,0.00018142448810323629
image_8409,0.00012968427711473483
image_841,4.800813324056965e-05
image_8410,0.0006783762347343132
image_8411,0.00015675131181599073
image_8412,0.000321147242952673
image_8413,0.00021273048729835057
image_8414,0.7960625861087245
image_8415,0.8049522232164307
image_8416,0.00032421032944241894
image_8417,0.0001974946064064142
image_8418,0.0006191193935817709
image_8419,0.0025288332784332967
image_842,0.994897985340678
image_8420,0.0001054789714524053
image_8421,3.855826660471914e-05
image_8422,0.0003815367469523578
image_8423,0.00015836580653827296
image_8424,2.352738964631405e-05
image_8425,0.004359979485155274
image_8426,0.006244495784575363
image_8427,0.003514386736515651
image_8428,0.0005573191803179519
image_8429,0.001028348416840129
image_843,0.9785583823586169
image_8430,6.953595336726162e-05
image_8431,0.00074679748957463
image_8432,8.23137635178133e-05
image_8433,0.00129615993694657
image_8434,0.7917436601899538
image_8435,4.416117224928644e-05
image_8436,9.284294042767473e-05
image_8437,0.015247789528016586
image_8438,0.009834351741912281
image_8439,0.0003507487590370126
image_844,0.002187807072511809
image_8440,0.004609035473464165
image_8441,0.8109276615596546
image_8442,0.000546220013536179
image_8443,0.0005440374139311109
image_8444,0.798792124109894
image_8445,0.0008696915052774252
image_8446,6.616658043785482e-05
image_8447,0.004102248478363074
image_8448,2.5375482841795633e-05
image_8449,0.0005714366120446083
image_845,0.005607559783878616
image_8450,0.003303141407490045
image_8451,0.7925812674068085
image_8452,0.00014052264716237346
image_8453,0.0001751692227339045
image_8454,0.0003926863534391486
image_8455,2.4926402010684573e-05
image_8456,0.8878118229976397
image_8457,0.007762211104439462
image_8458,0.02032155733502166
image_8459,0.0001694125283522843
image_846,0.0009974672911077322
image_8460,0.001111282523651153
image_8461,0.00036860347223662384
image_8462,0.000225326032218627
image_8463,0.0019824730877276995
image_8464,0.00015957171211392526
image_8465,5.002845198185206e-05
image_8466,0.0011675774856317362
image_8467,0.968053823774828
image_8468,0.8051760789062739
image_8469,0.00266118810461611
image_847,0.0008761552143878758
image_8470,0.00038014023400288283
image_8471,0.0002500463341894542
image_8472,1.604273055487968e-05
image_8473,0.00023479636265200075
image_8474,1.9030390416405353e-06
image_8475,0.00011873431233548344
image_8476,0.011918051084449804
image_8477,0.0005994041165498848
image_8478,9.973563628917787e-05
image_8479,0.00016074631109966867
image_848,0.013651236913069766
image_8480,4.828988202218071e-05
image_8481,0.00012632375812818866
image_8482,0.7982798859207527
image_8483,0.006960818814570777
image_8484,0.00025624807333063393
image_8485,0.0006602505647838295
image_8486,0.0004916636334641629
image_8487,1.8861634411090004e-05
image_8488,0.007496812424914926
image_8489,0.00039576568909180306
image_849,0.00024203181248646472
image_8490,0.0001734225229318031
image_8491,0.0014812321864047279
image_8492,0.00013589250326063093
image_8493,0.0003069652878002884
image_8494,0.00162045023047965
image_8495,0.0005587852339136983
image_8496,2.4196384886728066e-05
image_8497,0.0015816983678014333
image_8498,0.0030412199927787233
image_8499,0.004654565480098625
image_85,0.000617646101639774
image_850,0.00014005525928899643
image_8500,9.386084349611574e-05
image_8501,6.8255796464392895e-06
image_8502,0.0002103428565943305
image_8503,4.525032367753372e-05
image_8504,0.001788303013376242
image_8505,8.747691627843236e-05
image_8506,5.932537893609612e-05
image_8507,5.273601526653187e-05
image_8508,7.810199251688165e-05
image_8509,1.445545558343389e-05
image_851,0.0026672628981749143
image_8510,3.639367777866733e-05
image_8511,0.00017751731656348056
image_8512,0.0005251731405580316
image_8513,0.9933084165834597
image_8514,0.8670125100496625
image_8515,0.00046611450426175085
image_8516,0.0006498437506121241
image_8517,0.0004880621564574882
image_8518,0.001676353621664089
image_8519,0.7968704006364508
image_852,1.7796751767416348e-05
image_8520,0.0005911277038157173
image_8521,0.00014952255107249834
image_8522,1.2110789741811153e-05
image_8523,0.0004562897006061062
image_8524,0.00017935008827764262
image_8525,0.03400966146500713
image_8526,0.0009919406779000492
image_8527,0.0016301341494153868
image_8528,6.999060263966678e-06
image_8529,0.7994319727629122
image_853,4.707134869093453e-05
image_8530,0.0018232929604266985
image_8531,0.0009397067012037116
image_8532,0.00013947504985859305
image_8533,0.026458823570888405
image_8534,0.00108166471996587
image_8535,0.0003196470074247137
image_8536,0.0018709090473009217
image_8537,2.570319499825932e-05
image_8538,0.00015632702985640838
image_8539,0.00045007963930308815
image_854,7.500736264789938e-05
image_8540,4.657338770922918e-05
image_8541,0.0002276356040532426
image_8542,0.8020703533967218
image_8543,0.000698096540843332
image_8544,0.0002916820592631056
image_8545,0.0030425131936519427
image_8546,0.0011727704131312437
image_8547,0.0004694421766037591
image_8548,0.0005560374535094122
image_8549,0.7958565448373738
image_855,6.915568492964894e-05
image_8550,6.51212183812791e-05
image_8551,7.739491508752206e-05
image_8552,0.008222852615861429
image_8553,0.15318830346187026
image_8554,0.00022133353663361132
image_8555,0.00010297664454513582
image_8556,0.0004592529047034254
image_8557,0.010398284763339318
image_8558,0.14865063994935487
image_8559,0.00013247311884984596
image_856,2.811541862125388e-05
image_8560,0.00045430221394856553
image_8561,3.7219641163430776e-05
image_8562,5.212640161413832e-05
image_8563,0.00012886466859044144
image_8564,0.001601056413692966
image_8565,0.8367522172723257
image_8566,4.1032725277044385e-06
image_8567,0.00039816478941820334
image_8568,0.001684898145400552
image_8569,0.06869033782064371
image_857,0.7984768066369863
image_8570,0.7986685579841187
image_8571,0.003408143818255836
image_8572,0.00011914126610311684
image_8573,0.0007022868972555526
image_8574,3.1561141955102416e-05
image_8575,0.0007482225891803993
image_8576,0.0003106076443436503
image_8577,0.9992261296667362
image_8578,6.392339805997118e-05
image_8579,0.00016267738997084065
image_858,0.00012060962539179995
image_8580,0.006459471188860385
image_8581,0.00013899384434404755
image_8582,5.301289581263907e-05
image_8583,0.015694740561256033
image_8584,0.0011184847677300888
image_8585,5.503292313557335e-05
image_8586,0.0011282388300818587
image_8587,0.0007492715976747241
image_8588,0.0009794386187086427
image_8589,0.9924889999504645
image_859,0.00085758096814223
image_8590,3.279686150982582e-05
image_8591,0.02478589592946188
image_8592,0.0012620987676074504
image_8593,0.7953188521876952
image_8594,1.1591085174531554e-05
image_8595,0.00013932289896134999
image_8596,0.1864263712423569
image_8597,8.913902501205498e-05
image_8598,2.5856121351180235e-05
image_8599,0.0013611582241112449
image_86,0.0006880734938112935
image_860,0.9955094597366587
image_8600,1.0774893299365552e-05
image_8601,0.000317117533214016
image_8602,0.00032797731863161515
image_8603,5.4727964794801416e-05
image_8604,0.00018969569038579436
image_8605,2.0964266372519783e-05
image_8606,1.5770640687731133e-05
image_8607,0.0008579335538029906
image_8608,0.00011440467951629684
image_8609,0.00569140012203964
image_861,0.993391898785237
image_8610,2.8982473552223084e-05
image_8611,0.00015262238740098747
image_8612,0.7928817530512161
image_8613,0.0001797162469061318
image_8614,0.0011585833759989194
image_8615,0.004717777802166737
image_8616,5.44548726490492e-05
image_8617,2.750322103881477e-05
image_8618,0.0017262368315531407
image_8619,0.000872062787529664
image_862,0.8824258020448502
image_8620,3.632796732163155e-05
image_8621,0.0002600113300900892
image_8622,0.8064321803686225
image_8623,0.0002927375840174963
image_8624,1.8002346184761025e-06
image_8625,0.02759172727234962
image_8626,2.453563538331603e-05
image_8627,0.002139525716644274
image_8628,1.152435087284829e-05
image_8629,0.9678806541614714
image_863,0.9881678493073105
image_8630,6.565869075740376e-05
image_8631,0.0009400510074933099
image_8632,4.2682975765922796e-05
image_8633,0.006203386306867722
image_8634,0.0006989529006564994
image_8635,2.22102119797903e-05
image_8636,8.8283404862182e-05
image_8637,0.0005209726629928892
image_8638,9.215063055042166e-06
image_8639,0.06867242637714599
image_864,0.0009599218030826946
image_8640,0.9984646380218732
image_8641,0.004926923657336066
image_8642,0.0001550856350193699
image_8643,0.004145733175642803
image_8644,0.8202101654321936
image_8645,2.5690254301145164e-05
image_8646,0.08848536590796006
image_8647,0.00042653281144699047
image_8648,0.0016637458235016834
image_8649,0.0018213414069937445
image_865,6.561223195899863e-05
image_8650,0.0015248490205226704
image_8651,0.00015044950898195972
image_8652,0.001744996965146986
image_8653,0.7986408298246067
image_8654,0.00020598023426866225
image_8655,0.012400615744677698
image_8656,0.9575744149113394
image_8657,0.00020083756225751565
image_8658,7.413575335302415e-05
image_8659,2.0255171914723066e-05
image_866,0.0010078172734530484
image_8660,2.299360429093833e-05
image_8661,0.0024149776954073823
image_8662,0.0003196830042692545
image_8663,7.540386421210574e-05
image_8664,0.8188687617504884
image_8665,0.0005277028747918702
image_8666,0.9343915813124555
image_8667,0.00014875655236290473
image_8668,0.8054740494887419
image_8669,0.0030347292418515313
image_867,4.03589325686751e-05
image_8670,0.002590844904992248
image_8671,4.317591904063104e-05
image_8672,0.00026313147556590014
image_8673,8.59494786096033e-06
image_8674,1.217859278477348e-05
image_8675,6.539806173390728e-05
image_8676,0.1348463397648886
image_8677,2.5371326819930935e-05
image_8678,0.008553038385356336
image_8679,0.0005397327278324843
image_868,0.004611124293875336
image_8680,0.0015342068023804097
image_8681,8.959591744872249e-05
image_8682,0.0014450172429470221
image_8683,2.763201312174512e-05
image_8684,5.1061913939633356e-05
image_8685,0.9976276294852958
image_8686,0.0002239424411067659
image_8687,0.00013777663867502169
image_8688,0.0007518086399178848
image_8689,0.001066978312255267
image_869,0.00040419517497052514
image_8690,0.00016382372177647686
image_8691,0.8468503558783821
image_8692,0.0011042750738585916
image_8693,0.0004393448318261448
image_8694,0.00026264525679051603
image_8695,0.0007123101339876719
image_8696,2.954828642279927e-05
image_8697,0.7989585737004268
image_8698,0.00023616485972759873
image_8699,0.0019159912286787987
image_87,7.226238775620232e-05
image_870,0.9917609902417617
image_8700,9.494451571887862e-05
image_8701,0.008120739227490795
image_8702,4.7066168890469765e-05
image_8703,0.0005570808937761521
image_8704,0.0009813864464367672
image_8705,0.000315342438256918
image_8706,2.240351643708115e-05
image_8707,0.0007726667690430574
image_8708,2.8599598112481572e-05
image_8709,0.00010261520885284827
image_871,0.0009143711623890809
image_8710,2.963367709458187e-05
image_8711,0.002351188362903745
image_8712,8.967375058915636e-06
image_8713,0.7971578306258829
image_8714,0.00045804812043581173
image_8715,0.0017703359873351833
image_8716,0.0008531667518599966
image_8717,0.005253199385001985
image_8718,0.00024197788118396547
image_8719,1.1890616695533825e-05
image_872,4.835991061133991e-05
image_8720,0.00479302718940075
image_8721,8.533679224218785e-05
image_8722,0.00015492047264375883
image_8723,0.7999862197508966
image_8724,0.02260704304969479
image_8725,0.9633614731680862
image_8726,9.745144167411712e-05
image_8727,0.04867178941130129
image_8728,5.3886395007013485e-06
image_8729,0.0003588930373329196
image_873,0.0004072408994599051
image_8730,0.8020843056812668
image_8731,0.002708300504377678
image_8732,0.00020738608319760137
image_8733,0.7963350633931364
image_8734,0.00015596624183045391
image_8735,0.0011080016688631892
image_8736,0.8886674647258666
image_8737,0.001489717879709719
image_8738,0.0004287928644936367
image_8739,0.00044656623454402073
image_874,5.375834347363928e-05
image_8740,0.9082537566435975
image_8741,0.0010046621015488112
image_8742,2.7891963836009174e-06
image_8743,1.1578861839907722e-05
image_8744,0.0006440394008475303
image_8745,0.00014298239996253967
image_8746,9.017168957813623e-06
image_8747,0.0033264780024364143
image_8748,1.937103803948399e-06
image_8749,0.973937474510544
image_875,5.488065737714157e-05
image_8750,0.00023229048891463066
image_8751,0.0009259359046812174
image_8752,5.651247388379365e-06
image_8753,6.415617832862563e-05
image_8754,5.987061148133324e-05
image_8755,0.02882382360841157
image_8756,0.0001800729374418308
image_8757,4.303680849115348e-05
image_8758,1.920830984854317e-05
image_8759,0.00038579506068075526
image_876,0.000305132813443133
image_8760,0.00015605656443814296
image_8761,0.0010231070149339433
image_8762,0.0003545047027953209
image_8763,0.00011099312166740614
image_8764,0.9976618779027524
image_8765,0.8343350611562046
image_8766,0.0002306850985121153
image_8767,3.523906561060347e-05
image_8768,0.00013211681938284987
image_8769,0.0012031917761412916
image_877,0.0003300403414270594
image_8770,0.008766570845759828
image_8771,0.002713625673543503
image_8772,1.4215685560269829e-05
image_8773,0.8643347109645848
image_8774,0.9149713535636117
image_8775,1.8841820278261248e-05
image_8776,0.9277432133911299
image_8777,0.8115783080983636
image_8778,0.00011739672022131207
image_8779,0.00033328012800226236
image_878,0.003160601382741201
image_8780,0.7921001480573309
image_8781,0.0013318563735585797
image_8782,0.00025557399482355073
image_8783,0.0015378296747607175
image_8784,0.0008217762609570676
image_8785,0.0021205934498046953
image_8786,0.0006178866696901795
image_8787,0.800339425343393
image_8788,0.002593810885424471
image_8789,0.9966447376431311
image_879,0.00021544320813500652
image_8790,0.012117345617901967
image_8791,0.008721345861982505
image_8792,0.0005657505037876867
image_8793,5.407126826856622e-05
image_8794,8.892675193691104e-06
image_8795,0.00010972405342910387
image_8796,0.8927647022516156
image_8797,4.283062034038538e-06
image_8798,0.18973501451532052
image_8799,0.0002141725524241075
image_88,0.018513959704818225
image_880,0.00015530619908029253
image_8800,0.00019976430618501252
image_8801,0.0003222790810120363
image_8802,0.0005540547354071168
image_8803,0.002738863412737726
image_8804,0.9116157840114341
image_8805,2.1169182037835503e-05
image_8806,0.00012347212177285096
image_8807,0.00011400727691087526
image_8808,0.8040615000126152
image_8809,0.00014652664344454663
image_881,2.5996482808332228e-06
image_8810,0.0005339551808306708
image_8811,2.4914224470931655e-05
image_8812,3.1978934591940836e-05
image_8813,0.8006023594105232
image_8814,0.034586671150728464
image_8815,0.0030931277602576275
image_8816,0.002868999725997616
image_8817,0.00036110379640153683
image_8818,5.574457644750236e-05
image_8819,0.00014710243642215685
image_882,0.975776289707135
image_8820,0.0012020277654748667
image_8821,0.0001325823990447991
image_8822,2.289333702576166e-05
image_8823,2.4232323178787155e-05
image_8824,1.8705890606512727e-05
image_8825,0.0002135980428239224
image_8826,0.00013668646071518216
image_8827,4.266617535396867e-06
image_8828,9.537476055896193e-05
image_8829,0.0033219019959377662
image_883,0.001888249178233007
image_8830,0.9021919707862944
image_8831,0.008239044232652315
image_8832,0.0014442549109614752
image_8833,0.000300538814972944
image_8834,4.64763254669908e-05
image_8835,5.412580330039176e-05
image_8836,0.08405956327312882
image_8837,0.9211543530935572
image_8838,0.0001692969189809702
image_8839,0.00022494264608656777
image_884,0.0007740868157280488
image_8840,3.014787053955063e-05
image_8841,0.8594600730745368
image_8842,0.0001748943706420058
image_8843,0.00017181233356387452
image_8844,0.1537580763913582
image_8845,0.00015621559741894165
image_8846,0.1359313329444909
image_8847,2.617014408191494e-05
image_8848,0.000426256508542929
image_8849,0.005877389475328789
image_885,0.0005572353621924336
image_8850,7.68990006012928e-05
image_8851,0.848816856436202
image_8852,0.0006217523886091757
image_8853,0.000316739264986274
image_8854,0.0010551441304460728
image_8855,0.00018352898996337386
image_8856,0.00035508223912443325
image_8857,0.00239379066557909
image_8858,0.0008669566144540921
image_8859,0.9986004429048974
image_886,0.00243928240246774
image_8860,0.0014143845423955205
image_8861,0.000778926341275625
image_8862,0.0013393462687921742
image_8863,0.0016301558754843585
image_8864,6.6880286287404e-05
image_8865,0.9991166737859472
image_8866,0.0044720584776830035
image_8867,2.2824946808500305e-05
image_8868,0.06196165835625093
image_8869,0.000248419007430018
image_887,0.022227714196022277
image_8870,0.0021575971214490308
image_8871,0.00014506964307329774
image_8872,0.00010959999267729124
image_8873,0.893878420196612
image_8874,1.3595048868458269e-05
image_8875,1.2927810355203177e-05
image_8876,0.0005603309893149555
image_8877,0.00047653781555578764
image_8878,0.0014186943972697
image_8879,0.001142208998096806
image_888,6.348712335863252e-05
image_8880,5.26956291236078e-05
image_8881,1.6116227963158766e-05
image_8882,3.276138032139572e-05
image_8883,0.7958904634597798
image_8884,0.01314424286221387
image_8885,0.0007723153015299418
image_8886,0.01044511606007378
image_8887,9.860118280650903e-05
image_8888,1.9674584625843404e-05
image_8889,0.00014423454950933585
image_889,7.820361985038175e-05
image_8890,2.5682343937480986e-05
image_8891,0.9849745549608556
image_8892,5.1275486568340983e-05
image_8893,0.9920443725774758
image_8894,0.0006048481570865543
image_8895,0.1885256382841805
image_8896,0.00015037380955228353
image_8897,8.035951320659374e-06
image_8898,0.0199639053107928
image_8899,0.9619290255205326
image_89,0.00028886467546367165
image_890,1.0841349465361309e-05
image_8900,0.004229433775134627
image_8901,0.00010810303600960486
image_8902,0.002040036917778468
image_8903,4.0231868698522914e-05
image_8904,0.0003739661461668349
image_8905,0.12207880984628874
image_8906,0.03320714024217737
image_8907,1.4018224625509364e-05
image_8908,0.00012722259391007593
image_8909,0.0008503790509200096
image_891,0.0008484295199160701
image_8910,0.00014874570598083842
image_8911,0.8032300722249474
image_8912,7.8296158304101e-05
image_8913,5.115112962927285e-05
image_8914,0.0007410716508364065
image_8915,0.8567689135641168
image_8916,8.38612987928901e-05
image_8917,0.0005752096944870593
image_8918,0.006447848071830797
image_8919,0.00010352076880358557
image_892,0.00015906593800240663
image_8920,0.025049209547535672
image_8921,0.0020223874252709977
image_8922,0.9990980801297071
image_8923,0.0028866455130676385
image_8924,0.0002423650187359882
image_8925,0.00631560087127842
image_8926,1.676097930975192e-05
image_8927,0.007733104499341653
image_8928,2.4744830551970378e-05
image_8929,0.0009126416657827239
image_893,0.0008560431957455034
image_8930,0.0001599958482836705
image_8931,4.850932358708564e-05
image_8932,0.0031897593762959314
image_8933,0.00022022604310229112
image_8934,2.3851939205750596e-05
image_8935,0.0004718179571370577
image_8936,0.0003541695652196878
image_8937,0.11730879550234292
image_8938,0.0012793536201151188
image_8939,0.00041602824332105426
image_894,0.0004219247171199777
image_8940,3.7666702866064085e-05
image_8941,0.0002656345757930772
image_8942,3.1091358793711345e-06
image_8943,1.2782774776874719e-05
image_8944,0.054199956606100885
image_8945,1.3798203918283302e-05
image_8946,0.00032407451182479597
image_8947,0.03219122078412569
image_8948,0.00019096793975602092
image_8949,0.9834890864288308
image_895,3.7982488126461915e-05
image_8950,1.890412945962982e-05
image_8951,0.0017141909563022513
image_8952,1.0317917381775742e-05
image_8953,0.00019023365743521772
image_8954,3.195438838069817e-05
image_8955,4.3142769268182766e-05
image_8956,1.831695668348005e-05
image_8957,3.6611840974748883e-05
image_8958,0.7946013028524109
image_8959,0.9801202241862654
image_896,5.197658463783091e-05
image_8960,0.006410989083265288
image_8961,0.12107402606210971
image_8962,0.0010482428631177602
image_8963,0.00011167495803203794
image_8964,0.00026636931738989076
image_8965,0.797225717390077
image_8966,0.7945102523619652
image_8967,4.011641511473755e-06
image_8968,0.00026253560987963095
image_8969,3.320449628241091e-05
image_897,0.0010926795302802555
image_8970,0.0006195183688779779
image_8971,0.0010530081743087357
image_8972,5.310097013550622e-05
image_8973,0.0012276603530225194
image_8974,0.7964102476460542
image_8975,0.888350351434865
image_8976,0.00013786414980401055
image_8977,4.458733350242083e-05
image_8978,0.00035663916385136207
image_8979,0.0001686144714313521
image_898,4.0168994947686365e-05
image_8980,0.00029335541629977165
image_8981,0.00041170793784971703
image_8982,0.000633543777221267
image_8983,0.0009566953812992493
image_8984,0.0005168576436182196
image_8985,0.00016404993247289885
image_8986,0.9984448795491238
image_8987,0.00017819928050579658
image_8988,0.0002249405970524589
image_8989,0.0001854274870564615
image_899,1.1975803855785354e-05
image_8990,0.0005861000060220894
image_8991,0.0001542677704081971
image_8992,0.1348059696399344
image_8993,0.0005289729416782403
image_8994,0.0002466088406157086
image_8995,0.7902850480012813
image_8996,0.8395583725649928
image_8997,0.04103344683253558
image_8998,0.7979410352230041
image_8999,0.0009246386761638696
image_9,7.421421394167302e-05
image_90,0.00039330794437722184
image_900,1.5744995301681794e-05
image_9000,2.1698398381329e-05
image_9001,0.00041993734393874283
image_9002,0.8650000063260521
image_9003,2.9861792952058366e-05
image_9004,8.212320417744443e-05
image_9005,0.003379667610722943
image_9006,0.993041216285356
image_9007,0.018362993602900196
image_9008,0.0015426263358049928
image_9009,0.00025140010832087905
image_901,0.0002529774608679539
image_9010,0.12829881200397514
image_9011,0.0008292160505861918
image_9012,0.00015018079387965603
image_9013,0.0006486232151497731
image_9014,0.0001167769684155137
image_9015,0.0007410613482115475
image_9016,0.9647030039613067
image_9017,0.0027156271305989335
image_9018,0.0005180450913291173
image_9019,0.00028909494837757514
image_902,0.001305856816739709
image_9020,0.8560723720499765
image_9021,1.9477036643790648e-06
image_9022,0.00045600805503646723
image_9023,4.870789311102056e-05
image_9024,0.9997948807125197
image_9025,0.8564035671379701
image_9026,0.00030367742182381776
image_9027,0.00017575632129637249
image_9028,0.009590384605704513
image_9029,0.8648579603612225
image_903,0.005867650962595358
image_9030,7.184222376296281e-05
image_9031,0.00023403839731825482
image_9032,0.00011454603325520069
image_9033,0.00010003977063627275
image_9034,0.0007180047543881051
image_9035,0.0011238983599938374
image_9036,0.00017896305106390414
image_9037,0.0009408280851839756
image_9038,0.0021681989344736947
image_9039,0.003326890176661148
image_904,0.0001068882793667676
image_9040,0.0008434033206424646
image_9041,0.0001069067427735896
image_9042,9.881148170155182e-05
image_9043,0.0005002735359251282
image_9044,0.03457535411381111
image_9045,0.0002139107512339025
image_9046,0.0005418601709790567
image_9047,6.36699668680635e-05
image_9048,7.396158993244298e-05
image_9049,7.998066086292702e-06
image_905,0.0012938026251670637
image_9050,0.0006698261343632085
image_9051,0.0030579528542867052
image_9052,0.03731240533542397
image_9053,0.052129963501694035
image_9054,0.7906905317226195
image_9055,0.998259457017379
image_9056,0.0007266119022064377
image_9057,2.1823122561126982e-05
image_9058,1.5329052564084516e-05
image_9059,0.00016809404749929015
image_906,0.8490324521588434
image_9060,0.00070852697428711
image_9061,0.0003461359664429367
image_9062,0.005991455214629002
image_9063,0.004478631455615015
image_9064,0.0003765796446139951
image_9065,0.002094450124647713
image_9066,0.0001291357937984637
image_9067,2.424277216525869e-05
image_9068,0.0012905765530904817
image_9069,0.995144741952782
image_907,2.6890909089531355e-06
image_9070,2.7551049665571556e-05
image_9071,0.00023254646362209382
image_9072,0.002887790436701434
image_9073,0.00028721806885637785
image_9074,0.003471993421025915
image_9075,0.0001215479306008063
image_9076,0.001176393970668802
image_9077,0.0005838917127383349
image_9078,1.126601999377088e-05
image_9079,0.0015163852612104724
image_908,0.00031841965405596365
image_9080,0.0016009107742247456
image_9081,0.006133611647416651
image_9082,0.0009381349214295121
image_9083,0.0007805720611902601
image_9084,1.0660955685617143e-05
image_9085,7.95385550886466e-06
image_9086,0.000902479224282524
image_9087,0.0012631912343639379
image_9088,0.9990977993004346
image_9089,0.0004575881385193348
image_909,7.531833611794459e-05
image_9090,0.9682641306267168
image_9091,0.0003912298936646111
image_9092,0.8069905618590247
image_9093,4.363006940544331e-05
image_9094,0.0003940954189720497
image_9095,0.00032061797635190583
image_9096,0.00042701547001284753
image_9097,0.00018134618921613813
image_9098,0.0006182776317081523
image_9099,0.00035284717581847555
image_91,3.61053627870105e-05
image_910,0.0027403227782843006
image_9100,0.00014813986665418417
image_9101,0.0005170623658543092
image_9102,0.0003784316557107985
image_9103,2.4424480632266424e-05
image_9104,0.002698875842673865
image_9105,0.0025023804405305662
image_9106,0.7953842030090772
image_9107,7.854745183215092e-05
image_9108,0.001311945310818563
image_9109,0.0003816884775893571
image_911,0.0009176066795859878
image_9110,0.0006744962718052163
image_9111,0.00017558614509714207
image_9112,7.587122697880551e-05
image_9113,0.009200682711187198
image_9114,0.9733431253388705
image_9115,0.000438196539079994
image_9116,0.0025087956941086827
image_9117,0.00010236425853626027
image_9118,3.3346859722010896e-05
image_9119,0.00027087400126787897
image_912,0.0002917740208944605
image_9120,0.0003598499858546861
image_9121,0.00031282094846885993
image_9122,0.0016861479024211997
image_9123,0.001679558256172146
image_9124,0.00045494160856445945
image_9125,0.7950240597674678
image_9126,0.00012845756083325034
image_9127,4.942837078230917e-05
image_9128,0.0001623824075259295
image_9129,0.0003845146380625192
image_913,0.00019587294229095402
image_9130,0.013578802436954146
image_9131,0.0009013983201352665
image_9132,3.213828771326286e-06
image_9133,0.00029254196411162523
image_9134,0.0005258473834811757
image_9135,0.00011979119746596931
image_9136,0.0013196866722219598
image_9137,1.964730490004401e-05
image_9138,0.010808535284387941
image_9139,8.00366315865005e-06
image_914,0.0012774892438155109
image_9140,1.2165082743569147e-05
image_9141,0.06869093425623748
image_9142,0.0011299591146596523
image_9143,0.0003469262476761422
image_9144,0.0001891582448610938
image_9145,0.0013543214101874295
image_9146,6.170780544361217e-05
image_9147,0.012060346582845298
image_9148,0.9935570528176599
image_9149,9.91356042462644e-05
image_915,3.170420487947074e-05
image_9150,0.0056099508424050015
image_9151,0.9980981074438551
image_9152,0.0003288952240480984
image_9153,2.5171675755997637e-05
image_9154,0.0004109532863298112
image_9155,8.504935137523048e-05
image_9156,0.0003763606864631059
image_9157,2.7664077728422048e-05
image_9158,5.203714185659685e-05
image_9159,0.0006391018891629898
image_916,1.215333868453673e-05
image_9160,1.456712405734974e-05
image_9161,0.0673092030266983
image_9162,4.142794265270047e-05
image_9163,0.003112310780975623
image_9164,0.0012956033665216641
image_9165,0.9454620806685042
image_9166,0.00013115486258614858
image_9167,0.00044828271620932485
image_9168,0.0006048829359953018
image_9169,0.0001996822101023209
image_917,0.0005294418474092401
image_9170,8.204400072166722e-05
image_9171,1.5943387116791446e-05
image_9172,8.259291988287992e-05
image_9173,0.0022893051984958813
image_9174,1.3955581711670662e-05
image_9175,0.7961552128236008
image_9176,3.3235834572174216e-05
image_9177,0.0001624357029027264
image_9178,0.0009776316581623394
image_9179,0.8170501357947723
image_918,0.00014346272334776186
image_9180,1.6381726544027673e-05
image_9181,0.0009316220363969434
image_9182,0.9982256242065667
image_9183,0.0004308594699959781
image_9184,0.0017317617187152222
image_9185,5.04298075567171e-05
image_9186,1.972389079569745e-06
image_9187,0.8068667432992355
image_9188,0.9788390274135415
image_9189,4.056936964028183e-05
image_919,4.8977279947734464e-05
image_9190,0.7906825892792103
image_9191,0.001157041651720991
image_9192,0.00013349618625769445
image_9193,5.697315559177564e-06
image_9194,2.0522984973874467e-05
image_9195,2.1694420594623043e-05
image_9196,0.00017877192698379456
image_9197,0.8001465845414983
image_9198,0.7962167025867845
image_9199,0.8178548087880433
image_92,0.0003042651260339778
image_920,0.7922974605265336
image_9200,0.0007464499145047927
image_9201,0.9942111516088822
image_9202,7.529237443975086e-05
image_9203,8.94623966574918e-05
image_9204,0.0009853155934682726
image_9205,0.0005287646721684961
image_9206,0.0007175998183893831
image_9207,0.010372057675880533
image_9208,0.000493121454911616
image_9209,0.012229731625387414
image_921,0.0016568788144422017
image_9210,0.7953959124968377
image_9211,0.0002991792590738343
image_9212,0.00014569655763021198
image_9213,0.00024792520591730656
image_9214,0.00036136684036454445
image_9215,6.810805659554591e-06
image_9216,9.343884942784819e-05
image_9217,0.1834161205868158
image_9218,0.9934873845964487
image_9219,0.0011693100364561317
image_922,0.005072257256711841
image_9220,0.005322521243358858
image_9221,0.0016183710110615214
image_9222,0.00010969448109759085
image_9223,0.8181830989923679
image_9224,8.974315641088968e-05
image_9225,0.008863229206469115
image_9226,1.976474183445511e-05
image_9227,0.0008685979799516363
image_9228,0.0002921795055729014
image_9229,0.00017384359785571247
image_923,0.00016347345317770828
image_9230,8.026056542015496e-05
image_9231,0.001956165451370472
image_9232,4.1314948366906264e-05
image_9233,8.150571188496903e-06
image_9234,0.0002324715583133706
image_9235,3.508566385373358e-05
image_9236,0.00043403651827612216
image_9237,0.00040498303745446746
image_9238,0.9995735407898076
image_9239,3.969148450858488e-05
image_924,7.24855439355092e-05
image_9240,0.9986768012420603
image_9241,0.0014141158998316468
image_9242,0.0009742307015996171
image_9243,0.003114842335089977
image_9244,2.1745792611616673e-05
image_9245,6.15569330496354e-05
image_9246,0.005446568337393962
image_9247,0.0006314712920966001
image_9248,6.821650593959028e-05
image_9249,0.00011921873406048969
image_925,8.998164099122474e-05
image_9250,3.064012739241775e-05
image_9251,0.0002456399318238021
image_9252,0.0005975199253738338
image_9253,6.378424390144034e-05
image_9254,0.0035224229934520297
image_9255,2.0416554485588764e-05
image_9256,0.002145125404733571
image_9257,9.914164663095087e-05
image_9258,0.8060645732849953
image_9259,0.00016386130850549178
image_926,0.0009052040800465073
image_9260,4.868272377569036e-05
image_9261,0.0008028094252405121
image_9262,0.01198479595374761
image_9263,0.0044137562184082425
image_9264,0.00019765643434161312
image_9265,0.00027392050354393125
image_9266,0.9994451259253259
image_9267,3.6802908690748804e-05
image_9268,0.07287074820749616
image_9269,0.9308100785030474
image_927,0.98743532441098
image_9270,0.00014178364368580684
image_9271,5.5040876491623245e-06
image_9272,0.0008176316518976512
image_9273,0.00041851251867571745
image_9274,0.0012075235123839016
image_9275,9.029333410046677e-05
image_9276,0.0002814036429501858
image_9277,0.00019848556332486937
image_9278,0.0010058007103594037
image_9279,0.0017429957916222597
image_928,0.00018762830506322236
image_9280,0.00024252630398917144
image_9281,7.042481127041184e-05
image_9282,0.8866597427758279
image_9283,6.781405853850899e-05
image_9284,0.00010236910420981072
image_9285,0.00013982772740770224
image_9286,0.00013754322031634506
image_9287,1.634697393312999e-05
image_9288,0.0011142504326976843
image_9289,0.00020911548057580843
image_929,0.0005408465355232491
image_9290,0.8027430305081866
image_9291,1.760702956715835e-05
image_9292,2.8050502160138854e-05
image_9293,0.9987829073833101
image_9294,0.00012672079446729396
image_9295,0.0003876921520830855
image_9296,3.4586096673872016e-05
image_9297,0.0005188820665152739
image_9298,0.0007135504724662192
image_9299,0.0233583812992472
image_93,8.395252024113457e-05
image_930,8.286517841367487e-05
image_9300,0.9563093270031379
image_9301,0.0012821033305429714
image_9302,0.005381127668551285
image_9303,9.08907181284112e-05
image_9304,2.6782226072051188e-06
image_9305,4.7613146492702266e-05
image_9306,0.001261475640101575
image_9307,0.0003521379017987217
image_9308,0.02882224120947711
image_9309,7.977112350796838e-05
image_931,0.0006252253130045645
image_9310,4.3954260087582174e-05
image_9311,0.0001009088825376841
image_9312,0.00032441765327460305
image_9313,0.00023632738872680567
image_9314,0.985878660331843
image_9315,0.0002805989211040945
image_9316,0.00015421422821237148
image_9317,0.008001296413512143
image_9318,0.002002555564021105
image_9319,1.5087392020990802e-05
image_932,0.1050284865820877
image_9320,0.000137265636375398
image_9321,0.00012590117510693051
image_9322,8.529859998160176e-05
image_9323,0.005856213970859977
image_9324,0.0036638059645147302
image_9325,0.8140711403786053
image_9326,0.0001248313000006684
image_9327,0.005390037361107696
image_9328,7.488304128156665e-05
image_9329,2.0840933949299852e-05
image_933,4.8299058918188e-05
image_9330,0.002575443371549601
image_9331,3.3236867796998153e-06
image_9332,0.9709692214802621
image_9333,6.981950980658029e-06
image_9334,0.7948653600754824
image_9335,2.2221003928308182e-05
image_9336,0.0012463236315386475
image_9337,3.468216542430463e-05
image_9338,0.7983236148330987
image_9339,8.280654849444605e-05
image_934,0.0003302962006031313
image_9340,0.005062553093745442
image_9341,4.790070886261584e-05
image_9342,0.9367461690785891
image_9343,0.0017744397870352445
image_9344,0.0011465832333475722
image_9345,0.7932825913771155
image_9346,2.254209498010684e-05
image_9347,0.00013522533685627784
image_9348,0.001589671880181076
image_9349,0.0007217519989457464
image_935,0.0003029215550028531
image_9350,0.00018422838847257758
image_9351,0.19349860464121413
image_9352,0.000127779786209508
image_9353,0.0004891848191998429
image_9354,0.0002764474490697913
image_9355,0.002887673359450476
image_9356,0.001906104065841107
image_9357,5.173642932403995e-05
image_9358,0.0028792678460345675
image_9359,0.000426644680508898
image_936,0.001008337466015305
image_9360,0.000512647633166459
image_9361,0.8143461378837882
image_9362,0.0020563776451968307
image_9363,0.9989499532022762
image_9364,0.0009012845945818157
image_9365,0.0003105188266665065
image_9366,9.298586203733705e-05
image_9367,0.00031888341420706335
image_9368,0.00027795771146552306
image_9369,0.00027055052630841806
image_937,5.16848561649083e-05
image_9370,6.408754497409805e-05
image_9371,0.00011325742934573826
image_9372,0.06886644112990671
image_9373,5.012008368174231e-06
image_9374,5.9122908929247725e-05
image_9375,1.884453885753839e-05
image_9376,0.0008997028655869197
image_9377,0.005296457753334231
image_9378,0.0005957047182186628
image_9379,0.00011003917936760769
image_938,0.0004008011546071769
image_9380,0.007720480648588386
image_9381,0.0002050395420333002
image_9382,0.0018547254600189977
image_9383,0.0014464966202813918
image_9384,2.6053963600114102e-05
image_9385,1.263091463683396e-05
image_9386,0.003802840715856938
image_9387,0.006717921524239367
image_9388,0.00021687324819154516
image_9389,6.02273851085483e-05
image_939,0.8037570813113699
image_9390,1.1611842357582514e-05
image_9391,0.9922318074043867
image_9392,0.05041586662977241
image_9393,5.07869159382764e-05
image_9394,3.6726235828492063e-05
image_9395,0.0004700146268395634
image_9396,0.00035595913097913724
image_9397,0.0017579767146426884
image_9398,0.004823503145099614
image_9399,5.7978732679772606e-06
image_94,0.00012376416719306853
image_940,8.708893755750959e-05
image_9400,0.0024863186201260295
image_9401,0.001078175113724134
image_9402,0.8485400319925999
image_9403,0.006700471101247217
image_9404,0.00015149605645615723
image_9405,0.997165926809593
image_9406,0.9674932183531277
image_9407,6.769965069561542e-05
image_9408,0.0006961733982067595
image_9409,0.0004923542207537208
image_941,0.0007733833738640709
image_9410,0.0039093738476862275
image_9411,5.929465849837227e-05
image_9412,0.10715247742045111
image_9413,0.9847458602165873
image_9414,8.197683882320671e-05
image_9415,0.00014315276660635407
image_9416,0.0001435952417441401
image_9417,0.0009807705151022566
image_9418,0.00011028582840935021
image_9419,0.0002501752460647878
image_942,0.9990353937313815
image_9420,0.00042445354593817556
image_9421,0.00019533924399640652
image_9422,1.641803652129163e-05
image_9423,4.5658201521414145e-06
image_9424,0.9436425142691718
image_9425,0.00013460372126788945
image_9426,0.028849966128397887
image_9427,2.615365799444765e-05
image_9428,0.9156147882291524
image_9429,8.485878161533211e-06
image_943,7.121570400155132e-05
image_9430,0.0026852201117626637
image_9431,0.82164750487216
image_9432,0.00015656226553457272
image_9433,0.0001604574597274244
image_9434,0.00017396293577021219
image_9435,0.8185695173208185
image_9436,0.00012666235231587487
image_9437,6.125436999084858e-05
image_9438,0.0014695377175277244
image_9439,0.0002477888667700227
image_944,0.00010489678955700114
image_9440,0.9522815847542873
image_9441,1.3637503780741104e-05
image_9442,2.8109342492521734e-05
image_9443,0.00026495842123537105
image_9444,7.4879710089236284e-06
image_9445,0.0006840536349917723
image_9446,1.0788042626329242e-05
image_9447,0.0006583902297439713
image_9448,0.09317309208190516
image_9449,0.0006681592807235064
image_945,0.19517847442706843
image_9450,0.005032877503581497
image_9451,0.04794481080913243
image_9452,1.2899646368270617e-05
image_9453,0.0009877190948246134
image_9454,3.611076848578789e-06
image_9455,0.0008020495261950259
image_9456,0.0003492448367164972
image_9457,0.0017478980108313793
image_9458,4.193507059457248e-05
image_9459,1.5468241994366316e-05
image_946,0.00028836306752736155
image_9460,0.0006074387813081843
image_9461,0.00015774954987763805
image_9462,6.231184598506482e-05
image_9463,7.74023277881525e-06
image_9464,0.007437827809600274
image_9465,0.00011779311579477721
image_9466,1.2120579096234952e-05
image_9467,0.003397876940304731
image_9468,0.00010053744562677099
image_9469,5.480000295499314e-05
image_947,0.0006417984113416091
image_9470,0.000523200310638962
image_9471,0.008357293138859266
image_9472,0.0007364315769944501
image_9473,0.00011856511611617417
image_9474,0.00019214892684006014
image_9475,5.6853508388534964e-05
image_9476,0.001191364258829299
image_9477,0.00010270438345127855
image_9478,0.0001285479281787577
image_9479,0.0014929284782066944
image_948,0.00011515808563815843
image_9480,0.0002152533905094305
image_9481,0.0020362473424433577
image_9482,9.489735960727067e-06
image_9483,2.1659166719526802e-05
image_9484,5.1874559123745355e-05
image_9485,0.0005855480181746726
image_9486,0.0021715261334178094
image_9487,8.965535493808074e-06
image_9488,0.00013018986086103085
image_9489,7.887808673198416e-05
image_949,0.0008553177266427013
image_9490,5.01678595791469e-05
image_9491,0.0005292275871641222
image_9492,0.0021825482116370177
image_9493,2.3117676964178713e-05
image_9494,0.00033212551047380695
image_9495,0.9530722832203461
image_9496,0.0007126955682994786
image_9497,0.11367114964111993
image_9498,0.0010166298134923603
image_9499,0.00016672247249802688
image_95,2.1924727633454665e-05
image_950,0.0027643818961072836
image_9500,0.00046595354726671563
image_9501,1.26347999324921e-05
image_9502,0.00011203636961587134
image_9503,0.00018575028292525296
image_9504,0.9808062294950982
image_9505,0.007441626010319171
image_9506,0.919114783353276
image_9507,0.0006059237144321695
image_9508,0.00014818412154999093
image_9509,0.0007802287311277578
image_951,0.00027745771214075245
image_9510,0.0003423089530305254
image_9511,0.7929286424477443
image_9512,0.001791108017890309
image_9513,0.00016967324287141364
image_9514,0.01074058359410603
image_9515,0.7946480091566183
image_9516,0.998675050039861
image_9517,0.0003687094060925059
image_9518,2.750201922521133e-06
image_9519,4.3613838265778606e-05
image_952,0.00030793721469767087
image_9520,0.9131617580527491
image_9521,0.00031879568129642935
image_9522,0.0002636712843734607
image_9523,0.0010631496750356172
image_9524,0.7960738329417452
image_9525,0.00016780423803192573
image_9526,6.468505115205237e-05
image_9527,0.0011189133276284069
image_9528,0.0018073117116610353
image_9529,0.9914433299962713
image_953,1.7544445363417125e-05
image_9530,0.0005917823795258965
image_9531,4.4719111908929216e-05
image_9532,0.0002725949287373488
image_9533,0.0003268351702802219
image_9534,0.005251735432634899
image_9535,0.00026515512165044286
image_9536,0.0006813103861552241
image_9537,5.522850622531411e-06
image_9538,0.9162290951352233
image_9539,0.0019260917308516017
image_954,0.0009917540253250945
image_9540,1.586314958599103e-05
image_9541,0.9948857418327266
image_9542,0.9994508389053334
image_9543,0.9583120337271123
image_9544,3.8092629135464008e-06
image_9545,0.0004463425466081529
image_9546,0.0006628747187563334
image_9547,8.771546617477155e-06
image_9548,9.726768033472495e-06
image_9549,0.0021874998197447338
image_955,1.3573950802230373e-05
image_9550,0.005793432927934056
image_9551,3.9013470536773296e-05
image_9552,1.7862101140954017e-05
image_9553,0.008545789095696036
image_9554,0.00012955653541653765
image_9555,0.0003449459475028879
image_9556,1.3024204139715434e-05
image_9557,0.005039654227921927
image_9558,0.0012345043476739604
image_9559,0.0028959898387539173
image_956,0.0017350431637478138
image_9560,2.5610137908317226e-05
image_9561,1.3317778055520976e-05
image_9562,0.0017354928840394434
image_9563,0.0054842988530185675
image_9564,0.0026047074867074265
image_9565,0.00011345147129279614
image_9566,0.001349886697689299
image_9567,0.000789154184147315
image_9568,7.267212108796517e-05
image_9569,2.8550608415256174e-05
image_957,0.0002953829605422815
image_9570,0.00045708805245054003
image_9571,2.9799477086264773e-06
image_9572,0.001986295123454858
image_9573,2.140977005278241e-05
image_9574,4.27254157278688e-05
image_9575,0.00024284345582916474
image_9576,0.000424749035572187
image_9577,5.758570574184059e-05
image_9578,0.00012148495717553315
image_9579,0.8905359792420805
image_958,0.001148261242444018
image_9580,0.0029654874821004326
image_9581,0.00020644958718566268
image_9582,0.00010116473075159928
image_9583,0.0021699120850348363
image_9584,7.841536542753076e-06
image_9585,0.9965695613153323
image_9586,0.7949530284610893
image_9587,3.1616485598487335e-05
image_9588,0.0004561954269319569
image_9589,0.00010766381054270251
image_959,0.00016711448374539135
image_9590,0.0004965191223099615
image_9591,1.3339884108743285e-06
image_9592,2.3266194842789564e-05
image_9593,8.995391963736358e-06
image_9594,0.00207418955818301
image_9595,0.0002881254373183558
image_9596,0.0007490736926594663
image_9597,0.8553492966252007
image_9598,0.0023495220079330983
image_9599,0.000975362521801347
image_96,0.00023455213732885338
image_960,3.095789440014693e-05
image_9600,1.200419742753859e-05
image_9601,5.556994258334883e-06
image_9602,1.3162510206291068e-05
image_9603,1.1737824573208219e-05
image_9604,0.0013475165248306692
image_9605,0.00013836169662822097
image_9606,0.002706909381810838
image_9607,0.00019272712452961057
image_9608,5.613618400254932e-05
image_9609,0.02657733803442993
image_961,3.3543635647518366e-05
image_9610,0.022852792855576058
image_9611,0.0009307294167870958
image_9612,4.959415756106271e-06
image_9613,0.00034591829872894367
image_9614,0.003308612524622245
image_9615,0.0008696231189952471
image_9616,0.9980560083943392
image_9617,0.13146307618493536
image_9618,0.03453571687308365
image_9619,0.7949988410966705
image_962,2.085209192691816e-05
image_9620,6.914765807901247e-05
image_9621,0.00022073031932627808
image_9622,0.0002478716769286413
image_9623,0.8436138423239686
image_9624,0.002166797179159362
image_9625,0.0007526962624145317
image_9626,0.028747619305329698
image_9627,6.510865323442573e-05
image_9628,1.129857397313418e-05
image_9629,9.98167907855723e-05
image_963,5.286287638129916e-06
image_9630,9.017528614437241e-05
image_9631,1.6937668416377566e-05
image_9632,0.00016800051751251024
image_9633,2.1776636415013167e-05
image_9634,0.001511672177666365
image_9635,0.00013884542533766606
image_9636,0.7953621876373951
image_9637,0.00042617033751208395
image_9638,0.00014788267834856875
image_9639,0.7975705374405371
image_964,0.00014879897989037084
image_9640,5.0515021374138895e-05
image_9641,0.804892398260149
image_9642,1.9308634070489655e-05
image_9643,0.00033595690960723247
image_9644,0.0001808045418235324
image_9645,9.49391934946993e-05
image_9646,8.657807873167623e-05
image_9647,0.0004627668812860252
image_9648,0.0005161803912222333
image_9649,0.005452899943887092
image_965,0.9696987170033691
image_9650,0.7905242058796719
image_9651,0.9988418308088087
image_9652,0.00010268803967226649
image_9653,1.208651363483613e-05
image_9654,0.00017876595215870176
image_9655,0.008610208808241348
image_9656,1.4814157564282794e-05
image_9657,0.0009025170246076374
image_9658,0.0011745641668217135
image_9659,0.0035064921520796587
image_966,0.0005210908092554954
image_9660,1.1733257273038784e-05
image_9661,0.009960895659430593
image_9662,0.001635577361708301
image_9663,4.0168164729327535e-05
image_9664,0.0011560782636914641
image_9665,1.4583258717496293e-05
image_9666,0.8644287932209785
image_9667,0.003181759116119902
image_9668,0.9304234543215649
image_9669,0.00026636693057442267
image_967,0.009625580705077597
image_9670,4.1875697172375055e-05
image_9671,2.89049993209059e-05
image_9672,0.15595264210049467
image_9673,6.850965172662809e-05
image_9674,9.861725922557705e-05
image_9675,0.0002780293880737761
image_9676,0.00011308602718230753
image_9677,0.999186639461052
image_9678,0.0009018635685809805
image_9679,0.00041683455323754306
image_968,0.0005640517460347432
image_9680,0.028484852510691255
image_9681,7.51439397858884e-05
image_9682,0.007150319432602697
image_9683,0.00014386159145233325
image_9684,0.0001131178171042916
image_9685,0.0003769859399349911
image_9686,0.0022807220856769007
image_9687,0.00469093817380632
image_9688,9.450568955920232e-05
image_9689,0.0008770286881081586
image_969,0.00036855637945163615
image_9690,0.0066760118001522204
image_9691,0.00027909249595998943
image_9692,0.0005101526702462582
image_9693,0.00020914369536745224
image_9694,0.001157819814974874
image_9695,0.00012846688554884973
image_9696,1.2230999551620433e-05
image_9697,0.0007716626470629264
image_9698,0.00029610617780338104
image_9699,4.567948166964191e-05
image_97,0.00010613230154609676
image_970,0.999707473881213
image_9700,5.9698861213082724e-05
image_9701,0.031204540191643433
image_9702,0.0003890368132426518
image_9703,0.0003940187686435427
image_9704,8.626366212665268e-05
image_9705,6.770686330772379e-05
image_9706,0.000453062476888241
image_9707,0.0021814179801661463
image_9708,0.00037016372432206463
image_9709,0.9997007366702437
image_971,0.2031040333764981
image_9710,0.0036658214077418183
image_9711,0.00013611422899985305
image_9712,0.00016366560041043677
image_9713,0.00014423862095395192
image_9714,0.0009331207539685056
image_9715,0.8040709314452672
image_9716,0.8673849608404804
image_9717,0.00015884189384454157
image_9718,0.00037413267620728575
image_9719,2.8303601963011847e-05
image_972,0.7959478902675938
image_9720,1.7698373354889647e-05
image_9721,0.002298955178314787
image_9722,7.157517005740588e-05
image_9723,0.009206881214195144
image_9724,0.002291762031011178
image_9725,7.396116366480288e-05
image_9726,2.3860444574415796e-05
image_9727,0.00035817429968912866
image_9728,0.0020543855311050056
image_9729,8.352802757116318e-05
image_973,0.00032674237142592976
image_9730,0.02890691569563041
image_9731,5.709311555057556e-05
image_9732,0.0004068514931824018
image_9733,0.0003256623356679753
image_9734,0.009431642920196433
image_9735,0.9662879692588235
image_9736,0.00021928880409635454
image_9737,4.883020987364447e-05
image_9738,0.0003984561991658417
image_9739,0.00033979949519643475
image_974,0.0008599137159440437
image_9740,7.577661377636612e-05
image_9741,0.0007883946377050692
image_9742,0.0005577115397479919
image_9743,0.1957478856740874
image_9744,0.02192962273215804
image_9745,0.00011497303100574892
image_9746,0.0005325272763628295
image_9747,1.2408981404374655e-05
image_9748,0.002891793747452963
image_9749,2.7740391318337174e-06
image_975,0.001304378292453157
image_9750,5.0064480535842e-05
image_9751,0.0004593413638423405
image_9752,0.0001645621415858541
image_9753,0.822505953938092
image_9754,0.020480658403793903
image_9755,0.00011984594557505352
image_9756,0.0003560936731439174
image_9757,0.0025463741830641863
image_9758,4.0014637817852855e-05
image_9759,0.000303738938379658
image_976,0.9694595825183365
image_9760,0.0004303248205735589
image_9761,0.01011770030554661
image_9762,0.7993569184835996
image_9763,5.60446583107905e-05
image_9764,3.5164108088858316e-05
image_9765,5.0052336140879306e-05
image_9766,0.0006022334456179158
image_9767,0.001127179139183801
image_9768,7.674221588717739e-06
image_9769,0.0007107897536790624
image_977,0.00016786123087821596
image_9770,0.0007045266367001165
image_9771,6.642840772169123e-05
image_9772,0.0006751713018813401
image_9773,0.0010116082035195953
image_9774,4.625773774419848e-05
image_9775,0.00031527209380046654
image_9776,0.8173178884472687
image_9777,0.0006578903743883002
image_9778,2.8677373803467282e-05
image_9779,0.000126850290451355
image_978,0.00011158480780601057
image_9780,0.00025994937050307417
image_9781,0.0003697196673971006
image_9782,8.434423127477832e-05
image_9783,7.719992551633422e-05
image_9784,9.276009554512181e-05
image_9785,5.6382218113866124e-05
image_9786,8.92995656708585e-06
image_9787,0.00022381309308127915
image_9788,4.136290160658009e-05
image_9789,0.01597583748940776
image_979,3.0448592017505152e-05
image_9790,3.138156871542617e-05
image_9791,0.001121592450276761
image_9792,8.15540885525282e-05
image_9793,3.068348903661097e-05
image_9794,0.976408832237059
image_9795,0.00033870420452967456
image_9796,0.0006254112093486335
image_9797,0.0001319801808493937
image_9798,0.0012375295025183182
image_9799,0.00015947224462079714
image_98,4.264822902152081e-05
image_980,0.7960246262524154
image_9800,1.1457404157047056e-05
image_9801,0.99566928888673
image_9802,0.0006530090696276233
image_9803,0.00697102864288165
image_9804,0.8157982061433551
image_9805,0.9980382314102991
image_9806,0.1924591264957376
image_9807,0.0001329871441565499
image_9808,0.0006781154871735928
image_9809,0.0001288255506272494
image_981,0.00039584137597443536
image_9810,1.0202082000663663e-05
image_9811,4.0026431566950714e-05
image_9812,0.9997630399347859
image_9813,4.968396939178099e-05
image_9814,0.0016354165829775876
image_9815,0.792719117657693
image_9816,0.00012560608821531537
image_9817,8.956147100405204e-05
image_9818,0.001062923933851559
image_9819,0.0027186024415904422
image_982,4.99755534416161e-05
image_9820,0.0005585500970187876
image_9821,4.987719725516454e-05
image_9822,0.803448941757137
image_9823,0.06797603898083306
image_9824,2.4366184077304862e-05
image_9825,0.0003221546123299025
image_9826,1.3193706177601378e-05
image_9827,1.9016962874788096e-05
image_9828,0.9888099118474389
image_9829,0.00039651564616329253
image_983,0.0012797463589573335
image_9830,0.00025789200498848783
image_9831,0.00027032215101148097
image_9832,1.769204714260037e-05
image_9833,0.0002682062475268661
image_9834,0.7968482234784203
image_9835,0.0006773300746314148
image_9836,0.0009908420664098273
image_9837,0.0007937038562784683
image_9838,0.7978440191065739
image_9839,0.0007072069666827178
image_984,0.00046262345992665883
image_9840,0.00048251811713677774
image_9841,6.574750716779109e-05
image_9842,9.418307214597951e-05
image_9843,2.0483446340215018e-06
image_9844,7.227870374000193e-06
image_9845,0.00013675825635784506
image_9846,4.628723113425377e-05
image_9847,9.744892861422623e-06
image_9848,0.2070219965465295
image_9849,4.666401581090379e-05
image_985,0.8006815196786702
image_9850,8.008482039374984e-06
image_9851,0.00014182441458733988
image_9852,2.4270524174762965e-05
image_9853,5.659836289485138e-05
image_9854,2.8992559111382483e-05
image_9855,1.1668491399749279e-05
image_9856,0.002346901208562626
image_9857,0.7923493867071423
image_9858,0.00023316502092664637
image_9859,0.00047566041928450803
image_986,0.9966467670373034
image_9860,0.0005545424141427398
image_9861,0.9974116103326708
image_9862,3.28290469107062e-05
image_9863,0.0005057618772619455
image_9864,6.564850358414638e-05
image_9865,0.0003965419791624704
image_9866,0.7936976592291444
image_9867,0.0021189751752288756
image_9868,0.0013249196375801665
image_9869,0.003756404318968884
image_987,0.925571108979959
image_9870,0.030216480084113657
image_9871,0.9211028196137203
image_9872,2.0458678932711886e-05
image_9873,7.542124058345373e-05
image_9874,0.0011540954508560838
image_9875,2.2797484308717346e-05
image_9876,2.533973536775004e-05
image_9877,0.014838287332599998
image_9878,0.0016078195646041234
image_9879,0.9991948705459237
image_988,0.0009135622132519381
image_9880,0.9977157433767896
image_9881,1.89979810375626e-05
image_9882,0.00020027889700764524
image_9883,0.9159543660727746
image_9884,0.9270114675988579
image_9885,0.0038243572883781356
image_9886,0.00026952327372341863
image_9887,0.00037356770965038717
image_9888,0.00015898216048662738
image_9889,6.098306976395744e-05
image_989,0.00034304009924786895
image_9890,0.000524637371658954
image_9891,0.001437861234919604
image_9892,5.2781322135927005e-05
image_9893,0.005802458466379471
image_9894,0.0001713321565665941
image_9895,2.68123464135899e-06
image_9896,0.00029129962998223843
image_9897,3.531540920736501e-05
image_9898,0.0005409991451557534
image_9899,0.8910789543939819
image_99,0.0012798712876398643
image_990,2.5352570505827717e-05
image_9900,0.0009948617063435309
image_9901,3.1968405298033344e-05
image_9902,0.0006876936083644503
image_9903,0.00035202425253240654
image_9904,3.8274667468067247e-05
image_9905,0.0004503750330824282
image_9906,0.00031761410028335955
image_9907,0.00033047011430884014
image_9908,0.0003890000085446788
image_9909,0.821105974051541
image_991,8.783507520733461e-05
image_9910,0.00800686384497133
image_9911,0.04051844344422833
image_9912,4.4741062504728455e-05
image_9913,0.0030808311695600292
image_9914,0.0002801770193011996
image_9915,7.593195534860528e-05
image_9916,0.002081535961135643
image_9917,7.255814511824227e-05
image_9918,0.14685058020592262
image_9919,0.0002138154314282736
image_992,9.083944374600736e-05
image_9920,0.00025196124506511326
image_9921,0.004336493842212012
image_9922,0.794647360975342
image_9923,0.00014012293889569606
image_9924,1.3340754873198237e-05
image_9925,0.9962333641326634
image_9926,0.005188173435676864
image_9927,1.8566538340917097e-05
image_9928,0.002632134169412453
image_9929,1.4436337931890037e-05
image_993,0.00011389883520072135
image_9930,0.9968083497015435
image_9931,0.0003570947467744725
image_9932,0.00042092811809849246
image_9933,0.0006042194835286327
image_9934,2.000597020820108e-05
image_9935,0.9979742439764824
image_9936,0.0010847872561701942
image_9937,0.797747531982926
image_9938,0.0004669062934830225
image_9939,3.9930563122475535e-05
image_994,0.9877572266943304
image_9940,0.003631404762527652
image_9941,0.0008949909843062813
image_9942,0.00014920400681696285
image_9943,0.00020123759697931895
image_9944,0.0003278907028165013
image_9945,0.0003179517868994391
image_9946,0.0004622619704649234
image_9947,3.4968384691416512e-06
image_9948,0.0003089927040405118
image_9949,2.7539939056512158e-05
image_995,2.6954154625901252e-05
image_9950,0.0004925381615465622
image_9951,0.0005255864335426963
image_9952,1.362899114388255e-05
image_9953,0.9838957077462899
image_9954,0.0002513518184254832
image_9955,0.001019271419264507
image_9956,0.0008666951274513706
image_9957,0.011317509506804282
image_9958,8.909148349054947e-05
image_9959,0.9991593534719195
image_996,0.8027275404236075
image_9960,3.3684942294907505e-05
image_9961,0.8591479509064822
image_9962,0.0001409001422823657
image_9963,0.9647880134399529
image_9964,2.100581537721575e-05
image_9965,0.0004916345545371568
image_9966,4.476686555457526e-06
image_9967,0.9699475076055997
image_9968,5.504943594679915e-05
image_9969,0.9791580769134303
image_997,0.00010750543359429284
image_9970,0.0001743996279294101
image_9971,0.024853736055815975
image_9972,0.0011377132974949248
image_9973,4.611018840435611e-05
image_9974,0.0038665369989306425
image_9975,0.0014604519278626476
image_9976,1.4389096811327168e-05
image_9977,0.0008307554724318768
image_9978,0.0002762318900084318
image_9979,9.027833252696503e-06
image_998,0.0020462598777246884
image_9980,0.002298205772314897
image_9981,0.0016617925384006748
image_9982,0.002445039435021509
image_9983,0.00029674753361576825
image_9984,3.2820949750057456e-05
image_9985,0.0003733179511741486
image_9986,0.00023844070424783995
image_9987,0.00010001393584483897
image_9988,0.0008053895822763953
image_9989,0.0006281849138862636
image_999,0.7997330505345753
image_9990,0.8413394429605793
image_9991,0.9632305986908859
image_9992,0.00022859302698756672
image_9993,0.006741495910382802
image_9994,0.987720299096497
image_9995,0.9938184848670344
image_9996,5.7571098337864336e-05
image_9997,0.8955097956717417
image_9998,0.9777239270485906
image_9999,0.00042975174272050914
